"babah su’ ka magabuq cuqang, mausa’ si’ inu’?","早安，你要去哪裡？","https://klokah.tw/extension/con_data/sound/8/sentence/8c1s1.mp3"
"ma’usa’ cu ’i’ tinqalangan mital ’i’ yaya’ ki’ yaba’.","我要回（去）部落探望父母。","https://klokah.tw/extension/con_data/sound/8/sentence/8c1s2.mp3"
"balaiq kahbag naha’ quw?","他們都好嗎？","https://klokah.tw/extension/con_data/sound/8/sentence/8c1s3.mp3"
"balaiq kahbag naha’, mahway su’ cubalay.","（他們）都很好，謝謝。","https://klokah.tw/extension/con_data/sound/8/sentence/8c1s4.mp3"
"ma’usa’ su’ ’i’ piya’ cu’ riax.","你要去幾天（多久）？","https://klokah.tw/extension/con_data/sound/8/sentence/8c1s5.mp3"
"ma’uwah cu’ lawwi ’i’ casan.","明天就回來了。","https://klokah.tw/extension/con_data/sound/8/sentence/8c1s6.mp3"
"muwani ga, makitalay ta’ ’i’ casan. nahahiyaw ki’.","那麼，明天見（慢走）。","https://klokah.tw/extension/con_data/sound/8/sentence/8c1s7.mp3"
"wal, giniaw ta’ a’ kai’.","是，一言為定喔。","https://klokah.tw/extension/con_data/sound/8/sentence/8c1s8.mp3"
"magalgay ti’ musa’ ’i’ Tabilas quw?","我們一起去圓墩？","https://klokah.tw/extension/con_data/sound/8/sentence/8c1s9.mp3"
"tila’ ga, bali’ kiya’ waw mu ’i’ casan.","好阿，反正我明天沒有事。","https://klokah.tw/extension/con_data/sound/8/sentence/8c1s10.mp3"
"balaiq su’ quw? ralu’ mu ga Yawi’ na’ kyusi. ima’ a’ ralu’ su’?","你好，我叫Yawi’ na’ kyusi，請問，你叫什麼名字？","https://klokah.tw/extension/con_data/sound/8/sentence/8c2s1.mp3"
"ralu’ mu ga Lawa’ na’ Yukih.","我的名字叫Lawa’ na’ Yukih。","https://klokah.tw/extension/con_data/sound/8/sentence/8c2s2.mp3"
"rawing mu ’i’ hiya’.","他是我的朋友。","https://klokah.tw/extension/con_data/sound/8/sentence/8c2s3.mp3"
"Gipun na’ ’i’ hiya’ muwah ’i’ Tabilas ’i’ mkibaq cu’ kai’ na’ matu’uwal.","他是（日本）人，來錦水村學汶水語。","https://klokah.tw/extension/con_data/sound/8/sentence/8c2s4.mp3"
"sumiwa’ cu’ gaga’ ru kaikai’ na’ Itaal ’i’ hiya’.","他對汶水泰雅文化很有興趣。","https://klokah.tw/extension/con_data/sound/8/sentence/8c2s5.mp3"
"paqasun mu cubalay makital ki’ isu’.","很高興認識你。","https://klokah.tw/extension/con_data/sound/8/sentence/8c2s6.mp3"
"pasibaq ci’ cu’ kai’ na’ matu’uwal.","我是族語老師。","https://klokah.tw/extension/con_data/sound/8/sentence/8c2s7.mp3"
"kai’ na’ nanuwan ku’ sipsibaq su’?","你是教什麼語的老師？","https://klokah.tw/extension/con_data/sound/8/sentence/8c2s8.mp3"
"kiya’ ci’ pasibaq cu’ kai’ na’ matu’uwal ’i’ Tabilas ga.","我在錦水村教汶水語。","https://klokah.tw/extension/con_data/sound/8/sentence/8c2s9.mp3"
"balaiq su’ ’i’ pasibaq ci’ cu’ kai’ na’ matu’uwal quw?","可以教我汶水語嗎？","https://klokah.tw/extension/con_data/sound/8/sentence/8c2s10.mp3"
"wal ga.","好啊。","https://klokah.tw/extension/con_data/sound/8/sentence/8c2s11.mp3"
"masiqaiyung ci’ cubalay la kiya’ a’ nanuwan ka nananiqun quw?","我的肚子好餓，有東西可以吃嗎？","https://klokah.tw/extension/con_data/sound/8/sentence/8c3s1.mp3"
"kiya’ a’ pilikaway ’i’ ghapuyan.","廚房裡有一些李子。","https://klokah.tw/extension/con_data/sound/8/sentence/8c3s2.mp3"
"ini mu katngiani ku’ pilikaway makimaniq ci’ cu’ mami.","李子吃不飽，我想要吃飯。","https://klokah.tw/extension/con_data/sound/8/sentence/8c3s3.mp3"
"wal, halngaganay misu’ cu’ mami’ ru qaniq. nanuwan ku’ balaiq su’ na?","好，我炒飯給你吃，你還要什麼嗎？","https://klokah.tw/extension/con_data/sound/8/sentence/8c3s4.mp3"
"mahuway su’, malngu’ a’ ngaquwaq  pakaakih ’i’ maiq su’ cu’ qusiya quw?","謝謝，我口渴，能給我一點水嗎？","https://klokah.tw/extension/con_data/sound/8/sentence/8c3s5.mp3"
"wal nubuwag ga.","好啊，給你喝吧。","https://klokah.tw/extension/con_data/sound/8/sentence/8c3s6.mp3"
"qutux kuwing cu’ riax musa’ ’i’ matawwaw cku’ ragriyax sawni, masawsug ku’ kukuy mu ru pakahngaw cu’ la.","今天去山上工作一整天，現在腿好痠，需要休息。","https://klokah.tw/extension/con_data/sound/8/sentence/8c3s7.mp3"
"nabuwibuwi’ usa’ ’i’ mahngaw cku’ tathawkan.","快去椅子上休息吧。","https://klokah.tw/extension/con_data/sound/8/sentence/8c3s8.mp3"
"payux ku’ rinuwang mu, pakaaqih su’ siagal  cu’ cacaybing ’i’ kwing quw?","我流了很多汗，可以幫我拿毛巾嗎？","https://klokah.tw/extension/con_data/sound/8/sentence/8c3s9.mp3"
"wal ga, halayanay misu magal ku’ cacaybing.","好，我去幫你拿。","https://klokah.tw/extension/con_data/sound/8/sentence/8c3s10.mp3"
"mahuway su’ cubalay.","真的謝謝你。","https://klokah.tw/extension/con_data/sound/8/sentence/8c3s11.mp3"
"humicuwa’ ku’ kaal sawni.","今天天氣怎麼樣？","https://klokah.tw/extension/con_data/sound/8/sentence/8c4s1.mp3"
"matuwagi sawni.","今天出大太陽。","https://klokah.tw/extension/con_data/sound/8/sentence/8c4s2.mp3"
"balaiq a’ kaal sawni halhul ku’ wagi’.","今天天氣很好，陽光很溫暖。","https://klokah.tw/extension/con_data/sound/8/sentence/8c4s3.mp3"
"balaiq mu uwi ku’ kaal sawni. aqih mu ku’ qumuwalax.","我也喜歡今天的天氣，不喜歡下雨。","https://klokah.tw/extension/con_data/sound/8/sentence/8c4s4.mp3"
"papahicuwa ku’ kaal casan ?","明天天氣怎樣呢？","https://klokah.tw/extension/con_data/sound/8/sentence/8c4s5.mp3"
"pungan ku’ kai’ ga, asi ga paquwalax ’i’ casan.","氣象預報說明天會下雨。","https://klokah.tw/extension/con_data/sound/8/sentence/8c4s6.mp3"
"muwani ku’ linnanglung mu uwi.","我也這麼認為。","https://klokah.tw/extension/con_data/sound/8/sentence/8c4s7.mp3"
"musa’ si’ inu’ ga, ungiay su’ maras cu’ tata’umuk ki’.","出門記得帶雨傘。","https://klokah.tw/extension/con_data/sound/8/sentence/8c4s8.mp3"
"kaa’ ungii’ rasani cu’ qutux cu’ tata’umuk ’i’ yaba’.","別忘了幫爸爸帶一支雨傘。","https://klokah.tw/extension/con_data/sound/8/sentence/8c4s9.mp3"
"wal ga. rasanai mu cu’ tata’umuk ’i’ yaba’.","好的，我會記得帶爸爸的傘。","https://klokah.tw/extension/con_data/sound/8/sentence/8c4s10.mp3"
"piya’ cu’ buwating ru piya’ cu’ riax sawni?","今天是幾月幾日？","https://klokah.tw/extension/con_data/sound/8/sentence/8c5s1.mp3"
"mamatu’ cu’ buwating ru imagal cu’ riax sawni.","今天是6月5日。","https://klokah.tw/extension/con_data/sound/8/sentence/8c5s2.mp3"
"piya’ cu’ riax sawni?","那今天是星期幾呢？","https://klokah.tw/extension/con_data/sound/8/sentence/8c5s3.mp3"
"mamatu’ cu’ riax sawni ga.","今天是星期六。","https://klokah.tw/extension/con_data/sound/8/sentence/8c5s4.mp3"
"gumawah ku’ sasukuan cu’ pila’ ru sumatu’ cu’ pinpinatiq ’i’ mamatu’ cu’ riax quw?","星期六郵局有開嗎？","https://klokah.tw/extension/con_data/sound/8/sentence/8c5s5.mp3"
"kiya’ ga, gumawah ’i’ kasasanan nanaq ru manaaring cu’ mamaspat cu’ pancapngan wagi’ ru magalpu cu’ rusa’ pancapngan wagi’ nanaq.","有，但是只有早上開，從8點到12點。","https://klokah.tw/extension/con_data/sound/8/sentence/8c5s6.mp3"
"piya’ pancapngan cu’ wagi’ ka hani la?","現在幾點了？","https://klokah.tw/extension/con_data/sound/8/sentence/8c5s7.mp3"
"magalpu cu’ qun ru maspatul cu’ pacapngan ka hani.","現在是11點40分。","https://klokah.tw/extension/con_data/sound/8/sentence/8c5s8.mp3"
"macka’ ku’ pancapngan cu’ wagi’ su’ quw?","你的錶走得準嗎？","https://klokah.tw/extension/con_data/sound/8/sentence/8c5s9.mp3"
"haylag cu’ magalpu pancapngan cu’ wagi’ mu ru yani cubalay ku’ riax ka hani ga magalpu cu’ qutux cakaan cu’ pancapngan cu’ wagi’.","我的錶快了10分鐘，正確時間是11點半。","https://klokah.tw/extension/con_data/sound/8/sentence/8c5s10.mp3"
"paqucay misu’ han. kiya’ sasukuan cu’ pila’ ru sumatu’ cu’ ruwas ’i’ lalingay ’i’ runi quw?","請問這附近有沒有郵局？","https://klokah.tw/extension/con_data/sound/8/sentence/8c6s1.mp3"
"kiya’ ga, usaing ku’ sasukuan cu’ pila’ ru sumatu’ cu’ ruwas.","有啊，有兩間。","https://klokah.tw/extension/con_data/sound/8/sentence/8c6s2.mp3"
"paqucay misu’ han humicuwa’’ i’ musa’ capang na’ kinsawbih na’ sasukuan cu’ pila’ ru sumatu’ cu’ ruwas ’i’ runi.","請問這裡最近的郵局要怎麼去？","https://klokah.tw/extension/con_data/sound/8/sentence/8c6s3.mp3"
"asi usa’ ru taihuk su’ cku’ tugal ka sugagay la ga, tatalan su’ ku’  rahwal ka ma’uba’ ka imug la ru usa’ tigianan ru asi usa’ lawwi ru taihuk su’ cku’ il la ga tatalan su’ la.","一直直走，到第三個路口，看到菜市場(白色的大房子)右轉直走，再向左轉就看到了。","https://klokah.tw/extension/con_data/sound/8/sentence/8c6s4.mp3"
"manaaring ’i’ runi ru tatuhi na quw?","距離這裡遠嗎？","https://klokah.tw/extension/con_data/sound/8/sentence/8c6s5.mp3"
"ini ka tatuhi ru humakay su’ga musa’ qutux cu’ pancapngan cu’ wagi’.","不會很遠，步行大約一小時。","https://klokah.tw/extension/con_data/sound/8/sentence/8c6s6.mp3"
"mahuway su’ paqucay misu’ lawwi kiya’ inu’ ku’ ausa’ ’i’ lata’.","好，謝謝，再請問一下，廁所在哪裡？","https://klokah.tw/extension/con_data/sound/8/sentence/8c6s7.mp3"
"kiya’ tigisapat ka kakabalay cu’ imug ru aring cku’ balihun ka hani  ru usa’ tigianan ru pakakiya ku’ galgalgan balaiq ’i’ makarakiyas la.","在四樓，從這個門出去右轉，可以搭乘電梯上樓。","https://klokah.tw/extension/con_data/sound/8/sentence/8c6s8.mp3"
"wal, baqun mu la mahuway su’.","好，我知道了，謝謝你。","https://klokah.tw/extension/con_data/sound/8/sentence/8c6s9.mp3"
"hanuan ka si’ubaga.","不客氣。","https://klokah.tw/extension/con_data/sound/8/sentence/8c6s10.mp3"
"paqucay misu’ han kiya’ ku’ rarag mi’ isu’ quw?","請問需要幫忙嗎？","https://klokah.tw/extension/con_data/sound/8/sentence/8c7s1.mp3"
"kiya’ ’i’ tigiinu’ ku’ patigibabinasan cu’ qabubing?","賣帽子的專櫃在幾樓？","https://klokah.tw/extension/con_data/sound/8/sentence/8c7s2.mp3"
"kiya’ ’i’ tigimamatu’ nku’ ibabawiq na’ imu.","在六樓。請由右方的手扶梯上樓。","https://klokah.tw/extension/con_data/sound/8/sentence/8c7s3.mp3"
"makimabaynay ci’ cu’ qutux cu’qabubing. ani mawasiq ani matanah ga hanuan.","我想買一頂帽子，綠色或紅色都可以。","https://klokah.tw/extension/con_data/sound/8/sentence/8c7s4.mp3"
"wal, tali’ tikay ku’ qabubing ka hani.","好的，這頂試試看。","https://klokah.tw/extension/con_data/sound/8/sentence/8c7s5.mp3"
"tiku qutux ka qabubing ka hani ga rahwal hayahy pakaaqih ’i’ yugun cku’ tikay hayhay quw?","這頂帽子稍微大了一點。是否能給我小一點的尺寸？","https://klokah.tw/extension/con_data/sound/8/sentence/8c7s6.mp3"
"nuhanhan cu’ pilapilag han bali’ pakaingasug ru mauwah ci’ la.","稍等一下，馬上來。","https://klokah.tw/extension/con_data/sound/8/sentence/8c7s7.mp3"
"qabubing ka hani yani cubalay swaan mu. paqucay misu’ piya’ pila’ ku’ qabubing ka hani.","我覺得這頂很適合。請問多少錢呢？","https://klokah.tw/extension/con_data/sound/8/sentence/8c7s8.mp3"
"sihuwi cu’ usaying kabhul la ga mamaspat kabhul ku’ capang na’ babaiqan la.","原價打八折後，是八百元。","https://klokah.tw/extension/con_data/sound/8/sentence/8c7s9.mp3"
"baqun mi’ la mahuway su’.","知道了，謝謝！","https://klokah.tw/extension/con_data/sound/8/sentence/8c7s10.mp3"
"nahuqun si’ lumpug ku’ babaiqan la.","你把價錢算錯了！","https://klokah.tw/extension/con_data/sound/8/sentence/8c8s1.mp3"
"cungus niya’, ana ga paqucay misu’ han aynu’ ku’ nahuqun mu ’i’ lumpug.","真抱歉，請問是哪個部份有問題？","https://klokah.tw/extension/con_data/sound/8/sentence/8c8s2.mp3"
"nahuqun su’ ku’ hahuwi la, cubalay ga hahuwi cu’ mapusal ga yani a’ capang na’ babaiqan.","你把折扣算錯了，應該是8折才對。","https://klokah.tw/extension/con_data/sound/8/sentence/8c8s3.mp3"
"cungus niya’, naga’ cu’ pilapilag han, nabuiwsawv mi’ lumpug lawwi.","對不起，我立刻重算，請稍等一下。","https://klokah.tw/extension/con_data/sound/8/sentence/8c8s4.mp3"
"nanu’ nabalabalay ’i’ lumpug lawwi han.","那就麻煩你重算了。","https://klokah.tw/extension/con_data/sound/8/sentence/8c8s5.mp3"
"wal ga, halay mi lumpug lawwi han.","那麼我再算一次是應該的。","https://klokah.tw/extension/con_data/sound/8/sentence/8c8s6.mp3"
"hahuwi ka lalapgan ka hani ga , ini mu nahuqi’  ’i’ lumpug la quw?","這個折扣數字對嗎？","https://klokah.tw/extension/con_data/sound/8/sentence/8c8s7.mp3"
"yani ku’ lalapgan ka hani ga.","沒錯就是這個數字。","https://klokah.tw/extension/con_data/sound/8/sentence/8c8s8.mp3"
"ingasug si’ sawawan ru cungus niya’ ki.","耽誤你這麼久的時間真不好意思。","https://klokah.tw/extension/con_data/sound/8/sentence/8c8s9.mp3"
"iqat ga, babaw niya’ ga, panabaq tikay ki’.","不會，希望以後你能多注意一點喔！","https://klokah.tw/extension/con_data/sound/8/sentence/8c8s10.mp3"
"baq su’ cubalay kumal cu’ kai’ na’ Itaal.","你的族語說得很好。","https://klokah.tw/extension/con_data/sound/8/sentence/8c9s1.mp3"
"mahuway su’ cubalay ini kabalaiq cuqang ku’ kai’ mu na’ Itaal.","謝謝，不標準。","https://klokah.tw/extension/con_data/sound/8/sentence/8c9s2.mp3"
"ima’ ku’ pinsibaq ’i’ isu’?","都是誰教你的呢？","https://klokah.tw/extension/con_data/sound/8/sentence/8c9s3.mp3"
"kiya’ ci’ matas ’i’ hugal ru ukas a’ riax ka papkibaqan mu. ’i’ mhngaw cu’ ga musa’ ci’ ki’ yutas ki’ yaki’ mu ga maknamatimati’ ci’ kumal cu’ kai’ na’ Itaal.","平常雖然在都市唸書，沒機會練習。但是一放假回阿公、阿嬤家，都盡量說族語。","https://klokah.tw/extension/con_data/sound/8/sentence/8c9s4.mp3"
"aku kiya’ a’ yutas su’ ki’ yaki’ su’ ka capang na’ papsibaq su’ kai’ na’ Itaal ’i’ isu’.","原來是有阿公和阿嬤這麼好的語言老師。","https://klokah.tw/extension/con_data/sound/8/sentence/8c9s5.mp3"
"inaras mi Bari’ cu’ hisa ku’ tinabiq ka hani.","這是昨天從苗栗帶回來的麻糬。","https://klokah.tw/extension/con_data/sound/8/sentence/8c9s6.mp3"
"yani cubalay a’ balaiq na’ naniqun ku’ hani yani a’ capang na’ makiniqun mu kariariax wi ga .","這個是很有名的食物，也是我一直想吃的東西。","https://klokah.tw/extension/con_data/sound/8/sentence/8c9s7.mp3"
"mahuway su’ cubalay ’i’ sawni ka sumatu’ cu’ balaiq na’ qaqabu.","今天真是謝謝你送來這麼好的禮物。","https://klokah.tw/extension/con_data/sound/8/sentence/8c9s8.mp3"
"baqun mi’ cu’ balaiq su’ ru maqas ku’ kisiliq mu cubalay.","知道你也喜歡，真是太好了。","https://klokah.tw/extension/con_data/sound/8/sentence/8c9s9.mp3"
"mahuway su’ cubalay la ki’.","真的是謝謝你了。","https://klokah.tw/extension/con_data/sound/8/sentence/8c9s10.mp3"
"yutas ki’ yaki’ balaiq ku’ pintuwwan mamu cku’ kaal ka hani quw?","爺爺和奶奶您們今年的收成好嗎？","https://klokah.tw/extension/con_data/sound/8/sentence/8c10s1.mp3"
"aqih gi sumqaquwalax cuqang ru ini kabalaiq cuqang.","因為一直下雨收成不怎麼好。","https://klokah.tw/extension/con_data/sound/8/sentence/8c10s2.mp3"
"kiya’ pinnumuwa’ mamu ka nananuwan na quw?","你還有種其它的農作物嗎？","https://klokah.tw/extension/con_data/sound/8/sentence/8c10s3.mp3"
"kiya’ ga.","有阿。","https://klokah.tw/extension/con_data/sound/8/sentence/8c10s4.mp3"
"nanuwan na ku’ pinnumuwa’ mamu?","還有什麼農作物呢？","https://klokah.tw/extension/con_data/sound/8/sentence/8c10s5.mp3"
"kiya’ a’ pilikaway ru ralu’ ru qaym.","有李子，柿子，桃子。","https://klokah.tw/extension/con_data/sound/8/sentence/8c10s6.mp3"
"kii’ balaiq ku’ pinnumuwa’ mamu ka hani.","這些農作物收成還可以吧。","https://klokah.tw/extension/con_data/sound/8/sentence/8c10s7.mp3"
"macka’ ini kabalaiq cuqang uwi.","一樣，不怎麼好。","https://klokah.tw/extension/con_data/sound/8/sentence/8c10s8.mp3"
"lungulungun mu ga, wana’ pakabalaiq ku’ pintuwawan si’ pilag.","希望明年收成會好一點。","https://klokah.tw/extension/con_data/sound/8/sentence/8c10s9.mp3"
"mahuway su’ ru lumanglung cu ga, pakabalaiq ku’ pintuwawan su’ ru balaiq uwi ku’ qinqaynux su’.","謝謝你，也祝你工作順利生活平安。","https://klokah.tw/extension/con_data/sound/8/sentence/8c10s10.mp3"
"papiya’ ku’ matasasuway su’?","你有幾個兄弟姊妹？","https://klokah.tw/extension/con_data/sound/8/sentence/8c11s1.mp3"
"kiya’ qutux a’ qumisuwan na’ maliku, qutux a’ suway na’ maliku ru qutux a’ suway na’ kanayril.","我有一個哥哥、一個弟弟、一個妹妹。","https://klokah.tw/extension/con_data/sound/8/sentence/8c11s2.mp3"
"nanuwan ku’ waw nku’ matassauway su’?","你的兄弟姊妹從事什麼行業？","https://klokah.tw/extension/con_data/sound/8/sentence/8c11s3.mp3"
"papasibaq ku’ qumisuwan mu na’ maliku, sinsang ku’ suway mu na’ maliku, matas na’ cku’ rahwal na’ papatiqan ku’ suway mu na’ kanayril.","我哥哥是老師，我弟弟是醫生，我妹妹目前還是大學生。","https://klokah.tw/extension/con_data/sound/8/sentence/8c11s4.mp3"
"maskakaruay ta’ cku’ qutux su’ cu’ imuwaag uwi quw?","也跟我聊聊你的家庭吧？","https://klokah.tw/extension/con_data/sound/8/sentence/8c11s5.mp3"
"minagal ci’ cu’ glug la.","我結婚了。","https://klokah.tw/extension/con_data/sound/8/sentence/8c11s6.mp3"
"humicuwa cimu ’i’ makababaq ki (kinku) kanayril su’?","你和你太太是怎麼認識的？","https://klokah.tw/extension/con_data/sound/8/sentence/8c11s7.mp3"
"minaglug cami ’i’ matiq cku’ rahwal na’ papatiqan.","我們是大學同學。","https://klokah.tw/extension/con_data/sound/8/sentence/8c11s8.mp3"
"inngasu cimu ’ i’ maglug la quw?","你們結婚多久了？","https://klokah.tw/extension/con_data/sound/8/sentence/8c11s9.mp3"
"wal, tugal cu’ kaal la.","嗯，三年了。","https://klokah.tw/extension/con_data/sound/8/sentence/8c11s10.mp3"
"kiya’ ’i’ kumiyum cu’ giqas na’ waw ka hani na.","他最近在找新的工作。","https://klokah.tw/extension/con_data/sound/8/sentence/8c12s1.mp3"
"cubalay pisa’, minnanuwan  han ku’ waw niya’.","是喔，他原本是在做什麼的？","https://klokah.tw/extension/con_data/sound/8/sentence/8c12s2.mp3"
"capaang na’ waw niya’ cunga ga, cumapuh.","他原本負責的工作是打掃。","https://klokah.tw/extension/con_data/sound/8/sentence/8c12s3.mp3"
"micuwa’ ka makiyugun niya’ ku’ waw niya’.","那他為什麼想換工作？","https://klokah.tw/extension/con_data/sound/8/sentence/8c12s4.mp3"
"aqih gi makikumiyum cku’ payux tikay a’ babaiqan ka waw niya’.","因為他想要找薪水比較高的工作。","https://klokah.tw/extension/con_data/sound/8/sentence/8c12s5.mp3"
"pungan ga asi ga ma’uway cubalay.","聽起來很辛苦。","https://klokah.tw/extension/con_data/sound/8/sentence/8c12s6.mp3"
"wal ga, asikina ga makarux ku’ lingnanglung niya’.","是的，但是他覺得很有挑戰性。","https://klokah.tw/extension/con_data/sound/8/sentence/8c12s7.mp3"
"nanu’, nanuwan la ku’ capaang na’ waw niya’ ka hani.","那麼，他現在負責的工作內容是什麼？","https://klokah.tw/extension/con_data/sound/8/sentence/8c12s8.mp3"
"rumag cku’ tawki’ ’i’ sumihu cku’ pinnatas.","幫老闆管理資料。","https://klokah.tw/extension/con_data/sound/8/sentence/8c12s9.mp3"
"balaiq niya’ ku’ giqas na’ patuwawan ka hani.","他喜歡他的這份新工作。","https://klokah.tw/extension/con_data/sound/8/sentence/8c12s10.mp3"
"hani ga yani ku’ pinatas na’ raramat nku’ babinasan. nabalabalay ’i’ mital han.","這是本店的菜單，請參考。","https://klokah.tw/extension/con_data/sound/8/sentence/8c13s1.mp3"
"kiya’ ku’ manananaq na’ raramat ka pasibaqani kuwing  quw?","有什麼特別的菜可以推薦嗎？","https://klokah.tw/extension/con_data/sound/8/sentence/8c13s2.mp3"
"balaiq niqun  ku’ hi’ na’ kating, hi’ na’ taktakkali ru hi’ na’ para’ kahbag. patalam su’ quw?","牛肉、兔肉、山羌肉都很受歡迎（好吃），要吃吃看嗎？","https://klokah.tw/extension/con_data/sound/8/sentence/8c13s3.mp3"
"asi ga balaiq ’i’ pungan ru ali’ cu’ pinaqutux.","聽起來不錯，那就各點一份吧！","https://klokah.tw/extension/con_data/sound/8/sentence/8c13s4.mp3"
"wal, tali ki kiya’ na ku’ swaan si’ ?","好。還需要什麼嗎？","https://klokah.tw/extension/con_data/sound/8/sentence/8c13s5.mp3"
"makimaniq ci’ cu’ hinalngaw na’ raramat. kiya’ ku’ raramat na’ paruxaw na quw?","我想點炒白菜，你們有哪些青菜？","https://klokah.tw/extension/con_data/sound/8/sentence/8c13s6.mp3"
"sawni ga, kiya’ a’ tamana’, abag na’ bunga ru mala’.","今天有高麗菜、地瓜葉跟蕨。","https://klokah.tw/extension/con_data/sound/8/sentence/8c13s7.mp3"
"abag na’ bunga ru mala’ ga, cu’ pinaqutux cu’ sara’.","地瓜葉跟蕨，各一盤。","https://klokah.tw/extension/con_data/sound/8/sentence/8c13s8.mp3"
"wal, paagal si’ cu’ mami’ na quw?","好。需要白飯嗎？","https://klokah.tw/extension/con_data/sound/8/sentence/8c13s9.mp3"
"wal ga, ami’ tikay cu’ magalpug cu’ salaman cu’ mami’.","是的，需要10碗白飯。","https://klokah.tw/extension/con_data/sound/8/sentence/8c13s10.mp3"
"papahicuwa ta’ ’i’ musa’ i’ Taipak. paglug ta’ cu’ imuwag na’ manbahag quw?","我們該怎麼去台北呢？坐飛機嗎？","https://klokah.tw/extension/con_data/sound/8/sentence/8c14s1.mp3"
"haylag ku’ imuwag na’ manbahag ga mamati’ cuqang. tiku haylag ka kulu’ na’ hapuniq ga mamati’ uwi.","飛機是很快，但是太貴了。高鐵也是。","https://klokah.tw/extension/con_data/sound/8/sentence/8c14s2.mp3"
"paglug ta’ cu’ bas quw ga, makigumlug si’ cu’ kulu’ na’ hapuniq.","那坐客運好嗎？或是你比較想搭火車？","https://klokah.tw/extension/con_data/sound/8/sentence/8c14s3.mp3"
"gumalgay ta’ cu’ kulu’ na’ hapuniq. yani a’ balaiq ’i’ galgan ka ini pawwi cuqang.","火車好了，坐起來比較舒服。","https://klokah.tw/extension/con_data/sound/8/sentence/8c14s4.mp3"
"halay mu mital ku’ pinnatiq nku’ kulu’ na’ hapuniq han.","那我來查一下火車時刻表。","https://klokah.tw/extension/con_data/sound/8/sentence/8c14s5.mp3"
"wal, nuhanhan asiga mitatuhi nku’ qaqilpan ta’ ku’ gagalgan cu’ kulu’ na’ hapuniq.","唔，等一下，火車站好像離我們住的飯店有點遠？","https://klokah.tw/extension/con_data/sound/8/sentence/8c14s6.mp3"
"kiya’ pinnatiq nku’ naniqan ka qinnilapan ta’ maha’ mausa’ ’i’ cakaan cu’ pancapngan cu’ wagi’ ku’ ginnalgan cu’ kulu’.","飯店的交通簡介有提到，車程大概半小時。","https://klokah.tw/extension/con_data/sound/8/sentence/8c14s7.mp3"
"pakal ta’ cu’ haiya’ ’i’ tigilata’ nku’ gagalgan cu’ kulu’ na’ hapuniq quw?","所以我們要在火車站叫計程車嗎？","https://klokah.tw/extension/con_data/sound/8/sentence/8c14s8.mp3"
"balaiq ’i’ kabwax cu’ utubay ru tamayray cku’ nanaan cu’ kulu’ na’ hapuniq ru mnahiyawhiyaw ’i’ gumlug na’ tamayray ru mataqaqayyung ’i’ raniq.","也可以在火車站租機車或腳踏車，慢慢騎過去，順便兜風。","https://klokah.tw/extension/con_data/sound/8/sentence/8c14s9.mp3"
"yani uwi tayhuk ’i’ kiya’ la ga, talatalay ta’ la.","也好，到時候再看看吧！","https://klokah.tw/extension/con_data/sound/8/sentence/8c14s10.mp3"
"ingasug ’i’ mawxa’ ku’ kanayril su’ la ruwa’?","你的妻子病了多久了？","https://klokah.tw/extension/con_data/sound/8/sentence/8c15s1.mp3"
"qutux cu’ buwating la. asikina ga, mahananu ga balaiq tikay, mahananu ga aqih cuqang.","一個月了。但她的病時好時壞。","https://klokah.tw/extension/con_data/sound/8/sentence/8c15s2.mp3"
"nanuwan ku’ mawxa’ niya’ pisa’?","是什麼病呢？","https://klokah.tw/extension/con_data/sound/8/sentence/8c15s3.mp3"
"mawxa’ a’ tunux niya’ kariariax ru mutaq ru maxa’ nabuwas niya’.","她常常頭疼，還會嘔吐、肚子疼。","https://klokah.tw/extension/con_data/sound/8/sentence/8c15s4.mp3"
"minusa’ su’ ’i’ pakitalan cu’ sisang quw?","有去醫院檢查嗎？","https://klokah.tw/extension/con_data/sound/8/sentence/8c15s5.mp3"
"wal ga, kiya’ ’i’ pakitalan cu’ sinsang ka hani na.","有，現在正在住院檢查。","https://klokah.tw/extension/con_data/sound/8/sentence/8c15s6.mp3"
"pakaingasug ’i’ paqaniq cu’ iyu’ quw?","需要住院多久？","https://klokah.tw/extension/con_data/sound/8/sentence/8c15s7.mp3"
"qutux  ahangiqan la ga balaiq ’i’ musa imu’  ’i’ hiya’  la.","一星期就可以出院了。","https://klokah.tw/extension/con_data/sound/8/sentence/8c15s8.mp3"
"ima’ ’i’ pakalahang ku’ ulaiqi’ su’ cku’ qutux ahangiqan ka hani.","那麼，這個星期，誰來照顧小孩？","https://klokah.tw/extension/con_data/sound/8/sentence/8c15s9.mp3"
"’i’ kuwing nanaq ku’ pakalahang. kasasanan ga satuun mu ku’ ulaqi’ ’i’ matas ru mahahapuy cu ’i’ qalaiyan gi minaalu’ ci’ mahahapuy ni’ yaya’.","由我照顧，早上送小孩上學，中午煮飯，身兼母職。","https://klokah.tw/extension/con_data/sound/8/sentence/8c15s10.mp3"
"lawkah su’ quw? ’i’ Yawi na’ Kyusi ku’ ralu’ mu. papatasan na’ Mabawtuan ku’ hani quw?","喂，你好，我是Yawi na’Kyusi。請問是清安國小嗎？","https://klokah.tw/extension/con_data/sound/8/sentence/8c16s1.mp3"
"wal ga, lawkah su’.","是的，你好。","https://klokah.tw/extension/con_data/sound/8/sentence/8c16s2.mp3"
"paqucay misu’ han kiya’ ’i’ Lawa na’ Yumin quw?","請問Lawa’ na’ Yumin 在嗎？","https://klokah.tw/extension/con_data/sound/8/sentence/8c16s3.mp3"
"ukas ’i’ tathawnakan niya’. kiya’ cku’ papakalan.","他不在位置上，他在開會。","https://klokah.tw/extension/con_data/sound/8/sentence/8c16s4.mp3"
"pakabalaiq su’ ’i’ subilan cu’ kai’ ’i’ hiya’ quw?","那可以幫我留言嗎？","https://klokah.tw/extension/con_data/sound/8/sentence/8c16s5.mp3"
"wal ga, kal ga.","可以，請說。","https://klokah.tw/extension/con_data/sound/8/sentence/8c16s6.mp3"
"papuwahi ci’ cu’ qanauwan quw? ’i’ Yawi na’ Kyusi ku’ ralu’  mu. mahuway su’.","麻煩請他回電話給我，我的名字是Yawi na’ Kyusi。謝謝你。","https://klokah.tw/extension/con_data/sound/8/sentence/8c16s7.mp3"
"’i’ Yawi na’ Kyusi su’ quw’? ralu’ mu ga Lawa’ na’ Yumin. nanuwan ku’ waw ka sikyum si’ kuwing.","你是Yawi na’ Kyusi 嗎？我的名字是Lawa’ na’ Yumin 有什麼事找我嗎？","https://klokah.tw/extension/con_data/sound/8/sentence/8c16s8.mp3"
"papatasan na’ Tabilas i’ runi. qutux ka buwating ka uniyal ga, papakal cami cku’ gaga na’ Itaal.","汶水國小在下個月要舉辦原住民文化祭。","https://klokah.tw/extension/con_data/sound/8/sentence/8c16s9.mp3"
"makikrungungun niyam ku’ papatasan na’ Mabawtuan maha’ wah i’ papatasan na’ Tabilas ’i’ yugi’.","想邀請貴校（清安國小）到我們學校表演。","https://klokah.tw/extension/con_data/sound/8/sentence/8c16s10.mp3"
"wal ga, nanu qiniaw ta’  makal.","好阿，沒問題（就這麼說定）。","https://klokah.tw/extension/con_data/sound/8/sentence/8c16s11.mp3"
"mahuway su’ cubalay.","非常謝謝你。","https://klokah.tw/extension/con_data/sound/8/sentence/8c16s12.mp3"
"tiku papah nku’ babaisan ka hani ga, asi cubalay nku’ ginhahapuy ni’ yaya’ ka lalbing ru shahiya’ ’i’ niqun.","這家店的糯米飯跟我媽媽做的味道很像，甜甜的，很好吃。","https://klokah.tw/extension/con_data/sound/8/sentence/8c17s1.mp3"
"tinmamian uwi ga asing ku’ tinmamian ni’ yaya’ uwi tatimu’ ru tahahuway a’ qinnaniq mu.","醃肉也跟我媽媽做的味道一樣，夠鹹，很合我的胃口。","https://klokah.tw/extension/con_data/sound/8/sentence/8c17s2.mp3"
"naniqun na’ Itaal ’i’ cunga ga, balaiq cubalay ku’ kinsawkan niya’.","我們的傳統料理真的很美味。","https://klokah.tw/extension/con_data/sound/8/sentence/8c17s3.mp3"
"manaaring cu’ ’i’ lumanglung cku’ kinabalaiq ni’ yaya’ mu ka raramat.","我開始想念媽媽做的菜了。","https://klokah.tw/extension/con_data/sound/8/sentence/8c17s4.mp3"
"’i’ kuwing uwi ga, kii’ ci’ cakaan cu’ kaal ’i’ ini wah ’i’ maniq cku’ qalang mi’ la. humicuwa su’ na’ isu’?","我也是，我已經半年沒有回老家吃飯了，你呢？","https://klokah.tw/extension/con_data/sound/8/sentence/8c17s5.mp3"
"maqaqawh cu’ ’i’ matawwaw ru qutux ci’ cu’ kaal ’i’ iqaat minnusa’ ’i’ qalang mi’ la.","我也忙著工作，一年沒有回部落了。","https://klokah.tw/extension/con_data/sound/8/sentence/8c17s6.mp3"
"magalgay ta’ ’i’ musa’ ’i’ tinqalangan ta’ ’i’ mahingaw ta’.","我們這個週末一起回去吧。","https://klokah.tw/extension/con_data/sound/8/sentence/8c17s7.mp3"
"wal ga, kaa’ ungii’ ki’.","好阿，不要忘記喔。","https://klokah.tw/extension/con_data/sound/8/sentence/8c17s8.mp3"
"musa’ cu ’i’ imu’ ga, makimaniq ci’ cu’ papah ru tinmamian ru rawhing, makimaniq ci’ cu’ bawwak na’ lahulahu ru tinnabiq uwi.","回家之後，除了糯米飯、醃肉之外，我希望還能吃到山蘇、山豬肉還有麻糬。","https://klokah.tw/extension/con_data/sound/8/sentence/8c17s9.mp3"
"wal ga, naniqun na’ Itaal  cunga’ ga, yani ku’ tinahuq ni’ yaya’ a’ balaiq ’i’ niqun cubalay.","對啊，傳統的料理還是媽媽煮的最好吃。","https://klokah.tw/extension/con_data/sound/8/sentence/8c17s10.mp3"
"nanuwan ku’ sawaan su’ na’ isu’ ?","你的興趣是什麼？","https://klokah.tw/extension/con_data/sound/8/sentence/8c18s1.mp3"
"sawaan mu ku’ tumragragriyax.","我的興趣是爬山。","https://klokah.tw/extension/con_data/sound/8/sentence/8c18s2.mp3"
"payux ku’ balaiq nku’ tumragragriyax.","爬山有很多好處。","https://klokah.tw/extension/con_data/sound/8/sentence/8c18s3.mp3"
"wal ga, sikabalaiq na’ hihihi’ ru musa’ ’i’ pasbayhu ’i’ ragragriyax.","是的，除了可以使身體健康，也能親近大自然。","https://klokah.tw/extension/con_data/sound/8/sentence/8c18s4.mp3"
"makilux a’ wagi’ cubalay ’i’ gabagan ga, balaiq ’i’ tusasaw ’i’ ragragriyax ru sabsab cubalay.","炎熱的夏天，正好可以到山裡避暑，非常涼快。","https://klokah.tw/extension/con_data/sound/8/sentence/8c18s5.mp3"
"nanuwan ku’ sawaan su’ na’ isu’?","那你的興趣呢？","https://klokah.tw/extension/con_data/sound/8/sentence/8c18s6.mp3"
"swaan mu cubalay ga sqariwal.","我的興趣是攝影。","https://klokah.tw/extension/con_data/sound/8/sentence/8c18s7.mp3"
"balaiq cubalay ’i’ talan ku’ ragiyax na’ Taian.","泰安的山景其實非常美麗。","https://klokah.tw/extension/con_data/sound/8/sentence/8c18s8.mp3"
"muwani ga, balaiq ’i’ maras ci cu sasqariwal  ru musa ’i’ sqariwal cu qalimu’ na’ raragiyax na’ Taiwan ka balaiq ’i’ talan.","這樣我可以帶著相機，拍到山中許多珍貴的畫面。","https://klokah.tw/extension/con_data/sound/8/sentence/8c18s9.mp3"
"babaw niya’ ga, makalay ta’ ru magalgay ta’ ’i’ musa’ humakay ’i’ ragriyax ru maganaw.","下回我們可以相約一起去爬山。","https://klokah.tw/extension/con_data/sound/8/sentence/8c18s10.mp3"
"qutux cu’ kaal ga, aynu’ ku’ balaiq su’ cubalay ka riax.","一年之中你最喜歡哪一個季節？","https://klokah.tw/extension/con_data/sound/8/sentence/8c19s1.mp3"
"yani ku ’i’ gabagan ku’ balaiq mu cubalay.","我最喜歡夏季了。","https://klokah.tw/extension/con_data/sound/8/sentence/8c19s2.mp3"
"micuwa pisa’?","為什麼呢？","https://klokah.tw/extension/con_data/sound/8/sentence/8c19s3.mp3"
"aqih gi gabagan ga, balaiq ’i’ lumanguy ru maniq cu’ kinabalay na’ hulaqi’ ka riax. humicuwa ku’ kisiliq su’ na’ isu’.","因為夏季是游泳、吃冰的好季節。那你呢？","https://klokah.tw/extension/con_data/sound/8/sentence/8c19s4.mp3"
"balaiq mu ku’ qamisan ka tikay gi ini kakilux ru ini kagihaq. balaiq a’ kisiliq cubalay.","我喜歡秋季，因為秋天不冷不熱，很舒服。","https://klokah.tw/extension/con_data/sound/8/sentence/8c19s5.mp3"
"yani uwi ku’ balaiq ’i’ musa’ ’i’ Tabilas umangay cu’ ra’ na’ kuwis.","也是到圓墩賞楓葉的好時機。","https://klokah.tw/extension/con_data/sound/8/sentence/8c19s6.mp3"
"asikina ga, balaiq mu ku’ gabagan ka tikay uwi.","但是我也喜歡春天。","https://klokah.tw/extension/con_data/sound/8/sentence/8c19s7.mp3"
"tayhuk ku’ gabagan ka tikay la ga, makapahpah ku’ bawxi ’i’ ragriyax la.","春天到了，山上的百合也開了。","https://klokah.tw/extension/con_data/sound/8/sentence/8c19s8.mp3"
"yani ku’ balaiq ’i’ angayan cu’ pahpah na’ kakahuniq ru kakakiman wi cku’ riax ka hani.","現在正是賞花的好時間。","https://klokah.tw/extension/con_data/sound/8/sentence/8c19s9.mp3"
"kii’ balaiq cubalay a’ kisiliq si’ umangay cu’ pahpah na’ kakahuniq ru kiman uwi.","祝你賞花愉快！","https://klokah.tw/extension/con_data/sound/8/sentence/8c19s10.mp3"
"mausa’ si’ pansamiyan cku’ giqas na’ kaal ka hani quw?","今年你打算回家過年嗎？","https://klokah.tw/extension/con_data/sound/8/sentence/8c20s1.mp3"
"wal ga, rarasun mu kahbag ku’ kanayril ru ululaqi’ mu ’i’ pansamiyan.","是的，我會帶著太太和小孩一起回去。","https://klokah.tw/extension/con_data/sound/8/sentence/8c20s2.mp3"
"kiya’ inu’ ku’ tinqalangan su’?","你的家鄉在哪裡呢？","https://klokah.tw/extension/con_data/sound/8/sentence/8c20s3.mp3"
"kiya’ i’ Tabilas ku’ tinqalangan mu. balaiq cubalay ’i’ talan ku’ tinqalangan mu.","在錦水村的山上，一個美麗的部落。","https://klokah.tw/extension/con_data/sound/8/sentence/8c20s4.mp3"
"pahicuwa’ si’ musa’ ’i’  tinqalangan su’?","那你打算怎麼回去呢？","https://klokah.tw/extension/con_data/sound/8/sentence/8c20s5.mp3"
"papaglug cami cku’ qutux cu’ imuwag nku’ qumisuwan mu na’ maliku ru papiray cu’ kulu’ ’i’ musa’ i’ imuwaag.","我會和我哥哥一家人，一起開車回去。","https://klokah.tw/extension/con_data/sound/8/sentence/8c20s6.mp3"
"tinqalangan mamu ga, humicuwa cimu ’i’ pansamiyan.","你們家鄉都怎麼慶祝過年呢？","https://klokah.tw/extension/con_data/sound/8/sentence/8c20s7.mp3"
"maglug cami ka qutux cu’ imuwaag ’i’ maniq, maquwas ru mayugi.","我們全家人會團聚在一起吃飯，一起唱歌跳舞。","https://klokah.tw/extension/con_data/sound/8/sentence/8c20s8.mp3"
"’i’ pungan ga, asiga balaiq cubalay. balaiq su’ ku’ pansamiyan ruwa’?","聽起來很有趣，那你喜歡過年囉？","https://klokah.tw/extension/con_data/sound/8/sentence/8c20s9.mp3"
"balaiq mu cubalay gi mnama’ cami ka qutux cu’ imuwaag ’i’ maglug ’i’ musa’ i’ imuwaag.","我很喜歡，因為全家人難得可以聚在一起。","https://klokah.tw/extension/con_data/sound/8/sentence/8c20s10.mp3"
"makarux cubalay ’i’ hiya’.","他是一個很努力的人。","https://klokah.tw/extension/con_data/sound/8/sentence/8c21s1.mp3"
"saa’ringan si’ inu’ ’i’ mital pisa’?","從哪些地方可以得知呢？","https://klokah.tw/extension/con_data/sound/8/sentence/8c21s2.mp3"
"nababalaiqun niya’ ’i’ mamiin kahbag ku’ wawwaw.","他總是很認真的把每件事情做好。","https://klokah.tw/extension/con_data/sound/8/sentence/8c21s3.mp3"
"yani ku’ hani ru kiya’ na quw?","除此之外呢？","https://klokah.tw/extension/con_data/sound/8/sentence/8c21s4.mp3"
"ini pssalaw ’i’ hiya’ ru panabaq cubalay ’i’ makibaq.","他從來都不驕傲，而且虛心學習。","https://klokah.tw/extension/con_data/sound/8/sentence/8c21s5.mp3"
"paka’aqih sipakal ta’ ku’ linanglung su’ quw?","可以談談你的個性嗎？","https://klokah.tw/extension/con_data/sound/8/sentence/8c21s6.mp3"
"linanglung mu ga, ini kasical, balaiq ’i’ makal ru haylag cubalay ku’ qabaqaba’ mu.","我的個性外向，善於溝通，動作很快。","https://klokah.tw/extension/con_data/sound/8/sentence/8c21s7.mp3"
"baqun niyam ku’ linanglung su’ kahbag la.","我們大概知道你的狀況了。","https://klokah.tw/extension/con_data/sound/8/sentence/8c21s8.mp3"
"lumanglung su’ ru humicuwa’ ku’ kinital su’ ’i’ isu’ nanaq?","那你覺得你是怎麼樣的人？","https://klokah.tw/extension/con_data/sound/8/sentence/8c21s9.mp3"
"masical cu’ ru ini cu pakimakal cuqang cu’ cuquliq.","我比較害羞但不善於跟人交談。","https://klokah.tw/extension/con_data/sound/8/sentence/8c21s10.mp3"
"makiya’ ku’ capaang na’ papakalan ga kakaya’ ’i’ musa’ mkibaq ’i’ makal naki pakakiya ku’ uhum su’.","你最好多參加團體聚會練練膽量。","https://klokah.tw/extension/con_data/sound/8/sentence/8c21s11.mp3"
"mahuway su’ cubalay ka psibaq kuwing.","謝謝你的建議。","https://klokah.tw/extension/con_data/sound/8/sentence/8c21s12.mp3"
"nanuwan cubalay qutux ka  hani, wahiy ci’ rumag tikay quw?","對不起，可以請你幫個忙嗎？","https://klokah.tw/extension/con_data/sound/8/sentence/8c22s1.mp3"
"wal, kal cumama ga.","當然可以，請說。","https://klokah.tw/extension/con_data/sound/8/sentence/8c22s2.mp3"
"subilun mi’ cku’ paga’ ku’ tatabuiwnah mu.","我把鑰匙留在房間裡。","https://klokah.tw/extension/con_data/sound/8/sentence/8c22s3.mp3"
"sisawsu’ mi’ tigilata ’i’ ikuwing nanaq.","我把自己鎖在外面了。","https://klokah.tw/extension/con_data/sound/8/sentence/8c22s4.mp3"
"pakabalaiq si’ baiqan  ikuwing cu’ qutux cu’ sinilma’ na’ tatabiwnah quw?","可以給我備用鑰匙嗎？","https://klokah.tw/extension/con_data/sound/8/sentence/8c22s5.mp3"
"paqucay misu’ han maqilup su’ cku’ paga’  ka aynu’.","請問你睡哪一間房間？","https://klokah.tw/extension/con_data/sound/8/sentence/8c22s6.mp3"
"maqilup ci’ cku’ mapitu kabhul ru imagal ka qaqilpan.","我住705號房。","https://klokah.tw/extension/con_data/sound/8/sentence/8c22s7.mp3"
"Yawi, yani a’ sinilma ’i’ isu’ na’ tatabiwnah ku’ hani.","Yawi，這是你的備用鑰匙。","https://klokah.tw/extension/con_data/sound/8/sentence/8c22s8.mp3"
"mahuway su’. paqucay misu’ han, kiya’ a’ labaq mu quw?","謝謝，另外請問一下，有我的包裹嗎？","https://klokah.tw/extension/con_data/sound/8/sentence/8c22s9.mp3"
"nuhanhan cu’ pilapilag kyumaw mu han ru luwan mi’ la ku’ labaq si’ la.","請稍等，我查一下。查到了，有一件你的包裹。","https://klokah.tw/extension/con_data/sound/8/sentence/8c22s10.mp3"
"kiya’ si’ matiq cku’ papatiqan ka aynu’?","你在哪一間學校讀書呢？","https://klokah.tw/extension/con_data/sound/8/sentence/8c23s1.mp3"
"kiya’ ci’ matiq cku’ papatiqan i’ Tabilas.","在汶水國民小學。","https://klokah.tw/extension/con_data/sound/8/sentence/8c23s2.mp3"
"piya’ si’ cu’ kaal ’i’ matiq la?","是幾年級呢？","https://klokah.tw/extension/con_data/sound/8/sentence/8c23s3.mp3"
"babaw na’ minnuhngiqan la ga, papatiq cu cku’ rahuwal tikay na’ papatiqan la.","暑假過後，我就是國中生了。","https://klokah.tw/extension/con_data/sound/8/sentence/8c23s4.mp3"
"ayhung cubalay ku’ pakibaqan cku’ rahuwal tikay na’ papatiqan. asiki maknamatimati’ ’i’  matiq la.","國中要學習的課程又更難。請加油。","https://klokah.tw/extension/con_data/sound/8/sentence/8c23s5.mp3"
"aynu’ ku’ papkibaqan ka illag si’ cubalay?","你最喜歡哪一門課？","https://klokah.tw/extension/con_data/sound/8/sentence/8c23s6.mp3"
"maquwas ru yugi ku’ illag mu ’i’   cubalay.","我最喜歡音樂課。","https://klokah.tw/extension/con_data/sound/8/sentence/8c23s7.mp3"
"macka’ cu ki’ isu’. balaiq mu ku’ maquwas cubalay uwi. gi mkibaq cu’ maquwas ru balaiq ’i’ pkibakan kahbag ku’ wawwaw na’ lubug (ginugun).","跟你一樣，我也喜歡上音樂課。因為可以唱歌，還可以學習各種的樂器。","https://klokah.tw/extension/con_data/sound/8/sentence/8c23s8.mp3"
"qutux cu’ papkibaqan ka yani ga, sikbalaiq cubalay na’ kisiliq.","那是一堂會讓人放鬆心情的課。","https://klokah.tw/extension/con_data/sound/8/sentence/8c23s9.mp3"
"muwani ci’ lumanglung uwi.","我也這麼認為。","https://klokah.tw/extension/con_data/sound/8/sentence/8c23s10.mp3"
"baq si’ kumal cu’ kai’ na’ matu’uwal quw?","你會說汶水泰雅語嗎？","https://klokah.tw/extension/con_data/sound/8/sentence/8c24s1.mp3"
"wal ga, yani a’ capaang na’ kai’ ni’ yaya’ mu.","是的，它是我的母語。","https://klokah.tw/extension/con_data/sound/8/sentence/8c24s2.mp3"
"makiya’ ci’ imuwaag ga, makal cami cu’ kai’ na’ matu’uwal kahbag ka qutux mu cu’ imuwaag.","我在家裡都是用汶水泰雅語和家人交談。","https://klokah.tw/extension/con_data/sound/8/sentence/8c24s3.mp3"
"muwani ga, kii’ cubalay ’i’ balaiq a’ kai’ su’ na’ matu’uwal cubalay.","那麼你的汶水泰雅語，一定很流利。","https://klokah.tw/extension/con_data/sound/8/sentence/8c24s4.mp3"
"kai’ na’ matu’uwal ku’ illag nku’ kisiliq mu. lumanglung cu’ ru halay ci’ mabaynay cu’ ruwas na’ matu’uwal ru pkibakay ta’ nanaq maha’ cu.","我對汶水泰雅語很有興趣，最近在考慮要去買書來自修。","https://klokah.tw/extension/con_data/sound/8/sentence/8c24s5.mp3"
"pakabalaiq ’i’ kalun su’ maha aynu’ ku’ ruwas ka pakabalaiq ’i’ talan quw?","可以建議哪些適合的書籍嗎？","https://klokah.tw/extension/con_data/sound/8/sentence/8c24s6.mp3"
"pasbaqanay mi’ isu’ ku’ ruwas na’ Itaal ru paragan’ cu papungan ka CD.","我推薦如何學習汶水泰雅語的書（書名），它還附贈可以練習聽力的CD。","https://klokah.tw/extension/con_data/sound/8/sentence/8c24s7.mp3"
"kiya’ na ku’ qutux ka tyennaw ka papcacyukan ’i’ mkibaq ru balaiq ’i’ palunganlungan.","另外還有一些網路上提供的線上學習課程，都可以參考。","https://klokah.tw/extension/con_data/sound/8/sentence/8c24s8.mp3"
"aku payux ku’ qaraqarax ka papkibaqan. mahuway su cubalay.","原來有那麼多的資源，真是謝謝你。","https://klokah.tw/extension/con_data/sound/8/sentence/8c24s9.mp3"
"hanuan ka si’ubaga. mkibaq ru manaluwaluwag su’ cu’ ayhung  ga paquci’ cu ga.","不客氣，學習中遇到問題，都可以問我。","https://klokah.tw/extension/con_data/sound/8/sentence/8c24s10.mp3"
"minnusa’ si’ maganaw ’i’ inu’ cku’ ahangiqan ka aruwa’.","上禮拜你去哪裡玩？","https://klokah.tw/extension/con_data/sound/8/sentence/8c25s1.mp3"
"maglug cami ka qutux cu’ imuwaag ’i’ musa’ i’ Taipak.","和家人到台北旅行。","https://klokah.tw/extension/con_data/sound/8/sentence/8c25s2.mp3"
"kiya’ ’i’ inu’ ku’ capaang na’ makiya’ cku’ inlungan su’ ka a’angayan.","最讓你印象深刻的景點是哪裡呢？","https://klokah.tw/extension/con_data/sound/8/sentence/8c25s3.mp3"
"balaiq cubalay a’ a’angayan ’i’ gabiyan i’ Taipak ru cami ka qutux cu’ imuwaag ga payux cubalay ku’ sinaqariwalan miyam cu’  a’angayan niyam kariariax.","台北的夜景非常美麗，也和家人在那裡拍了許多照片留念。","https://klokah.tw/extension/con_data/sound/8/sentence/8c25s4.mp3"
"pasiwa’ cu cuquliq cubalay. ukas a’ waw mu ga, makimusa ci’ mital wi.","真令人羨慕，有機會我也希望去看看。","https://klokah.tw/extension/con_data/sound/8/sentence/8c25s5.mp3"
"i’ Taipak ka a’angayan ’i’ gabiyan ru kiya’ na ku’ papaganawan ca buinah na quw?","除了台北的夜景之外還有哪裡可以玩？","https://klokah.tw/extension/con_data/sound/8/sentence/8c25s6.mp3"
"balaiq na ’i’ musa’ i’ Yaminsan umangay cu’ pahpah na’  kaym na’ ngarux wi.","可以到陽明山賞櫻花。","https://klokah.tw/extension/con_data/sound/8/sentence/8c25s7.mp3"
"kanuwan ku’ capaang na’ riax ka balaiq ’i’  usalan ’i’ umangay cu’ pahpah na’ qaym na’  ngarux.","什麼時候是賞櫻花的最好季節？","https://klokah.tw/extension/con_data/sound/8/sentence/8c25s8.mp3"
"asiki yani ku’ gabagan ka tikay ga yani a’ balaiq ’i’ uaslan ’i’ umanay.","大約在春天的時候。","https://klokah.tw/extension/con_data/sound/8/sentence/8c25s9.mp3"
"cami ka qutux cu’ imuwaag ga makimusa’ cami kahbag ’i’ maganaw i’ Taipak.","真的好想帶家人一起到台北玩。","https://klokah.tw/extension/con_data/sound/8/sentence/8c25s10.mp3"
"lawkah su’ quw? Yawi’ a’ ralu’ mu.minbuiwinah ci’ Sincu Pakibaqan ka capaang na’ rahuwal na’ papatiqan.","你好，我是新竹教育大學畢業的。","https://klokah.tw/extension/con_data/sound/8/sentence/8c26s1.mp3"
"paka’aqih ’i’ sipakal ta’ ku’ pintuwawan su’ ka aruwa’ quw?","可以談談你的工作經驗嗎？","https://klokah.tw/extension/con_data/sound/8/sentence/8c26s2.mp3"
"minaki’ ci’ cku’ qutux ka papatuwawan na’ Tabilas ru Paquwli’ rumag ci’ cku’ qutux ka waw ka malahang cu’ pila’.","我曾經在圓墩公司跟八卦力公司擔任助理，負責處理財務。","https://klokah.tw/extension/con_data/sound/8/sentence/8c26s3.mp3"
"ingasu si’ matawwaw la?","你工作多久了？","https://klokah.tw/extension/con_data/sound/8/sentence/8c26s4.mp3"
"innanqahina mi’ matawwaw ga qutux cu’ kaal, tiku qutux la ga, usaing ci’ cu’ kaal ’i’ kiya’. siqunun kahabag la ga, tugal cu’ kaal la.","前一間公司待了1年，後一間公司待了2年，已經有3年的工作經驗。","https://klokah.tw/extension/con_data/sound/8/sentence/8c26s5.mp3"
"nanuwan ku’ capaang na’ patuwawun su’?","你的工作內容是什麼？","https://klokah.tw/extension/con_data/sound/8/sentence/8c26s6.mp3"
"kiya’ ci’ mlahang cku’ pila’ ka pintuwawan kahabag ru yani ku’ pila’ ka pintuwwan naha uwi.","我都在處理公司的各項收入與支出，包括員工的薪水。","https://klokah.tw/extension/con_data/sound/8/sentence/8c26s7.mp3"
"micuwa’ su’ ka musa’ ’i’ kumiyum cku’ waw ka asin ku’ yani?","你為什麼應徵這份工作？","https://klokah.tw/extension/con_data/sound/8/sentence/8c26s8.mp3"
"aqih gi minnukahul ci’ Tabilas ru musa’ ci’ Taipak la ru  asiki’ kumiyum ci’ cku’ waw ’i’ Taipak.","因為我從圓墩搬到台北，所以要在台北找工作。","https://klokah.tw/extension/con_data/sound/8/sentence/8c26s9.mp3"
"iqaat su’ Itaal ’i’ Taipak ruwa’?","你不是台北人？","https://klokah.tw/extension/con_data/sound/8/sentence/8c26s10.mp3"
"wal ga, Itaal cu ’i’ Bari’ ?","是的，我是苗栗人。","https://klokah.tw/extension/con_data/sound/8/sentence/8c26s11.mp3"
"magbatunux ku’ rawing su’ na’ mukurakis.","你的女朋友很漂亮。","https://klokah.tw/extension/con_data/sound/8/sentence/8c27s1.mp3"
"mahuway su’. humicuwa’ ku’ rawing su’ na’ mukurakis na’ isu?","謝謝，那你的女朋友呢？","https://klokah.tw/extension/con_data/sound/8/sentence/8c27s2.mp3"
"ukas a’ rawing mu na’ mukurakis ka hani na.","我現在沒有女朋友。","https://klokah.tw/extension/con_data/sound/8/sentence/8c27s3.mp3"
"paka’aqih ’i’ kyumanay misu’ cu’ mukurakis.","那我可以幫你介紹。","https://klokah.tw/extension/con_data/sound/8/sentence/8c27s4.mp3"
"sumiwa’ si’ cku’ humicuwa’ ka’ mukurakis?","你喜歡哪一種的女生？","https://klokah.tw/extension/con_data/sound/8/sentence/8c27s5.mp3"
"sumiwa’ ci’ cku’ makarux na’ mukurakis.","我喜歡勤勞的女生。","https://klokah.tw/extension/con_data/sound/8/sentence/8c27s6.mp3"
"micuwa’ pisa’?","為什麼呢？","https://klokah.tw/extension/con_data/sound/8/sentence/8c27s7.mp3"
"aqih gi tiku makarux ka’ mukurakis ga, ini nahmuhmut ’i’ manata’. asi manlawkah ’i’ matawwaw.","勤勞的女生不會亂發脾氣，只專注於工作上。","https://klokah.tw/extension/con_data/sound/8/sentence/8c27s8.mp3"
"wal ga, patpangani ’i’ kuwing.","沒問題，交給我！","https://klokah.tw/extension/con_data/sound/8/sentence/8c27s9.mp3"
"mahuway su’.","謝謝你。","https://klokah.tw/extension/con_data/sound/8/sentence/8c27s10.mp3"
"balaiq ’i’ talan ku’ hinilawan su’ sawni. payux a’ kaka’ ku’ siyatu’ su’.","你今天穿得好漂亮，衣服上有好多鈴鐺。","https://klokah.tw/extension/con_data/sound/8/sentence/8c28s1.mp3"
"yani a’ sinbilan na’ nanabakis ku’ hahilaw ka hani cunga. mausa’ ci’ gumlu inha’ ’i’ tumubun.","這是我們的傳統服飾，我要去參加祭典。","https://klokah.tw/extension/con_data/sound/8/sentence/8c28s2.mp3"
"sinbilan na’ nanabakis ka hahilaw ga matanah kuga ma’uba’.","你們的傳統服飾是以紅色和白色為主嗎？","https://klokah.tw/extension/con_data/sound/8/sentence/8c28s3.mp3"
"wal ga, balaiq cubalay ’i’ talan.","是阿，很漂亮喔！","https://klokah.tw/extension/con_data/sound/8/sentence/8c28s4.mp3"
"musa’ si’ tumubun ga papaquwas su’ ru pakayugi su’ quw?","你會在祭典中唱歌跳舞嗎？","https://klokah.tw/extension/con_data/sound/8/sentence/8c28s5.mp3"
"wal ga, aqih gi yani ku’ tatubunan uwi.","會，因為那是祭典的一部份。","https://klokah.tw/extension/con_data/sound/8/sentence/8c28s6.mp3"
"talan mu ku’ quwas na’ Itaal ga manahiyaw ku’ rinamuan ru tiku tinqayawan ’i’ yugi ga ini kaayhung cuqang.","我覺得你們泰雅族的歌的風格比較慢，舞蹈的舞步比較簡單。","https://klokah.tw/extension/con_data/sound/8/sentence/8c28s7.mp3"
"kii’ muwani cubalay ruwa’.","或許是吧！","https://klokah.tw/extension/con_data/sound/8/sentence/8c28s8.mp3"
"humicuwa’ si’ mkibaq cu’ quwas ru yugi?","你是怎麼學會唱歌和跳舞的呢？","https://klokah.tw/extension/con_data/sound/8/sentence/8c28s9.mp3"
"aring ci’ cu tikay ga, gumlug ci’ cku’ nanabakis ’i’ musa’ ’i’ tumubun ru baq cu nanaq la.","從小跟著長輩一起參加祭典，就學會了。","https://klokah.tw/extension/con_data/sound/8/sentence/8c28s10.mp3"
"mkibaq su’ kariariax quw?","你每天都學嗎？","https://klokah.tw/extension/con_data/sound/8/sentence/8c28s11.mp3"
"wal ga, ini si’ gyani ga a’ungian su’ ku’ quwas ru pinnawiwian. iqaat su’ sasukuun ca’ tunux ku’ tinqayawan ru pinnawian.","對，否則你會忘記歌詞跟旋律，也記不起來舞步跟動作。","https://klokah.tw/extension/con_data/sound/8/sentence/8c28s12.mp3"
"kiya’ a’ tatubun nanaq nku’ matu’uwal quw?","matuuwal有舉行特別的祭典嗎？","https://klokah.tw/extension/con_data/sound/8/sentence/8c29s1.mp3"
"kiya’ ga’, magalpu cu’ buwating ’i’ magtumurul cubalay ku’ buwating ga, yani a’ mata’ariaring naha’ ’i’ tumubun la.","有的，十月月圓的時候，我們會舉行祖靈祭。","https://klokah.tw/extension/con_data/sound/8/sentence/8c29s2.mp3"
"kituwa’ a’ riax ga manaxaliq ’i’ tumubun la?","多久舉行一次呢？","https://klokah.tw/extension/con_data/sound/8/sentence/8c29s3.mp3"
"asiki makal ku’ tinqalangan han ru balaiq kuga aqih ku’ pintuwawan ga, yani a’ tumubun la.","視部落收成好壞而定。","https://klokah.tw/extension/con_data/sound/8/sentence/8c29s4.mp3"
"micuwa’ ka asiki tumubun pisa’?","為什麼要舉行這個祭典？","https://klokah.tw/extension/con_data/sound/8/sentence/8c29s5.mp3"
"aring cku’ kinabakisan ga, yani ku’ musa’ ’i’ msatcka’ cku’ utux na’ nanabakis ku’ riax ka hani.","這是我們族人迎接祖靈歸來的日子。","https://klokah.tw/extension/con_data/sound/8/sentence/8c29s6.mp3"
"sawbih la ku’ tatubunan ga, nanuwan ku’ waw ka pata’a’aringan?","祭典之前，要準備什麼事情嗎？","https://klokah.tw/extension/con_data/sound/8/sentence/8c29s7.mp3"
"mkibaq kariariax cku’ quwas ru yugi ’i’ tumubun ta’.","我們平時要練習忌唱的祖靈歌曲與舞蹈。","https://klokah.tw/extension/con_data/sound/8/sentence/8c29s8.mp3"
"kiya’ a’ nunuwan ku’ pisaniq pisa’?","那有什麼禁忌呢？","https://klokah.tw/extension/con_data/sound/8/sentence/8c29s9.mp3"
"mata’ariaring na’ ga, ita’ ka Itaal asiki ini ta’ nahuqi’ ku’ sinnubilan na’ nanabakis cunga ka gaga ru masbalaiq kahabag.","準備期間，族人要遵守祖靈留下的勸戒，和樂相處。","https://klokah.tw/extension/con_data/sound/8/sentence/8c29s10.mp3"
"paka’aqih ’i’ paqucan misu’ cku’ yencumin  ga papiya kahabag i’ Tiawan quw?","請問現在原住民族共有幾族呢？","https://klokah.tw/extension/con_data/sound/8/sentence/8c30s1.mp3"
"magalpu cu’ spat ku’ pinnabuwabuwan ka hani.","現在共有十四族。","https://klokah.tw/extension/con_data/sound/8/sentence/8c30s2.mp3"
"yani aynu’ ku’ habag cubalay a’ cuquliq?","人數最多的是哪一族？","https://klokah.tw/extension/con_data/sound/8/sentence/8c30s3.mp3"
"Amis a payux cubalay a cuquliq ga.","是阿美族。","https://klokah.tw/extension/con_data/sound/8/sentence/8c30s4.mp3"
"yani ku’ aynu’ a’ ini kahabag cubalay a’ cuquliq?","那人數最少的是哪一族？","https://klokah.tw/extension/con_data/sound/8/sentence/8c30s5.mp3"
"Sakizaya a tikay cubalay a cuquliq ga.","是撒奇萊雅族。","https://klokah.tw/extension/con_data/sound/8/sentence/8c30s6.mp3"
"aynu’ ku pinnabuwabuwan ka rahuwal cubalay a’ kakian?","哪一個民族分布最廣呢？","https://klokah.tw/extension/con_data/sound/8/sentence/8c30s7.mp3"
"Itaal ga.","泰雅族。","https://klokah.tw/extension/con_data/sound/8/sentence/8c30s8.mp3"
"yaku aynu’ ka pinnabuwabuwan ku’ patasan a’ raqinas?","有紋面傳統的民族主要有哪些？","https://klokah.tw/extension/con_data/sound/8/sentence/8c30s9.mp3"
"Itaal ru Truku ru sediq.","泰雅族、太魯閣族、賽德克族等。","https://klokah.tw/extension/con_data/sound/8/sentence/8c30s10.mp3"
"baqun mi’ la mahuway su’ cubalay gi isu’ ku’ cumyuk kuwing ru baqun mu cubalay  kahbag ku’ kiya’ cku’ Tiawan ka yencumin.","我知道了，謝謝你的回答，讓我更認識台灣的原住民族。","https://klokah.tw/extension/con_data/sound/8/sentence/8c30s11.mp3"
"su’","你","https://klokah.tw/extension/con_data/sound/8/word/8c1w1.mp3"
"latanux","外面","https://klokah.tw/extension/con_data/sound/8/word/8c1w2.mp3"
"babah","難得（本文指少見你如此的早）","https://klokah.tw/extension/con_data/sound/8/word/8c1w3.mp3"
"magabuq","早安","https://klokah.tw/extension/con_data/sound/8/word/8c1w4.mp3"
"cuqang","很","https://klokah.tw/extension/con_data/sound/8/word/8c1w5.mp3"
"inu’","哪裡","https://klokah.tw/extension/con_data/sound/8/word/8c1w6.mp3"
"ma’usa’","要去","https://klokah.tw/extension/con_data/sound/8/word/8c1w7.mp3"
"tinqalangan","部落","https://klokah.tw/extension/con_data/sound/8/word/8c1w8.mp3"
"mital","看；探望","https://klokah.tw/extension/con_data/sound/8/word/8c1w9.mp3"
"yaya’","媽媽","https://klokah.tw/extension/con_data/sound/8/word/8c1w10.mp3"
"ki’","伴同格（功能詞）","https://klokah.tw/extension/con_data/sound/8/word/8c1w11.mp3"
"yaba’","爸爸","https://klokah.tw/extension/con_data/sound/8/word/8c1w12.mp3"
"balaiq","好；喜歡","https://klokah.tw/extension/con_data/sound/8/word/8c1w13.mp3"
"kahbag","全部","https://klokah.tw/extension/con_data/sound/8/word/8c1w14.mp3"
"naha’","他們","https://klokah.tw/extension/con_data/sound/8/word/8c1w15.mp3"
"casan","明天","https://klokah.tw/extension/con_data/sound/8/word/8c1w16.mp3"
"giniaw","就這樣","https://klokah.tw/extension/con_data/sound/8/word/8c1w17.mp3"
"bali’","反正","https://klokah.tw/extension/con_data/sound/8/word/8c1w18.mp3"
"maqas","高興","https://klokah.tw/extension/con_data/sound/8/word/8c2w1.mp3"
"cu’","受格格位標記（功能詞）","https://klokah.tw/extension/con_data/sound/8/word/8c2w2.mp3"
"makital","認識","https://klokah.tw/extension/con_data/sound/8/word/8c2w3.mp3"
"mu","我的","https://klokah.tw/extension/con_data/sound/8/word/8c2w4.mp3"
"Yawi’ na’ kyusi","男名（子父聯名）","https://klokah.tw/extension/con_data/sound/8/word/8c2w5.mp3"
"ima’","誰","https://klokah.tw/extension/con_data/sound/8/word/8c2w6.mp3"
"a’","主格格位標記（無指涉）","https://klokah.tw/extension/con_data/sound/8/word/8c2w7.mp3"
"na’","屬格格位標記（功能詞）","https://klokah.tw/extension/con_data/sound/8/word/8c2w8.mp3"
"rawing","朋友","https://klokah.tw/extension/con_data/sound/8/word/8c2w9.mp3"
"’i’","連繫詞（功能詞）","https://klokah.tw/extension/con_data/sound/8/word/8c2w10.mp3"
"hiya’","他","https://klokah.tw/extension/con_data/sound/8/word/8c2w11.mp3"
"Gipun","日本；日本人","https://klokah.tw/extension/con_data/sound/8/word/8c2w12.mp3"
"mkibaq","學習","https://klokah.tw/extension/con_data/sound/8/word/8c2w13.mp3"
"kai’","語言","https://klokah.tw/extension/con_data/sound/8/word/8c2w14.mp3"
"sumiuwa’","感興趣","https://klokah.tw/extension/con_data/sound/8/word/8c2w15.mp3"
"gaga’","風俗；習慣","https://klokah.tw/extension/con_data/sound/8/word/8c2w16.mp3"
"masiqaiyung","餓","https://klokah.tw/extension/con_data/sound/8/word/8c3w1.mp3"
"cubalay","真；非常","https://klokah.tw/extension/con_data/sound/8/word/8c3w2.mp3"
"kiya’","有","https://klokah.tw/extension/con_data/sound/8/word/8c3w3.mp3"
"nananiqun","食物（多）","https://klokah.tw/extension/con_data/sound/8/word/8c3w4.mp3"
"ghapuyan","廚房","https://klokah.tw/extension/con_data/sound/8/word/8c3w5.mp3"
"katngiani","飽","https://klokah.tw/extension/con_data/sound/8/word/8c3w6.mp3"
"ku’","主格格位標記（功能詞）","https://klokah.tw/extension/con_data/sound/8/word/8c3w7.mp3"
"makimaniq","想吃","https://klokah.tw/extension/con_data/sound/8/word/8c3w8.mp3"
"halngaganay","炒","https://klokah.tw/extension/con_data/sound/8/word/8c3w9.mp3"
"mami’","飯","https://klokah.tw/extension/con_data/sound/8/word/8c3w10.mp3"
"mahuway","謝謝","https://klokah.tw/extension/con_data/sound/8/word/8c3w11.mp3"
"malngu’","乾的；口渴","https://klokah.tw/extension/con_data/sound/8/word/8c3w12.mp3"
"ngaquwaq","嘴巴","https://klokah.tw/extension/con_data/sound/8/word/8c3w13.mp3"
"nubuwag","喝","https://klokah.tw/extension/con_data/sound/8/word/8c3w14.mp3"
"masawsug","痠","https://klokah.tw/extension/con_data/sound/8/word/8c3w15.mp3"
"rinuwang","汗","https://klokah.tw/extension/con_data/sound/8/word/8c3w16.mp3"
"cacaybing","毛巾","https://klokah.tw/extension/con_data/sound/8/word/8c3w17.mp3"
"humicuwa’","如何","https://klokah.tw/extension/con_data/sound/8/word/8c4w1.mp3"
"kaal","天氣","https://klokah.tw/extension/con_data/sound/8/word/8c4w2.mp3"
"sawni","今天","https://klokah.tw/extension/con_data/sound/8/word/8c4w3.mp3"
"matuwagi","出太陽","https://klokah.tw/extension/con_data/sound/8/word/8c4w4.mp3"
"halhul","溫暖","https://klokah.tw/extension/con_data/sound/8/word/8c4w5.mp3"
"wagi’","太陽","https://klokah.tw/extension/con_data/sound/8/word/8c4w6.mp3"
"qumuwalax","下雨","https://klokah.tw/extension/con_data/sound/8/word/8c4w7.mp3"
"pungan","聽到","https://klokah.tw/extension/con_data/sound/8/word/8c4w8.mp3"
"ungi","忘記","https://klokah.tw/extension/con_data/sound/8/word/8c4w9.mp3"
"tata’umuk","雨傘","https://klokah.tw/extension/con_data/sound/8/word/8c4w10.mp3"
"rasani","帶（命令式）","https://klokah.tw/extension/con_data/sound/8/word/8c4w11.mp3"
"rasanai","將會帶（未完成）","https://klokah.tw/extension/con_data/sound/8/word/8c4w12.mp3"
"buwating","月亮；月份","https://klokah.tw/extension/con_data/sound/8/word/8c5w1.mp3"
"riax","日子","https://klokah.tw/extension/con_data/sound/8/word/8c5w2.mp3"
"mamatu’","6","https://klokah.tw/extension/con_data/sound/8/word/8c5w3.mp3"
"ga","助詞；主題","https://klokah.tw/extension/con_data/sound/8/word/8c5w4.mp3"
"gumawah","開","https://klokah.tw/extension/con_data/sound/8/word/8c5w5.mp3"
"sasukuan cu’ pila’","郵局（放錢的地方）","https://klokah.tw/extension/con_data/sound/8/word/8c5w6.mp3"
"sumatu’ cu’ pinatiq","郵局（寄信）","https://klokah.tw/extension/con_data/sound/8/word/8c5w7.mp3"
"kasasanan","早上","https://klokah.tw/extension/con_data/sound/8/word/8c5w8.mp3"
"nanaq","僅有","https://klokah.tw/extension/con_data/sound/8/word/8c5w9.mp3"
"manaaring","開始","https://klokah.tw/extension/con_data/sound/8/word/8c5w10.mp3"
"mamaspat","8","https://klokah.tw/extension/con_data/sound/8/word/8c5w11.mp3"
"magalpu","10","https://klokah.tw/extension/con_data/sound/8/word/8c5w12.mp3"
"magalpu cu’ qun","11","https://klokah.tw/extension/con_data/sound/8/word/8c5w13.mp3"
"maspatul","40","https://klokah.tw/extension/con_data/sound/8/word/8c5w14.mp3"
"babinasan cu’ raramat","菜市場","https://klokah.tw/extension/con_data/sound/8/word/8c6w1.mp3"
"paqucay","請問","https://klokah.tw/extension/con_data/sound/8/word/8c6w2.mp3"
"han","先","https://klokah.tw/extension/con_data/sound/8/word/8c6w3.mp3"
"ruwas","紙；信","https://klokah.tw/extension/con_data/sound/8/word/8c6w4.mp3"
"lalingay","附近","https://klokah.tw/extension/con_data/sound/8/word/8c6w5.mp3"
"usaing","2","https://klokah.tw/extension/con_data/sound/8/word/8c6w6.mp3"
"kinsawbih","最近","https://klokah.tw/extension/con_data/sound/8/word/8c6w7.mp3"
"taihuk","到達","https://klokah.tw/extension/con_data/sound/8/word/8c6w8.mp3"
"cku’","處所格格位標記（功能詞）","https://klokah.tw/extension/con_data/sound/8/word/8c6w9.mp3"
"tugal","3","https://klokah.tw/extension/con_data/sound/8/word/8c6w10.mp3"
"sugagay","分岔","https://klokah.tw/extension/con_data/sound/8/word/8c6w11.mp3"
"tigianan","位在右邊","https://klokah.tw/extension/con_data/sound/8/word/8c6w12.mp3"
"il","左邊","https://klokah.tw/extension/con_data/sound/8/word/8c6w13.mp3"
"tigisapat","第四","https://klokah.tw/extension/con_data/sound/8/word/8c6w14.mp3"
"wal","是的","https://klokah.tw/extension/con_data/sound/8/word/8c6w15.mp3"
"qaraqarax","物品","https://klokah.tw/extension/con_data/sound/8/word/8c7w1.mp3"
"rarag","一直幫忙","https://klokah.tw/extension/con_data/sound/8/word/8c7w2.mp3"
"tigiinu’","位在哪裡","https://klokah.tw/extension/con_data/sound/8/word/8c7w3.mp3"
"qabubing","帽子","https://klokah.tw/extension/con_data/sound/8/word/8c7w4.mp3"
"tigimamatu’","第六","https://klokah.tw/extension/con_data/sound/8/word/8c7w5.mp3"
"ibabawiq","上方；身高","https://klokah.tw/extension/con_data/sound/8/word/8c7w6.mp3"
"makimabaynay","想買","https://klokah.tw/extension/con_data/sound/8/word/8c7w7.mp3"
"qutux","1","https://klokah.tw/extension/con_data/sound/8/word/8c7w8.mp3"
"ani","不管","https://klokah.tw/extension/con_data/sound/8/word/8c7w9.mp3"
"mawasiq","綠色","https://klokah.tw/extension/con_data/sound/8/word/8c7w10.mp3"
"matanah","紅色","https://klokah.tw/extension/con_data/sound/8/word/8c7w11.mp3"
"hanuan","無所謂","https://klokah.tw/extension/con_data/sound/8/word/8c7w12.mp3"
"tikay","小的","https://klokah.tw/extension/con_data/sound/8/word/8c7w13.mp3"
"yugun","更換","https://klokah.tw/extension/con_data/sound/8/word/8c7w14.mp3"
"hayhay","有點","https://klokah.tw/extension/con_data/sound/8/word/8c7w15.mp3"
"nahuqun","弄錯","https://klokah.tw/extension/con_data/sound/8/word/8c8w1.mp3"
"lumpug","算","https://klokah.tw/extension/con_data/sound/8/word/8c8w2.mp3"
"babaiqan","價格","https://klokah.tw/extension/con_data/sound/8/word/8c8w3.mp3"
"aynu’","哪一個","https://klokah.tw/extension/con_data/sound/8/word/8c8w4.mp3"
"hahuwi","打折","https://klokah.tw/extension/con_data/sound/8/word/8c8w5.mp3"
"mapusal","20","https://klokah.tw/extension/con_data/sound/8/word/8c8w6.mp3"
"naga’","等","https://klokah.tw/extension/con_data/sound/8/word/8c8w7.mp3"
"nabalabalay","仔細","https://klokah.tw/extension/con_data/sound/8/word/8c8w8.mp3"
"lalapgan","數字","https://klokah.tw/extension/con_data/sound/8/word/8c8w9.mp3"
"yani","這樣","https://klokah.tw/extension/con_data/sound/8/word/8c8w10.mp3"
"ingasug","很久","https://klokah.tw/extension/con_data/sound/8/word/8c8w11.mp3"
"sawawan","耽誤","https://klokah.tw/extension/con_data/sound/8/word/8c8w12.mp3"
"iqat","不會","https://klokah.tw/extension/con_data/sound/8/word/8c8w13.mp3"
"panabaq","注意","https://klokah.tw/extension/con_data/sound/8/word/8c8w14.mp3"
"baq","知道","https://klokah.tw/extension/con_data/sound/8/word/8c9w1.mp3"
"kumal","說","https://klokah.tw/extension/con_data/sound/8/word/8c9w2.mp3"
"Itaal","泰雅族（人）","https://klokah.tw/extension/con_data/sound/8/word/8c9w3.mp3"
"pinsibaq","教過","https://klokah.tw/extension/con_data/sound/8/word/8c9w4.mp3"
"matas","寫","https://klokah.tw/extension/con_data/sound/8/word/8c9w5.mp3"
"hugal","下面；都市","https://klokah.tw/extension/con_data/sound/8/word/8c9w6.mp3"
"papkibaqan","學習","https://klokah.tw/extension/con_data/sound/8/word/8c9w7.mp3"
"mhngaw","休息","https://klokah.tw/extension/con_data/sound/8/word/8c9w8.mp3"
"maknamatimati’","努力","https://klokah.tw/extension/con_data/sound/8/word/8c9w9.mp3"
"aku","原來","https://klokah.tw/extension/con_data/sound/8/word/8c9w10.mp3"
"papsibaq","教導","https://klokah.tw/extension/con_data/sound/8/word/8c9w11.mp3"
"tinabiq","年糕；麻糬","https://klokah.tw/extension/con_data/sound/8/word/8c9w12.mp3"
"makiniqun","想吃","https://klokah.tw/extension/con_data/sound/8/word/8c9w13.mp3"
"qaqabu","禮物","https://klokah.tw/extension/con_data/sound/8/word/8c9w14.mp3"
"kisiliq","心理","https://klokah.tw/extension/con_data/sound/8/word/8c9w15.mp3"
"kaal ka hani","今年","https://klokah.tw/extension/con_data/sound/8/word/8c10w1.mp3"
"sumqaquwalax","一直下雨","https://klokah.tw/extension/con_data/sound/8/word/8c10w2.mp3"
"ini kabalaiq","不會好","https://klokah.tw/extension/con_data/sound/8/word/8c10w3.mp3"
"pinnumuwa’","種的東西（植物）","https://klokah.tw/extension/con_data/sound/8/word/8c10w4.mp3"
"nananuwan","任何（強調）","https://klokah.tw/extension/con_data/sound/8/word/8c10w5.mp3"
"nanuwan","什麼","https://klokah.tw/extension/con_data/sound/8/word/8c10w6.mp3"
"na","還，仍","https://klokah.tw/extension/con_data/sound/8/word/8c10w7.mp3"
"pilikaway","李子","https://klokah.tw/extension/con_data/sound/8/word/8c10w8.mp3"
"kii’","或許","https://klokah.tw/extension/con_data/sound/8/word/8c10w9.mp3"
"lungulungun","想","https://klokah.tw/extension/con_data/sound/8/word/8c10w10.mp3"
"wana’","希望","https://klokah.tw/extension/con_data/sound/8/word/8c10w11.mp3"
"pilag","明年","https://klokah.tw/extension/con_data/sound/8/word/8c10w12.mp3"
"ru","和","https://klokah.tw/extension/con_data/sound/8/word/8c10w13.mp3"
"lumanglung","想到","https://klokah.tw/extension/con_data/sound/8/word/8c10w14.mp3"
"qinqaynux","生活；生命","https://klokah.tw/extension/con_data/sound/8/word/8c10w15.mp3"
"matasasuway","兄弟姐妹","https://klokah.tw/extension/con_data/sound/8/word/8c11w1.mp3"
"qumisuwan","長輩","https://klokah.tw/extension/con_data/sound/8/word/8c11w2.mp3"
"maliku","男士","https://klokah.tw/extension/con_data/sound/8/word/8c11w3.mp3"
"suway","晚輩","https://klokah.tw/extension/con_data/sound/8/word/8c11w4.mp3"
"kanayril","女士","https://klokah.tw/extension/con_data/sound/8/word/8c11w5.mp3"
"papasibaq","老師","https://klokah.tw/extension/con_data/sound/8/word/8c11w6.mp3"
"sinsang","醫生","https://klokah.tw/extension/con_data/sound/8/word/8c11w7.mp3"
"rahwal na’ papatiqan","大學","https://klokah.tw/extension/con_data/sound/8/word/8c11w8.mp3"
"maskakaruay","聊天","https://klokah.tw/extension/con_data/sound/8/word/8c11w9.mp3"
"minagal","曾經在一起","https://klokah.tw/extension/con_data/sound/8/word/8c11w10.mp3"
"glug","一起；夫妻","https://klokah.tw/extension/con_data/sound/8/word/8c11w11.mp3"
"cimu","你們","https://klokah.tw/extension/con_data/sound/8/word/8c11w12.mp3"
"cami","我們","https://klokah.tw/extension/con_data/sound/8/word/8c11w13.mp3"
"inngasu","久","https://klokah.tw/extension/con_data/sound/8/word/8c11w14.mp3"
"giqas","新的","https://klokah.tw/extension/con_data/sound/8/word/8c12w1.mp3"
"pisa’","喔","https://klokah.tw/extension/con_data/sound/8/word/8c12w2.mp3"
"niya’","他","https://klokah.tw/extension/con_data/sound/8/word/8c12w3.mp3"
"cunga","以前","https://klokah.tw/extension/con_data/sound/8/word/8c12w4.mp3"
"cumapuh","打掃","https://klokah.tw/extension/con_data/sound/8/word/8c12w5.mp3"
"makiyugun","想換","https://klokah.tw/extension/con_data/sound/8/word/8c12w6.mp3"
"aqih gi","因為","https://klokah.tw/extension/con_data/sound/8/word/8c12w7.mp3"
"ma’uway","累","https://klokah.tw/extension/con_data/sound/8/word/8c12w8.mp3"
"asikina","但是","https://klokah.tw/extension/con_data/sound/8/word/8c12w9.mp3"
"makarux","努力","https://klokah.tw/extension/con_data/sound/8/word/8c12w10.mp3"
"lingnanglung","挑戰；心裡的思緒","https://klokah.tw/extension/con_data/sound/8/word/8c12w11.mp3"
"nanu’","那麼","https://klokah.tw/extension/con_data/sound/8/word/8c12w12.mp3"
"tawki’","長官；老闆","https://klokah.tw/extension/con_data/sound/8/word/8c12w13.mp3"
"sumilhu","管理","https://klokah.tw/extension/con_data/sound/8/word/8c12w14.mp3"
"pinnatas","資料；字","https://klokah.tw/extension/con_data/sound/8/word/8c12w15.mp3"
"pinatas na’ raramat","菜單","https://klokah.tw/extension/con_data/sound/8/word/8c13w1.mp3"
"raramat","菜","https://klokah.tw/extension/con_data/sound/8/word/8c13w2.mp3"
"pasibaqani","推薦；使...給","https://klokah.tw/extension/con_data/sound/8/word/8c13w3.mp3"
"hi’ na’ kating","牛肉","https://klokah.tw/extension/con_data/sound/8/word/8c13w4.mp3"
"hi’ na’ taktakkali","兔肉","https://klokah.tw/extension/con_data/sound/8/word/8c13w5.mp3"
"hi’ na’ para’","山羌肉","https://klokah.tw/extension/con_data/sound/8/word/8c13w6.mp3"
"talam","嘗試","https://klokah.tw/extension/con_data/sound/8/word/8c13w7.mp3"
"pinaqutux","各一","https://klokah.tw/extension/con_data/sound/8/word/8c13w8.mp3"
"hinalngaw","炒","https://klokah.tw/extension/con_data/sound/8/word/8c13w9.mp3"
"paruxaw","白菜","https://klokah.tw/extension/con_data/sound/8/word/8c13w10.mp3"
"tamana’","高麗菜","https://klokah.tw/extension/con_data/sound/8/word/8c13w11.mp3"
"abag na’ bunga","蕃薯葉","https://klokah.tw/extension/con_data/sound/8/word/8c13w12.mp3"
"mala’","蕨","https://klokah.tw/extension/con_data/sound/8/word/8c13w13.mp3"
"sara’","盤子","https://klokah.tw/extension/con_data/sound/8/word/8c13w14.mp3"
"salaman","碗","https://klokah.tw/extension/con_data/sound/8/word/8c13w15.mp3"
"papahicuwa","到底該...","https://klokah.tw/extension/con_data/sound/8/word/8c14w1.mp3"
"imuwag na’ manbahag","飛機","https://klokah.tw/extension/con_data/sound/8/word/8c14w2.mp3"
"haylag","快","https://klokah.tw/extension/con_data/sound/8/word/8c14w3.mp3"
"mamati’","貴","https://klokah.tw/extension/con_data/sound/8/word/8c14w4.mp3"
"kulu’ na’ hapuniq","火車","https://klokah.tw/extension/con_data/sound/8/word/8c14w5.mp3"
"gumalgay","乘坐","https://klokah.tw/extension/con_data/sound/8/word/8c14w6.mp3"
"nuhanhan","等一下","https://klokah.tw/extension/con_data/sound/8/word/8c14w7.mp3"
"asiga","好像","https://klokah.tw/extension/con_data/sound/8/word/8c14w8.mp3"
"mitatuhi","很遠","https://klokah.tw/extension/con_data/sound/8/word/8c14w9.mp3"
"gagalgan cu’ kulu’ na’ hapuniq","火車站","https://klokah.tw/extension/con_data/sound/8/word/8c14w10.mp3"
"naniqan","餐廳","https://klokah.tw/extension/con_data/sound/8/word/8c14w11.mp3"
"cakaan","半","https://klokah.tw/extension/con_data/sound/8/word/8c14w12.mp3"
"pancapngan cu’ wagi’","錶；時鐘","https://klokah.tw/extension/con_data/sound/8/word/8c14w13.mp3"
"haiya’","計程車","https://klokah.tw/extension/con_data/sound/8/word/8c14w14.mp3"
"kabwax","租借","https://klokah.tw/extension/con_data/sound/8/word/8c14w15.mp3"
"utubay","摩托車","https://klokah.tw/extension/con_data/sound/8/word/8c14w16.mp3"
"tamayray","腳踏車","https://klokah.tw/extension/con_data/sound/8/word/8c14w17.mp3"
"mnahiyawhiyaw","慢慢地","https://klokah.tw/extension/con_data/sound/8/word/8c14w18.mp3"
"mawxa’","生病","https://klokah.tw/extension/con_data/sound/8/word/8c15w1.mp3"
"pakital","要看","https://klokah.tw/extension/con_data/sound/8/word/8c15w2.mp3"
"mahananu","有時候","https://klokah.tw/extension/con_data/sound/8/word/8c15w3.mp3"
"tunux","頭","https://klokah.tw/extension/con_data/sound/8/word/8c15w4.mp3"
"kariariax","常常","https://klokah.tw/extension/con_data/sound/8/word/8c15w5.mp3"
"mutaq","嘔吐","https://klokah.tw/extension/con_data/sound/8/word/8c15w6.mp3"
"nabuwas","肚子","https://klokah.tw/extension/con_data/sound/8/word/8c15w7.mp3"
"minusa’","去過","https://klokah.tw/extension/con_data/sound/8/word/8c15w8.mp3"
"paqaniq cu’ iyu’","住院","https://klokah.tw/extension/con_data/sound/8/word/8c15w9.mp3"
"iyu’","藥","https://klokah.tw/extension/con_data/sound/8/word/8c15w10.mp3"
"ahangiqan","休息","https://klokah.tw/extension/con_data/sound/8/word/8c15w11.mp3"
"satuun","送","https://klokah.tw/extension/con_data/sound/8/word/8c15w12.mp3"
"mahahapuy","煮","https://klokah.tw/extension/con_data/sound/8/word/8c15w13.mp3"
"qalaiyan","中午","https://klokah.tw/extension/con_data/sound/8/word/8c15w14.mp3"
"minaalu’","曾經照顧過","https://klokah.tw/extension/con_data/sound/8/word/8c15w15.mp3"
"lawkah","加油；問候","https://klokah.tw/extension/con_data/sound/8/word/8c16w1.mp3"
"ralu’","名字","https://klokah.tw/extension/con_data/sound/8/word/8c16w2.mp3"
"papatasan na’ Mabawtuan","清安國小","https://klokah.tw/extension/con_data/sound/8/word/8c16w3.mp3"
"ukas","沒有","https://klokah.tw/extension/con_data/sound/8/word/8c16w4.mp3"
"tathawnakan","椅子","https://klokah.tw/extension/con_data/sound/8/word/8c16w5.mp3"
"pakabalaiq","將會好","https://klokah.tw/extension/con_data/sound/8/word/8c16w6.mp3"
"subilan","遺留","https://klokah.tw/extension/con_data/sound/8/word/8c16w7.mp3"
"papuwahi","使...去（打電話）","https://klokah.tw/extension/con_data/sound/8/word/8c16w8.mp3"
"qanauwan","鐵絲；電話","https://klokah.tw/extension/con_data/sound/8/word/8c16w9.mp3"
"sikyum","找","https://klokah.tw/extension/con_data/sound/8/word/8c16w10.mp3"
"runi","這裡","https://klokah.tw/extension/con_data/sound/8/word/8c16w11.mp3"
"uniyal","來","https://klokah.tw/extension/con_data/sound/8/word/8c16w12.mp3"
"makikrungungun","邀請","https://klokah.tw/extension/con_data/sound/8/word/8c16w13.mp3"
"wah","來","https://klokah.tw/extension/con_data/sound/8/word/8c16w14.mp3"
"yugi’","跳舞","https://klokah.tw/extension/con_data/sound/8/word/8c16w15.mp3"
"qiniaw","就這麼說定","https://klokah.tw/extension/con_data/sound/8/word/8c16w16.mp3"
"papah","糯米飯","https://klokah.tw/extension/con_data/sound/8/word/8c17w1.mp3"
"ginhahapuy","煮過","https://klokah.tw/extension/con_data/sound/8/word/8c17w2.mp3"
"lalbing","甜的","https://klokah.tw/extension/con_data/sound/8/word/8c17w3.mp3"
"shahiya’","好吃","https://klokah.tw/extension/con_data/sound/8/word/8c17w4.mp3"
"tinmamian","醃肉","https://klokah.tw/extension/con_data/sound/8/word/8c17w5.mp3"
"tatimu’","鹹的","https://klokah.tw/extension/con_data/sound/8/word/8c17w6.mp3"
"qinnaniq","胃口","https://klokah.tw/extension/con_data/sound/8/word/8c17w7.mp3"
"kinsawkan","味道；香","https://klokah.tw/extension/con_data/sound/8/word/8c17w8.mp3"
"qalang","部落","https://klokah.tw/extension/con_data/sound/8/word/8c17w9.mp3"
"maqaqawh","一直忙","https://klokah.tw/extension/con_data/sound/8/word/8c17w10.mp3"
"magalgay","一起","https://klokah.tw/extension/con_data/sound/8/word/8c17w11.mp3"
"mahingaw","休息","https://klokah.tw/extension/con_data/sound/8/word/8c17w12.mp3"
"rawhing","山蘇","https://klokah.tw/extension/con_data/sound/8/word/8c17w13.mp3"
"bawwak na’ lahulahu","山豬","https://klokah.tw/extension/con_data/sound/8/word/8c17w14.mp3"
"tinahuq","煮過的東西","https://klokah.tw/extension/con_data/sound/8/word/8c17w15.mp3"
"tumragragriyax","爬山","https://klokah.tw/extension/con_data/sound/8/word/8c18w1.mp3"
"sqariwal","攝影","https://klokah.tw/extension/con_data/sound/8/word/8c18w2.mp3"
"sawaan","喜歡；興趣","https://klokah.tw/extension/con_data/sound/8/word/8c18w3.mp3"
"sikabalaiq","有益","https://klokah.tw/extension/con_data/sound/8/word/8c18w4.mp3"
"hihihi’","身體","https://klokah.tw/extension/con_data/sound/8/word/8c18w5.mp3"
"musa’","去","https://klokah.tw/extension/con_data/sound/8/word/8c18w6.mp3"
"pasbayhu ’i’ ragragriyax","親近自然","https://klokah.tw/extension/con_data/sound/8/word/8c18w7.mp3"
"gabagan","夏季","https://klokah.tw/extension/con_data/sound/8/word/8c18w8.mp3"
"tusasaw ’i’ ragragriyax","避暑","https://klokah.tw/extension/con_data/sound/8/word/8c18w9.mp3"
"maras","帶","https://klokah.tw/extension/con_data/sound/8/word/8c18w10.mp3"
"sasqariwal","相機","https://klokah.tw/extension/con_data/sound/8/word/8c18w11.mp3"
"sqariwal cu qalimu’","拍照","https://klokah.tw/extension/con_data/sound/8/word/8c18w12.mp3"
"Taiwan","台灣","https://klokah.tw/extension/con_data/sound/8/word/8c18w13.mp3"
"babaw niya’ ga","下次","https://klokah.tw/extension/con_data/sound/8/word/8c18w14.mp3"
"makalay","聊聊","https://klokah.tw/extension/con_data/sound/8/word/8c18w15.mp3"
"ragragiyax","山景；多山","https://klokah.tw/extension/con_data/sound/8/word/8c18w16.mp3"
"lumanguy","游泳","https://klokah.tw/extension/con_data/sound/8/word/8c19w1.mp3"
"maniq","吃","https://klokah.tw/extension/con_data/sound/8/word/8c19w2.mp3"
"kinabalay","做的東西（物品）","https://klokah.tw/extension/con_data/sound/8/word/8c19w3.mp3"
"hulaqi’","霜","https://klokah.tw/extension/con_data/sound/8/word/8c19w4.mp3"
"qamisan ka tikay","秋季","https://klokah.tw/extension/con_data/sound/8/word/8c19w5.mp3"
"umangay","欣賞","https://klokah.tw/extension/con_data/sound/8/word/8c19w6.mp3"
"ra’","楓","https://klokah.tw/extension/con_data/sound/8/word/8c19w7.mp3"
"gabagan ka tikay","春天","https://klokah.tw/extension/con_data/sound/8/word/8c19w8.mp3"
"makapahpah","開花","https://klokah.tw/extension/con_data/sound/8/word/8c19w9.mp3"
"bawxi","百合花","https://klokah.tw/extension/con_data/sound/8/word/8c19w10.mp3"
"angayan","欣賞的時機","https://klokah.tw/extension/con_data/sound/8/word/8c19w11.mp3"
"pahpah","花","https://klokah.tw/extension/con_data/sound/8/word/8c19w12.mp3"
"kakahuniq","樹林","https://klokah.tw/extension/con_data/sound/8/word/8c19w13.mp3"
"kakakiman","草原","https://klokah.tw/extension/con_data/sound/8/word/8c19w14.mp3"
"kiman","草","https://klokah.tw/extension/con_data/sound/8/word/8c19w15.mp3"
"pansamiyan","過年","https://klokah.tw/extension/con_data/sound/8/word/8c20w1.mp3"
"rarasun","要帶","https://klokah.tw/extension/con_data/sound/8/word/8c20w2.mp3"
"ululaqi’","孩子們","https://klokah.tw/extension/con_data/sound/8/word/8c20w3.mp3"
"papaglug","將會一起","https://klokah.tw/extension/con_data/sound/8/word/8c20w4.mp3"
"qumisuwan na’ maliku","哥哥","https://klokah.tw/extension/con_data/sound/8/word/8c20w5.mp3"
"papiray","將開（車）","https://klokah.tw/extension/con_data/sound/8/word/8c20w6.mp3"
"kulu’","車子","https://klokah.tw/extension/con_data/sound/8/word/8c20w7.mp3"
"imuwaag","家裏；房子","https://klokah.tw/extension/con_data/sound/8/word/8c20w8.mp3"
"mamu","你們（包含式）","https://klokah.tw/extension/con_data/sound/8/word/8c20w9.mp3"
"maglug","跟隨；一起","https://klokah.tw/extension/con_data/sound/8/word/8c20w10.mp3"
"qutux cu’ imuwaag","一家人","https://klokah.tw/extension/con_data/sound/8/word/8c20w11.mp3"
"maquwas","唱歌","https://klokah.tw/extension/con_data/sound/8/word/8c20w12.mp3"
"mayugi","跳舞","https://klokah.tw/extension/con_data/sound/8/word/8c20w13.mp3"
"ruwa’","囉","https://klokah.tw/extension/con_data/sound/8/word/8c20w14.mp3"
"mnama’","預先；難得","https://klokah.tw/extension/con_data/sound/8/word/8c20w15.mp3"
"linanglung","想法；個性","https://klokah.tw/extension/con_data/sound/8/word/8c21w1.mp3"
"nababalaiqun","很認真","https://klokah.tw/extension/con_data/sound/8/word/8c21w2.mp3"
"mamiin","握有；工作","https://klokah.tw/extension/con_data/sound/8/word/8c21w3.mp3"
"wawwaw","工作","https://klokah.tw/extension/con_data/sound/8/word/8c21w4.mp3"
"pssalaw","驕傲","https://klokah.tw/extension/con_data/sound/8/word/8c21w5.mp3"
"sipakal","說說","https://klokah.tw/extension/con_data/sound/8/word/8c21w6.mp3"
"qabaqaba","動作很快","https://klokah.tw/extension/con_data/sound/8/word/8c21w7.mp3"
"niyam","我們","https://klokah.tw/extension/con_data/sound/8/word/8c21w8.mp3"
"kinital","認為","https://klokah.tw/extension/con_data/sound/8/word/8c21w9.mp3"
"pakimakal","想與人交談","https://klokah.tw/extension/con_data/sound/8/word/8c21w10.mp3"
"makiya’","有","https://klokah.tw/extension/con_data/sound/8/word/8c21w11.mp3"
"kakaya’","盡量","https://klokah.tw/extension/con_data/sound/8/word/8c21w12.mp3"
"uhum","膽量","https://klokah.tw/extension/con_data/sound/8/word/8c21w13.mp3"
"psibaq","提議","https://klokah.tw/extension/con_data/sound/8/word/8c21w14.mp3"
"qaqilpan","房間","https://klokah.tw/extension/con_data/sound/8/word/8c22w1.mp3"
"wahi","來","https://klokah.tw/extension/con_data/sound/8/word/8c22w2.mp3"
"rumag","幫忙","https://klokah.tw/extension/con_data/sound/8/word/8c22w3.mp3"
"subilun","留","https://klokah.tw/extension/con_data/sound/8/word/8c22w4.mp3"
"paga’","床","https://klokah.tw/extension/con_data/sound/8/word/8c22w5.mp3"
"sisawsu'","鎖住","https://klokah.tw/extension/con_data/sound/8/word/8c22w6.mp3"
"tigilata","外頭","https://klokah.tw/extension/con_data/sound/8/word/8c22w7.mp3"
"sinilma’","預備","https://klokah.tw/extension/con_data/sound/8/word/8c22w8.mp3"
"tatabiwnah","鑰鎖","https://klokah.tw/extension/con_data/sound/8/word/8c22w9.mp3"
"maqilup","睡","https://klokah.tw/extension/con_data/sound/8/word/8c22w10.mp3"
"mapitu","七","https://klokah.tw/extension/con_data/sound/8/word/8c22w11.mp3"
"kabhul","百","https://klokah.tw/extension/con_data/sound/8/word/8c22w12.mp3"
"labaq","包裹","https://klokah.tw/extension/con_data/sound/8/word/8c22w13.mp3"
"kyumaw","找","https://klokah.tw/extension/con_data/sound/8/word/8c22w14.mp3"
"ka","聯繫詞（功能詞）","https://klokah.tw/extension/con_data/sound/8/word/8c23w1.mp3"
"matiq","讀書","https://klokah.tw/extension/con_data/sound/8/word/8c23w2.mp3"
"piya’","多少","https://klokah.tw/extension/con_data/sound/8/word/8c23w3.mp3"
"babaw","...之後；下次","https://klokah.tw/extension/con_data/sound/8/word/8c23w4.mp3"
"minnuhngiqan","休息過後","https://klokah.tw/extension/con_data/sound/8/word/8c23w5.mp3"
"papatiq","將要讀書","https://klokah.tw/extension/con_data/sound/8/word/8c23w6.mp3"
"rahuwal tikay na’ papatiqan","國中","https://klokah.tw/extension/con_data/sound/8/word/8c23w7.mp3"
"ayhung","困難","https://klokah.tw/extension/con_data/sound/8/word/8c23w8.mp3"
"pakibaqan","科目","https://klokah.tw/extension/con_data/sound/8/word/8c23w9.mp3"
"asiki","一定；好像","https://klokah.tw/extension/con_data/sound/8/word/8c23w10.mp3"
"illag","喜歡；寬闊","https://klokah.tw/extension/con_data/sound/8/word/8c23w11.mp3"
"macka’","一樣","https://klokah.tw/extension/con_data/sound/8/word/8c23w12.mp3"
"lubug","口簧琴","https://klokah.tw/extension/con_data/sound/8/word/8c23w13.mp3"
"ginugun","鼓","https://klokah.tw/extension/con_data/sound/8/word/8c23w14.mp3"
"sikbalaiq","喜歡","https://klokah.tw/extension/con_data/sound/8/word/8c23w15.mp3"
"kai’ na’ matu’uwal","汶水語","https://klokah.tw/extension/con_data/sound/8/word/8c24w1.mp3"
"ci’","我","https://klokah.tw/extension/con_data/sound/8/word/8c24w2.mp3"
"makal","溝通；交談","https://klokah.tw/extension/con_data/sound/8/word/8c24w3.mp3"
"muwani ga","如果這樣","https://klokah.tw/extension/con_data/sound/8/word/8c24w4.mp3"
"halay","去","https://klokah.tw/extension/con_data/sound/8/word/8c24w5.mp3"
"mabaynay","買","https://klokah.tw/extension/con_data/sound/8/word/8c24w6.mp3"
"talan","閱讀；看到","https://klokah.tw/extension/con_data/sound/8/word/8c24w7.mp3"
"pasbaqanay","推薦","https://klokah.tw/extension/con_data/sound/8/word/8c24w8.mp3"
"paragan","附贈","https://klokah.tw/extension/con_data/sound/8/word/8c24w9.mp3"
"papungan","聽力","https://klokah.tw/extension/con_data/sound/8/word/8c24w10.mp3"
"tyennaw","電腦（外來語）","https://klokah.tw/extension/con_data/sound/8/word/8c24w11.mp3"
"papcacyukan","使互相應答","https://klokah.tw/extension/con_data/sound/8/word/8c24w12.mp3"
"palunganlungan","參考","https://klokah.tw/extension/con_data/sound/8/word/8c24w13.mp3"
"si’ubaga","客氣","https://klokah.tw/extension/con_data/sound/8/word/8c24w14.mp3"
"manaluwaluwag","遇到","https://klokah.tw/extension/con_data/sound/8/word/8c24w15.mp3"
"makimusa’","想去","https://klokah.tw/extension/con_data/sound/8/word/8c25w1.mp3"
"maganaw","玩","https://klokah.tw/extension/con_data/sound/8/word/8c25w2.mp3"
"minnusa’","曾去過","https://klokah.tw/extension/con_data/sound/8/word/8c25w3.mp3"
"aruwa’","過去","https://klokah.tw/extension/con_data/sound/8/word/8c25w4.mp3"
"a’angayan","景點","https://klokah.tw/extension/con_data/sound/8/word/8c25w5.mp3"
"gabiyan","晚上","https://klokah.tw/extension/con_data/sound/8/word/8c25w6.mp3"
"sinaqariwalan","照片","https://klokah.tw/extension/con_data/sound/8/word/8c25w7.mp3"
"pasiwa’","羨慕","https://klokah.tw/extension/con_data/sound/8/word/8c25w8.mp3"
"papaganawan","要玩的地方","https://klokah.tw/extension/con_data/sound/8/word/8c25w9.mp3"
"buinah","另一","https://klokah.tw/extension/con_data/sound/8/word/8c25w10.mp3"
"kanuwan","何時","https://klokah.tw/extension/con_data/sound/8/word/8c25w11.mp3"
"usalan","去的地方","https://klokah.tw/extension/con_data/sound/8/word/8c25w12.mp3"
"pahpah na’ qaym na’ ngarux","櫻花","https://klokah.tw/extension/con_data/sound/8/word/8c25w13.mp3"
"qaym","桃子","https://klokah.tw/extension/con_data/sound/8/word/8c25w14.mp3"
"minbuiwinah","畢業","https://klokah.tw/extension/con_data/sound/8/word/8c26w1.mp3"
"capaang na’ rahuwal na’ papatiqan","大學","https://klokah.tw/extension/con_data/sound/8/word/8c26w2.mp3"
"pintuwawan","做過的事","https://klokah.tw/extension/con_data/sound/8/word/8c26w3.mp3"
"minaki’","曾經在","https://klokah.tw/extension/con_data/sound/8/word/8c26w4.mp3"
"papatuwawan","工廠","https://klokah.tw/extension/con_data/sound/8/word/8c26w5.mp3"
"Tabilas","圓墩","https://klokah.tw/extension/con_data/sound/8/word/8c26w6.mp3"
"Paquwli’","八卦力","https://klokah.tw/extension/con_data/sound/8/word/8c26w7.mp3"
"malahang cu’ pila’","處理帳務","https://klokah.tw/extension/con_data/sound/8/word/8c26w8.mp3"
"ingasu","多久","https://klokah.tw/extension/con_data/sound/8/word/8c26w9.mp3"
"innanqahina","前一...","https://klokah.tw/extension/con_data/sound/8/word/8c26w10.mp3"
"siqunun","總共；合在一起","https://klokah.tw/extension/con_data/sound/8/word/8c26w11.mp3"
"kahabag","全部","https://klokah.tw/extension/con_data/sound/8/word/8c26w12.mp3"
"mlahang","照顧；管理","https://klokah.tw/extension/con_data/sound/8/word/8c26w13.mp3"
"kumiyum","找","https://klokah.tw/extension/con_data/sound/8/word/8c26w14.mp3"
"minnukahul","從...哪裡來","https://klokah.tw/extension/con_data/sound/8/word/8c26w15.mp3"
"sumiwa’","喜歡","https://klokah.tw/extension/con_data/sound/8/word/8c27w1.mp3"
"mukurakis","女孩","https://klokah.tw/extension/con_data/sound/8/word/8c27w2.mp3"
"raniq","街道","https://klokah.tw/extension/con_data/sound/8/word/8c27w3.mp3"
"Yawi’","人名","https://klokah.tw/extension/con_data/sound/8/word/8c27w4.mp3"
"magbatunux","漂亮","https://klokah.tw/extension/con_data/sound/8/word/8c27w5.mp3"
"Abisang","人名","https://klokah.tw/extension/con_data/sound/8/word/8c27w6.mp3"
"hani","現在；這","https://klokah.tw/extension/con_data/sound/8/word/8c27w7.mp3"
"misu’","你","https://klokah.tw/extension/con_data/sound/8/word/8c27w8.mp3"
"nahmuhmut","亂發","https://klokah.tw/extension/con_data/sound/8/word/8c27w9.mp3"
"manata’","脾氣","https://klokah.tw/extension/con_data/sound/8/word/8c27w10.mp3"
"wal ga","是的","https://klokah.tw/extension/con_data/sound/8/word/8c27w11.mp3"
"patpangani","交給處理","https://klokah.tw/extension/con_data/sound/8/word/8c27w12.mp3"
"kuwing","我","https://klokah.tw/extension/con_data/sound/8/word/8c27w13.mp3"
"balaiq ’i’ talan","好看","https://klokah.tw/extension/con_data/sound/8/word/8c28w1.mp3"
"hinilawan","服飾（大衣）","https://klokah.tw/extension/con_data/sound/8/word/8c28w2.mp3"
"kaka’","鈴鐺","https://klokah.tw/extension/con_data/sound/8/word/8c28w3.mp3"
"siyatu’","衣服（一般）","https://klokah.tw/extension/con_data/sound/8/word/8c28w4.mp3"
"sinbilan na’ nanabakis","傳統","https://klokah.tw/extension/con_data/sound/8/word/8c28w5.mp3"
"hahilaw","衣服（大衣）","https://klokah.tw/extension/con_data/sound/8/word/8c28w6.mp3"
"cunga’","以前","https://klokah.tw/extension/con_data/sound/8/word/8c28w7.mp3"
"inha’","他們","https://klokah.tw/extension/con_data/sound/8/word/8c28w8.mp3"
"tumubun","祭典（拜）","https://klokah.tw/extension/con_data/sound/8/word/8c28w9.mp3"
"papaquwas","將要唱歌","https://klokah.tw/extension/con_data/sound/8/word/8c28w10.mp3"
"pakayugi","將要跳舞","https://klokah.tw/extension/con_data/sound/8/word/8c28w11.mp3"
"manahiyaw","慢","https://klokah.tw/extension/con_data/sound/8/word/8c28w12.mp3"
"rinamuan","風格","https://klokah.tw/extension/con_data/sound/8/word/8c28w13.mp3"
"tinqayawan","舞步","https://klokah.tw/extension/con_data/sound/8/word/8c28w14.mp3"
"ini kaayhung","簡單","https://klokah.tw/extension/con_data/sound/8/word/8c28w15.mp3"
"gumlug","跟隨","https://klokah.tw/extension/con_data/sound/8/word/8c28w16.mp3"
"tatubun","祭典","https://klokah.tw/extension/con_data/sound/8/word/8c29w1.mp3"
"matu’uwal","汶水泰雅人的自稱","https://klokah.tw/extension/con_data/sound/8/word/8c29w2.mp3"
"magalpu cu’ buwating","十月","https://klokah.tw/extension/con_data/sound/8/word/8c29w3.mp3"
"magtumurul","圓","https://klokah.tw/extension/con_data/sound/8/word/8c29w4.mp3"
"mata’ariaring","開始準備","https://klokah.tw/extension/con_data/sound/8/word/8c29w5.mp3"
"manaxaliq","舉行","https://klokah.tw/extension/con_data/sound/8/word/8c29w6.mp3"
"kinabakisan","祖靈的日子","https://klokah.tw/extension/con_data/sound/8/word/8c29w7.mp3"
"msatcka’","迎接","https://klokah.tw/extension/con_data/sound/8/word/8c29w8.mp3"
"utux na’ nanabakis","祖靈","https://klokah.tw/extension/con_data/sound/8/word/8c29w9.mp3"
"sawbih","接近","https://klokah.tw/extension/con_data/sound/8/word/8c29w10.mp3"
"tatubunan","祭儀","https://klokah.tw/extension/con_data/sound/8/word/8c29w11.mp3"
"pata’a’aringan","準備期間","https://klokah.tw/extension/con_data/sound/8/word/8c29w12.mp3"
"pisaniq","禁忌","https://klokah.tw/extension/con_data/sound/8/word/8c29w13.mp3"
"nahuqi’","觸犯","https://klokah.tw/extension/con_data/sound/8/word/8c29w14.mp3"
"yencumin","原住民（音譯）","https://klokah.tw/extension/con_data/sound/8/word/8c30w1.mp3"
"paqucan","請問","https://klokah.tw/extension/con_data/sound/8/word/8c30w2.mp3"
"spat","四","https://klokah.tw/extension/con_data/sound/8/word/8c30w3.mp3"
"pinnabuwabuwan","族","https://klokah.tw/extension/con_data/sound/8/word/8c30w4.mp3"
"habag","多","https://klokah.tw/extension/con_data/sound/8/word/8c30w5.mp3"
"cuquliq","眼睛","https://klokah.tw/extension/con_data/sound/8/word/8c30w6.mp3"
"Amis","阿美族","https://klokah.tw/extension/con_data/sound/8/word/8c30w7.mp3"
"ini kahabag","最少","https://klokah.tw/extension/con_data/sound/8/word/8c30w8.mp3"
"rahuwal cubalay a’ kakian","分布最廣","https://klokah.tw/extension/con_data/sound/8/word/8c30w9.mp3"
"kakian","住所","https://klokah.tw/extension/con_data/sound/8/word/8c30w10.mp3"
"patasan","紋面","https://klokah.tw/extension/con_data/sound/8/word/8c30w11.mp3"
"raqinas","臉","https://klokah.tw/extension/con_data/sound/8/word/8c30w12.mp3"
"Truku","太魯閣族","https://klokah.tw/extension/con_data/sound/8/word/8c30w13.mp3"
"sediq","賽德克族","https://klokah.tw/extension/con_data/sound/8/word/8c30w14.mp3"
"cumyuk","回答","https://klokah.tw/extension/con_data/sound/8/word/8c30w15.mp3"
