"maṟbuna’ su’ ong!","早啊！","https://klokah.tw/extension/con_data/sound/9/sentence/9c1s1.mp3"
"mamaha’ su’ inu’?","你要去那裡？","https://klokah.tw/extension/con_data/sound/9/sentence/9c1s2.mp3"
"makmusa’ cu alang.","我想回部落去。","https://klokah.tw/extension/con_data/sound/9/sentence/9c1s3.mp3"
"maha’ su’ hunco’?","你要回去做什麼？","https://klokah.tw/extension/con_data/sound/9/sentence/9c1s4.mp3"
"maha’ cu’ matox nabkis mu.","我要回去探望我的父母。","https://klokah.tw/extension/con_data/sound/9/sentence/9c1s5.mp3"
"ramas ka laha haca?","他們好嗎？","https://klokah.tw/extension/con_data/sound/9/sentence/9c1s6.mp3"
"buse’ cu ini’ usa’ moṟow la, kani ka maha’ cu matox lahan.","我很久沒回家了，所以要回去看看他們。","https://klokah.tw/extension/con_data/sound/9/sentence/9c1s7.mp3"
"maha’ su’ makpira’ rex?","你要去幾天？","https://klokah.tw/extension/con_data/sound/9/sentence/9c1s8.mp3"
"unel cu cuxan la.","我明天就回來了。","https://klokah.tw/extension/con_data/sound/9/sentence/9c1s9.mp3"
"kani ga, kinhayuw musa’ kay.","那麼，你慢走。","https://klokah.tw/extension/con_data/sound/9/sentence/9c1s10.mp3"
"ramas su’, kuṟing ga Boya, ima’ ralu’ si su’?","你好，我叫Boya，你叫什麼名字？","https://klokah.tw/extension/con_data/sound/9/sentence/9c2s1.mp3"
"ralu’ mu ga Yumin.","我的名字叫Yumin。","https://klokah.tw/extension/con_data/sound/9/sentence/9c2s2.mp3"
"rangi’ mu ka hani. Yamamoto ka ralu’ ni.","這是我的朋友，他的名字叫Yamamoto。","https://klokah.tw/extension/con_data/sound/9/sentence/9c2s3.mp3"
"minoh Tanah-tunux ka xiya’, moh sunbaba’ ci ke’ na Itaṟal Taywan.","他來自日本，到台灣學原住民族語言。","https://klokah.tw/extension/con_data/sound/9/sentence/9c2s4.mp3"
"sunkisli’ ci ke’ na Itaṟal ka xiya’.","他喜歡原住民語言。","https://klokah.tw/extension/con_data/sound/9/sentence/9c2s5.mp3"
"ma’as cu matox sinang.","很高興見到你。","https://klokah.tw/extension/con_data/sound/9/sentence/9c2s6.mp3"
"cel su mumaṟah inu’?","請問你在那裡上班？","https://klokah.tw/extension/con_data/sound/9/sentence/9c2s7.mp3"
"cel cu mumaṟah papasba’an ci ke’. sinsi’ cu na ke’ na Itaṟal.","我在學校上班，我是族語老師。","https://klokah.tw/extension/con_data/sound/9/sentence/9c2s8.mp3"
"ke’ na amol ka sipasba’ su’?","你是教什麼方言的老師？","https://klokah.tw/extension/con_data/sound/9/sentence/9c2s9.mp3"
"pasba’ cu ci ke’ na Plngawan.","我是教萬大泰雅語的老師。","https://klokah.tw/extension/con_data/sound/9/sentence/9c2s10.mp3"
"ma’uṟiy labos mu la, kelan na nani’un?","我肚子好餓，有東西可以吃嗎？","https://klokah.tw/extension/con_data/sound/9/sentence/9c3s1.mp3"
"kelan tikiy na nani’un cel pingsyang.","冰箱裏有一些東西可以吃。","https://klokah.tw/extension/con_data/sound/9/sentence/9c3s2.mp3"
"ini’ sikatangi’ kaca, makmani’ cu ci mami’.","那些東西吃不飽，我想要吃飯。","https://klokah.tw/extension/con_data/sound/9/sentence/9c3s3.mp3"
"ho ga, sipatakalux misu’ ci mami’.","那好吧！我炒個飯給你吃。","https://klokah.tw/extension/con_data/sound/9/sentence/9c3s4.mp3"
"patakalux tutux ci tamurak lu tahuk ci aṟingu’.","也炒一盤南瓜和煮湯。","https://klokah.tw/extension/con_data/sound/9/sentence/9c3s5.mp3"
"makma’abu’ su ci aṟingu’ na singut?","你想喝樹豆湯嗎？","https://klokah.tw/extension/con_data/sound/9/sentence/9c3s6.mp3"
"ramas ay! tongiy tikiy ci bani’.","好啊！加一點大骨下去。","https://klokah.tw/extension/con_data/sound/9/sentence/9c3s7.mp3"
"ma ramas caṟung abun ka aṟingu’ hani.","那這個湯一定很好喝。","https://klokah.tw/extension/con_data/sound/9/sentence/9c3s8.mp3"
"tana’ la?","夠了嗎？","https://klokah.tw/extension/con_data/sound/9/sentence/9c3s9.mp3"
"tana’ la. ramas caṟung tinahuk su’, matangi’ cu la.","夠了，你煮的真好，我吃飽了。","https://klokah.tw/extension/con_data/sound/9/sentence/9c3s10.mp3"
"maga’amol kaṟal soni’?","今天天氣怎麼樣？","https://klokah.tw/extension/con_data/sound/9/sentence/9c4s1.mp3"
"matuwagi’ soni’.","今天出大太陽。","https://klokah.tw/extension/con_data/sound/9/sentence/9c4s2.mp3"
"kisli’ mu ka kaṟal yonani kung, ini’ cu sakisli’ umolax.","我喜歡這樣的天氣，不喜歡下雨。","https://klokah.tw/extension/con_data/sound/9/sentence/9c4s3.mp3"
"ana matuwagi’ lu umolax ga, kisli’ mu kora’ kung.","無論晴天或雨天，我都喜歡。","https://klokah.tw/extension/con_data/sound/9/sentence/9c4s4.mp3"
"maha’ yona’inu’ kaṟal cuxan la aṟ.","不知道明天的天氣會怎樣。","https://klokah.tw/extension/con_data/sound/9/sentence/9c4s5.mp3"
"unel ka behuṟ la ma.","聽說颱風要來了。","https://klokah.tw/extension/con_data/sound/9/sentence/9c4s6.mp3"
"ux, nahaṟi’ ta musa’ moṟow aw!","哦，那我們趕快回家吧！","https://klokah.tw/extension/con_data/sound/9/sentence/9c4s7.mp3"
"ho ong, bali’un ta tumuting ka a’alu’ lu wagi’ ta.","是啊，門窗要釘一釘。","https://klokah.tw/extension/con_data/sound/9/sentence/9c4s8.mp3"
"kaca ka aṟat pakahiri’ ka moṟow ta.","這樣我們的房子才不至於損壞。","https://klokah.tw/extension/con_data/sound/9/sentence/9c4s9.mp3"
"kani ga nahaṟi’ ta ming aw.","那麼我們趕快行動吧。","https://klokah.tw/extension/con_data/sound/9/sentence/9c4s10.mp3"
"mistuw su’ ci kanon isu’?","你是什麼時候出生的？","https://klokah.tw/extension/con_data/sound/9/sentence/9c5s1.mp3"
"mistuw cu ci 1984 ingkaṟalan kung.","我是1984年出生的。","https://klokah.tw/extension/con_data/sound/9/sentence/9c5s2.mp3"
"kanon ka rex na kistagan su’?","生日是什麼時候？","https://klokah.tw/extension/con_data/sound/9/sentence/9c5s3.mp3"
"mapitu’ buṟating mapusal rex ka kistagan mu.","我的生日是7月20日。","https://klokah.tw/extension/con_data/sound/9/sentence/9c5s4.mp3"
"mistuw su’ ci abagan ong, kani ka malalahaw su’ caṟung.","你是夏天出生的，難怪特別熱情。","https://klokah.tw/extension/con_data/sound/9/sentence/9c5s5.mp3"
"pira’ buṟating lu rex soni’?","今天是幾月幾日？","https://klokah.tw/extension/con_data/sound/9/sentence/9c5s6.mp3"
"matṟu’ burating ṟamagal rex soni’.","今天是6月5日。","https://klokah.tw/extension/con_data/sound/9/sentence/9c5s7.mp3"
"pira’ ṟinogan rex soni’?","那今天是星期幾呢？","https://klokah.tw/extension/con_data/sound/9/sentence/9c5s8.mp3"
"matru’rex ṟinogan soni’.","今天是星期六。","https://klokah.tw/extension/con_data/sound/9/sentence/9c5s9.mp3"
"sababale’ cu mahnguw kira’ hang.","我今天可以好好休息了。","https://klokah.tw/extension/con_data/sound/9/sentence/9c5s10.mp3"
"kelan na yowci ka sisyaw sani?","請問這附近有沒有郵局？","https://klokah.tw/extension/con_data/sound/9/sentence/9c6s1.mp3"
"kelan wa, saing moṟow.","有啊，有兩間。","https://klokah.tw/extension/con_data/sound/9/sentence/9c6s2.mp3"
"inu’ ka subeh na tu’uy a’usa’ yowci?","請問這裡最近的郵局要怎麼去？","https://klokah.tw/extension/con_data/sound/9/sentence/9c6s3.mp3"
"pagalu’ing musa’ lu taxan ka gingko la ga panoh anali’ ni taxan su’ ka utux kahuni yaba’ laga, awah ci ka il ni la.","直走看到銀行右轉再直走看到一棵大樹後，再向左轉。","https://klokah.tw/extension/con_data/sound/9/sentence/9c6s4.mp3"
"suntuhya’ sani na?","距離這裡遠嗎？","https://klokah.tw/extension/con_data/sound/9/sentence/9c6s5.mp3"
"aṟat ka tuhya’, patehuk haṟi’ la.","不會很遠，快到了。","https://klokah.tw/extension/con_data/sound/9/sentence/9c6s6.mp3"
"ux, ba’un mu la.","好，我知道了。","https://klokah.tw/extension/con_data/sound/9/sentence/9c6s7.mp3"
"sasaṟux wa’, nel cu maguṟuw la, panaṟiciy cu luṟi aw?","不好意思，我迷路了，可以再告訴我嗎？","https://klokah.tw/extension/con_data/sound/9/sentence/9c6s8.mp3"
"ho ga, panaṟiciy misu’ luṟi, pagalu’ing musa’ laga taxan su la.","好啊，我再告訴你，直直走就看到。","https://klokah.tw/extension/con_data/sound/9/sentence/9c6s9.mp3"
"bahbah su caṟung.","非常謝謝你。","https://klokah.tw/extension/con_data/sound/9/sentence/9c6s10.mp3"
"makminiy cu tutux ci tamuku’.","我想買一頂帽子。","https://klokah.tw/extension/con_data/sound/9/sentence/9c7s1.mp3"
"amol kisli’ su’ iro’?","你喜歡什麼顏色呢？","https://klokah.tw/extension/con_data/sound/9/sentence/9c7s2.mp3"
"anak magasulu’ aṟat ga matanah.","黃色或紅色都可以。","https://klokah.tw/extension/con_data/sound/9/sentence/9c7s3.mp3"
"ho, talami kutux hani.","好的，這頂試試看。","https://klokah.tw/extension/con_data/sound/9/sentence/9c7s4.mp3"
"yotas haṟi’ kani wa. si’agal cu ci yuyuk haṟi’.","這頂帽子稍微大了一點。是否能給我小一點的尺寸？","https://klokah.tw/extension/con_data/sound/9/sentence/9c7s5.mp3"
"na’ tikiy hang kay, unel micuw.","稍等一下，馬上來。","https://klokah.tw/extension/con_data/sound/9/sentence/9c7s6.mp3"
"tantana’ kani la. pira’ pila’ kani?","我覺得這頂很適合。請問多少錢呢？","https://klokah.tw/extension/con_data/sound/9/sentence/9c7s7.mp3"
"maspat kabhul.","是八百元。","https://klokah.tw/extension/con_data/sound/9/sentence/9c7s8.mp3"
"maskitu’ haṟi ong!","有點貴哦！","https://klokah.tw/extension/con_data/sound/9/sentence/9c7s9.mp3"
"ini’ ay, ramas nak sinbale’ ni.","不會啦，它的材質很好。","https://klokah.tw/extension/con_data/sound/9/sentence/9c7s10.mp3"
"moh su’ mani’ cuxan?","你明天會來聚餐嗎？","https://klokah.tw/extension/con_data/sound/9/sentence/9c8s1.mp3"
"kistagan ni yaba’ mu cuxan.","明天是我爸爸的生日。","https://klokah.tw/extension/con_data/sound/9/sentence/9c8s2.mp3"
"pisco la? kelan a’usa’ mu cuxan.","怎麼辦？我明天有事情要忙。","https://klokah.tw/extension/con_data/sound/9/sentence/9c8s3.mp3"
"nahri’ ong, utux ci mahnguw ta kora’ hang.","真可惜，難得大家都有空。","https://klokah.tw/extension/con_data/sound/9/sentence/9c8s4.mp3"
"ini’ haco, tun mu musa’ mi’ ci babi’ ka kanel mu.","沒關係，我會請我的太太去送禮。","https://klokah.tw/extension/con_data/sound/9/sentence/9c8s5.mp3"
"ho’ ga! kaṟalun mu yaba’ mu bini’ su’.","好的！我會告訴爸爸你的好意。","https://klokah.tw/extension/con_data/sound/9/sentence/9c8s6.mp3"
"bale’ malahang ci hi’ si yaba’ su.","祝你爸爸身體健康。","https://klokah.tw/extension/con_data/sound/9/sentence/9c8s7.mp3"
"kinhapṟow mumaṟah isu’ uṟi.","我也祝你工作順利。","https://klokah.tw/extension/con_data/sound/9/sentence/9c8s8.mp3"
"kani ga, maha’ cu la.","那麼，我先走了。","https://klokah.tw/extension/con_data/sound/9/sentence/9c8s9.mp3"
"ho, kapahṟow kay.","好的，加油哦。","https://klokah.tw/extension/con_data/sound/9/sentence/9c8s10.mp3"
"capṟang su’ ba’ kumaṟal ci ke’ ta’.","你的族語說得非常好。","https://klokah.tw/extension/con_data/sound/9/sentence/9c9s1.mp3"
"ini’, ini’ cu kaba’ haṟi kumaṟl.","不，我不太會說。","https://klokah.tw/extension/con_data/sound/9/sentence/9c9s2.mp3"
"ima’  ka unpasba’ sinang la?","都是誰教你的呢？","https://klokah.tw/extension/con_data/sound/9/sentence/9c9s3.mp3"
"mahnguw ga musa cu moṟow ni yutas mu alang. makake’ min ci ke’ na Itaṟl.","放假回部落祖父家，都盡量說族語。","https://klokah.tw/extension/con_data/sound/9/sentence/9c9s4.mp3"
"kuba’ nak yutas lu yaki la sinsi’ su’, ramas caṟung kani la.","原來祖父和袓母是你的老師，這太好了。","https://klokah.tw/extension/con_data/sound/9/sentence/9c9s5.mp3"
"ho aṟ, payux ka ke ’sinbili’ na nabkis ma, kumaṟal ka yutas lu yaki’ mu.","是啊，袓父袓母還會跟我說有關文化及袓先所留下的故事。","https://klokah.tw/extension/con_data/sound/9/sentence/9c9s6.mp3"
"ma’as cu moh sunbaba’ ci ke’ lu gagaṟux kinanuhan na Itaṟal.","我很高興回來學習原住民的語言及文化。","https://klokah.tw/extension/con_data/sound/9/sentence/9c9s7.mp3"
"ho’, ramas kani ini’ ṟungiy ka ke’ ta nak. iya’ alax kintatu’ sunbaba’.","是，別放棄！要盡量學習，這樣才不會忘了自己的語言。","https://klokah.tw/extension/con_data/sound/9/sentence/9c9s8.mp3"
"kani ga, mahnguw cu hang ga musa’ cu matox yutas lu yaki’ mu alang.","所以放假我都會回部落看祖父母。","https://klokah.tw/extension/con_data/sound/9/sentence/9c9s9.mp3"
"capṟang su ba’ lunglung, matatu’uy la inoh na ke’ su.","你真的很會想，說的話都很有道理。","https://klokah.tw/extension/con_data/sound/9/sentence/9c9s10.mp3"
"ma’as kistagan su’!","祝你生日快樂！","https://klokah.tw/extension/con_data/sound/9/sentence/9c10s1.mp3"
"hunco’ su’ ba’un.","你怎麼知道。","https://klokah.tw/extension/con_data/sound/9/sentence/9c10s2.mp3"
"minung cu ci ke’ na intana’an ta.","我聽同學說的。","https://klokah.tw/extension/con_data/sound/9/sentence/9c10s3.mp3"
"mamicuw ka rex ong, muhuṟaw  utux ingkaṟalan luṟi.","時間過的真快，又長了一歲。","https://klokah.tw/extension/con_data/sound/9/sentence/9c10s4.mp3"
"awah magaluw mani’ ci mami’ malahngan.","晚上過來一起吃個飯。","https://klokah.tw/extension/con_data/sound/9/sentence/9c10s5.mp3"
"ho ga! amol ka sasarama’ mu maras?","好啊！我要準備帶什麼去嗎？","https://klokah.tw/extension/con_data/sound/9/sentence/9c10s6.mp3"
"eri’ ki, pasrama’ cu ci aguw lu asinuw.","不用了，我會準備酒和山肉等你來。","https://klokah.tw/extension/con_data/sound/9/sentence/9c10s7.mp3"
"sunkisli’ cu caṟung mami’ ci sinkarugan.","我最愛吃醃肉了。","https://klokah.tw/extension/con_data/sound/9/sentence/9c10s8.mp3"
"aṟat nanak yonani’ ay, kelan ka tibula’ uṟi.","不是只有這樣哦，還有香糯米呢。","https://klokah.tw/extension/con_data/sound/9/sentence/9c10s9.mp3"
"kinramasan wa. unel cu caṟung mami’.","那真是太棒了，我一定會來品嚐。","https://klokah.tw/extension/con_data/sound/9/sentence/9c10s10.mp3"
"pira’ mamu macsuse’?","你有幾個兄弟姊妹？","https://klokah.tw/extension/con_data/sound/9/sentence/9c11s1.mp3"
"utux ka asuṟan mu malikuṟ, utux suse’ malikuṟ’, lu utux ka suse’ mu kanel.","我有一個哥哥、一個弟弟、一個妹妹。","https://klokah.tw/extension/con_data/sound/9/sentence/9c11s2.mp3"
"amol kora’ pumahun na macsuse’ su’?","你的兄弟姊妹從事什麼行業？","https://klokah.tw/extension/con_data/sound/9/sentence/9c11s3.mp3"
"pumaṟah ka asuṟan mu malikuṟ, ising ka suse’ mu malikuṟ, cel lunpuw patas tase’ ka suse’ mu kanel xiya’.","我哥哥是農人，我弟弟是醫生，我妹妹目前還在讀大學。","https://klokah.tw/extension/con_data/sound/9/sentence/9c11s4.mp3"
"sikaṟal tikiy ka tanmoṟow su’ uṟi ga.","也跟我聊聊你的家庭吧。","https://klokah.tw/extension/con_data/sound/9/sentence/9c11s5.mp3"
"minagal cu ci kanel la.","我結婚了。","https://klokah.tw/extension/con_data/sound/9/sentence/9c11s6.mp3"
"kelan su’ na ule’?","你有小孩了嗎？","https://klokah.tw/extension/con_data/sound/9/sentence/9c11s7.mp3"
"utux ule’ mu, saing ingkaṟalan ni la.","我有一個小孩，今年兩歲了。","https://klokah.tw/extension/con_data/sound/9/sentence/9c11s8.mp3"
"magaluw mamu’ maki’ ci nabkis su’?","你們和父母住在一起嗎？","https://klokah.tw/extension/con_data/sound/9/sentence/9c11s9.mp3"
"ini’, cel maki’ alang laha, ho ga, pahngagan rex hang ga moh matisal Taypey karirex.","沒有，他們住在部落。但是假日他們常常到台北來。","https://klokah.tw/extension/con_data/sound/9/sentence/9c11s10.mp3"
"amol ka pumahun si su’?","你是做什麼的？","https://klokah.tw/extension/con_data/sound/9/sentence/9c12s1.mp3"
"sinsi’ cu kung.","我是一位老師。","https://klokah.tw/extension/con_data/sound/9/sentence/9c12s2.mp3"
"ux, cel su’ pasba’ ci amol?","是喔，你在教什麼？","https://klokah.tw/extension/con_data/sound/9/sentence/9c12s3.mp3"
"payux la sipasba’ mu, ke’ na Itaṟal, sunbale’ ṟapak, lu yayupun.","我教的可多了，教母語，插花，汽球等。","https://klokah.tw/extension/con_data/sound/9/sentence/9c12s4.mp3"
"talagay la ba’un su! amol ka cel su’ pumahun caṟung micuw?","這麼多啊！那麼你現在負責的工作是什麼？","https://klokah.tw/extension/con_data/sound/9/sentence/9c12s5.mp3"
"nel cu sunutux pasba’ ci ke’ na Itaṟal micuw.","我現在專心教母語。","https://klokah.tw/extension/con_data/sound/9/sentence/9c12s6.mp3"
"kisli’ su’ ka pumahun hani? ye su’ ṟaṟuw?","你喜歡你的工作嗎？","https://klokah.tw/extension/con_data/sound/9/sentence/9c12s7.mp3"
"kisli’ mu, lumuhing ci ke’ ta lu gagaṟux ta ka pumahun hani.","我喜歡，這是個可以傳承語言及傳統文化的工作。","https://klokah.tw/extension/con_data/sound/9/sentence/9c12s8.mp3"
"ye su ini’ patabuk lu kunangṟas pasba’ ci ke’ ta?","教母語會不會辛苦又疲憊？","https://klokah.tw/extension/con_data/sound/9/sentence/9c12s9.mp3"
"sunkakaru’, ana matabuk ga laluhing ta ci ule’ ta.","很有趣，再辛苦也要傳承給我們的小孩。","https://klokah.tw/extension/con_data/sound/9/sentence/9c12s10.mp3"
"tatama’, nel kora’ ka ṟagu’ min.","請坐，這是本店的菜。","https://klokah.tw/extension/con_data/sound/9/sentence/9c13s1.mp3"
"kelan na ṟagu’ utux-nak, sikaṟal tikiy?","有什麼特別的菜可以推薦嗎？","https://klokah.tw/extension/con_data/sound/9/sentence/9c13s2.mp3"
"kelan baṟok, ṟumala’, ucyux cubay, kisli’ naha kora’ patalang mamu mani’?","有山豬肉、過貓菜、溪魚、都很受歡迎要吃吃看嗎？","https://klokah.tw/extension/con_data/sound/9/sentence/9c13s3.mp3"
"yona ramas pungan wa, pantuxi’ papoh kora’.","聽起來不錯，那就各點一份吧！","https://klokah.tw/extension/con_data/sound/9/sentence/9c13s4.mp3"
"kelan na tamana’, abaw ngahi’, rilyuw kopit soni’, amol ka papalawa’ mamu’ na?","今天還有高麗菜、地瓜葉、跟龍鬚菜，還需要叫什麼嗎？","https://klokah.tw/extension/con_data/sound/9/sentence/9c13s5.mp3"
"abaw ngahi’ lu rilyuw kopit poh tutux luṟi.","地瓜葉跟龍鬚菜，再各一盤。","https://klokah.tw/extension/con_data/sound/9/sentence/9c13s6.mp3"
"aṟat mamu’ ka mami’?","需要白飯嗎？","https://klokah.tw/extension/con_data/sound/9/sentence/9c13s7.mp3"
"ini’ kani’ ci mami’ ga ma’uriy kay, poh ci malapṟow ṟating mami’.","來10碗白飯好了，不吃飯會餓肚子。","https://klokah.tw/extension/con_data/sound/9/sentence/9c13s8.mp3"
"kani ga na’ tikiy hang, unel micuw.","那麼請稍等，馬上就好。","https://klokah.tw/extension/con_data/sound/9/sentence/9c13s9.mp3"
"pake’ ta ci mami’ ga hata mema’ ci aba’ hang aw.","吃飯前我們去洗個手吧。","https://klokah.tw/extension/con_data/sound/9/sentence/9c13s10.mp3"
"sasaṟux aṟ, masmalahngan cu caṟung la. hungel ka ṟaṟulu’ tu’uy maku’ cu pahatul.","抱歉來晚了，路上有點塞車。","https://klokah.tw/extension/con_data/sound/9/sentence/9c14s1.mp3"
"yo su’ na inu’ moh? pintauṟit su’ ci ṟaṟulu’?","你是怎麼來的？開車嗎？","https://klokah.tw/extension/con_data/sound/9/sentence/9c14s2.mp3"
"aṟat, tinpanga’ cu ci basu’ moh.","不是，我坐公車來的。","https://klokah.tw/extension/con_data/sound/9/sentence/9c14s3.mp3"
"kisu’ tupanga’ ci ceyun ga, tupanga’ su’ ci ceyun laga aṟat su pahatul inohan la.","你應該坐捷運，捷運就不會塞車了。","https://klokah.tw/extension/con_data/sound/9/sentence/9c14s4.mp3"
"kani sun mu, ho ga hinco’ su’ moh isu’?","說的也是。那你是怎麼來的？","https://klokah.tw/extension/con_data/sound/9/sentence/9c14s5.mp3"
"nel cu maki’ sebeh kung, minkakiy cu moh.","我住得很近，走路過來的。","https://klokah.tw/extension/con_data/sound/9/sentence/9c14s6.mp3"
"maha’ ta yona inu’ musa’ Taypey? tapanga’ ta hikoki’?","我們該怎麼去台北呢？坐飛機嗎？","https://klokah.tw/extension/con_data/sound/9/sentence/9c14s7.mp3"
"umabas manamis ka hikoki’ ga maskitu’ caṟung wa, kani ka kawte uṟi.","飛機是比較快，但是太貴了，高鐵也是。","https://klokah.tw/extension/con_data/sound/9/sentence/9c14s8.mp3"
"kani ga tapanga’ ta ci basu’ aw? aṟat ga hala su’ maktupanga’ ci kisya’.","那坐客運好嗎？或是你比較想搭火車？","https://klokah.tw/extension/con_data/sound/9/sentence/9c14s9.mp3"
"kisya’ ho’, abas sababale’ tupangan uṟi.","火車好了，其實坐起來也很舒服。","https://klokah.tw/extension/con_data/sound/9/sentence/9c14s10.mp3"
"kito’ kinbuse’ muxal kanel su’ la?","你的妻子病了多久了？","https://klokah.tw/extension/con_data/sound/9/sentence/9c15s1.mp3"
"utux buṟating la wa, tingit ramas tingit paskisli’.","一個月了。但她的病時好時壞。","https://klokah.tw/extension/con_data/sound/9/sentence/9c15s2.mp3"
"amol la kinmuxal ni?","是什麼病呢？","https://klokah.tw/extension/con_data/sound/9/sentence/9c15s3.mp3"
"muxal karirex tunux ni, muxal labos lu muta’ uṟi.","她常常頭疼，還會嘔吐、肚子疼。","https://klokah.tw/extension/con_data/sound/9/sentence/9c15s4.mp3"
"minsa’ paktox biyoing?","有去醫院檢查嗎？","https://klokah.tw/extension/con_data/sound/9/sentence/9c15s5.mp3"
"ho, cel maki’ ki micuw.","有，現在正在住院檢查。","https://klokah.tw/extension/con_data/sound/9/sentence/9c15s6.mp3"
"yonani la ga, ima’ pagalasuw ka ule’ utux ṟinogan hani la.","那麼，這個星期誰來照顧小孩？","https://klokah.tw/extension/con_data/sound/9/sentence/9c15s7.mp3"
"kuṟing nak gunlasuw, halan matu’ papasba’an ci ke’ sasan hang, lu musa’ cu mumaṟah la, malahngan la ga pahpuy cu luṟi.","由我照顧，早上先送小孩上學，然後再去上班，晚上回來煮飯。","https://klokah.tw/extension/con_data/sound/9/sentence/9c15s8.mp3"
"ramas su’ caṟung na malikuṟ isu’ ong.","你真是個好丈夫。","https://klokah.tw/extension/con_data/sound/9/sentence/9c15s9.mp3"
"ungat nak babahan, as ka pahngagan mi ising.","沒辦法，醫生說要讓她要多休息。","https://klokah.tw/extension/con_data/sound/9/sentence/9c15s10.mp3"
"oy, Yuma cu, ramas su’, cel ki Bakan?","喂，你好，我是Yuma、請問Bakan在嗎？","https://klokah.tw/extension/con_data/sound/9/sentence/9c16s1.mp3"
"ungat niniy, waṟal  magaluw salahaw ci rangi’ ni.","他不在，跟朋友出去玩了。","https://klokah.tw/extension/con_data/sound/9/sentence/9c16s2.mp3"
"hunco’ su’ ka malahang xiyan?","請問你為什麼要找他？","https://klokah.tw/extension/con_data/sound/9/sentence/9c16s3.mp3"
"sipalawa’ mu moh magluw salahaw susung lu a’usa’ na alang min.","我想邀請他參加我們村子裏的活動。","https://klokah.tw/extension/con_data/sound/9/sentence/9c16s4.mp3"
"ux, pisco’ mamu, anak saku’ kaṟalun?","哦，是什麼樣的活動，可以告訴我嗎？","https://klokah.tw/extension/con_data/sound/9/sentence/9c16s5.mp3"
"moh ci maktugal la ga kaca ka sun ma’as sunsugn ci kinloh min, cikaca la ga maha habaṟaw ka ci’uli’ mamoh.","過三天是我們的豐收祭，到時會有很多人來參加。","https://klokah.tw/extension/con_data/sound/9/sentence/9c16s6.mp3"
"anak cu moh gunluw cimunan uṟi.","我可不可以參加你們的祭典。","https://klokah.tw/extension/con_data/sound/9/sentence/9c16s7.mp3"
"anak ay awah ga, kaṟali’ caṟung kay?","可以呀，歡迎你來，一定要告訴他哦。","https://klokah.tw/extension/con_data/sound/9/sentence/9c16s8.mp3"
"ba’un mu, ini’ cu ka’ixul kung. iya’ lunlung.","知道了，我不騙人不要擔心。","https://klokah.tw/extension/con_data/sound/9/sentence/9c16s9.mp3"
"kani la kay, iya’ ṟungi’ pagaluw moh.","就這樣，別忘了到時一起過來。","https://klokah.tw/extension/con_data/sound/9/sentence/9c16s10.mp3"
"mauṟiy cu la, hata’ magluw mani cakan rex aw, amol makni’un su’?","我餓了，我們一起去吃午飯吧，你想吃什麼？","https://klokah.tw/extension/con_data/sound/9/sentence/9c17s1.mp3"
"ini mu ba’iy ci amol ka nani’un mu. kelan ka makni’un si su’?","我不知道要吃什麼，你有想吃的嗎？","https://klokah.tw/extension/con_data/sound/9/sentence/9c17s2.mp3"
"makmani’ cu ci  tatahuk na nabkis ta.","我很想吃我們的傳統料理。","https://klokah.tw/extension/con_data/sound/9/sentence/9c17s3.mp3"
"kelan tutux ga’aṟus na moṟow maginbiniy ci nani’un sani, ginawah na ci’uli’ ta. hata tumalang mani.","這裡有一家新開的店，是我們族人開的，去吃吃看吧！","https://klokah.tw/extension/con_data/sound/9/sentence/9c17s4.mp3"
"pungan ga ramas ni’un ka tinahuk ni ma, palawa’ ta ci ṟagu’ aw?","這裡的料理聽說很好吃，點菜吧！","https://klokah.tw/extension/con_data/sound/9/sentence/9c17s5.mp3"
"bi’iy min ci rangil lu sinkarugan.","請給我們糯米飯、醃肉。","https://klokah.tw/extension/con_data/sound/9/sentence/9c17s6.mp3"
"moka rangil tinahuk ni ga mintana’ ci tatahuk ni yaya’ mu, cacibing ni’un.","這家店的糯米飯跟我媽媽做的味道很像，吃起來甜甜的。","https://klokah.tw/extension/con_data/sound/9/sentence/9c17s7.mp3"
"sinkarugan uṟi ga mitana’ ci sinbale’ ni yaya’ mu uṟi. tana’ ka kinmangihuṟ ni, mala’ulu mu ni’un.","醃肉也跟我媽媽做的味道一樣，夠鹹，很合我的胃口。","https://klokah.tw/extension/con_data/sound/9/sentence/9c17s8.mp3"
"yaya’ mu rali’ ga as ni kopiy na aba’ mani ka rangil, lu abun ni na ngawa’ ka aṟingu’ tepeh.","記得媽媽以前都用手抓糯米飯，用嘴喝鍋子裏的湯。","https://klokah.tw/extension/con_data/sound/9/sentence/9c17s9.mp3"
"ho’ ma ca, kaca ka sanahyagal ma ka nabkis","就是說啊，他們說這樣才夠味道。","https://klokah.tw/extension/con_data/sound/9/sentence/9c17s10.mp3"
"amol ka kisli’ su’ a’usa’?","你的興趣是什麼？","https://klokah.tw/extension/con_data/sound/9/sentence/9c18s1.mp3"
"sunkisli’ cu maskakiy nanahi’.","我的興趣是爬山，爬山有很多好處。","https://klokah.tw/extension/con_data/sound/9/sentence/9c18s2.mp3"
"cubay kani, pakahapṟow ci hi’ ta ka sun maskakiy hani lu musa’ matox ci lahlahuṟ uṟi.","真的，除了可以使身體健康，也能親近大自然。","https://klokah.tw/extension/con_data/sound/9/sentence/9c18s3.mp3"
"abagan ga, ramas musa’ salahaw tikiy nanahi’, pasabehuṟ lu tuling ci kinkilux na wagi’.","炎熱的夏天，正好可以到山裡避暑，非常涼快。","https://klokah.tw/extension/con_data/sound/9/sentence/9c18s4.mp3"
"amol ka kisli’ su’ isu’?","那你的興趣呢？","https://klokah.tw/extension/con_data/sound/9/sentence/9c18s5.mp3"
"sunkisli’ cu pasasing kung.","我的興趣是攝影。","https://klokah.tw/extension/con_data/sound/9/sentence/9c18s6.mp3"
"ramas taxan kora’ ka nanahi’ na Taywan kay, babuw ni ga pagluw ta musa’ maskakiy nanahi’.","台灣的山景其實非常美麗，下回我們可以一起爬山。","https://klokah.tw/extension/con_data/sound/9/sentence/9c18s7.mp3"
"mahnguw su’ ga hnuco’ su’?","放假時都做些什麼？","https://klokah.tw/extension/con_data/sound/9/sentence/9c18s8.mp3"
"mamuhi’ cu ci ṟapak moṟow, kumogi’ cu ci ṟapakan. lu mali’ cu use’.","在家種種花、整理花圃、澆澆水。","https://klokah.tw/extension/con_data/sound/9/sentence/9c18s9.mp3"
"kuṟing ga, sunkisli’ cu panek ci ucyux, kani ga musa’ cu panek ci ucyux gong.","我呢，也因為喜歡釣魚，所以會到溪邊釣魚。","https://klokah.tw/extension/con_data/sound/9/sentence/9c18s10.mp3"
"rex amol ka kisli’ su’ caṟung utux ingkaṟalan isu’?","一年之中你最喜歡哪一個季節？","https://klokah.tw/extension/con_data/sound/9/sentence/9c19s1.mp3"
"abagan kisli’ mu caṟung kung.","我最喜歡夏季了。","https://klokah.tw/extension/con_data/sound/9/sentence/9c19s2.mp3"
"hunco’ su’ kisli’ caṟung ka abagan?","你為什麼特別喜歡夏天？","https://klokah.tw/extension/con_data/sound/9/sentence/9c19s3.mp3"
"ye ka, abagan ga anak lumanguy, lu me’ ci kiyapeng, kunṟak ci ngatu’.","因為，夏天可以游泳、吃冰、抓甲蟲。","https://klokah.tw/extension/con_data/sound/9/sentence/9c19s4.mp3"
"ini’ cu kaba’ lumanguy kung, mangungu’ cu ci kakumay uṟi.","我不會游泳，也很怕毛毛蟲。","https://klokah.tw/extension/con_data/sound/9/sentence/9c19s5.mp3"
"hunco’ ungat la ṟuhung si su’, aṟat Itaṟal ka yonani wa.","你怎麼那麼膽小，這不像原住民哦。","https://klokah.tw/extension/con_data/sound/9/sentence/9c19s6.mp3"
"sunkisli’ cu pakmuhla’iy kung, yeka tntana’ la kinmakilux lu kingahṟa’ ni.","我喜歡秋季，因為秋天不冷不熱。","https://klokah.tw/extension/con_data/sound/9/sentence/9c19s7.mp3"
"ini’ pintana’ kora’ ka ututux rex.","每個季節都不盡相同。","https://klokah.tw/extension/con_data/sound/9/sentence/9c19s8.mp3"
"ho’ wa, wal wal haṟi gahṟa’ uṟi la.","是啊，天氣漸漸冷了起來。","https://klokah.tw/extension/con_data/sound/9/sentence/9c19s9.mp3"
"rex a’awah naha moh matox ci ra’ alang luṟi.","又是到萬大賞楓的好時機。","https://klokah.tw/extension/con_data/sound/9/sentence/9c19s10.mp3"
"pa’as sunsung kay!","祝你新年快樂！","https://klokah.tw/extension/con_data/sound/9/sentence/9c20s1.mp3"
"aṟat ta pahnguw sunsung luṟi. payux ka babinarun ta nani’un. unel moṟow kora’ ka ule’.","過年又要忙了，要買很多吃的東西，小孩都要回來。","https://klokah.tw/extension/con_data/sound/9/sentence/9c20s2.mp3"
"maha su sunsung moṟow pilaw hani?","今年你打算回家過年嗎？","https://klokah.tw/extension/con_data/sound/9/sentence/9c20s3.mp3"
"ho’, pa’aras cu kanel lu ule’ mu musa’.","是的，我會帶著太太和小孩一起回去。","https://klokah.tw/extension/con_data/sound/9/sentence/9c20s4.mp3"
"cel inu’ alang sisu’?","你的家鄕在哪裡呢？","https://klokah.tw/extension/con_data/sound/9/sentence/9c20s5.mp3"
"cel ci ka ragex na Nanto kinbatunux caṟung, bale palibon mati’uṟit na luling ka alang min.","在南投的山上非常美麗，部落有一條河水圍繞著。","https://klokah.tw/extension/con_data/sound/9/sentence/9c20s6.mp3"
"maha’ su’ yona inu’ musa’ la?","那你要怎麼回去呢？","https://klokah.tw/extension/con_data/sound/9/sentence/9c20s7.mp3"
"pagluw cu musa’ moṟow cami ci asuṟan mu malikuṟ, pa’aras min ṟaṟulu’ musa’.","我會和我哥哥一家人，一起開車回去。","https://klokah.tw/extension/con_data/sound/9/sentence/9c20s8.mp3"
"yona inu’ sunsung alang mamu’ cimu?","你們家鄕都怎麼慶祝過年呢？","https://klokah.tw/extension/con_data/sound/9/sentence/9c20s9.mp3"
"magluw min mani’ kora’ utux moṟow, mawas lu maṟuy min.","我們全家人會團聚在一起吃飯，一起唱歌跳舞。","https://klokah.tw/extension/con_data/sound/9/sentence/9c20s10.mp3"
"maga’amol na ci’uli’ ka xiya’?","他是個什麼樣的人？","https://klokah.tw/extension/con_data/sound/9/sentence/9c21s1.mp3"
"angṟat lu makaruṟux na ci’uli’ ka xiya’.","他是一個努力又認真的人。","https://klokah.tw/extension/con_data/sound/9/sentence/9c21s2.mp3"
"kintox su’ ga, maga’amol su’ na ci’uli’ ka isu’?","你覺得自己是一個怎樣的人？","https://klokah.tw/extension/con_data/sound/9/sentence/9c21s3.mp3"
"ba’ cu lunlung ci insa’ na ci’uli’ kung. ini’ cu paskinanaru’ uṟi.","我是一個替別人著想的人，我也不貪心。","https://klokah.tw/extension/con_data/sound/9/sentence/9c21s4.mp3"
"saringun inu’ matox ba’ su lunlung ci insa’ na ci’uli’?","從哪些地方可以看出你很會替別人著想呢？","https://klokah.tw/extension/con_data/sound/9/sentence/9c21s5.mp3"
"ana’ amol insa’ ga su’un mu ming kora’.","我總是很認真的把每件事情做好。","https://klokah.tw/extension/con_data/sound/9/sentence/9c21s6.mp3"
"nanak kani, ungat la?","除此之外呢？","https://klokah.tw/extension/con_data/sound/9/sentence/9c21s7.mp3"
"ini’ cu bah patatiṟuw, mahyuw ka linlungan mu sunbaba’.","我從來都不驕傲，而且虛心學習。","https://klokah.tw/extension/con_data/sound/9/sentence/9c21s8.mp3"
"ramas su’ nak cubay na ci’uli’ isu’ ong.","那你的確是這麼好的一個人。","https://klokah.tw/extension/con_data/sound/9/sentence/9c21s9.mp3"
"pasaring kira’ laga, picaca cu pasulung sinang uṟi la.","從今天開始我也要跟你學習。","https://klokah.tw/extension/con_data/sound/9/sentence/9c21s10.mp3"
"sasaṟux wa. anak saku’ rogan?","不好意思，可以請你幫個忙嗎？","https://klokah.tw/extension/con_data/sound/9/sentence/9c22s1.mp3"
"anak ay, kaṟal ga.","當然可以，請說。","https://klokah.tw/extension/con_data/sound/9/sentence/9c22s2.mp3"
"cel mu ṟungen moṟow ṟik ka kagi’ mu. nel cu bihawan tanux kung la.","我不小心把鑰匙留在房間裡，我被鎖在外面了。","https://klokah.tw/extension/con_data/sound/9/sentence/9c22s3.mp3"
"hunco’ su’ ka ṟumungi’ la pira’?","你怎麼會忘了呢?","https://klokah.tw/extension/con_data/sound/9/sentence/9c22s4.mp3"
"mata’ixul cu musa’ mumaṟh, anak saku’ be’an ci kagi’ singku’ su’?","我趕著要去工作,可以給我備用鑰匙嗎？","https://klokah.tw/extension/con_data/sound/9/sentence/9c22s5.mp3"
"anak, pira’ ka patas na a’abelan su’?","當然，請問你的房間號碼是幾號？","https://klokah.tw/extension/con_data/sound/9/sentence/9c22s6.mp3"
"cel cu maki’ mapitu’ kabxul mapusl maspat lapgan.","我住在728號房。","https://klokah.tw/extension/con_data/sound/9/sentence/9c22s7.mp3"
"Piyu, nel ka kagi’ singku’ mu.","Piyu，這是你的備用鑰匙。","https://klokah.tw/extension/con_data/sound/9/sentence/9c22s8.mp3"
"bahbah su, kelan tutux kakaṟal mu sinang na, kelan cu na angaya’ pinoh naha’?","謝謝你，另外請問一下，有我的包裹嗎？","https://klokah.tw/extension/con_data/sound/9/sentence/9c22s9.mp3"
"na’ tikiy hang, taxi’ mu. nel wa, nel kutux angaya’.","請稍等，我查一下。查到了有一件包裹。","https://klokah.tw/extension/con_data/sound/9/sentence/9c22s10.mp3"
"patas amol ka kisli’ su’ sababa’an isu’?","你最喜歡哪一門課？","https://klokah.tw/extension/con_data/sound/9/sentence/9c23s1.mp3"
"sunkisli’ cu caṟung ci awas kung.","我最喜歡音樂課。","https://klokah.tw/extension/con_data/sound/9/sentence/9c23s2.mp3"
"mintana’ cu ci isu’, sunkisli’ cu kani kung uṟi. yeka anak mawas, lu anak sunbaba’ ci lanlamu’ na lubuw.","跟你一樣，我也喜歡上音樂課。因為可以唱歌，還可以學習各種的樂器。","https://klokah.tw/extension/con_data/sound/9/sentence/9c23s3.mp3"
"moh matox ci ṟaṟuy mu ka yaba’ yaya’ mu uṟi.","我爸爸媽媽也會來看我的表演。","https://klokah.tw/extension/con_data/sound/9/sentence/9c23s4.mp3"
"ba’ palubuw ka yaba’ yaya’ su’ uṟi?","你爸爸媽媽也會吹奏樂器？","https://klokah.tw/extension/con_data/sound/9/sentence/9c23s5.mp3"
"ba’ ay! tin_git min magluw palubuw utux min moṟow.","會啊！我們一家人偶而會一起吹奏樂器。","https://klokah.tw/extension/con_data/sound/9/sentence/9c23s6.mp3"
"sunṟaṟing mamu nak ay, kani ka ramas magluw utux moṟow.","好羨慕你們哦，這樣很好啊一家人聚在一起。","https://klokah.tw/extension/con_data/sound/9/sentence/9c23s7.mp3"
"babuw ni laga, panaṟican mu ka yaba’ yaya’ mu uṟi. awah matox  ci ṟaṟuy mu sun mu.","下一次，我會告訴我的爸爸媽媽也叫他們來看我的表演。","https://klokah.tw/extension/con_data/sound/9/sentence/9c23s8.mp3"
"ini’ haṟi pahnguw mumaṟah ka yaba’ yaya’ su’ ca?","你的爸爸媽媽工作不是很忙嗎？","https://klokah.tw/extension/con_data/sound/9/sentence/9c23s9.mp3"
"ana yonani ga, innanangen mu sunnanangi’ la.","雖然如此，我會故意跟他們撒嬌啦。","https://klokah.tw/extension/con_data/sound/9/sentence/9c23s10.mp3"
"ba’ su’ kumaṟal ci ke’ na Plngawan?","你會說萬大語嗎？","https://klokah.tw/extension/con_data/sound/9/sentence/9c24s1.mp3"
"ho’ ay, ke’ mu nak kaca.","是的，它是我的母語。","https://klokah.tw/extension/con_data/sound/9/sentence/9c24s2.mp3"
"maki’ su moṟow ga makaṟal mamu ci ke’ ta nak utux moṟow mamu?","你在家裡都是用萬大語和家人交談嗎？","https://klokah.tw/extension/con_data/sound/9/sentence/9c24s3.mp3"
"ho’, tahṟuti’ caṟung ka ke’ mu Plngawan.","是，我的萬大語非常的流利。","https://klokah.tw/extension/con_data/sound/9/sentence/9c24s4.mp3"
"sunkisli’ cu ci ke’ na Plngawan uṟi. mak musa’ cu miniy ci patas pilaw hani, pasababa’ cu nak.","我對萬大語也很有興趣，最近在考慮要去買書來自修。","https://klokah.tw/extension/con_data/sound/9/sentence/9c24s5.mp3"
"anak saku’ kaṟalun patas amol ka mala’ulu’ taxan?","可以建議哪些適合的書籍嗎？","https://klokah.tw/extension/con_data/sound/9/sentence/9c24s6.mp3"
"talang matox ci patas na seyto’ hang. kelan na CD ṟik ni, anak sunbaba’ mung uṟi.","你先試著看小學生的書，它還附贈CD可以練習聽力。","https://klokah.tw/extension/con_data/sound/9/sentence/9c24s7.mp3"
"aṟat ga siktox tennaw, kelan ka sababa’an pinnatas ni ki. anak taxan kora’.","另外還有一些電腦網路上提供的線上學習課程，都可以參考。","https://klokah.tw/extension/con_data/sound/9/sentence/9c24s8.mp3"
"kuba’ nak yonani kinpayux ka sababa’an hani. bahbah su’ caṟung.","原來有那麼多的資源，真是謝謝你。","https://klokah.tw/extension/con_data/sound/9/sentence/9c24s9.mp3"
"ini’ haco’, minlu su’ pakalu’ ci ṟaṟihung sababa’an ga, anak su’ panaṟit kinang.","沒關係，學習中遇到問題，都可以問我。","https://klokah.tw/extension/con_data/sound/9/sentence/9c24s10.mp3"
"sasaṟux wa, maksunṟaṟuw cu tikiy cimunan, panaṟit ci a’usa’ mu salahaw.","不好意思，我想耽誤你們一點時間幫忙問安排旅遊的事。","https://klokah.tw/extension/con_data/sound/9/sentence/9c25s1.mp3"
"ho’ ga. mak musa’ su’ inu’?","好的。請問想去哪裡呢？","https://klokah.tw/extension/con_data/sound/9/sentence/9c25s2.mp3"
"mak musa’ cu matox ci hula’iy tanah-tunux.","我想去日本賞雪。","https://klokah.tw/extension/con_data/sound/9/sentence/9c25s3.mp3"
"pira’ mamu ci’uli’ mamaha’?","請問一共有幾位呢？","https://klokah.tw/extension/con_data/sound/9/sentence/9c25s4.mp3"
"ṟamagal. bahbah caṟung magluw utux min moṟow maha min tikiy salahaw ay!","五位，這次是難得的家族旅行呢！","https://klokah.tw/extension/con_data/sound/9/sentence/9c25s5.mp3"
"amol ka kisli’ mamu tupangan, ṟaṟulu’, aṟat ga hune’?","你們是喜歡坐車、還是坐船？","https://klokah.tw/extension/con_data/sound/9/sentence/9c25s6.mp3"
"sunkisli’ min tupanga’ hikoki’.","我們喜歡搭飛機。","https://klokah.tw/extension/con_data/sound/9/sentence/9c25s7.mp3"
"musa’ tanah-tunux ga, kelan ka nas na kinṟak ka ucyux, balulung, kakagang anak katalu’un mani’, sanahyagal ni’un ma.","去日本有現撈新鮮的魚、蝦、螃蟹可以生吃，聽說味道一級棒呢。","https://klokah.tw/extension/con_data/sound/9/sentence/9c25s8.mp3"
"cubay! maha’ min tarahri’ mani’ utux min moṟow hang.","真的！我跟家人會好好的去享受。","https://klokah.tw/extension/con_data/sound/9/sentence/9c25s9.mp3"
"kani ga usa’ sababale’ salahaw utux-moṟow mamu’ hang.","那你們一家人就好好的去玩吧。","https://klokah.tw/extension/con_data/sound/9/sentence/9c25s10.mp3"
"kaṟal tikiy ci inohan su’.","請簡單地自我介紹。","https://klokah.tw/extension/con_data/sound/9/sentence/9c26s1.mp3"
"Yabiy cu kung, linpuw cu patas nanu’ tase’, nel cu mahnguw hang.","我是Yabiy，我大學畢業，目前待業中。","https://klokah.tw/extension/con_data/sound/9/sentence/9c26s2.mp3"
"sikaṟal tikiy ka pinmahan lu inohan su’ aw?","可以談談你的工作經驗嗎？","https://klokah.tw/extension/con_data/sound/9/sentence/9c26s3.mp3"
"minnu maṟah cu syangkongso hang, kaca ka lunpuw ci pila’ ka papumahun mu.","我曾經在鄕公所上班，負責主計的業務。","https://klokah.tw/extension/con_data/sound/9/sentence/9c26s4.mp3"
"kito’ kinbuse’ ka pumahun su’ hani?","你工作多久了？","https://klokah.tw/extension/con_data/sound/9/sentence/9c26s5.mp3"
"ye wal haṟi tugal ingkaṟalan pinmahan mu. cikaca ga ṟakah haṟi ka hi’ mu, kani ka mahnguw cu moṟow la.","我大概做了三年左右。因為那段時間身體不太好，在家休養了一陣子。","https://klokah.tw/extension/con_data/sound/9/sentence/9c26s6.mp3"
"hunco’ su ka umixul ci ka pumahun hani?","你為什麼一定要這份工作？","https://klokah.tw/extension/con_data/sound/9/sentence/9c26s7.mp3"
"pasaring cu Nanto’ matukari’ cu Taypey sani. kelan ka babi’ mu. kani ka malahang cu ci pumahun.","因為我從南投搬到台北，也有一些負擔所以我需要找工作。","https://klokah.tw/extension/con_data/sound/9/sentence/9c26s8.mp3"
"ba’un min ka insa’ su’ la. kanon ka mamoh su mumaṟah?","我們大概知道你的狀況了，你什麼時候可以開始上班？","https://klokah.tw/extension/con_data/sound/9/sentence/9c26s9.mp3"
"malawa’ mamu’ laga, mamoh cu mumaṟah la.","等你們的通知，我就會來上班了。","https://klokah.tw/extension/con_data/sound/9/sentence/9c26s10.mp3"
"yona cel mararili’ ka xiya’ haca.","他好像談戀愛了。","https://klokah.tw/extension/con_data/sound/9/sentence/9c27s1.mp3"
"ux, hunco’ su’ ba’un?","是喔，你怎麼知道？","https://klokah.tw/extension/con_data/sound/9/sentence/9c27s2.mp3"
"ini’ bah mahnguw kumaṟal ci nawilung.","因為他每天都在講電話。","https://klokah.tw/extension/con_data/sound/9/sentence/9c27s3.mp3"
"hala cel makakaṟal ci tnmoṟow ni?","會不會是在跟家人講話？","https://klokah.tw/extension/con_data/sound/9/sentence/9c27s4.mp3"
"mase’ karirex magal ci  nawilung, ba’uw ta kaca ka rangi’ ni kanel.","他每次接到電話都笑得好開心，不曉得是不是女朋友打來的。","https://klokah.tw/extension/con_data/sound/9/sentence/9c27s5.mp3"
"ye kaca, wal ramas taxan ka rangi’ ni kanel wa.","應該是，他的女朋友一定很漂亮。","https://klokah.tw/extension/con_data/sound/9/sentence/9c27s6.mp3"
"aṟat ta intaxan, ini’ ta ba’iy.","沒看到，不知道。","https://klokah.tw/extension/con_data/sound/9/sentence/9c27s7.mp3"
"sunutux ci rangi’ lu karamasan ga, kaca ka ini pata’alax ramas nak insa’ uri.","對女朋友要很專一、體貼，才不會分開並且有好的結果。","https://klokah.tw/extension/con_data/sound/9/sentence/9c27s8.mp3"
"ho’ wa, as ka sunanangi’ haṟi ka kanel uṟi ga kaca ka makinbale’ la insa’.","是啊，女人也要溫柔點才會幸福。","https://klokah.tw/extension/con_data/sound/9/sentence/9c27s9.mp3"
"ana’ i makinbuse’ magilasuw ka laha haca, nanu’ nbkis.","但願他們能夠長長久久，攜手到老。","https://klokah.tw/extension/con_data/sound/9/sentence/9c27s10.mp3"
"ramas taxan pinkusan su’ soni’, payux la garing lukus su’.","你今天穿得好漂亮，衣服上有好多鈴鐺。","https://klokah.tw/extension/con_data/sound/9/sentence/9c28s1.mp3"
"kani ka lukus min rali’, mamaha’ cu gunluw ma’as ci sunsung na alang min hang.","這是我們的傳統服飾，我要去參加部落的祭典。","https://klokah.tw/extension/con_data/sound/9/sentence/9c28s2.mp3"
"musa’ su’ gunluw ci kaca ga mawas lu maṟuy su’?","你會在祭典中唱歌跳舞嗎？","https://klokah.tw/extension/con_data/sound/9/sentence/9c28s3.mp3"
"ho’, kaca ka puing ni caṟung hang.","會，因為那是祭典的一部份。","https://klokah.tw/extension/con_data/sound/9/sentence/9c28s4.mp3"
"yo suna inu’ sunbaba’ ci awas?","你是怎麼學會唱歌的？","https://klokah.tw/extension/con_data/sound/9/sentence/9c28s5.mp3"
"mapatisal ka nabkis ga sunkisli’ mawas, minlu’ su matisal karirex lahan laga, pakuba’ su’ mawas la.","長輩喜歡在聊天時唱歌，如果常常陪長輩聊天，就會唱歌。","https://klokah.tw/extension/con_data/sound/9/sentence/9c28s6.mp3"
"ṟaṟuy wa? sinbaba’an mamu nabkis uṟi?","那跳舞呢？也是跟長輩學的嗎？","https://klokah.tw/extension/con_data/sound/9/sentence/9c28s7.mp3"
"ho’ ay, pasaring yuyuk gunluw ci nabkis musa’ magluw ci insa’ na alang, kani ka ba’ cu la.","是啊，從小跟著長輩一起參加祭典，我就學會了。","https://klokah.tw/extension/con_data/sound/9/sentence/9c28s8.mp3"
"ṟaṟihung ka ṟaṟuy haca?","是很難的舞蹈嗎？","https://klokah.tw/extension/con_data/sound/9/sentence/9c28s9.mp3"
"ṟaṟihung haṟi’ ruma’, ruma’ ga as ba’iy. mababing ci aba’ laga maṟuy min la.","有些舞步很難，有些很簡單，手牽起來就可以跳了。","https://klokah.tw/extension/con_data/sound/9/sentence/9c28s10.mp3"
"kelan na utux nanak gagaṟux ka sun Itaṟal uṟi?","泰雅族有舉行特別的祭典嗎？","https://klokah.tw/extension/con_data/sound/9/sentence/9c29s1.mp3"
"kelan ca, tehuk saing buṟating pasetu’ ci kaca laga, ma’as sunsung ci sun sumetu’ la.","有的，到了二月播種的時候，我們會舉行播種祭。","https://klokah.tw/extension/con_data/sound/9/sentence/9c29s2.mp3"
"kito’ kinbuse’ sunsung tutux?","多久舉行一次呢？","https://klokah.tw/extension/con_data/sound/9/sentence/9c29s3.mp3"
"minutux utux ingkaṟalan.","每年舉行一次。","https://klokah.tw/extension/con_data/sound/9/sentence/9c29s4.mp3"
"hunco’ ka as ki pa’asun ka yonani?","為什麼要舉行這個祭典？","https://klokah.tw/extension/con_data/sound/9/sentence/9c29s5.mp3"
"kaca ka gagaṟux na alang min, hita’ sababale’ lu payux ka kinloh ma.","這是我們習俗，期待風調雨順和豐收。","https://klokah.tw/extension/con_data/sound/9/sentence/9c29s6.mp3"
"pasetu’ ci kaca ga, payux ka sisarama’ mamu ci a’usa’?","祭典之前，要準備很多事情嗎？","https://klokah.tw/extension/con_data/sound/9/sentence/9c29s7.mp3"
"ho aṟ, pasaring min pasetu’ utux buṟating galeng ni ga, sunrama’ min la, bale’ min mapuli’ ci a’usa’ kora’.","對啊，我們從祭典的一個月前就開始準備，每個氏族都要分工合作。","https://klokah.tw/extension/con_data/sound/9/sentence/9c29s8.mp3"
"amol ka pisgagaṟux ni ki?","那有什麼禁忌呢？","https://klokah.tw/extension/con_data/sound/9/sentence/9c29s9.mp3"
"pasetu’ ci kaca ga. ana malikuṟ lu kanel as ka ini’ bing ci insa’ na moṟow.","播種前，不論男女都不可以做任何事。","https://klokah.tw/extension/con_data/sound/9/sentence/9c29s10.mp3"
"panaṟici’ cu tikiy ci insa’ na Itaṟal, pira’ kaluw kora’ ka Itaṟal nel maki’ Taywan hani?","我想請教你有關台灣原住民族的問題，請問現在原住民族有幾族呢？","https://klokah.tw/extension/con_data/sound/9/sentence/9c30s1.mp3"
"ho’ ga, ba’un mu ga pasba’an misu’ kora’.","好的，我知道的都會告訴你。","https://klokah.tw/extension/con_data/sound/9/sentence/9c30s2.mp3"
"keln na Tayal, Amis, Saysya, Bunun, Pyuma, Rukai, Paiwan, Tau, Cou, Thao, Kabaran,  Truku, Sakiraya, Sediq.","有泰雅族、阿美族、賽夏族、布農族、卑南族、魯凱族、排灣族、雅美族、鄒族、以及邵族、噶瑪蘭族、太魯閣族、撒奇萊雅族、賽德克族。","https://klokah.tw/extension/con_data/sound/9/sentence/9c30s3.mp3"
"ci’uli’ amol ka mashabaṟaw hi’?","人數最多的是哪一族？","https://klokah.tw/extension/con_data/sound/9/sentence/9c30s4.mp3"
"Amis wa.","是阿美族。","https://klokah.tw/extension/con_data/sound/9/sentence/9c30s5.mp3"
"ci’uli’ inu’ ka bilak caṟung?","那人數最少的是哪一族？","https://klokah.tw/extension/con_data/sound/9/sentence/9c30s6.mp3"
"Sakiraya ong.","是撒奇萊雅族。","https://klokah.tw/extension/con_data/sound/9/sentence/9c30s7.mp3"
"ci’uli’ inu ka wasti’ la inkelan?","哪一個民族分布最廣呢？","https://klokah.tw/extension/con_data/sound/9/sentence/9c30s8.mp3"
"Tayal wa.","泰雅族。","https://klokah.tw/extension/con_data/sound/9/sentence/9c30s9.mp3"
"ba’un mu la, bahbah su’, kani ga ba’un mu caṟung ka paki’ Taywan na Itaṟal la.","我知道了，謝謝你的回答，讓我更認識台灣的原住民族。","https://klokah.tw/extension/con_data/sound/9/sentence/9c30s10.mp3"
"maṟbuna’","很早","https://klokah.tw/extension/con_data/sound/9/word/9c1w1.mp3"
"moṟow","家","https://klokah.tw/extension/con_data/sound/9/word/9c1w2.mp3"
"inu’","那裡","https://klokah.tw/extension/con_data/sound/9/word/9c1w3.mp3"
"makmusa’","想去","https://klokah.tw/extension/con_data/sound/9/word/9c1w4.mp3"
"alang","部落","https://klokah.tw/extension/con_data/sound/9/word/9c1w5.mp3"
"hunco’","怎麼了；做什麼","https://klokah.tw/extension/con_data/sound/9/word/9c1w6.mp3"
"matox","看","https://klokah.tw/extension/con_data/sound/9/word/9c1w7.mp3"
"nabkis","父母；長輩","https://klokah.tw/extension/con_data/sound/9/word/9c1w8.mp3"
"ramas","很好","https://klokah.tw/extension/con_data/sound/9/word/9c1w9.mp3"
"buse’","很久","https://klokah.tw/extension/con_data/sound/9/word/9c1w10.mp3"
"ini’ usa’","沒去","https://klokah.tw/extension/con_data/sound/9/word/9c1w11.mp3"
"lahan","他們；他們的","https://klokah.tw/extension/con_data/sound/9/word/9c1w12.mp3"
"rex","日；天","https://klokah.tw/extension/con_data/sound/9/word/9c1w13.mp3"
"cuxan","明天","https://klokah.tw/extension/con_data/sound/9/word/9c1w14.mp3"
"kinhayuw","慢慢的","https://klokah.tw/extension/con_data/sound/9/word/9c1w15.mp3"
"ke’","語言；話","https://klokah.tw/extension/con_data/sound/9/word/9c2w1.mp3"
"Boya","男名","https://klokah.tw/extension/con_data/sound/9/word/9c2w2.mp3"
"kuṟing","我","https://klokah.tw/extension/con_data/sound/9/word/9c2w3.mp3"
"ralu’","名字","https://klokah.tw/extension/con_data/sound/9/word/9c2w4.mp3"
"Yumin","男名","https://klokah.tw/extension/con_data/sound/9/word/9c2w5.mp3"
"rangi’","朋友","https://klokah.tw/extension/con_data/sound/9/word/9c2w6.mp3"
"Tanah-tunux","日本","https://klokah.tw/extension/con_data/sound/9/word/9c2w7.mp3"
"sunbaba’","學習","https://klokah.tw/extension/con_data/sound/9/word/9c2w8.mp3"
"Itaṟal","泰雅族；原住民","https://klokah.tw/extension/con_data/sound/9/word/9c2w9.mp3"
"Taywan","台灣","https://klokah.tw/extension/con_data/sound/9/word/9c2w10.mp3"
"ma’as","高興","https://klokah.tw/extension/con_data/sound/9/word/9c2w11.mp3"
"sinang","你的","https://klokah.tw/extension/con_data/sound/9/word/9c2w12.mp3"
"mumaṟah","工作；職業","https://klokah.tw/extension/con_data/sound/9/word/9c2w13.mp3"
"sinsi’","老師","https://klokah.tw/extension/con_data/sound/9/word/9c2w14.mp3"
"Plngawan","萬大族群；帕拉亞灣","https://klokah.tw/extension/con_data/sound/9/word/9c2w15.mp3"
"ma’uṟiy","餓","https://klokah.tw/extension/con_data/sound/9/word/9c3w1.mp3"
"labos","肚子","https://klokah.tw/extension/con_data/sound/9/word/9c3w2.mp3"
"nani’un","吃的","https://klokah.tw/extension/con_data/sound/9/word/9c3w3.mp3"
"tikiy","一些；一點","https://klokah.tw/extension/con_data/sound/9/word/9c3w4.mp3"
"pingsayang","冰箱","https://klokah.tw/extension/con_data/sound/9/word/9c3w5.mp3"
"patakalux","炒","https://klokah.tw/extension/con_data/sound/9/word/9c3w6.mp3"
"tamurak","南瓜","https://klokah.tw/extension/con_data/sound/9/word/9c3w7.mp3"
"tahuk","煮","https://klokah.tw/extension/con_data/sound/9/word/9c3w8.mp3"
"aṟingu’","湯","https://klokah.tw/extension/con_data/sound/9/word/9c3w9.mp3"
"tongiy","增加","https://klokah.tw/extension/con_data/sound/9/word/9c3w10.mp3"
"bani’","骨頭","https://klokah.tw/extension/con_data/sound/9/word/9c3w11.mp3"
"abun","喝的","https://klokah.tw/extension/con_data/sound/9/word/9c3w12.mp3"
"tana’","夠了","https://klokah.tw/extension/con_data/sound/9/word/9c3w13.mp3"
"tinahuk","煮過的","https://klokah.tw/extension/con_data/sound/9/word/9c3w14.mp3"
"matangi’","飽","https://klokah.tw/extension/con_data/sound/9/word/9c3w15.mp3"
"kaṟal","天氣","https://klokah.tw/extension/con_data/sound/9/word/9c4w1.mp3"
"soni’","今天","https://klokah.tw/extension/con_data/sound/9/word/9c4w2.mp3"
"matuwagi’","出太陽","https://klokah.tw/extension/con_data/sound/9/word/9c4w3.mp3"
"umolax","下雨","https://klokah.tw/extension/con_data/sound/9/word/9c4w4.mp3"
"yona’inu’","如何","https://klokah.tw/extension/con_data/sound/9/word/9c4w5.mp3"
"unel","要來","https://klokah.tw/extension/con_data/sound/9/word/9c4w6.mp3"
"behuṟ","颱風","https://klokah.tw/extension/con_data/sound/9/word/9c4w7.mp3"
"nahaṟi’","快點","https://klokah.tw/extension/con_data/sound/9/word/9c4w8.mp3"
"bali’un","要做好","https://klokah.tw/extension/con_data/sound/9/word/9c4w9.mp3"
"tumuting","釘","https://klokah.tw/extension/con_data/sound/9/word/9c4w10.mp3"
"a’alu’","門","https://klokah.tw/extension/con_data/sound/9/word/9c4w11.mp3"
"wagi’","窗戶；太陽；時間","https://klokah.tw/extension/con_data/sound/9/word/9c4w12.mp3"
"aṟat","不是","https://klokah.tw/extension/con_data/sound/9/word/9c4w13.mp3"
"pakahiri’","會壞掉","https://klokah.tw/extension/con_data/sound/9/word/9c4w14.mp3"
"ming","用；做","https://klokah.tw/extension/con_data/sound/9/word/9c4w15.mp3"
"pira’","幾；多少","https://klokah.tw/extension/con_data/sound/9/word/9c5w1.mp3"
"mistuw","出生；掉","https://klokah.tw/extension/con_data/sound/9/word/9c5w2.mp3"
"kanon","什麼時候","https://klokah.tw/extension/con_data/sound/9/word/9c5w3.mp3"
"kistagan","生日","https://klokah.tw/extension/con_data/sound/9/word/9c5w4.mp3"
"mapitu’","七","https://klokah.tw/extension/con_data/sound/9/word/9c5w5.mp3"
"buṟating","月；月亮","https://klokah.tw/extension/con_data/sound/9/word/9c5w6.mp3"
"mapusal","二十","https://klokah.tw/extension/con_data/sound/9/word/9c5w7.mp3"
"abagan","夏天","https://klokah.tw/extension/con_data/sound/9/word/9c5w8.mp3"
"malalahaw","活潑；熱情；健談","https://klokah.tw/extension/con_data/sound/9/word/9c5w9.mp3"
"caṟung","真的；非常","https://klokah.tw/extension/con_data/sound/9/word/9c5w10.mp3"
"matṟu’","六","https://klokah.tw/extension/con_data/sound/9/word/9c5w11.mp3"
"ṟamagal","五","https://klokah.tw/extension/con_data/sound/9/word/9c5w12.mp3"
"ṟinogan","星期","https://klokah.tw/extension/con_data/sound/9/word/9c5w13.mp3"
"sababale’","好好的；享受","https://klokah.tw/extension/con_data/sound/9/word/9c5w14.mp3"
"mahnguw","休息","https://klokah.tw/extension/con_data/sound/9/word/9c5w15.mp3"
"tu’uy","路","https://klokah.tw/extension/con_data/sound/9/word/9c6w1.mp3"
"yowci","郵局","https://klokah.tw/extension/con_data/sound/9/word/9c6w2.mp3"
"sisyaw","附近","https://klokah.tw/extension/con_data/sound/9/word/9c6w3.mp3"
"Apiy","人名","https://klokah.tw/extension/con_data/sound/9/word/9c6w4.mp3"
"subeh","近","https://klokah.tw/extension/con_data/sound/9/word/9c6w5.mp3"
"pagalu’ing","直走","https://klokah.tw/extension/con_data/sound/9/word/9c6w6.mp3"
"gingko","銀行（外來語）","https://klokah.tw/extension/con_data/sound/9/word/9c6w7.mp3"
"panoh","從","https://klokah.tw/extension/con_data/sound/9/word/9c6w8.mp3"
"anali’","右","https://klokah.tw/extension/con_data/sound/9/word/9c6w9.mp3"
"awah","來","https://klokah.tw/extension/con_data/sound/9/word/9c6w10.mp3"
"il","左","https://klokah.tw/extension/con_data/sound/9/word/9c6w11.mp3"
"suntuhya’","距離遠","https://klokah.tw/extension/con_data/sound/9/word/9c6w12.mp3"
"patehuk","將到；快到","https://klokah.tw/extension/con_data/sound/9/word/9c6w13.mp3"
"maguṟuw","迷失；錯誤","https://klokah.tw/extension/con_data/sound/9/word/9c6w14.mp3"
"panaṟiciy","將告訴","https://klokah.tw/extension/con_data/sound/9/word/9c6w15.mp3"
"pila’","錢","https://klokah.tw/extension/con_data/sound/9/word/9c7w1.mp3"
"makminiy","想買","https://klokah.tw/extension/con_data/sound/9/word/9c7w2.mp3"
"tamuku’","帽子","https://klokah.tw/extension/con_data/sound/9/word/9c7w3.mp3"
"iro’","顏色（外來語）","https://klokah.tw/extension/con_data/sound/9/word/9c7w4.mp3"
"magasulu’","黃色","https://klokah.tw/extension/con_data/sound/9/word/9c7w5.mp3"
"matanah","紅色","https://klokah.tw/extension/con_data/sound/9/word/9c7w6.mp3"
"talami","試著","https://klokah.tw/extension/con_data/sound/9/word/9c7w7.mp3"
"yotas","大","https://klokah.tw/extension/con_data/sound/9/word/9c7w8.mp3"
"si’agal","幫拿","https://klokah.tw/extension/con_data/sound/9/word/9c7w9.mp3"
"yuyuk","小","https://klokah.tw/extension/con_data/sound/9/word/9c7w10.mp3"
"na’ tikiy","稍等","https://klokah.tw/extension/con_data/sound/9/word/9c7w11.mp3"
"micuw","現在","https://klokah.tw/extension/con_data/sound/9/word/9c7w12.mp3"
"tantana’","剛剛好","https://klokah.tw/extension/con_data/sound/9/word/9c7w13.mp3"
"kabhul","佰","https://klokah.tw/extension/con_data/sound/9/word/9c7w14.mp3"
"maskitu’","貴；硬","https://klokah.tw/extension/con_data/sound/9/word/9c7w15.mp3"
"moh","來","https://klokah.tw/extension/con_data/sound/9/word/9c8w1.mp3"
"mani’","吃","https://klokah.tw/extension/con_data/sound/9/word/9c8w2.mp3"
"yaba’","爸爸","https://klokah.tw/extension/con_data/sound/9/word/9c8w3.mp3"
"mu","我","https://klokah.tw/extension/con_data/sound/9/word/9c8w4.mp3"
"nahri’","可惜","https://klokah.tw/extension/con_data/sound/9/word/9c8w5.mp3"
"kora’","全部；大家","https://klokah.tw/extension/con_data/sound/9/word/9c8w6.mp3"
"tun","吩咐","https://klokah.tw/extension/con_data/sound/9/word/9c8w7.mp3"
"mi’","給","https://klokah.tw/extension/con_data/sound/9/word/9c8w8.mp3"
"babi’","要給","https://klokah.tw/extension/con_data/sound/9/word/9c8w9.mp3"
"kanel","太太；女人","https://klokah.tw/extension/con_data/sound/9/word/9c8w10.mp3"
"ho’ ga","好的","https://klokah.tw/extension/con_data/sound/9/word/9c8w11.mp3"
"kaṟalun","告訴","https://klokah.tw/extension/con_data/sound/9/word/9c8w12.mp3"
"malahang","找；保重","https://klokah.tw/extension/con_data/sound/9/word/9c8w13.mp3"
"hi’","身體","https://klokah.tw/extension/con_data/sound/9/word/9c8w14.mp3"
"kani ga","那就；那麼","https://klokah.tw/extension/con_data/sound/9/word/9c8w15.mp3"
"Iyung","人名","https://klokah.tw/extension/con_data/sound/9/word/9c9w1.mp3"
"capṟang","非常；真是","https://klokah.tw/extension/con_data/sound/9/word/9c9w2.mp3"
"ta’","咱們；我們","https://klokah.tw/extension/con_data/sound/9/word/9c9w3.mp3"
"ima’","誰","https://klokah.tw/extension/con_data/sound/9/word/9c9w4.mp3"
"unpasba’","教","https://klokah.tw/extension/con_data/sound/9/word/9c9w5.mp3"
"makake’","對話","https://klokah.tw/extension/con_data/sound/9/word/9c9w6.mp3"
"kuba’","原來","https://klokah.tw/extension/con_data/sound/9/word/9c9w7.mp3"
"sinbili’","留下","https://klokah.tw/extension/con_data/sound/9/word/9c9w8.mp3"
"kinanuhan","一生","https://klokah.tw/extension/con_data/sound/9/word/9c9w9.mp3"
"ramas kani","這樣很好","https://klokah.tw/extension/con_data/sound/9/word/9c9w10.mp3"
"iya’ alax","不要放棄","https://klokah.tw/extension/con_data/sound/9/word/9c9w11.mp3"
"kintatu’ sunbaba’","盡量學習","https://klokah.tw/extension/con_data/sound/9/word/9c9w12.mp3"
"ba’ lunglung","會想","https://klokah.tw/extension/con_data/sound/9/word/9c9w13.mp3"
"lunglung","思考；會想","https://klokah.tw/extension/con_data/sound/9/word/9c9w14.mp3"
"matatu’uy","正確；有道理","https://klokah.tw/extension/con_data/sound/9/word/9c9w15.mp3"
"ba’un","知道","https://klokah.tw/extension/con_data/sound/9/word/9c10w1.mp3"
"minung","聽說","https://klokah.tw/extension/con_data/sound/9/word/9c10w2.mp3"
"intana’an","同學","https://klokah.tw/extension/con_data/sound/9/word/9c10w3.mp3"
"muhuṟaw","又長；又多","https://klokah.tw/extension/con_data/sound/9/word/9c10w4.mp3"
"luṟi","又","https://klokah.tw/extension/con_data/sound/9/word/9c10w5.mp3"
"magaluw","一起","https://klokah.tw/extension/con_data/sound/9/word/9c10w6.mp3"
"malahngan","晚上","https://klokah.tw/extension/con_data/sound/9/word/9c10w7.mp3"
"sasarama’","準備；預備","https://klokah.tw/extension/con_data/sound/9/word/9c10w8.mp3"
"eri’","不用","https://klokah.tw/extension/con_data/sound/9/word/9c10w9.mp3"
"aguw","酒","https://klokah.tw/extension/con_data/sound/9/word/9c10w10.mp3"
"asinuw","山肉","https://klokah.tw/extension/con_data/sound/9/word/9c10w11.mp3"
"sinkarugan","醃肉","https://klokah.tw/extension/con_data/sound/9/word/9c10w12.mp3"
"yonani’","就這樣","https://klokah.tw/extension/con_data/sound/9/word/9c10w13.mp3"
"tibula’","香糯米","https://klokah.tw/extension/con_data/sound/9/word/9c10w14.mp3"
"kinramasan","很棒","https://klokah.tw/extension/con_data/sound/9/word/9c10w15.mp3"
"macsuse’","兄弟姊妹","https://klokah.tw/extension/con_data/sound/9/word/9c11w1.mp3"
"utux","一","https://klokah.tw/extension/con_data/sound/9/word/9c11w2.mp3"
"asuṟan","哥或姊","https://klokah.tw/extension/con_data/sound/9/word/9c11w3.mp3"
"malikuṟ","男人；先生","https://klokah.tw/extension/con_data/sound/9/word/9c11w4.mp3"
"suse’","弟或妹","https://klokah.tw/extension/con_data/sound/9/word/9c11w5.mp3"
"pumahun","工作內容","https://klokah.tw/extension/con_data/sound/9/word/9c11w6.mp3"
"pumaṟah","農人","https://klokah.tw/extension/con_data/sound/9/word/9c11w7.mp3"
"ising","醫生","https://klokah.tw/extension/con_data/sound/9/word/9c11w8.mp3"
"tase’","大學","https://klokah.tw/extension/con_data/sound/9/word/9c11w9.mp3"
"tanmoṟow","家庭；主人","https://klokah.tw/extension/con_data/sound/9/word/9c11w10.mp3"
"minagal","拿過；娶過","https://klokah.tw/extension/con_data/sound/9/word/9c11w11.mp3"
"ule’","小孩","https://klokah.tw/extension/con_data/sound/9/word/9c11w12.mp3"
"maki’","在","https://klokah.tw/extension/con_data/sound/9/word/9c11w13.mp3"
"matisal","聊天；拜訪","https://klokah.tw/extension/con_data/sound/9/word/9c11w14.mp3"
"karirex","每天","https://klokah.tw/extension/con_data/sound/9/word/9c11w15.mp3"
"amol","什麼","https://klokah.tw/extension/con_data/sound/9/word/9c12w1.mp3"
"pasba’","教","https://klokah.tw/extension/con_data/sound/9/word/9c12w2.mp3"
"payux","很多","https://klokah.tw/extension/con_data/sound/9/word/9c12w3.mp3"
"sunbale’","作","https://klokah.tw/extension/con_data/sound/9/word/9c12w4.mp3"
"yayupun","汽球","https://klokah.tw/extension/con_data/sound/9/word/9c12w5.mp3"
"talagay","這麼多","https://klokah.tw/extension/con_data/sound/9/word/9c12w6.mp3"
"hani","這個","https://klokah.tw/extension/con_data/sound/9/word/9c12w7.mp3"
"ṟaṟuw","討厭","https://klokah.tw/extension/con_data/sound/9/word/9c12w8.mp3"
"lumuhing","傳承","https://klokah.tw/extension/con_data/sound/9/word/9c12w9.mp3"
"patabuk","將辛苦","https://klokah.tw/extension/con_data/sound/9/word/9c12w10.mp3"
"kunangṟas","疲憊","https://klokah.tw/extension/con_data/sound/9/word/9c12w11.mp3"
"sunkakaru’","有趣","https://klokah.tw/extension/con_data/sound/9/word/9c12w12.mp3"
"ana","再","https://klokah.tw/extension/con_data/sound/9/word/9c12w13.mp3"
"matabuk","辛苦","https://klokah.tw/extension/con_data/sound/9/word/9c12w14.mp3"
"laluhing","將傳承","https://klokah.tw/extension/con_data/sound/9/word/9c12w15.mp3"
"ṟagu’","菜；菜餚","https://klokah.tw/extension/con_data/sound/9/word/9c13w1.mp3"
"utux-nak","特別","https://klokah.tw/extension/con_data/sound/9/word/9c13w2.mp3"
"baṟok","山豬","https://klokah.tw/extension/con_data/sound/9/word/9c13w3.mp3"
"ṟumala’","過貓菜","https://klokah.tw/extension/con_data/sound/9/word/9c13w4.mp3"
"ucyux cubay","苦花魚","https://klokah.tw/extension/con_data/sound/9/word/9c13w5.mp3"
"patalang","將試","https://klokah.tw/extension/con_data/sound/9/word/9c13w6.mp3"
"pantuxi’","各別；一個個","https://klokah.tw/extension/con_data/sound/9/word/9c13w7.mp3"
"tamana’","高麗菜","https://klokah.tw/extension/con_data/sound/9/word/9c13w8.mp3"
"abaw ngahi’","地瓜葉","https://klokah.tw/extension/con_data/sound/9/word/9c13w9.mp3"
"rilyuw kopit","龍鬚菜","https://klokah.tw/extension/con_data/sound/9/word/9c13w10.mp3"
"mami’","白飯","https://klokah.tw/extension/con_data/sound/9/word/9c13w11.mp3"
"kani’","請吃","https://klokah.tw/extension/con_data/sound/9/word/9c13w12.mp3"
"ṟating","碗","https://klokah.tw/extension/con_data/sound/9/word/9c13w13.mp3"
"pake’","將吃","https://klokah.tw/extension/con_data/sound/9/word/9c13w14.mp3"
"mema’","洗","https://klokah.tw/extension/con_data/sound/9/word/9c13w15.mp3"
"basu’","公車","https://klokah.tw/extension/con_data/sound/9/word/9c14w1.mp3"
"ṟaṟulu’","車子","https://klokah.tw/extension/con_data/sound/9/word/9c14w2.mp3"
"masmalahngan","來晚了","https://klokah.tw/extension/con_data/sound/9/word/9c14w3.mp3"
"hungel","很多","https://klokah.tw/extension/con_data/sound/9/word/9c14w4.mp3"
"maku’","害我","https://klokah.tw/extension/con_data/sound/9/word/9c14w5.mp3"
"pahatul","堵；塞","https://klokah.tw/extension/con_data/sound/9/word/9c14w6.mp3"
"sebeh","近","https://klokah.tw/extension/con_data/sound/9/word/9c14w7.mp3"
"tapanga’","坐","https://klokah.tw/extension/con_data/sound/9/word/9c14w8.mp3"
"hikoki’","飛機（外來語）","https://klokah.tw/extension/con_data/sound/9/word/9c14w9.mp3"
"umabas","比較","https://klokah.tw/extension/con_data/sound/9/word/9c14w10.mp3"
"manamis","快速；很快","https://klokah.tw/extension/con_data/sound/9/word/9c14w11.mp3"
"kawte","高鐵","https://klokah.tw/extension/con_data/sound/9/word/9c14w12.mp3"
"maktupanga’","想坐","https://klokah.tw/extension/con_data/sound/9/word/9c14w13.mp3"
"kisya’","火車（外來語）","https://klokah.tw/extension/con_data/sound/9/word/9c14w14.mp3"
"abas","其實","https://klokah.tw/extension/con_data/sound/9/word/9c14w15.mp3"
"muxal","生病","https://klokah.tw/extension/con_data/sound/9/word/9c15w1.mp3"
"biyoing","醫院（外來語）","https://klokah.tw/extension/con_data/sound/9/word/9c15w2.mp3"
"kito’","多少","https://klokah.tw/extension/con_data/sound/9/word/9c15w3.mp3"
"tingit","有時","https://klokah.tw/extension/con_data/sound/9/word/9c15w4.mp3"
"paskisli’","很喘","https://klokah.tw/extension/con_data/sound/9/word/9c15w5.mp3"
"kinmuxal","什麼病","https://klokah.tw/extension/con_data/sound/9/word/9c15w6.mp3"
"tunux","頭","https://klokah.tw/extension/con_data/sound/9/word/9c15w7.mp3"
"muta’","嘔吐","https://klokah.tw/extension/con_data/sound/9/word/9c15w8.mp3"
"minsa’","去過","https://klokah.tw/extension/con_data/sound/9/word/9c15w9.mp3"
"pagalasuw","要照顧","https://klokah.tw/extension/con_data/sound/9/word/9c15w10.mp3"
"gunlasuw","照顧","https://klokah.tw/extension/con_data/sound/9/word/9c15w11.mp3"
"halan matu’","送去","https://klokah.tw/extension/con_data/sound/9/word/9c15w12.mp3"
"sasan","早上","https://klokah.tw/extension/con_data/sound/9/word/9c15w13.mp3"
"pahpuy","煮","https://klokah.tw/extension/con_data/sound/9/word/9c15w14.mp3"
"ungat babahan","沒辦法","https://klokah.tw/extension/con_data/sound/9/word/9c15w15.mp3"
"oy","喂","https://klokah.tw/extension/con_data/sound/9/word/9c16w1.mp3"
"ungat niniy","不在","https://klokah.tw/extension/con_data/sound/9/word/9c16w2.mp3"
"niniy","這裡","https://klokah.tw/extension/con_data/sound/9/word/9c16w3.mp3"
"salahaw","玩","https://klokah.tw/extension/con_data/sound/9/word/9c16w4.mp3"
"sipalawa’","叫他","https://klokah.tw/extension/con_data/sound/9/word/9c16w5.mp3"
"ux","哦","https://klokah.tw/extension/con_data/sound/9/word/9c16w6.mp3"
"saku’","我","https://klokah.tw/extension/con_data/sound/9/word/9c16w7.mp3"
"maktugal","過三天","https://klokah.tw/extension/con_data/sound/9/word/9c16w8.mp3"
"cikaca","那時候","https://klokah.tw/extension/con_data/sound/9/word/9c16w9.mp3"
"habaṟaw","多數","https://klokah.tw/extension/con_data/sound/9/word/9c16w10.mp3"
"mamoh","要來；會來","https://klokah.tw/extension/con_data/sound/9/word/9c16w11.mp3"
"cimunan","你們的","https://klokah.tw/extension/con_data/sound/9/word/9c16w12.mp3"
"ka’ixul","騙","https://klokah.tw/extension/con_data/sound/9/word/9c16w13.mp3"
"kaṟali’","告訴","https://klokah.tw/extension/con_data/sound/9/word/9c16w14.mp3"
"iya’ lunlung","不要擔心","https://klokah.tw/extension/con_data/sound/9/word/9c16w15.mp3"
"makni’un","想吃","https://klokah.tw/extension/con_data/sound/9/word/9c17w1.mp3"
"cakan rex","中午","https://klokah.tw/extension/con_data/sound/9/word/9c17w2.mp3"
"tatahuk","煮法","https://klokah.tw/extension/con_data/sound/9/word/9c17w3.mp3"
"ga’aṟus","新的","https://klokah.tw/extension/con_data/sound/9/word/9c17w4.mp3"
"maginbiniy","店家；生意","https://klokah.tw/extension/con_data/sound/9/word/9c17w5.mp3"
"ginawah","開的","https://klokah.tw/extension/con_data/sound/9/word/9c17w6.mp3"
"tumalang","試看看","https://klokah.tw/extension/con_data/sound/9/word/9c17w7.mp3"
"pungan","聽說","https://klokah.tw/extension/con_data/sound/9/word/9c17w8.mp3"
"palawa’","叫；點","https://klokah.tw/extension/con_data/sound/9/word/9c17w9.mp3"
"rangil","糯米","https://klokah.tw/extension/con_data/sound/9/word/9c17w10.mp3"
"cacibing","很甜","https://klokah.tw/extension/con_data/sound/9/word/9c17w11.mp3"
"kinmangihuṟ","鹹度","https://klokah.tw/extension/con_data/sound/9/word/9c17w12.mp3"
"kopiy","一把抓","https://klokah.tw/extension/con_data/sound/9/word/9c17w13.mp3"
"ngawa’","嘴","https://klokah.tw/extension/con_data/sound/9/word/9c17w14.mp3"
"tepeh","鍋子","https://klokah.tw/extension/con_data/sound/9/word/9c17w15.mp3"
"a’usa’","興趣；事情","https://klokah.tw/extension/con_data/sound/9/word/9c18w1.mp3"
"nanahi’","山上","https://klokah.tw/extension/con_data/sound/9/word/9c18w2.mp3"
"cubay","真的","https://klokah.tw/extension/con_data/sound/9/word/9c18w3.mp3"
"pakahapṟow","會健康","https://klokah.tw/extension/con_data/sound/9/word/9c18w4.mp3"
"lahlahuṟ","森林","https://klokah.tw/extension/con_data/sound/9/word/9c18w5.mp3"
"pasabehuṟ","吹風","https://klokah.tw/extension/con_data/sound/9/word/9c18w6.mp3"
"tuling","躲藏；躲避","https://klokah.tw/extension/con_data/sound/9/word/9c18w7.mp3"
"pasasing","照相","https://klokah.tw/extension/con_data/sound/9/word/9c18w8.mp3"
"ṟapak","花","https://klokah.tw/extension/con_data/sound/9/word/9c18w9.mp3"
"kumogi’","整理","https://klokah.tw/extension/con_data/sound/9/word/9c18w10.mp3"
"ṟapakan","花園","https://klokah.tw/extension/con_data/sound/9/word/9c18w11.mp3"
"mali’","灑；噴","https://klokah.tw/extension/con_data/sound/9/word/9c18w12.mp3"
"use’","水","https://klokah.tw/extension/con_data/sound/9/word/9c18w13.mp3"
"panek","釣魚","https://klokah.tw/extension/con_data/sound/9/word/9c18w14.mp3"
"ucyux","魚","https://klokah.tw/extension/con_data/sound/9/word/9c18w15.mp3"
"ye ka","因為","https://klokah.tw/extension/con_data/sound/9/word/9c19w1.mp3"
"anak","可以","https://klokah.tw/extension/con_data/sound/9/word/9c19w2.mp3"
"lumanguy","游泳","https://klokah.tw/extension/con_data/sound/9/word/9c19w3.mp3"
"me’","吃","https://klokah.tw/extension/con_data/sound/9/word/9c19w4.mp3"
"kiyapeng","冰","https://klokah.tw/extension/con_data/sound/9/word/9c19w5.mp3"
"kunṟak","抓","https://klokah.tw/extension/con_data/sound/9/word/9c19w6.mp3"
"ngatu’","甲蟲","https://klokah.tw/extension/con_data/sound/9/word/9c19w7.mp3"
"kaba’","會","https://klokah.tw/extension/con_data/sound/9/word/9c19w8.mp3"
"mangungu’","很怕","https://klokah.tw/extension/con_data/sound/9/word/9c19w9.mp3"
"kakumay","毛毛蟲","https://klokah.tw/extension/con_data/sound/9/word/9c19w10.mp3"
"ungat la ṟuhung","膽小","https://klokah.tw/extension/con_data/sound/9/word/9c19w11.mp3"
"pakmuhla’iy","秋天","https://klokah.tw/extension/con_data/sound/9/word/9c19w12.mp3"
"naha","他們","https://klokah.tw/extension/con_data/sound/9/word/9c19w13.mp3"
"gahṟa’","冷","https://klokah.tw/extension/con_data/sound/9/word/9c19w14.mp3"
"ra’","楓樹","https://klokah.tw/extension/con_data/sound/9/word/9c19w15.mp3"
"sunsung","過年","https://klokah.tw/extension/con_data/sound/9/word/9c20w1.mp3"
"babinarun","要買的","https://klokah.tw/extension/con_data/sound/9/word/9c20w2.mp3"
"pilaw","最近；今年","https://klokah.tw/extension/con_data/sound/9/word/9c20w3.mp3"
"ho’","是","https://klokah.tw/extension/con_data/sound/9/word/9c20w4.mp3"
"pa’aras","將要帶","https://klokah.tw/extension/con_data/sound/9/word/9c20w5.mp3"
"cel inu’","在那裏","https://klokah.tw/extension/con_data/sound/9/word/9c20w6.mp3"
"ragex","山頂；山上","https://klokah.tw/extension/con_data/sound/9/word/9c20w7.mp3"
"kinbatunux","很帥氣；很美麗","https://klokah.tw/extension/con_data/sound/9/word/9c20w8.mp3"
"palibon","圍繞","https://klokah.tw/extension/con_data/sound/9/word/9c20w9.mp3"
"mati’uṟit","轉彎","https://klokah.tw/extension/con_data/sound/9/word/9c20w10.mp3"
"luling","河水","https://klokah.tw/extension/con_data/sound/9/word/9c20w11.mp3"
"pagluw","將一起","https://klokah.tw/extension/con_data/sound/9/word/9c20w12.mp3"
"cami","我們","https://klokah.tw/extension/con_data/sound/9/word/9c20w13.mp3"
"mawas","唱歌","https://klokah.tw/extension/con_data/sound/9/word/9c20w14.mp3"
"maṟuy","跳舞","https://klokah.tw/extension/con_data/sound/9/word/9c20w15.mp3"
"angṟat","認真；努力","https://klokah.tw/extension/con_data/sound/9/word/9c21w1.mp3"
"makaruṟux","勤勞","https://klokah.tw/extension/con_data/sound/9/word/9c21w2.mp3"
"paskinanaru’","貪心","https://klokah.tw/extension/con_data/sound/9/word/9c21w3.mp3"
"saringun inu’","從那裡","https://klokah.tw/extension/con_data/sound/9/word/9c21w4.mp3"
"ana’ amol","無論什麼","https://klokah.tw/extension/con_data/sound/9/word/9c21w5.mp3"
"su’un","完成","https://klokah.tw/extension/con_data/sound/9/word/9c21w6.mp3"
"ini’ cu bah","我從不","https://klokah.tw/extension/con_data/sound/9/word/9c21w7.mp3"
"patatiṟuw","驕傲","https://klokah.tw/extension/con_data/sound/9/word/9c21w8.mp3"
"mahyuw","謙虛；便宜","https://klokah.tw/extension/con_data/sound/9/word/9c21w9.mp3"
"linlungan","心裡","https://klokah.tw/extension/con_data/sound/9/word/9c21w10.mp3"
"ong","哦；嗎","https://klokah.tw/extension/con_data/sound/9/word/9c21w11.mp3"
"pasaring","從","https://klokah.tw/extension/con_data/sound/9/word/9c21w12.mp3"
"kira’","今天；現在","https://klokah.tw/extension/con_data/sound/9/word/9c21w13.mp3"
"picaca","這麼做；就這樣","https://klokah.tw/extension/con_data/sound/9/word/9c21w14.mp3"
"pasulung","模仿；學習","https://klokah.tw/extension/con_data/sound/9/word/9c21w15.mp3"
"rogan","幫忙","https://klokah.tw/extension/con_data/sound/9/word/9c22w1.mp3"
"a’abelan","房間；睡的","https://klokah.tw/extension/con_data/sound/9/word/9c22w2.mp3"
"Piyu","男名","https://klokah.tw/extension/con_data/sound/9/word/9c22w3.mp3"
"ṟungen","忘了","https://klokah.tw/extension/con_data/sound/9/word/9c22w4.mp3"
"ṟik","裏面；內","https://klokah.tw/extension/con_data/sound/9/word/9c22w5.mp3"
"kagi’","鑰匙","https://klokah.tw/extension/con_data/sound/9/word/9c22w6.mp3"
"bihawan","鎖住","https://klokah.tw/extension/con_data/sound/9/word/9c22w7.mp3"
"tanux","外面","https://klokah.tw/extension/con_data/sound/9/word/9c22w8.mp3"
"ṟumungi’","忘記","https://klokah.tw/extension/con_data/sound/9/word/9c22w9.mp3"
"mata’ixul","趕著","https://klokah.tw/extension/con_data/sound/9/word/9c22w10.mp3"
"be’an","給","https://klokah.tw/extension/con_data/sound/9/word/9c22w11.mp3"
"singku’","收起來","https://klokah.tw/extension/con_data/sound/9/word/9c22w12.mp3"
"kabxul","佰","https://klokah.tw/extension/con_data/sound/9/word/9c22w13.mp3"
"angaya’","東西","https://klokah.tw/extension/con_data/sound/9/word/9c22w14.mp3"
"pinoh","寄","https://klokah.tw/extension/con_data/sound/9/word/9c22w15.mp3"
"patas","書；號碼","https://klokah.tw/extension/con_data/sound/9/word/9c23w1.mp3"
"sababa’an","學習的","https://klokah.tw/extension/con_data/sound/9/word/9c23w2.mp3"
"awas","歌","https://klokah.tw/extension/con_data/sound/9/word/9c23w3.mp3"
"mintana’","一樣","https://klokah.tw/extension/con_data/sound/9/word/9c23w4.mp3"
"yeka anak","因為可以","https://klokah.tw/extension/con_data/sound/9/word/9c23w5.mp3"
"lanlamu’","各種；形形色色","https://klokah.tw/extension/con_data/sound/9/word/9c23w6.mp3"
"lubuw","樂器","https://klokah.tw/extension/con_data/sound/9/word/9c23w7.mp3"
"palubuw","彈；吹","https://klokah.tw/extension/con_data/sound/9/word/9c23w8.mp3"
"ba’ ay","會啊","https://klokah.tw/extension/con_data/sound/9/word/9c23w9.mp3"
"sunṟaṟing","很羨慕","https://klokah.tw/extension/con_data/sound/9/word/9c23w10.mp3"
"utux moṟow","一家人","https://klokah.tw/extension/con_data/sound/9/word/9c23w11.mp3"
"babuw","以後","https://klokah.tw/extension/con_data/sound/9/word/9c23w12.mp3"
"panaṟican","告訴；問","https://klokah.tw/extension/con_data/sound/9/word/9c23w13.mp3"
"innanangen","將故意","https://klokah.tw/extension/con_data/sound/9/word/9c23w14.mp3"
"sunnanangi’","撒嬌","https://klokah.tw/extension/con_data/sound/9/word/9c23w15.mp3"
"ṟaṟihung","困難；瓶頸","https://klokah.tw/extension/con_data/sound/9/word/9c24w1.mp3"
"kumaṟal","說","https://klokah.tw/extension/con_data/sound/9/word/9c24w2.mp3"
"makaṟal","交談","https://klokah.tw/extension/con_data/sound/9/word/9c24w3.mp3"
"tahṟuti’","滑；順；流利","https://klokah.tw/extension/con_data/sound/9/word/9c24w4.mp3"
"mak","想","https://klokah.tw/extension/con_data/sound/9/word/9c24w5.mp3"
"mala’ulu’","適合","https://klokah.tw/extension/con_data/sound/9/word/9c24w6.mp3"
"talang","試著","https://klokah.tw/extension/con_data/sound/9/word/9c24w7.mp3"
"seyto’","學生","https://klokah.tw/extension/con_data/sound/9/word/9c24w8.mp3"
"mung","聽","https://klokah.tw/extension/con_data/sound/9/word/9c24w9.mp3"
"siktox","參考","https://klokah.tw/extension/con_data/sound/9/word/9c24w10.mp3"
"tennaw","電腦","https://klokah.tw/extension/con_data/sound/9/word/9c24w11.mp3"
"pinnatas","課程；寫的","https://klokah.tw/extension/con_data/sound/9/word/9c24w12.mp3"
"kinpayux","那麼多","https://klokah.tw/extension/con_data/sound/9/word/9c24w13.mp3"
"ini’ haco’","沒關係","https://klokah.tw/extension/con_data/sound/9/word/9c24w14.mp3"
"pakalu’","遇到","https://klokah.tw/extension/con_data/sound/9/word/9c24w15.mp3"
"Watan","男名","https://klokah.tw/extension/con_data/sound/9/word/9c25w1.mp3"
"sasaṟux","不好意思","https://klokah.tw/extension/con_data/sound/9/word/9c25w2.mp3"
"maksunṟaṟuw","想耽誤","https://klokah.tw/extension/con_data/sound/9/word/9c25w3.mp3"
"hula’iy","雪","https://klokah.tw/extension/con_data/sound/9/word/9c25w4.mp3"
"tanah-tunux","日本人","https://klokah.tw/extension/con_data/sound/9/word/9c25w5.mp3"
"bahbah","難得","https://klokah.tw/extension/con_data/sound/9/word/9c25w6.mp3"
"hune’","船（外來語）","https://klokah.tw/extension/con_data/sound/9/word/9c25w7.mp3"
"tupanga’","搭；坐","https://klokah.tw/extension/con_data/sound/9/word/9c25w8.mp3"
"nas","現","https://klokah.tw/extension/con_data/sound/9/word/9c25w9.mp3"
"kinṟak","抓的","https://klokah.tw/extension/con_data/sound/9/word/9c25w10.mp3"
"balulung","蝦","https://klokah.tw/extension/con_data/sound/9/word/9c25w11.mp3"
"kakagang","螃蟹","https://klokah.tw/extension/con_data/sound/9/word/9c25w12.mp3"
"katalu’un","生吃","https://klokah.tw/extension/con_data/sound/9/word/9c25w13.mp3"
"sanahyagal","可口","https://klokah.tw/extension/con_data/sound/9/word/9c25w14.mp3"
"tarahri’","享受；沒有阻礙","https://klokah.tw/extension/con_data/sound/9/word/9c25w15.mp3"
"kinbuse’","多久","https://klokah.tw/extension/con_data/sound/9/word/9c26w1.mp3"
"pinmahan","工作內容","https://klokah.tw/extension/con_data/sound/9/word/9c26w2.mp3"
"inohan","經歷；經過","https://klokah.tw/extension/con_data/sound/9/word/9c26w3.mp3"
"Yabiy","女名","https://klokah.tw/extension/con_data/sound/9/word/9c26w4.mp3"
"kung","我","https://klokah.tw/extension/con_data/sound/9/word/9c26w5.mp3"
"linpuw","讀過","https://klokah.tw/extension/con_data/sound/9/word/9c26w6.mp3"
"sikaṟal","說說；介紹","https://klokah.tw/extension/con_data/sound/9/word/9c26w7.mp3"
"minnu","曾經；本來","https://klokah.tw/extension/con_data/sound/9/word/9c26w8.mp3"
"tugal","三","https://klokah.tw/extension/con_data/sound/9/word/9c26w9.mp3"
"ingkaṟalan","年","https://klokah.tw/extension/con_data/sound/9/word/9c26w10.mp3"
"ṟakah","不好；壞","https://klokah.tw/extension/con_data/sound/9/word/9c26w11.mp3"
"umixul","要定","https://klokah.tw/extension/con_data/sound/9/word/9c26w12.mp3"
"Nanto’","南投","https://klokah.tw/extension/con_data/sound/9/word/9c26w13.mp3"
"matukari’","搬家","https://klokah.tw/extension/con_data/sound/9/word/9c26w14.mp3"
"insa’","狀況","https://klokah.tw/extension/con_data/sound/9/word/9c26w15.mp3"
"mararili’","談戀愛","https://klokah.tw/extension/con_data/sound/9/word/9c27w1.mp3"
"xiya’","他","https://klokah.tw/extension/con_data/sound/9/word/9c27w2.mp3"
"nawilung","電話","https://klokah.tw/extension/con_data/sound/9/word/9c27w3.mp3"
"hala","可能；會不會","https://klokah.tw/extension/con_data/sound/9/word/9c27w4.mp3"
"mase’","笑","https://klokah.tw/extension/con_data/sound/9/word/9c27w5.mp3"
"magal","拿","https://klokah.tw/extension/con_data/sound/9/word/9c27w6.mp3"
"ba’uw","不曉得；誰知道","https://klokah.tw/extension/con_data/sound/9/word/9c27w7.mp3"
"ye kaca","應該是","https://klokah.tw/extension/con_data/sound/9/word/9c27w8.mp3"
"sunutux","專一","https://klokah.tw/extension/con_data/sound/9/word/9c27w9.mp3"
"karamasan","體貼","https://klokah.tw/extension/con_data/sound/9/word/9c27w10.mp3"
"pata’alax","不分開","https://klokah.tw/extension/con_data/sound/9/word/9c27w11.mp3"
"makinbale’","合好","https://klokah.tw/extension/con_data/sound/9/word/9c27w12.mp3"
"ana’","但願","https://klokah.tw/extension/con_data/sound/9/word/9c27w13.mp3"
"makinbuse’","長長久久","https://klokah.tw/extension/con_data/sound/9/word/9c27w14.mp3"
"magilasuw","互相照顧；互相扶持","https://klokah.tw/extension/con_data/sound/9/word/9c27w15.mp3"
"nanu’","直到","https://klokah.tw/extension/con_data/sound/9/word/9c27w16.mp3"
"pinkusan","穿著；穿過","https://klokah.tw/extension/con_data/sound/9/word/9c28w1.mp3"
"garing","鈴鐺","https://klokah.tw/extension/con_data/sound/9/word/9c28w2.mp3"
"lukus","衣服","https://klokah.tw/extension/con_data/sound/9/word/9c28w3.mp3"
"mamaha’","要去","https://klokah.tw/extension/con_data/sound/9/word/9c28w4.mp3"
"puing","根；源","https://klokah.tw/extension/con_data/sound/9/word/9c28w5.mp3"
"mapatisal","交談；互相聊","https://klokah.tw/extension/con_data/sound/9/word/9c28w6.mp3"
"minlu’","如果","https://klokah.tw/extension/con_data/sound/9/word/9c28w7.mp3"
"pakuba’","將會","https://klokah.tw/extension/con_data/sound/9/word/9c28w8.mp3"
"sinbaba’an","學習過","https://klokah.tw/extension/con_data/sound/9/word/9c28w9.mp3"
"haca","那些","https://klokah.tw/extension/con_data/sound/9/word/9c28w10.mp3"
"haṟi’","一點兒","https://klokah.tw/extension/con_data/sound/9/word/9c28w11.mp3"
"ruma’","有些","https://klokah.tw/extension/con_data/sound/9/word/9c28w12.mp3"
"ba’iy","知道","https://klokah.tw/extension/con_data/sound/9/word/9c28w13.mp3"
"mababing","牽手","https://klokah.tw/extension/con_data/sound/9/word/9c28w14.mp3"
"aba’","手","https://klokah.tw/extension/con_data/sound/9/word/9c28w15.mp3"
"utux nanak","特別","https://klokah.tw/extension/con_data/sound/9/word/9c29w1.mp3"
"gagaṟux","習俗；禁忌","https://klokah.tw/extension/con_data/sound/9/word/9c29w2.mp3"
"saing","二","https://klokah.tw/extension/con_data/sound/9/word/9c29w3.mp3"
"pasetu’","將播種","https://klokah.tw/extension/con_data/sound/9/word/9c29w4.mp3"
"sumetu’","播種祭","https://klokah.tw/extension/con_data/sound/9/word/9c29w5.mp3"
"minutux","一次","https://klokah.tw/extension/con_data/sound/9/word/9c29w6.mp3"
"pa’asun","使高興","https://klokah.tw/extension/con_data/sound/9/word/9c29w7.mp3"
"hita’","期望；將會","https://klokah.tw/extension/con_data/sound/9/word/9c29w8.mp3"
"kinloh","收成","https://klokah.tw/extension/con_data/sound/9/word/9c29w9.mp3"
"sisarama’","要凖備","https://klokah.tw/extension/con_data/sound/9/word/9c29w10.mp3"
"utux buṟating","一個月","https://klokah.tw/extension/con_data/sound/9/word/9c29w11.mp3"
"galeng","前面；之前","https://klokah.tw/extension/con_data/sound/9/word/9c29w12.mp3"
"sunrama’","已準備","https://klokah.tw/extension/con_data/sound/9/word/9c29w13.mp3"
"mapuli’","分","https://klokah.tw/extension/con_data/sound/9/word/9c29w14.mp3"
"bing","做；用","https://klokah.tw/extension/con_data/sound/9/word/9c29w15.mp3"
"Tayal","泰雅族","https://klokah.tw/extension/con_data/sound/9/word/9c30w1.mp3"
"Amis","阿美族","https://klokah.tw/extension/con_data/sound/9/word/9c30w2.mp3"
"Saysa","賽夏族","https://klokah.tw/extension/con_data/sound/9/word/9c30w3.mp3"
"Bunun","布農族","https://klokah.tw/extension/con_data/sound/9/word/9c30w4.mp3"
"Pyuma","卑南族","https://klokah.tw/extension/con_data/sound/9/word/9c30w5.mp3"
"Rukai","魯凱族","https://klokah.tw/extension/con_data/sound/9/word/9c30w6.mp3"
"Paiwan","排灣族","https://klokah.tw/extension/con_data/sound/9/word/9c30w7.mp3"
"Tau","雅美族（達悟族）","https://klokah.tw/extension/con_data/sound/9/word/9c30w8.mp3"
"Cou","鄒族","https://klokah.tw/extension/con_data/sound/9/word/9c30w9.mp3"
"Thao","邵族","https://klokah.tw/extension/con_data/sound/9/word/9c30w10.mp3"
"Kebaran","噶瑪蘭族","https://klokah.tw/extension/con_data/sound/9/word/9c30w11.mp3"
"Truku","太魯閣族","https://klokah.tw/extension/con_data/sound/9/word/9c30w12.mp3"
"Sakiraya","撒奇萊雅族","https://klokah.tw/extension/con_data/sound/9/word/9c30w13.mp3"
"Sediq","賽德克族","https://klokah.tw/extension/con_data/sound/9/word/9c30w14.mp3"
"bilak","少","https://klokah.tw/extension/con_data/sound/9/word/9c30w15.mp3"
