"Miqumicang, mun icaq asu?","早安，你要去哪裡？","https://klokah.tw/extension/con_data/sound/19/sentence/19c1s1.mp3"
"Munhan Maihavaz.","我要去水里。","https://klokah.tw/extension/con_data/sound/19/sentence/19c1s2.mp3"
"Papia amu saupata?","幾個人去？","https://klokah.tw/extension/con_data/sound/19/sentence/19c1s3.mp3"
"Haiza tu saspat lavikat qoudasna-naz.","四個， 祖父也跟我們一起去。","https://klokah.tw/extension/con_data/sound/19/sentence/19c1s4.mp3"
"Mazqa saduan miu?","去那裡看什麼？","https://klokah.tw/extension/con_data/sound/19/sentence/19c1s5.mp3"
"Madukat qoudas nak sadu Laipun pakitun.","我祖父最喜歡看摔角。","https://klokah.tw/extension/con_data/sound/19/sentence/19c1s6.mp3"
"Makuacuna?","為什麼？","https://klokah.tw/extension/con_data/sound/19/sentence/19c1s7.mp3"
"Maupaii maina isnanavan naipun Laipun a daukang mililic kin Laipun.","因為他受日本教育，非常想念日本人。","https://klokah.tw/extension/con_data/sound/19/sentence/19c1s8.mp3"
"Haiza Bunun sadu pakitun min hamu siqaqait qeit at hubung.","有人看摔角時，太興奮了身體也跟著動起來。","https://klokah.tw/extension/con_data/sound/19/sentence/19c1s9.mp3"
"Maupata at qoudas nak.","我的祖父就是這樣。","https://klokah.tw/extension/con_data/sound/19/sentence/19c1s10.mp3"
"Tukoun su cangan?","你叫什麼名字？","https://klokah.tw/extension/con_data/sound/19/sentence/19c2s1.mp3"
"Tupaun cak tu Lukus.","我名叫Lukus。","https://klokah.tw/extension/con_data/sound/19/sentence/19c2s2.mp3"
"Kuacuna tu paun tu Lukus?","為什麼名叫Lukus？","https://klokah.tw/extension/con_data/sound/19/sentence/19c2s3.mp3"
"Maupa tupaun nak qoudasmumu tu Lukus.","因為我的曾祖父名叫Lukus。","https://klokah.tw/extension/con_data/sound/19/sentence/19c2s4.mp3"
"Nit maqtu kucia duma tu ngan?","不能用別的名字嗎？","https://klokah.tw/extension/con_data/sound/19/sentence/19c2s5.mp3"
"Macata Bunun na asat pati suluti ngat qoudas.","不能，因為布農族一定要承襲祖先的名字。","https://klokah.tw/extension/con_data/sound/19/sentence/19c2s6.mp3"
"Tuza tu maupata nani ca bununtu ngan munghav.","真的要這樣作，布農族的名字才不會流失。","https://klokah.tw/extension/con_data/sound/19/sentence/19c2s7.mp3"
"Nanu mita bunun patingan haizadailaz maina han madaingaz diki masituqas.","命名必須使用家族長輩的名字，這樣才能承襲家族。","https://klokah.tw/extension/con_data/sound/19/sentence/19c2s8.mp3"
"Kua cuna haiza kucia duma siduq tungan?","為什麼有的用別家族的名字？","https://klokah.tw/extension/con_data/sound/19/sentence/19c2s9.mp3"
"Maupa sinpa ticuqeis han ulumaqung.","因為這是用娘家的名字。","https://klokah.tw/extension/con_data/sound/19/sentence/19c2s10.mp3"
"Maipung qabu nas?","你煮飯了嗎？","https://klokah.tw/extension/con_data/sound/19/sentence/19c3s1.mp3"
"Niang ngi madia a sinkukuza.","還沒，因為事情太多了。","https://klokah.tw/extension/con_data/sound/19/sentence/19c3s2.mp3"
"Nalakuin as pung qabu?","要什麼時候煮飯？","https://klokah.tw/extension/con_data/sound/19/sentence/19c3s3.mp3"
"Nadimaca tungan nin nat sin kuzakuza.","等工作結束後再煮飯。","https://klokah.tw/extension/con_data/sound/19/sentence/19c3s4.mp3"
"Dumaq tu kava-i masoqzang ngin?","我很餓，可以早一點煮嗎？","https://klokah.tw/extension/con_data/sound/19/sentence/19c3s5.mp3"
"Maqtuang sitmang tukuc.","你再忍耐一下。","https://klokah.tw/extension/con_data/sound/19/sentence/19c3s6.mp3"
"Tupa haiza tingmut kitda-an qaising?","早上不是有剩下的飯嗎？","https://klokah.tw/extension/con_data/sound/19/sentence/19c3s7.mp3"
"Haiza a sakun nin.","有，但是已經有不好的味道了。","https://klokah.tw/extension/con_data/sound/19/sentence/19c3s8.mp3"
"Tina, nincak maqtu sitmang, tupahaiza cucu qanvang.","媽媽，我不能忍耐，可以先喝牛奶嗎？","https://klokah.tw/extension/con_data/sound/19/sentence/19c3s9.mp3"
"Maluang tukuc, namusucak mabulbul i cucu qanvang kaunun su.","等一下，我馬上泡牛奶給你喝。","https://klokah.tw/extension/con_data/sound/19/sentence/19c3s10.mp3"
"Duq qudanan takna sanavan?","昨天晚上有下雨嗎？","https://klokah.tw/extension/con_data/sound/19/sentence/19c4s1.mp3"
"Muaz man cizis sat qudan.","下了毛毛雨。","https://klokah.tw/extension/con_data/sound/19/sentence/19c4s2.mp3"
"Duq na maklang haip ca diqanin?","今天天氣會熱嗎？","https://klokah.tw/extension/con_data/sound/19/sentence/19c4s3.mp3"
"Maklang haip diqanin madia at saita.","很熱，我流了很多汗。","https://klokah.tw/extension/con_data/sound/19/sentence/19c4s4.mp3"
"Namakua ca diqanin miqan?","後天天氣如何？","https://klokah.tw/extension/con_data/sound/19/sentence/19c4s5.mp3"
"Tan-a tunahaiza ca luvluv.","聽說颱風快來了。","https://klokah.tw/extension/con_data/sound/19/sentence/19c4s6.mp3"
"Maca tuzatu luvluvan na asat mananulu.","如果真的有颱風，你自己要小心。","https://klokah.tw/extension/con_data/sound/19/sentence/19c4s7.mp3"
"Tutuza mat lumaqnak tatavi ka tuduqan.","對呀，我家屋頂有漏水。","https://klokah.tw/extension/con_data/sound/19/sentence/19c4s8.mp3"
"Na’kavavai matap-ang na diaqat kapisingun daingaz.","趕快補修，以免造成危險。","https://klokah.tw/extension/con_data/sound/19/sentence/19c4s9.mp3"
"Miqoumicang ii maqtuang palkakailac, mungauscak picial.","謝謝你的提醒，我先去整理。","https://klokah.tw/extension/con_data/sound/19/sentence/19c4s10.mp3"
"Piaqa haip buan cin diqanin?","今天是幾月幾日？","https://klokah.tw/extension/con_data/sound/19/sentence/19c5s1.mp3"
"Mahaip pa dusa buan tu hima diqanin.","今天是2月5日。","https://klokah.tw/extension/con_data/sound/19/sentence/19c5s2.mp3"
"Malka piaqa haip?","今天是星期幾呢？","https://klokah.tw/extension/con_data/sound/19/sentence/19c5s3.mp3"
"Malkanum diqanin.","今天是星期六。","https://klokah.tw/extension/con_data/sound/19/sentence/19c5s4.mp3"
"Malaupadau pinca tait nulan?","現在幾點了？","https://klokah.tw/extension/con_data/sound/19/sentence/19c5s5.mp3"
"Malaupadau mac-an qantas-a tait nulan dangian masipatun kinulutan.","現在是11點40分。","https://klokah.tw/extension/con_data/sound/19/sentence/19c5s6.mp3"
"Maqtu-as mungaus ma’un.","你可以先去吃飯。","https://klokah.tw/extension/con_data/sound/19/sentence/19c5s7.mp3"
"Ni ni-ang nak kanaq tungan sinkuzakuza.","不，我的工作還沒做完。","https://klokah.tw/extension/con_data/sound/19/sentence/19c5s8.mp3"
"Macaminaunin na ngausan pakaun vivi.","你吃完後先去餵鴨。","https://klokah.tw/extension/con_data/sound/19/sentence/19c5s9.mp3"
"Uu nangaus cak pakaunvivi na masvala-in.","好，我會先去餵鴨，請放心。","https://klokah.tw/extension/con_data/sound/19/sentence/19c5s10.mp3"
"Min boqboqcak maqtu-as taquzakun tu makua munhan al-uan?","我迷路了，可以告訴我怎麼到休息站嗎？","https://klokah.tw/extension/con_data/sound/19/sentence/19c6s1.mp3"
"Pan tutbut ta maipa palavazan maukvili namaqtu in kadip.","直走到交岔路口，左轉就看到了。","https://klokah.tw/extension/con_data/sound/19/sentence/19c6s2.mp3"
"Doq daqvisan?","很遠嗎？","https://klokah.tw/extension/con_data/sound/19/sentence/19c6s3.mp3"
"Maic huan macamudadan na muaz mac-an qanhima kinulutan.","很近，走路大約十五分鐘。","https://klokah.tw/extension/con_data/sound/19/sentence/19c6s4.mp3"
"Madianak qaimangsut maqtu-asu kadangaz angkuc?","我東西很多，有空幫忙搬嗎？","https://klokah.tw/extension/con_data/sound/19/sentence/19c6s5.mp3"
"Miqumicang aupa saipuk cak uva-az nak.","對不起！我要照顧小孩。","https://klokah.tw/extension/con_data/sound/19/sentence/19c6s6.mp3"
"Nitukua anakuk manaut ankucmaipata.","好吧！我自己慢慢搬過去。","https://klokah.tw/extension/con_data/sound/19/sentence/19c6s7.mp3"
"Maipa-ata nasadun pakaun nakadipin.","走過去看到一棵桑樹就到了。","https://klokah.tw/extension/con_data/sound/19/sentence/19c6s8.mp3"
"Miqumicang su-u pitqas maqanciap pincak.","謝謝你，我知道了。","https://klokah.tw/extension/con_data/sound/19/sentence/19c6s9.mp3"
"Maqtuang asu mun i ti tantungu.","有空再來拜訪。","https://klokah.tw/extension/con_data/sound/19/sentence/19c6s10.mp3"
"Maca asausu mabaliv?","你要買什麼？","https://klokah.tw/extension/con_data/sound/19/sentence/19c7s1.mp3"
"Asacak baliv qalup.","我想買桃子。","https://klokah.tw/extension/con_data/sound/19/sentence/19c7s2.mp3"
"Paiun su tingting?","你要多少斤呢？","https://klokah.tw/extension/con_data/sound/19/sentence/19c7s3.mp3"
"Maqtunak tautingting.","我要3斤。","https://klokah.tw/extension/con_data/sound/19/sentence/19c7s4.mp3"
"Na mungaus tanam ma’un lau qa nit madavuc.","你要先試吃看看，也許不甜。","https://klokah.tw/extension/con_data/sound/19/sentence/19c7s5.mp3"
"Ngausi macingav tu maca tautingting piacui?","先問3斤多少錢？","https://klokah.tw/extension/con_data/sound/19/sentence/19c7s6.mp3"
"Dusa sabacui.","200元。","https://klokah.tw/extension/con_data/sound/19/sentence/19c7s7.mp3"
"A sa asu tu siqai laz macial.","你要挑好的。","https://klokah.tw/extension/con_data/sound/19/sentence/19c7s8.mp3"
"U! Qanciap cak tu min-ia macial a balivun.","是！我會選擇好的買回來。","https://klokah.tw/extension/con_data/sound/19/sentence/19c7s9.mp3"
"Mat binaliv va us kununta ma’un.","買回來大家一起吃。","https://klokah.tw/extension/con_data/sound/19/sentence/19c7s10.mp3"
"Ma-laqbing nga icia katuszang nak tu tinis uvazan mahaiza inul uan su maipa ta?","明天是我老婆的生日，你有空來嗎？","https://klokah.tw/extension/con_data/sound/19/sentence/19c8s1.mp3"
"Patcuqeis tu nauka nak inul uan minhamu.","抱歉，我明天沒空參加。","https://klokah.tw/extension/con_data/sound/19/sentence/19c8s2.mp3"
"Kuacuna?","為什麼？","https://klokah.tw/extension/con_data/sound/19/sentence/19c8s3.mp3"
"Maupa ain talam min cak kit masituqas nama’un.","我已經答應哥哥的餐會。","https://klokah.tw/extension/con_data/sound/19/sentence/19c8s4.mp3"
"Maca ni-a muqnacak vaivi madailaz zi qanian?","不然我另外安排時間請你？","https://klokah.tw/extension/con_data/sound/19/sentence/19c8s5.mp3"
"Maqtu asat ni ihan lucanan tu qanian.","可以，但不能在禮拜天。","https://klokah.tw/extension/con_data/sound/19/sentence/19c8s6.mp3"
"Makuacuna nitmaqtu ihanluc a nan tu qanian?","為什麼不能在禮拜天？","https://klokah.tw/extension/con_data/sound/19/sentence/19c8s7.mp3"
"Maupaii macak namun hanluc anan tu uam pukan.","因為我要上教會參加聚會。","https://klokah.tw/extension/con_data/sound/19/sentence/19c8s8.mp3"
"Uu madailaz cak qanian di asat nitupalatmuav.","好的，我再安排時間，請不要失約。","https://klokah.tw/extension/con_data/sound/19/sentence/19c8s9.mp3"
"Na tumantuk kapimaupa cak miqumicang.","我會準時赴約，謝謝你的好意。","https://klokah.tw/extension/con_data/sound/19/sentence/19c8s10.mp3"
"Macial suca sin palas bunun?","你的族語說得很好嗎？","https://klokah.tw/extension/con_data/sound/19/sentence/19c9s1.mp3"
"Ni, niat tama tina taqu zakun.","沒有，因為爸媽沒教我。","https://klokah.tw/extension/con_data/sound/19/sentence/19c9s2.mp3"
"Ni’as mun ita pas nava?","那你要不要去學？","https://klokah.tw/extension/con_data/sound/19/sentence/19c9s3.mp3"
"Qadang al maqtuang tama tina nak han lumaq masnava.","我希望爸爸、媽媽在家教我族語。","https://klokah.tw/extension/con_data/sound/19/sentence/19c9s4.mp3"
"Nias qanciap bazbaz-zi qalinga namikua-kas pasnava?","你不會說族語，怎麼學習呢？","https://klokah.tw/extension/con_data/sound/19/sentence/19c9s5.mp3"
"Anak cak makucia malas bunun pabazbaz zitama tina.","我會主動與爸媽用族語對話。","https://klokah.tw/extension/con_data/sound/19/sentence/19c9s6.mp3"
"Maqtu-as makucia paicqal cin mapatas musu malas bunun bazbaz.","你可以先學文字書寫，再用族語溝通。","https://klokah.tw/extension/con_data/sound/19/sentence/19c9s7.mp3"
"Kilim cak usku kunan ku pasnava.","那我要找同學一起學習。","https://klokah.tw/extension/con_data/sound/19/sentence/19c9s8.mp3"
"Maca qan ciap pin asu nacaivak ku sinincun su-u.","如果你學會了，我會給你獎勵。","https://klokah.tw/extension/con_data/sound/19/sentence/19c9s9.mp3"
"Miqoumicang tataqou maqtucak muqna minsambut.","謝謝老師，我會更加努力。","https://klokah.tw/extension/con_data/sound/19/sentence/19c9s10.mp3"
"Lakua suca tinis uvazan?","你的生日是什麼時候？","https://klokah.tw/extension/con_data/sound/19/sentence/19c10s1.mp3"
"Ihan numbuan tu numdiqanin.","在6 月 6日。","https://klokah.tw/extension/con_data/sound/19/sentence/19c10s2.mp3"
"Nalakuakas luc-an?","在什麼時候慶祝呢？","https://klokah.tw/extension/con_data/sound/19/sentence/19c10s3.mp3"
"Ni-ang pa tu’laz.","還沒有決定。","https://klokah.tw/extension/con_data/sound/19/sentence/19c10s4.mp3"
"Maca luc-an na nitpungul taqou zaku.","如果要慶祝，記得連絡我。","https://klokah.tw/extension/con_data/sound/19/sentence/19c10s5.mp3"
"Milickin cak maca kanaqtung ngin muskun ma’un.","我想結束後，我們會一起用餐。","https://klokah.tw/extension/con_data/sound/19/sentence/19c10s6.mp3"
"Duq maqtucak madas masinauba nak binauaz minhamu?","可以帶我妹妹去參加嗎？","https://klokah.tw/extension/con_data/sound/19/sentence/19c10s7.mp3"
"Maqtu pustan madas tu papia bunun.","多帶幾個人都可以。","https://klokah.tw/extension/con_data/sound/19/sentence/19c10s8.mp3"
"Duq madiasu sin palhanuc cui na kuma-aiun?","你有多準備一些要花的錢嗎？","https://klokah.tw/extension/con_data/sound/19/sentence/19c10s9.mp3"
"Tisuni sintauqumic muskun ta ma’un manackal.","為了慶祝，大家一起分享。","https://klokah.tw/extension/con_data/sound/19/sentence/19c10s10.mp3"
"Piasuca taic-an Bananaz Binanau-az?","你有幾個兄弟姊妹？","https://klokah.tw/extension/con_data/sound/19/sentence/19c11s1.mp3"
"Haizanak tatini masi tuqas Bananaz, tatini nauba Bananaz, cinnauba Binauaz, maqat tuqas sa min pai-iu.","我有一個哥哥、一個弟弟、一個妹妹，哥哥當醫生。","https://klokah.tw/extension/con_data/sound/19/sentence/19c11s2.mp3"
"Malkamaz ca nauba Bananaz cin binau-az?","你的弟弟妹妹是做什麼工作？","https://klokah.tw/extension/con_data/sound/19/sentence/19c11s3.mp3"
"Manak nauba Bananaz a tataqou matnauba Binanau-az ihan sisipulan daing.","我弟弟是老師，妹妹是大學生。","https://klokah.tw/extension/con_data/sound/19/sentence/19c11s4.mp3"
"Maqtu pabazbaz zi tatlumaq su?","可以聊聊你的家庭嗎？","https://klokah.tw/extension/con_data/sound/19/sentence/19c11s5.mp3"
"Niang cak pasiza, haizin kaviaz.","我還沒結婚，有女朋友了。","https://klokah.tw/extension/con_data/sound/19/sentence/19c11s6.mp3"
"Manau-az cia tail ai-an?","長的很漂亮嗎？","https://klokah.tw/extension/con_data/sound/19/sentence/19c11s7.mp3"
"Uu manau-az matmuav asauk ku.","是的，很漂亮，我非常喜歡她。","https://klokah.tw/extension/con_data/sound/19/sentence/19c11s8.mp3"
"Ica ca dangian cia acang?","她住在什麼部落？","https://klokah.tw/extension/con_data/sound/19/sentence/19c11s9.mp3"
"Ihan sipal ditu acang.","她住在對面的部落。","https://klokah.tw/extension/con_data/sound/19/sentence/19c11s10.mp3"
"Malkamaz qa asu?","你是做什麼的？","https://klokah.tw/extension/con_data/sound/19/sentence/19c12s1.mp3"
"Mung qoqouma cak tu bunun.","我是農人。","https://klokah.tw/extension/con_data/sound/19/sentence/19c12s2.mp3"
"Haiza ca sincuaz su sanglav?","你有種蔬菜嗎？","https://klokah.tw/extension/con_data/sound/19/sentence/19c12s3.mp3"
"Haiza laupa dau sincuaz qalidang taulac bainu.","有，現在種樹豆，蘿蔔，紅豆。","https://klokah.tw/extension/con_data/sound/19/sentence/19c12s4.mp3"
"Cima ca balivan su?","你賣給誰？","https://klokah.tw/extension/con_data/sound/19/sentence/19c12s5.mp3"
"Min hamu cak ki muskun pudadan.","我參加共同運銷。","https://klokah.tw/extension/con_data/sound/19/sentence/19c12s6.mp3"
"Doq maqlic isbaliv?","價錢很好嗎？","https://klokah.tw/extension/con_data/sound/19/sentence/19c12s7.mp3"
"Kamani tu macial aupa mundu sauqoqodan.","不太好，因為常常下雨。","https://klokah.tw/extension/con_data/sound/19/sentence/19c12s8.mp3"
"Maca madia-a pikaun su malkacia?","如果量太多時，你怎麼處理？","https://klokah.tw/extension/con_data/sound/19/sentence/19c12s9.mp3"
"Isqosil han tancala.","我會分給鄰居。","https://klokah.tw/extension/con_data/sound/19/sentence/19c12s10.mp3"
"Mulumaqa papiaqa amu?","請進，你們有幾個人？","https://klokah.tw/extension/con_data/sound/19/sentence/19c13s1.mp3"
"Haizacam tu mamac-an bunun haizang ca dangi-an?","我們有10個人，還有位置嗎？","https://klokah.tw/extension/con_data/sound/19/sentence/19c13s2.mp3"
"Macingav tu maca asaun mu ma’un?","有！請坐。請問想要吃什麼？","https://klokah.tw/extension/con_data/sound/19/sentence/19c13s3.mp3"
"Asacam maun huhu-a sidi sanglav qoudu qadanga.","我們要吃鵝肉、羊肉、龍葵、山蘇。","https://klokah.tw/extension/con_data/sound/19/sentence/19c13s4.mp3"
"Dut ma’un asu qanusil cakut?","要吃山羌肉嗎？","https://klokah.tw/extension/con_data/sound/19/sentence/19c13s5.mp3"
"Maqtu kaupata, mama’un cam qasu.","這樣就好了，因為我是獵人，在家常吃山羌肉。","https://klokah.tw/extension/con_data/sound/19/sentence/19c13s6.mp3"
"Tanam qou tukic?","要不要小喝一點？","https://klokah.tw/extension/con_data/sound/19/sentence/19c13s7.mp3"
"Nitu maqtu maupa i untingcak ki lehleh namuc qa ming kanang.","不行，我要開車。","https://klokah.tw/extension/con_data/sound/19/sentence/19c13s8.mp3"
"U nanicak madutdut paqou, mungaus macaiv muskun tas-a linuqoc.","好吧，不勉強，請先付帳，總共1000元。","https://klokah.tw/extension/con_data/sound/19/sentence/19c13s9.mp3"
"Miqumicang taimilumaq.","好的，謝謝老闆。","https://klokah.tw/extension/con_data/sound/19/sentence/19c13s10.mp3"
"Maznita ca tundazan munhan Taihuku?","我們要搭乘什麼去臺北呢？","https://klokah.tw/extension/con_data/sound/19/sentence/19c14s1.mp3"
"Maca haiza lehleh ka maqtu amin.","開車吧。","https://klokah.tw/extension/con_data/sound/19/sentence/19c14s2.mp3"
"Matmuav masaingu doq nacia lehlehsapuz?","太累了，還是要搭火車？","https://klokah.tw/extension/con_data/sound/19/sentence/19c14s3.mp3"
"Nit maqtu i na halacan nin cam palqanciap.","不行，我們會來不及開會。","https://klokah.tw/extension/con_data/sound/19/sentence/19c14s4.mp3"
"Kua maca daza kusbabaii?","那如果坐飛機呢？","https://klokah.tw/extension/con_data/sound/19/sentence/19c14s5.mp3"
"Maqtu asu tun han inak lehleh sauhan Taiciu tun han lehleh qacibang.","太貴了，那你坐我的車子到臺中再坐高鐵。","https://klokah.tw/extension/con_data/sound/19/sentence/19c14s6.mp3"
"U maca mudan na maqtu asu ngaus patum paklizackuu?","好，出發時先打電話給我可以嗎？","https://klokah.tw/extension/con_data/sound/19/sentence/19c14s7.mp3"
"U na mungaus cak patum paklic.","好，我會先打電話。","https://klokah.tw/extension/con_data/sound/19/sentence/19c14s8.mp3"
"Doq maqlic ca tunhan lehleh qacibang?","高鐵價錢貴嗎？","https://klokah.tw/extension/con_data/sound/19/sentence/19c14s9.mp3"
"Nit makua natanam tundaza muc-an, nit maqlic.","比飛機便宜，你可以體驗一下。","https://klokah.tw/extension/con_data/sound/19/sentence/19c14s10.mp3"
"Maupat mabaqeic cak cin ma cakbit bungu?","我好像有點發燒和頭痛？","https://klokah.tw/extension/con_data/sound/19/sentence/19c15s1.mp3"
"Ipin kava-va paiu-u.","快讓醫生看看吧。","https://klokah.tw/extension/con_data/sound/19/sentence/19c15s2.mp3"
"Maupat mal u ka pasaduan paiu-an haip?","今天診所好像休息？","https://klokah.tw/extension/con_data/sound/19/sentence/19c15s3.mp3"
"Na nit ma’untinmut maupa nasaduan nat tiqoc.","你不能吃早餐，因為要檢查血液。","https://klokah.tw/extension/con_data/sound/19/sentence/19c15s4.mp3"
"Haiza su ispasadu hubung tu paitasan?","你有健保卡嗎？","https://klokah.tw/extension/con_data/sound/19/sentence/19c15s5.mp3"
"Tasban ninnak icia hubung paiu tu paitasan namakucuicak.","我的健保卡過期了，要自費。","https://klokah.tw/extension/con_data/sound/19/sentence/19c15s6.mp3"
"Maca mikuahalang nga taqouing cak?","病況如何？","https://klokah.tw/extension/con_data/sound/19/sentence/19c15s7.mp3"
"Tupakat paiu-an tu damuncak halangpaqav halangqataz.","醫生說我得了膽結石及肝病。","https://klokah.tw/extension/con_data/sound/19/sentence/19c15s8.mp3"
"Misbuin asu qudavuc cinkakaunan.","那你要停止喝酒與抽煙喔。","https://klokah.tw/extension/con_data/sound/19/sentence/19c15s9.mp3"
"Miqumicang sun maqtuanak mananulu.","謝謝你的關心，我會注意。","https://klokah.tw/extension/con_data/sound/19/sentence/19c15s10.mp3"
"Uei, macial as macingav tu haiza Laung itun?","喂，你好，請問Laung在嗎？","https://klokah.tw/extension/con_data/sound/19/sentence/19c16s1.mp3"
"Mul u-ang i palqanciap pang naip.","他在開會， 請稍候再來電 。","https://klokah.tw/extension/con_data/sound/19/sentence/19c16s2.mp3"
"Maqtuang dangaz patngunu qalinga?","可以幫忙轉告留言嗎？","https://klokah.tw/extension/con_data/sound/19/sentence/19c16s3.mp3"
"Maupa min akus akus namunata cak.","可是我正急著要出門。","https://klokah.tw/extension/con_data/sound/19/sentence/19c16s4.mp3"
"Qanciap as icia paklic duq taqoing cak?","那你知道他的手機， 可以告訴我嗎？","https://klokah.tw/extension/con_data/sound/19/sentence/19c16s5.mp3"
"Maciata paklic a kaupadika 23 patasan anaki pabazbaz.","他的手機是23，請自己與他連絡。","https://klokah.tw/extension/con_data/sound/19/sentence/19c16s6.mp3"
"Maupat nit tau-un nat paklic anaqa uka qalinga?","對不起，他好像沒開機？","https://klokah.tw/extension/con_data/sound/19/sentence/19c16s7.mp3"
"Makouaq cak masunu taqouciata.","要說什麼，我轉告他。","https://klokah.tw/extension/con_data/sound/19/sentence/19c16s8.mp3"
"Taqoucia tu madauzung cak kahan lumaq.","告訴他，我已經平安到家裡了。","https://klokah.tw/extension/con_data/sound/19/sentence/19c16s9.mp3"
"Uu namahiav cak taqoucia.","好的，我會儘速轉告他。","https://klokah.tw/extension/con_data/sound/19/sentence/19c16s10.mp3"
"Namilickin caktu pakaunsu takining-av?","我想請你吃海產，有空嗎？","https://klokah.tw/extension/con_data/sound/19/sentence/19c17s1.mp3"
"Uu maqtu munhan silas ning-av ma’un na macial.","好呀，可是要去海邊吃比較豐富。","https://klokah.tw/extension/con_data/sound/19/sentence/19c17s2.mp3"
"Nias kalavkalav macamaus qacipa?","你吃鱉會過敏嗎？","https://klokah.tw/extension/con_data/sound/19/sentence/19c17s3.mp3"
"Ni, macahaiza-a qalmang maqtu aminkaunun.","不會，隨便都可以吃。","https://klokah.tw/extension/con_data/sound/19/sentence/19c17s4.mp3"
"Maca munhan silas ning-av a su-u ca mapatnu kan kukucun kakalang?","到海邊時，你來點海產，像是魚、蝦和螃蟹，好嗎？","https://klokah.tw/extension/con_data/sound/19/sentence/19c17s5.mp3"
"Mahaip pa suca madas zaku nasuca mapatnu i sanglav!","今天是你帶我來，所以要由你點菜呀！","https://klokah.tw/extension/con_data/sound/19/sentence/19c17s6.mp3"
"Uu kilim cak niang kinaunan tu sanglav.","好！我找特別的海產。","https://klokah.tw/extension/con_data/sound/19/sentence/19c17s7.mp3"
"Kiaun pidai-un namuaz pinmama-az maqtu maca abuqannin.","不要太浪費，吃飽就好了。","https://klokah.tw/extension/con_data/sound/19/sentence/19c17s8.mp3"
"Talmadia-in nitumuskun na mainais-ang cak.","很久沒相聚，我會盡力安排。","https://klokah.tw/extension/con_data/sound/19/sentence/19c17s9.mp3"
"Miqumicang su-u maqtuang su kaizkuzan madauzung.","謝謝你，希望你的工作很順利。","https://klokah.tw/extension/con_data/sound/19/sentence/19c17s10.mp3"
"Masu ca kadu-un?","你的興趣是什麼？","https://klokah.tw/extension/con_data/sound/19/sentence/19c18s1.mp3"
"Asacak mun ludun.","我喜歡爬山。","https://klokah.tw/extension/con_data/sound/19/sentence/19c18s2.mp3"
"Kuacuna?","為什麼？","https://klokah.tw/extension/con_data/sound/19/sentence/19c18s3.mp3"
"Maupa i macamun luludun na maqtu sadus vaivi vaivi.","因為爬山可以看到大自然。","https://klokah.tw/extension/con_data/sound/19/sentence/19c18s4.mp3"
"Maca ihan ludun palandu taismumut?","在山裡可以遇到什麼動物？","https://klokah.tw/extension/con_data/sound/19/sentence/19c18s5.mp3"
"Lutbut palan du qanvang ludun sidi vanis hutung cakut linas haval cikaupa.","常常遇到水鹿、山羊、山豬、猴子、山羌、稚雞、飛鼠等。","https://klokah.tw/extension/con_data/sound/19/sentence/19c18s6.mp3"
"Makuakas sadu taismumut?","你看到動物的話會做什麼？","https://klokah.tw/extension/con_data/sound/19/sentence/19c18s7.mp3"
"Mintun cak madas ispatiqaningu ngabul.","有時我帶相機拍照。","https://klokah.tw/extension/con_data/sound/19/sentence/19c18s8.mp3"
"Macasadu kas taimumut ta ni-as tis pising inbacun?","你看到動物不怕會被攻擊嗎？","https://klokah.tw/extension/con_data/sound/19/sentence/19c18s9.mp3"
"Qanciap pincak icia taismumut tu tail ai-an miqumicang.","我知道動物的習性，謝謝。","https://klokah.tw/extension/con_data/sound/19/sentence/19c18s10.mp3"
"Ihan tasqamisan mazca matmuav asaus-su?","一年中你最喜歡哪一個季節？","https://klokah.tw/extension/con_data/sound/19/sentence/19c19s1.mp3"
"Matmuav cak asaki tanabal.","我最喜歡夏季。","https://klokah.tw/extension/con_data/sound/19/sentence/19c19s2.mp3"
"Kua cuna?","為什麼？","https://klokah.tw/extension/con_data/sound/19/sentence/19c19s3.mp3"
"Maupa maca tanabal a madia kukua saduan cin tan-a luqeituiia.","因為夏季可以看到很多昆蟲和聽到鳥叫聲。","https://klokah.tw/extension/con_data/sound/19/sentence/19c19s4.mp3"
"Tupa maca tanabal la pislanuqei?","夏天會有很多小鳥出生嗎？","https://klokah.tw/extension/con_data/sound/19/sentence/19c19s5.mp3"
"U asacak madamu lanuqei saipuk.","是的，我喜歡抓小鳥來養。","https://klokah.tw/extension/con_data/sound/19/sentence/19c19s6.mp3"
"Namakuakas sadu kukua?","你喜歡什麼昆蟲？","https://klokah.tw/extension/con_data/sound/19/sentence/19c19s7.mp3"
"Maca kukua-a asacak saipuk qaludung balinuqaz qalu-a tapucqouan.","我喜歡蚱蜢、蟋蟀、螞蟻、螢火蟲。","https://klokah.tw/extension/con_data/sound/19/sentence/19c19s8.mp3"
"Maqtu ata maltatala tanabal muskun kavivila!","那好，我們期待夏天時一起玩遊戲吧！","https://klokah.tw/extension/con_data/sound/19/sentence/19c19s9.mp3"
"Uu namal tatala cam miqumicang.","好啊。","https://klokah.tw/extension/con_data/sound/19/sentence/19c19s10.mp3"
"Mucuqeis as haip ti minqamisan?","今年你要返鄉過年嗎？","https://klokah.tw/extension/con_data/sound/19/sentence/19c20s1.mp3"
"Uu madas cak inak tat lumaq mulumaq.","是的，我會帶全家一起回去。","https://klokah.tw/extension/con_data/sound/19/sentence/19c20s2.mp3"
"I casu a mai acang?","你的故鄉在哪裡呢？","https://klokah.tw/extension/con_data/sound/19/sentence/19c20s3.mp3"
"Ihan Lamungan tu ludun mastan manau-az tu acang.","在南投的山上，一個美麗的部落。","https://klokah.tw/extension/con_data/sound/19/sentence/19c20s4.mp3"
"Taskun cak inak tas-at lumaq mudan.","我也要和家人一起回家。","https://klokah.tw/extension/con_data/sound/19/sentence/19c20s5.mp3"
"Sadu banuaz qaizu duci niang kapuaq.","看看梅樹有沒有開花。","https://klokah.tw/extension/con_data/sound/19/sentence/19c20s6.mp3"
"Haizanak hanlumaq sincu-az dandan kapuaq laupaku mas tan manau-az.","我家也有種櫻花，正在開花，非常美麗。","https://klokah.tw/extension/con_data/sound/19/sentence/19c20s7.mp3"
"Maki kalumaq qein na macahaiza ai-l uan munhan cak lumaq su kavila.","到家的時候，如果有空去你家玩。","https://klokah.tw/extension/con_data/sound/19/sentence/19c20s8.mp3"
"Uu adasun cia sadu puaq qei dandan.","好啊，我帶家人來看櫻花。","https://klokah.tw/extension/con_data/sound/19/sentence/19c20s9.mp3"
"Miqumicang.","謝謝。","https://klokah.tw/extension/con_data/sound/19/sentence/19c20s10.mp3"
"Makuacia kat tail ai-an?","他的個性是怎樣的？","https://klokah.tw/extension/con_data/sound/19/sentence/19c21s1.mp3"
"Matuav naipun maqasmav tu bunun.","他是一個非常認真的人。","https://klokah.tw/extension/con_data/sound/19/sentence/19c21s2.mp3"
"Pin haip ti qamisan cia?","他今年幾歲哪？","https://klokah.tw/extension/con_data/sound/19/sentence/19c21s3.mp3"
"Muazang mapusan.","今年才20歲。","https://klokah.tw/extension/con_data/sound/19/sentence/19c21s4.mp3"
"Masipul naipun paitasan?","有讀過書嗎？","https://klokah.tw/extension/con_data/sound/19/sentence/19c21s5.mp3"
"Ni maupa ii mintinalu naipun.","沒有，因為他是孤兒。","https://klokah.tw/extension/con_data/sound/19/sentence/19c21s6.mp3"
"Uka duma taic-an bananaz binanau-az?","沒有其他兄弟姊妹嗎？","https://klokah.tw/extension/con_data/sound/19/sentence/19c21s7.mp3"
"Uka, qaitu matmuav maqasmav kukuza, nit madu qudavuc, mulading, ma’un saviki.","沒有，可是他工作非常認真，沒有喝酒、抽煙、吃檳榔的習慣。","https://klokah.tw/extension/con_data/sound/19/sentence/19c21s8.mp3"
"Maz ca nanu palkadan sinkukuza?","平常的工作是做什麼？","https://klokah.tw/extension/con_data/sound/19/sentence/19c21s9.mp3"
"Mung ququma, haiza sincuaz tampudaq, lai-an, bahatlaingsaz, minuli, qalup, banuaztumpu, qalupaz.","也是務農，有種番茄、綠豆、絲瓜、龍鬚菜、桃子、紅肉李、柿子。","https://klokah.tw/extension/con_data/sound/19/sentence/19c21s10.mp3"
"Asa-asu kadanga-zan?","需要幫忙嗎？","https://klokah.tw/extension/con_data/sound/19/sentence/19c22s1.mp3"
"Uu, kangazing, cak ancaqang bahu pun daza’taa.","是，請你幫我把這些東西和箱子搬到上面去。","https://klokah.tw/extension/con_data/sound/19/sentence/19c22s2.mp3"
"Nitu kua, cikua madia-a?","好的，有很多嗎？","https://klokah.tw/extension/con_data/sound/19/sentence/19c22s3.mp3"
"Nitu madia maca tini bunun a muti-un.","不多，一個人來回三次左右。","https://klokah.tw/extension/con_data/sound/19/sentence/19c22s4.mp3"
"Masuqbung ca qaimangsut?","東西很重嗎？","https://klokah.tw/extension/con_data/sound/19/sentence/19c22s5.mp3"
"Na haiza 50 tingting, maqtu pavazun ancaqang.","大概50公斤左右，可以分開來搬。","https://klokah.tw/extension/con_data/sound/19/sentence/19c22s6.mp3"
"Mazca nanu ikumbu ti?","裡面到底是什麼？","https://klokah.tw/extension/con_data/sound/19/sentence/19c22s7.mp3"
"Maca kumbu pan dika, pinit muz, patun ceiq cak ki davuc tamul.","裡面是玻璃瓶，裝滿釀成的酒。","https://klokah.tw/extension/con_data/sound/19/sentence/19c22s8.mp3"
"Uu, na mananulucak, ancaqang ma unin na paqouzakun tas-a ceiq tamul.","好，我會小心來搬，等一下請我喝一瓢釀的酒喔。","https://klokah.tw/extension/con_data/sound/19/sentence/19c22s9.mp3"
"Uka it kanang, mastan cak matumacqeing su miqumicang.","沒問題，非常謝謝你的幫忙。","https://klokah.tw/extension/con_data/sound/19/sentence/19c22s10.mp3"
"Icaq su-ca takdadan sipulan paitasan?","你在哪一間裡學校讀書呢？","https://klokah.tw/extension/con_data/sound/19/sentence/19c23s1.mp3"
"Han Vavaqa mandazain tu sisipulan.","在民和國民中學。","https://klokah.tw/extension/con_data/sound/19/sentence/19c23s2.mp3"
"Pin pangka su?","幾年級呢？","https://klokah.tw/extension/con_data/sound/19/sentence/19c23s3.mp3"
"Puntiun maca siva buan na munhan madaqvas sipulan.","三年級了，九月要升高中。","https://klokah.tw/extension/con_data/sound/19/sentence/19c23s4.mp3"
"Na misbuin hanmadaqvas tu sipulan namieq di anak mintamasaz.","就要畢業了，高中的課程會更難，加油。","https://klokah.tw/extension/con_data/sound/19/sentence/19c23s5.mp3"
"Ain cunun cak minhamu pakan tundaq.","我因為參加跆拳道（比賽／校隊），所以有保送。","https://klokah.tw/extension/con_data/sound/19/sentence/19c23s6.mp3"
"Mupinnas hamu paintataiv?","參加比賽有好成績嗎？","https://klokah.tw/extension/con_data/sound/19/sentence/19c23s7.mp3"
"Hamu cak paintaiv pakantundaq usizan mahunut.","我參加全國國中組跆拳比賽，第二名。","https://klokah.tw/extension/con_data/sound/19/sentence/19c23s8.mp3"
"Maqtuang maqasmav pasnava, tiscia acangdi pi taisqang mintamasaz kantun daq.","希望你認真讀書努力學習，打跆拳為部落爭光。","https://klokah.tw/extension/con_data/sound/19/sentence/19c23s9.mp3"
"Uu naminqasmav cak, miqumicang.","好的，我會更加努力，謝謝你。","https://klokah.tw/extension/con_data/sound/19/sentence/19c23s10.mp3"
"Qanciap asu malas Takibakha bazbaz?","你會說卡群布農語嗎？","https://klokah.tw/extension/con_data/sound/19/sentence/19c24s1.mp3"
"Tataqou, nicak qanciap malas Bunun bazbaz.","老師，我不會講族語。","https://klokah.tw/extension/con_data/sound/19/sentence/19c24s2.mp3"
"Kuacuna nit qanciap bazbaz?","為什麼不會講呢？","https://klokah.tw/extension/con_data/sound/19/sentence/19c24s3.mp3"
"Maupa han lumaq niat tama tina bazbaz qalinga mita makucia mastaulu.","因為爸媽在家都用漢語和我講話。","https://klokah.tw/extension/con_data/sound/19/sentence/19c24s4.mp3"
"Duq amin nat tasat lumaq mastaulu pabazbaz?","那你們全家都講漢語嗎？","https://klokah.tw/extension/con_data/sound/19/sentence/19c24s5.mp3"
"Uu, matqoudas naznaz zimastaulu maqaiang.","是的，連我祖父祖母都用不流利的漢語講話。","https://klokah.tw/extension/con_data/sound/19/sentence/19c24s6.mp3"
"Asa-kas pasnava qalinga mastakibak-ha?","你想學卡群布農族語嗎？","https://klokah.tw/extension/con_data/sound/19/sentence/19c24s7.mp3"
"Mastan cak maqanglac pasnava maupa takibakha cak tu maikinnz, inam aipi aldikucan.","我非常想要學會， 因我是卡社群的後代。","https://klokah.tw/extension/con_data/sound/19/sentence/19c24s8.mp3"
"Na-asa asu malutbut picial pasnava qalinga maupa imu tu maikingna qalinga.","那你要努力學習，因為學好族語是你們這一代的責任。","https://klokah.tw/extension/con_data/sound/19/sentence/19c24s9.mp3"
"Na asacak minqasmav, mucqa malat pu min ukaqalinga. Miqumicang masnanava.","我會努力，不然語言會滅亡， 老師謝謝你。","https://klokah.tw/extension/con_data/sound/19/sentence/19c24s10.mp3"
"Tama namun icaq-qa ata tantungu?","爸爸，我們會去那裡旅行嗎？","https://klokah.tw/extension/con_data/sound/19/sentence/19c25s1.mp3"
"Mul-u’ diqanin maca macial lin tudipin munhan Paqut kavila.","等天氣好的時候，我們去日月潭玩。","https://klokah.tw/extension/con_data/sound/19/sentence/19c25s2.mp3"
"Na-aminta tasat lumaq maipata? Natalpia?","全家都要去嗎？預計幾天？","https://klokah.tw/extension/con_data/sound/19/sentence/19c25s3.mp3"
"Duqna talpusan, mat tasdiqanin tungqatu natukbailuluhan ning-av, naitamasabaq.","要玩兩天，第一天乘船繞湖一圈並住宿。","https://klokah.tw/extension/con_data/sound/19/sentence/19c25s4.mp3"
"Namakua ta laqbing?","那隔天呢？","https://klokah.tw/extension/con_data/sound/19/sentence/19c25s5.mp3"
"Malaqbing, namainahan ta Paqut tungkala-la, sauhan sivasiduq.","隔天，我們坐日月潭纜車，再去九族文化村。","https://klokah.tw/extension/con_data/sound/19/sentence/19c25s6.mp3"
"Tan-a tu mathan siva siduq haiza vaivi tu lumaqbistav kaiuni-an.","聽說九族文化村有各族不同的石板屋建築。","https://klokah.tw/extension/con_data/sound/19/sentence/19c25s7.mp3"
"Uu, haizanitumaszang tu tinas-i lumaq.","是的，有各族不一樣的建築物。","https://klokah.tw/extension/con_data/sound/19/sentence/19c25s8.mp3"
"Maca ma lasdu ca taitnulan, maqtu sadu Takisilazan tu pistatalbuq ispasadu.","如果時間夠，還可以看原住民歌舞表演。","https://klokah.tw/extension/con_data/sound/19/sentence/19c25s9.mp3"
"Maldidip maltatala.","好期待。","https://klokah.tw/extension/con_data/sound/19/sentence/19c25s10.mp3"
"Maca kuzkuzaun su?","你從事什麼工作？","https://klokah.tw/extension/con_data/sound/19/sentence/19c26s1.mp3"
"Milickin cak tu namacuaz bainu.","我以種植敏豆為業。","https://klokah.tw/extension/con_data/sound/19/sentence/19c26s2.mp3"
"Tailmadia lainiqaiban macucuaz?","種植經驗有多久了？","https://klokah.tw/extension/con_data/sound/19/sentence/19c26s3.mp3"
"Nalau punmapusan qamisan.","約有20多年。","https://klokah.tw/extension/con_data/sound/19/sentence/19c26s4.mp3"
"Duq macihal ca sincuaz bainu isbaliv pinsuma cui hanlumaq?","你覺得種植敏豆有賺嗎？","https://klokah.tw/extension/con_data/sound/19/sentence/19c26s5.mp3"
"Matuhan hima qamisan tanangaus macihal isbaliv mahaip tu qamisan nitu macihal.","五年前價格很好，但這幾年來一直跌價。","https://klokah.tw/extension/con_data/sound/19/sentence/19c26s6.mp3"
"Napiko-unqa?","那怎麼辦哪？","https://klokah.tw/extension/con_data/sound/19/sentence/19c26s7.mp3"
"Namaldadauk tupacak malkacia maupa madai-ngin nat qamisan nit mahuvaiv-i madaingaz zin.","我還是要堅持這個工作，因為年紀大了不好換工作。","https://klokah.tw/extension/con_data/sound/19/sentence/19c26s8.mp3"
"Duq nias hamu iciat kiukusu muhiav tu kuzkuzaun?","你沒有參加公所的短期就業嗎？","https://klokah.tw/extension/con_data/sound/19/sentence/19c26s9.mp3"
"Nicak, maupa nitumaduu maupatatu sinkuzakuza.","沒有，因為我不習慣。","https://klokah.tw/extension/con_data/sound/19/sentence/19c26s10.mp3"
"Maupat haizin kaviaz binau-az.","他好像有女朋友喔。","https://klokah.tw/extension/con_data/sound/19/sentence/19c27s1.mp3"
"Nit saidu cia madas mulumaq.","沒看過他帶回家。","https://klokah.tw/extension/con_data/sound/19/sentence/19c27s2.mp3"
"Ihan cak Maihavaz panduanlehleh sadu  muskun iciatakaviaz pahalak ima.","我在水里車站看到他與女生牽手。","https://klokah.tw/extension/con_data/sound/19/sentence/19c27s3.mp3"
"Maupa laupadau uva-az, ikcihallin ma’un, matalbuq.","現在的孩子，真早熟。","https://klokah.tw/extension/con_data/sound/19/sentence/19c27s4.mp3"
"Mat uva-az mis-buin han madaqvas sisipulan?","孩子高中畢業了嗎？","https://klokah.tw/extension/con_data/sound/19/sentence/19c27s5.mp3"
"Nii maqas mav masipul, paitasan, mu-az maqan ciap pakaviaz binau-az.","還沒，不認真讀書只想交朋友。","https://klokah.tw/extension/con_data/sound/19/sentence/19c27s6.mp3"
"Maupaii isutu uva-az talmindu mabausqang, paqa asaus binau-az.","因為妳的孩子長的很帥，女生很喜歡。","https://klokah.tw/extension/con_data/sound/19/sentence/19c27s7.mp3"
"Minma-az qaca maqounciul uka kumaiun, maca qabasin muaz mapin boqboq binanau-az, ukamacial laqaiban.","帥有什麼用，只會迷惑女生，將來沒前途。","https://klokah.tw/extension/con_data/sound/19/sentence/19c27s8.mp3"
"Tupaica uva-az tu nitumuscuav pakadaidaz, muhaza maqasmav masipul.","叫孩子不要只談感情，要認真讀書。","https://klokah.tw/extension/con_data/sound/19/sentence/19c27s9.mp3"
"Miqumicang su maqtu patnulu, namaqtucak taqou uva-az ma incun tu maqtu sukanaqtung.","謝謝你提醒，我會教導孩子，鼓勵他完成學業。","https://klokah.tw/extension/con_data/sound/19/sentence/19c27s10.mp3"
"Tan-a tu inata Bunun takiqbas pistatalbuq mainahan acandaingaz tu ludunqac?","聽說，布農族的傳統舞蹈是來自中央山脈嗎？","https://klokah.tw/extension/con_data/sound/19/sentence/19c28s1.mp3"
"Uka nita is pistatalbuq.","我們沒有舞蹈。","https://klokah.tw/extension/con_data/sound/19/sentence/19c28s2.mp3"
"Maca tudip luc-an Kulisimasu tudip minhamu pistatalbuq?","但聖誕節時，你都會參加跳舞啊？","https://klokah.tw/extension/con_data/sound/19/sentence/19c28s3.mp3"
"Nii muliva as sadus bunun.","沒有吧？你看錯人了。","https://klokah.tw/extension/con_data/sound/19/sentence/19c28s4.mp3"
"Nicak sanaliva sadu bunun, mavalkat mataidaza madaqvas ciata.","沒看錯人，腳長，跳很高的就是你。","https://klokah.tw/extension/con_data/sound/19/sentence/19c28s5.mp3"
"Katumuaz maqainan ancumal, kaupa nam  malaqtainga cin malastapang.","別開玩笑，我們只有射耳祭與報戰功。","https://klokah.tw/extension/con_data/sound/19/sentence/19c28s6.mp3"
"Tutuza at Bununsiduq uka ii pistatalbuq?","真的，布農族沒有舞蹈嗎？","https://klokah.tw/extension/con_data/sound/19/sentence/19c28s7.mp3"
"Uu, macahaiza cia uka it dailaz lalac-an pistatalbuq.","對，如果有的話，也是沒有節奏的舞步。","https://klokah.tw/extension/con_data/sound/19/sentence/19c28s8.mp3"
"Duq maqtu simul icia dumasiduq?","可以借別族的舞？","https://klokah.tw/extension/con_data/sound/19/sentence/19c28s9.mp3"
"Uu, manita acang namuskun pinsuma is ciadumasiduq tu pistatalbuq.","是這樣沒錯，我們部落辦活動，都跳別族的舞。","https://klokah.tw/extension/con_data/sound/19/sentence/19c28s10.mp3"
"Mahaip acang kauni malaq tainga na asa mucuqeis minhamu?","這次部落舉辦射耳祭，要回去參加嗎？","https://klokah.tw/extension/con_data/sound/19/sentence/19c29s1.mp3"
"Uu mamantuk tu namucuqeis tis-uni taispuncanan tu sinluc-an.","是的，我一定要回去，這是布農族一年裡最重要的祭典。","https://klokah.tw/extension/con_data/sound/19/sentence/19c29s2.mp3"
"Munalakua ca sinluc-an malaq tainga?","射耳祭約在什麼時候舉行哪？","https://klokah.tw/extension/con_data/sound/19/sentence/19c29s3.mp3"
"Na min papazin nat maduq tal-ia han patBuan minmaudu tudip amin nat qanvang ngabul.","在小米抽穗期，是鹿茸發育完成時舉辦，約在四月中旬。","https://klokah.tw/extension/con_data/sound/19/sentence/19c29s4.mp3"
"Mat malaq tainga inita Bunun tu mastan masuqbung tu isluluc-an?","射耳祭對布農族有什麼特別意義？","https://klokah.tw/extension/con_data/sound/19/sentence/19c29s5.mp3"
"Ihan lucan tu talmac an qanhima tu tanangaus, asa kanais kucia luc-an puqdav cin bucul pislahi-un.","在祭典之前15天必須完成祭槍儀式以及學習出發前各種禁忌的注意事項。","https://klokah.tw/extension/con_data/sound/19/sentence/19c29s6.mp3"
"Mazca kasanuc na iskucia luc-an ?","要準備什麼樣的祭物呢？","https://klokah.tw/extension/con_data/sound/19/sentence/19c29s7.mp3"
"Namin hamucak qanup maupa bananaz cak asat madas bucul cin vi-a cin davaz acu.","參加狩獵的男生要攜帶獵槍、獵刀、獵狗、米、揹袋等，帶到祭典場接受祭師的祝福。","https://klokah.tw/extension/con_data/sound/19/sentence/19c29s8.mp3"
"Mucuqeis sin qanup mat han acan madadaing titikic tu bananaz asat minhamu amin luc-an cin tang qapuluc-an macaiv tas-a hulan tipul?","狩獵回來時，部落所有大大小小的男生都要參加祭典儀式，由祭師分給在場的人一粒玉米，是嗎？","https://klokah.tw/extension/con_data/sound/19/sentence/19c29s9.mp3"
"Mamantuk masipul asat cuqaisun asat kapimaupa macuqeis tas-a hulan tipul maupa naasat sanacia tipul sin cuqais masipul nit putvai  is bananaztu isluluc-an.","對，這玉米粒要回收，按回收的玉米粒分肉 ，不能多也不能少，分給參加的男生、才知道部落有多少人，清楚後開始射耳儀式。","https://klokah.tw/extension/con_data/sound/19/sentence/19c29s10.mp3"
"Qanciap as tu piasiduq takisilazan?","你知道原住民有幾族嗎？","https://klokah.tw/extension/con_data/sound/19/sentence/19c30s1.mp3"
"Qanciap, haiza tu mac-an qanpat siduq.","知道，有十四族。","https://klokah.tw/extension/con_data/sound/19/sentence/19c30s2.mp3"
"Maqtu as masipul inaitu siduq?","可以數出各族的名稱嗎？","https://klokah.tw/extension/con_data/sound/19/sentence/19c30s3.mp3"
"Haiza Bunun, Qalavang, Livaqlivaq, Saisia, Piuma, Paivang, Lukaii, Pangkal kalan, Tanaul, Vatan, Kamalan, Taluku, Sakilaiia, Seziq.","有布農、泰雅、阿美、賽夏、卑南、排灣、魯凱、雅美、鄒、邵、噶瑪蘭、太魯閣、撒奇萊雅、賽德克。","https://klokah.tw/extension/con_data/sound/19/sentence/19c30s4.mp3"
"Tan-a tupatu, minahan ta Taulu tu dalaq munhan Taivang di tuzaa?","聽說，我們是從中國遷來臺灣的，是嗎？","https://klokah.tw/extension/con_data/sound/19/sentence/19c30s5.mp3"
"Mat tamadiqanin matasii kaupasin dailaz ita inita ihan dangian ta dalaq ti, paqa macata Bunun nanu ihan dangian ta dalaq timiqumic.","上帝創造宇宙就安排我們在這塊地，所以原住民是臺灣的主人。","https://klokah.tw/extension/con_data/sound/19/sentence/19c30s6.mp3"
"Ihan mamacan qanpat siduq cimaca muscuav mavai?","在十四族中，那一族人最少？","https://klokah.tw/extension/con_data/sound/19/sentence/19c30s7.mp3"
"Sakilaiia muscuav mavai cabunun.","是撒奇萊雅族。","https://klokah.tw/extension/con_data/sound/19/sentence/19c30s8.mp3"
"Cimaca bunun muscuav madia tu siduq?","那人數最多是哪一個民族哪？","https://klokah.tw/extension/con_data/sound/19/sentence/19c30s9.mp3"
"Cia Livaqlivaq madia daingaz, nalau haiza macan cuqais saba.","是阿美族最多，約十幾萬人。","https://klokah.tw/extension/con_data/sound/19/sentence/19c30s10.mp3"
"icaq","哪裡","https://klokah.tw/extension/con_data/sound/19/word/19c1w1.mp3"
"munhan","要去","https://klokah.tw/extension/con_data/sound/19/word/19c1w2.mp3"
"Maihavaz","水里","https://klokah.tw/extension/con_data/sound/19/word/19c1w3.mp3"
"papia","幾個","https://klokah.tw/extension/con_data/sound/19/word/19c1w4.mp3"
"saspat","四個","https://klokah.tw/extension/con_data/sound/19/word/19c1w5.mp3"
"lavikat","也跟","https://klokah.tw/extension/con_data/sound/19/word/19c1w6.mp3"
"qoudasna-naz","祖父","https://klokah.tw/extension/con_data/sound/19/word/19c1w7.mp3"
"mazqa","幹什麼","https://klokah.tw/extension/con_data/sound/19/word/19c1w8.mp3"
"madu","喜歡","https://klokah.tw/extension/con_data/sound/19/word/19c1w9.mp3"
"Laipun","日本","https://klokah.tw/extension/con_data/sound/19/word/19c1w10.mp3"
"pakitun","摔角","https://klokah.tw/extension/con_data/sound/19/word/19c1w11.mp3"
"mililic kin","想念","https://klokah.tw/extension/con_data/sound/19/word/19c1w12.mp3"
"siqaqait","興奮","https://klokah.tw/extension/con_data/sound/19/word/19c1w13.mp3"
"hubung","身體","https://klokah.tw/extension/con_data/sound/19/word/19c1w14.mp3"
"maupata","這樣","https://klokah.tw/extension/con_data/sound/19/word/19c1w15.mp3"
"tukoun","叫什麼","https://klokah.tw/extension/con_data/sound/19/word/19c2w1.mp3"
"tupaun cak","我名叫","https://klokah.tw/extension/con_data/sound/19/word/19c2w2.mp3"
"kuacuna","為什麼","https://klokah.tw/extension/con_data/sound/19/word/19c2w3.mp3"
"qoudasmumu","曾祖父","https://klokah.tw/extension/con_data/sound/19/word/19c2w4.mp3"
"nit","不","https://klokah.tw/extension/con_data/sound/19/word/19c2w5.mp3"
"maqtu","能","https://klokah.tw/extension/con_data/sound/19/word/19c2w6.mp3"
"kucia","用","https://klokah.tw/extension/con_data/sound/19/word/19c2w7.mp3"
"ngan","名字","https://klokah.tw/extension/con_data/sound/19/word/19c2w8.mp3"
"Bunun","布農族","https://klokah.tw/extension/con_data/sound/19/word/19c2w9.mp3"
"pati suluti","傳承","https://klokah.tw/extension/con_data/sound/19/word/19c2w10.mp3"
"qoudas","祖先","https://klokah.tw/extension/con_data/sound/19/word/19c2w11.mp3"
"munghav","遺失","https://klokah.tw/extension/con_data/sound/19/word/19c2w12.mp3"
"patingan","命名","https://klokah.tw/extension/con_data/sound/19/word/19c2w13.mp3"
"diki","這個","https://klokah.tw/extension/con_data/sound/19/word/19c2w14.mp3"
"haiza","有的","https://klokah.tw/extension/con_data/sound/19/word/19c2w15.mp3"
"siduq","姓氏","https://klokah.tw/extension/con_data/sound/19/word/19c2w16.mp3"
"ulumaqung","娘家","https://klokah.tw/extension/con_data/sound/19/word/19c2w17.mp3"
"masoqzang","很餓","https://klokah.tw/extension/con_data/sound/19/word/19c3w1.mp3"
"niang","還沒","https://klokah.tw/extension/con_data/sound/19/word/19c3w2.mp3"
"madia","繁雜","https://klokah.tw/extension/con_data/sound/19/word/19c3w3.mp3"
"lakuin","時候","https://klokah.tw/extension/con_data/sound/19/word/19c3w4.mp3"
"pung qabu","煮飯","https://klokah.tw/extension/con_data/sound/19/word/19c3w5.mp3"
"tungan","結束","https://klokah.tw/extension/con_data/sound/19/word/19c3w6.mp3"
"sitmang","忍耐","https://klokah.tw/extension/con_data/sound/19/word/19c3w7.mp3"
"tupa","是不是","https://klokah.tw/extension/con_data/sound/19/word/19c3w8.mp3"
"tingmut","早上","https://klokah.tw/extension/con_data/sound/19/word/19c3w9.mp3"
"kitda-an","剩下","https://klokah.tw/extension/con_data/sound/19/word/19c3w10.mp3"
"sakun","味道","https://klokah.tw/extension/con_data/sound/19/word/19c3w11.mp3"
"cucu qanvang","牛奶","https://klokah.tw/extension/con_data/sound/19/word/19c3w12.mp3"
"maluang","等一下","https://klokah.tw/extension/con_data/sound/19/word/19c3w13.mp3"
"musu","馬上","https://klokah.tw/extension/con_data/sound/19/word/19c3w14.mp3"
"mabulbul","泡","https://klokah.tw/extension/con_data/sound/19/word/19c3w15.mp3"
"qudanan","下雨","https://klokah.tw/extension/con_data/sound/19/word/19c4w1.mp3"
"man cizis","毛毛雨","https://klokah.tw/extension/con_data/sound/19/word/19c4w2.mp3"
"maklang","很熱","https://klokah.tw/extension/con_data/sound/19/word/19c4w3.mp3"
"saitan","流汗","https://klokah.tw/extension/con_data/sound/19/word/19c4w4.mp3"
"miqan","後天","https://klokah.tw/extension/con_data/sound/19/word/19c4w5.mp3"
"luvluv","颱風","https://klokah.tw/extension/con_data/sound/19/word/19c4w6.mp3"
"mananulu","小心","https://klokah.tw/extension/con_data/sound/19/word/19c4w7.mp3"
"tatavi","屋頂","https://klokah.tw/extension/con_data/sound/19/word/19c4w8.mp3"
"tuduqan","漏雨","https://klokah.tw/extension/con_data/sound/19/word/19c4w9.mp3"
"kavavai","趕快","https://klokah.tw/extension/con_data/sound/19/word/19c4w10.mp3"
"tat-pang","補修","https://klokah.tw/extension/con_data/sound/19/word/19c4w11.mp3"
"diaqat","造成","https://klokah.tw/extension/con_data/sound/19/word/19c4w12.mp3"
"kapisingun","危險","https://klokah.tw/extension/con_data/sound/19/word/19c4w13.mp3"
"palkakailac","提醒","https://klokah.tw/extension/con_data/sound/19/word/19c4w14.mp3"
"malkapia","星期幾","https://klokah.tw/extension/con_data/sound/19/word/19c5w1.mp3"
"haip","今天","https://klokah.tw/extension/con_data/sound/19/word/19c5w2.mp3"
"buan","月","https://klokah.tw/extension/con_data/sound/19/word/19c5w3.mp3"
"diqanin","日","https://klokah.tw/extension/con_data/sound/19/word/19c5w4.mp3"
"laupadau","現在","https://klokah.tw/extension/con_data/sound/19/word/19c5w5.mp3"
"tait nulan","幾點","https://klokah.tw/extension/con_data/sound/19/word/19c5w6.mp3"
"mac-an qantas-a","十一","https://klokah.tw/extension/con_data/sound/19/word/19c5w7.mp3"
"masipatun","四十","https://klokah.tw/extension/con_data/sound/19/word/19c5w8.mp3"
"kinulutan","分鐘","https://klokah.tw/extension/con_data/sound/19/word/19c5w9.mp3"
"maqtu-as","你可以","https://klokah.tw/extension/con_data/sound/19/word/19c5w10.mp3"
"mungaus","先去","https://klokah.tw/extension/con_data/sound/19/word/19c5w11.mp3"
"kanaq tungan","做完","https://klokah.tw/extension/con_data/sound/19/word/19c5w12.mp3"
"kuzakuza","工作","https://klokah.tw/extension/con_data/sound/19/word/19c5w13.mp3"
"ngaus","先","https://klokah.tw/extension/con_data/sound/19/word/19c5w14.mp3"
"pakaunvivi","餵鴨","https://klokah.tw/extension/con_data/sound/19/word/19c5w15.mp3"
"masvala","放心","https://klokah.tw/extension/con_data/sound/19/word/19c5w16.mp3"
"boqboq","迷","https://klokah.tw/extension/con_data/sound/19/word/19c6w1.mp3"
"al-uan","休息站","https://klokah.tw/extension/con_data/sound/19/word/19c6w2.mp3"
"tutbut","直走","https://klokah.tw/extension/con_data/sound/19/word/19c6w3.mp3"
"palavazan","岔路","https://klokah.tw/extension/con_data/sound/19/word/19c6w4.mp3"
"maukvili","左轉","https://klokah.tw/extension/con_data/sound/19/word/19c6w5.mp3"
"visan","很遠","https://klokah.tw/extension/con_data/sound/19/word/19c6w6.mp3"
"mudadan","走路","https://klokah.tw/extension/con_data/sound/19/word/19c6w7.mp3"
"kadangaz","幫忙","https://klokah.tw/extension/con_data/sound/19/word/19c6w8.mp3"
"angkuc","搬","https://klokah.tw/extension/con_data/sound/19/word/19c6w9.mp3"
"uva-az","小孩","https://klokah.tw/extension/con_data/sound/19/word/19c6w10.mp3"
"manaut","慢慢","https://klokah.tw/extension/con_data/sound/19/word/19c6w11.mp3"
"sadu","看到","https://klokah.tw/extension/con_data/sound/19/word/19c6w12.mp3"
"pakaun","桑樹","https://klokah.tw/extension/con_data/sound/19/word/19c6w13.mp3"
"pitqas","告知","https://klokah.tw/extension/con_data/sound/19/word/19c6w14.mp3"
"tantungu","拜訪","https://klokah.tw/extension/con_data/sound/19/word/19c6w15.mp3"
"asacak","我想","https://klokah.tw/extension/con_data/sound/19/word/19c7w1.mp3"
"baliv","買","https://klokah.tw/extension/con_data/sound/19/word/19c7w2.mp3"
"qalup","桃子","https://klokah.tw/extension/con_data/sound/19/word/19c7w3.mp3"
"su","你","https://klokah.tw/extension/con_data/sound/19/word/19c7w4.mp3"
"tau","三","https://klokah.tw/extension/con_data/sound/19/word/19c7w5.mp3"
"na mungaus","要先","https://klokah.tw/extension/con_data/sound/19/word/19c7w6.mp3"
"tanam","試","https://klokah.tw/extension/con_data/sound/19/word/19c7w7.mp3"
"lau qa","也許","https://klokah.tw/extension/con_data/sound/19/word/19c7w8.mp3"
"nit madavuc","不甜","https://klokah.tw/extension/con_data/sound/19/word/19c7w9.mp3"
"dusa sabacui","二百元","https://klokah.tw/extension/con_data/sound/19/word/19c7w10.mp3"
"siqai laz","挑","https://klokah.tw/extension/con_data/sound/19/word/19c7w11.mp3"
"macial","好的","https://klokah.tw/extension/con_data/sound/19/word/19c7w12.mp3"
"min-ia","選擇","https://klokah.tw/extension/con_data/sound/19/word/19c7w13.mp3"
"binaliv","買回來","https://klokah.tw/extension/con_data/sound/19/word/19c7w14.mp3"
"ma’un","一起吃","https://klokah.tw/extension/con_data/sound/19/word/19c7w15.mp3"
"laqbing","明天","https://klokah.tw/extension/con_data/sound/19/word/19c8w1.mp3"
"katuszang","老婆","https://klokah.tw/extension/con_data/sound/19/word/19c8w2.mp3"
"tinis uvazan","生日","https://klokah.tw/extension/con_data/sound/19/word/19c8w3.mp3"
"inul uan","有空","https://klokah.tw/extension/con_data/sound/19/word/19c8w4.mp3"
"patcuqeis","抱歉","https://klokah.tw/extension/con_data/sound/19/word/19c8w5.mp3"
"ain talam","答應","https://klokah.tw/extension/con_data/sound/19/word/19c8w6.mp3"
"maca ni-a","不然","https://klokah.tw/extension/con_data/sound/19/word/19c8w7.mp3"
"vaivi","另外","https://klokah.tw/extension/con_data/sound/19/word/19c8w8.mp3"
"dailaz","安排","https://klokah.tw/extension/con_data/sound/19/word/19c8w9.mp3"
"lucanan","禮拜天","https://klokah.tw/extension/con_data/sound/19/word/19c8w10.mp3"
"pukan","聚會","https://klokah.tw/extension/con_data/sound/19/word/19c8w11.mp3"
"palatmuav","失約","https://klokah.tw/extension/con_data/sound/19/word/19c8w12.mp3"
"tumantuk","準時","https://klokah.tw/extension/con_data/sound/19/word/19c8w13.mp3"
"kapimaupa","赴約","https://klokah.tw/extension/con_data/sound/19/word/19c8w14.mp3"
"miqumicang","謝謝","https://klokah.tw/extension/con_data/sound/19/word/19c8w15.mp3"
"lumaq","住家","https://klokah.tw/extension/con_data/sound/19/word/19c9w1.mp3"
"taqu zakun","教我","https://klokah.tw/extension/con_data/sound/19/word/19c9w2.mp3"
"maqtuang","希望","https://klokah.tw/extension/con_data/sound/19/word/19c9w3.mp3"
"nias qanciap","你不會","https://klokah.tw/extension/con_data/sound/19/word/19c9w4.mp3"
"namikua-kas","怎麼","https://klokah.tw/extension/con_data/sound/19/word/19c9w5.mp3"
"pasnava","學","https://klokah.tw/extension/con_data/sound/19/word/19c9w6.mp3"
"anak","主動","https://klokah.tw/extension/con_data/sound/19/word/19c9w7.mp3"
"malas bunun","族語","https://klokah.tw/extension/con_data/sound/19/word/19c9w8.mp3"
"bazbaz","溝通","https://klokah.tw/extension/con_data/sound/19/word/19c9w9.mp3"
"paicqal","文字","https://klokah.tw/extension/con_data/sound/19/word/19c9w10.mp3"
"mapatas","書寫","https://klokah.tw/extension/con_data/sound/19/word/19c9w11.mp3"
"kilim","找","https://klokah.tw/extension/con_data/sound/19/word/19c9w12.mp3"
"usku kunan","同學","https://klokah.tw/extension/con_data/sound/19/word/19c9w13.mp3"
"sinincun","獎勵","https://klokah.tw/extension/con_data/sound/19/word/19c9w14.mp3"
"minsambut","更加努力","https://klokah.tw/extension/con_data/sound/19/word/19c9w15.mp3"
"nackal","快樂","https://klokah.tw/extension/con_data/sound/19/word/19c10w1.mp3"
"lakua","什麼時候","https://klokah.tw/extension/con_data/sound/19/word/19c10w2.mp3"
"num","六","https://klokah.tw/extension/con_data/sound/19/word/19c10w3.mp3"
"luc-an","慶祝","https://klokah.tw/extension/con_data/sound/19/word/19c10w4.mp3"
"ni-ang","還沒","https://klokah.tw/extension/con_data/sound/19/word/19c10w5.mp3"
"tu’laz","決定","https://klokah.tw/extension/con_data/sound/19/word/19c10w6.mp3"
"nitpungul","記得","https://klokah.tw/extension/con_data/sound/19/word/19c10w7.mp3"
"milickin","想","https://klokah.tw/extension/con_data/sound/19/word/19c10w8.mp3"
"kanaqtung","結束","https://klokah.tw/extension/con_data/sound/19/word/19c10w9.mp3"
"muskun","一起","https://klokah.tw/extension/con_data/sound/19/word/19c10w10.mp3"
"madas","帶","https://klokah.tw/extension/con_data/sound/19/word/19c10w11.mp3"
"minhamu","參加","https://klokah.tw/extension/con_data/sound/19/word/19c10w12.mp3"
"palhanuc","準備","https://klokah.tw/extension/con_data/sound/19/word/19c10w13.mp3"
"pia","幾個","https://klokah.tw/extension/con_data/sound/19/word/19c11w1.mp3"
"Bananaz","兄弟","https://klokah.tw/extension/con_data/sound/19/word/19c11w2.mp3"
"haizanak","我有","https://klokah.tw/extension/con_data/sound/19/word/19c11w3.mp3"
"tatini","一個","https://klokah.tw/extension/con_data/sound/19/word/19c11w4.mp3"
"tuqas","哥哥","https://klokah.tw/extension/con_data/sound/19/word/19c11w5.mp3"
"pai-iu","醫生","https://klokah.tw/extension/con_data/sound/19/word/19c11w6.mp3"
"ihan","住在","https://klokah.tw/extension/con_data/sound/19/word/19c11w7.mp3"
"pabazbaz","聊聊","https://klokah.tw/extension/con_data/sound/19/word/19c11w8.mp3"
"tatlumaq","家庭","https://klokah.tw/extension/con_data/sound/19/word/19c11w9.mp3"
"pasiza","結婚","https://klokah.tw/extension/con_data/sound/19/word/19c11w10.mp3"
"manau-az","漂亮","https://klokah.tw/extension/con_data/sound/19/word/19c11w11.mp3"
"matmuav","非常","https://klokah.tw/extension/con_data/sound/19/word/19c11w12.mp3"
"asauk","喜歡","https://klokah.tw/extension/con_data/sound/19/word/19c11w13.mp3"
"acang","部落","https://klokah.tw/extension/con_data/sound/19/word/19c11w14.mp3"
"sipal","對面","https://klokah.tw/extension/con_data/sound/19/word/19c11w15.mp3"
"malkamaz","做什麼","https://klokah.tw/extension/con_data/sound/19/word/19c12w1.mp3"
"maz","如何","https://klokah.tw/extension/con_data/sound/19/word/19c12w2.mp3"
"mung qoqouma","農人","https://klokah.tw/extension/con_data/sound/19/word/19c12w3.mp3"
"sincuaz","種","https://klokah.tw/extension/con_data/sound/19/word/19c12w4.mp3"
"qalidang","樹豆","https://klokah.tw/extension/con_data/sound/19/word/19c12w5.mp3"
"taulac","蘿蔔","https://klokah.tw/extension/con_data/sound/19/word/19c12w6.mp3"
"bainu","紅豆","https://klokah.tw/extension/con_data/sound/19/word/19c12w7.mp3"
"balivan","賣","https://klokah.tw/extension/con_data/sound/19/word/19c12w8.mp3"
"maqlic","價錢很好","https://klokah.tw/extension/con_data/sound/19/word/19c12w9.mp3"
"isbaliv","價格","https://klokah.tw/extension/con_data/sound/19/word/19c12w10.mp3"
"kamani","不太好","https://klokah.tw/extension/con_data/sound/19/word/19c12w11.mp3"
"aupa","因為","https://klokah.tw/extension/con_data/sound/19/word/19c12w12.mp3"
"sauqoqodan","常常下雨","https://klokah.tw/extension/con_data/sound/19/word/19c12w13.mp3"
"madia-a","量多時","https://klokah.tw/extension/con_data/sound/19/word/19c12w14.mp3"
"pikaun","怎樣","https://klokah.tw/extension/con_data/sound/19/word/19c12w15.mp3"
"malkacia","處理","https://klokah.tw/extension/con_data/sound/19/word/19c12w16.mp3"
"isqosil","分給","https://klokah.tw/extension/con_data/sound/19/word/19c12w17.mp3"
"tancala","鄰居","https://klokah.tw/extension/con_data/sound/19/word/19c12w18.mp3"
"mulumaqa","請進","https://klokah.tw/extension/con_data/sound/19/word/19c13w1.mp3"
"papiaqa","有幾個","https://klokah.tw/extension/con_data/sound/19/word/19c13w2.mp3"
"mac-an","10個","https://klokah.tw/extension/con_data/sound/19/word/19c13w3.mp3"
"dangi-an","位置","https://klokah.tw/extension/con_data/sound/19/word/19c13w4.mp3"
"macingav","請問","https://klokah.tw/extension/con_data/sound/19/word/19c13w5.mp3"
"huhu-a","鵝肉","https://klokah.tw/extension/con_data/sound/19/word/19c13w6.mp3"
"sidi","羊肉","https://klokah.tw/extension/con_data/sound/19/word/19c13w7.mp3"
"qoudu","龍葵","https://klokah.tw/extension/con_data/sound/19/word/19c13w8.mp3"
"qadanga","山蘇","https://klokah.tw/extension/con_data/sound/19/word/19c13w9.mp3"
"cakut","山羌","https://klokah.tw/extension/con_data/sound/19/word/19c13w10.mp3"
"qou tukic","小喝","https://klokah.tw/extension/con_data/sound/19/word/19c13w11.mp3"
"untingcak","我開車","https://klokah.tw/extension/con_data/sound/19/word/19c13w12.mp3"
"kanang","問題","https://klokah.tw/extension/con_data/sound/19/word/19c13w13.mp3"
"madutdut","不勉強","https://klokah.tw/extension/con_data/sound/19/word/19c13w14.mp3"
"macaiv","付帳","https://klokah.tw/extension/con_data/sound/19/word/19c13w15.mp3"
"lehlehsapuz","火車","https://klokah.tw/extension/con_data/sound/19/word/19c14w1.mp3"
"tundazan","搭乘","https://klokah.tw/extension/con_data/sound/19/word/19c14w2.mp3"
"Taihuku","臺北","https://klokah.tw/extension/con_data/sound/19/word/19c14w3.mp3"
"masaingu","太累","https://klokah.tw/extension/con_data/sound/19/word/19c14w4.mp3"
"nit maqtu","不行","https://klokah.tw/extension/con_data/sound/19/word/19c14w5.mp3"
"halacan","來不及","https://klokah.tw/extension/con_data/sound/19/word/19c14w6.mp3"
"palqanciap","開會","https://klokah.tw/extension/con_data/sound/19/word/19c14w7.mp3"
"kusbabaii","飛機","https://klokah.tw/extension/con_data/sound/19/word/19c14w8.mp3"
"inak","我的","https://klokah.tw/extension/con_data/sound/19/word/19c14w9.mp3"
"lehleh qacibang","高鐵","https://klokah.tw/extension/con_data/sound/19/word/19c14w10.mp3"
"mungaus cak","我會先","https://klokah.tw/extension/con_data/sound/19/word/19c14w11.mp3"
"patum paklic","打電話","https://klokah.tw/extension/con_data/sound/19/word/19c14w12.mp3"
"maqlic","貴","https://klokah.tw/extension/con_data/sound/19/word/19c14w13.mp3"
"nit makua","沒關係","https://klokah.tw/extension/con_data/sound/19/word/19c14w14.mp3"
"natanam","體驗","https://klokah.tw/extension/con_data/sound/19/word/19c14w15.mp3"
"nit maqlic","便宜","https://klokah.tw/extension/con_data/sound/19/word/19c14w16.mp3"
"paiu-an","診所","https://klokah.tw/extension/con_data/sound/19/word/19c15w1.mp3"
"maupat","好像","https://klokah.tw/extension/con_data/sound/19/word/19c15w2.mp3"
"baqeic","發燒","https://klokah.tw/extension/con_data/sound/19/word/19c15w3.mp3"
"cakbit bungu","頭痛","https://klokah.tw/extension/con_data/sound/19/word/19c15w4.mp3"
"kava-va","快讓","https://klokah.tw/extension/con_data/sound/19/word/19c15w5.mp3"
"pasaduan","看","https://klokah.tw/extension/con_data/sound/19/word/19c15w6.mp3"
"na nit","不能","https://klokah.tw/extension/con_data/sound/19/word/19c15w7.mp3"
"ma’untinmut","早餐","https://klokah.tw/extension/con_data/sound/19/word/19c15w8.mp3"
"nasaduan","檢查","https://klokah.tw/extension/con_data/sound/19/word/19c15w9.mp3"
"tiqoc","血液","https://klokah.tw/extension/con_data/sound/19/word/19c15w10.mp3"
"tasban","過期","https://klokah.tw/extension/con_data/sound/19/word/19c15w11.mp3"
"paiu tu paitasan","健保卡","https://klokah.tw/extension/con_data/sound/19/word/19c15w12.mp3"
"makucuicak","自費","https://klokah.tw/extension/con_data/sound/19/word/19c15w13.mp3"
"mikuahalang","病況","https://klokah.tw/extension/con_data/sound/19/word/19c15w14.mp3"
"halangpaqav","膽結石","https://klokah.tw/extension/con_data/sound/19/word/19c15w15.mp3"
"halangqataz","肝病","https://klokah.tw/extension/con_data/sound/19/word/19c15w16.mp3"
"qudavuc","喝酒","https://klokah.tw/extension/con_data/sound/19/word/19c15w17.mp3"
"paklic","電話","https://klokah.tw/extension/con_data/sound/19/word/19c16w1.mp3"
"itun","在嗎","https://klokah.tw/extension/con_data/sound/19/word/19c16w2.mp3"
"mul u-ang","稍候","https://klokah.tw/extension/con_data/sound/19/word/19c16w3.mp3"
"dangaz","幫忙","https://klokah.tw/extension/con_data/sound/19/word/19c16w4.mp3"
"patngunu","轉告","https://klokah.tw/extension/con_data/sound/19/word/19c16w5.mp3"
"qalinga","留言","https://klokah.tw/extension/con_data/sound/19/word/19c16w6.mp3"
"min akus akus","正急","https://klokah.tw/extension/con_data/sound/19/word/19c16w7.mp3"
"munata","出門","https://klokah.tw/extension/con_data/sound/19/word/19c16w8.mp3"
"anaki","自己","https://klokah.tw/extension/con_data/sound/19/word/19c16w9.mp3"
"tau-un","開機","https://klokah.tw/extension/con_data/sound/19/word/19c16w10.mp3"
"masunu","轉告","https://klokah.tw/extension/con_data/sound/19/word/19c16w11.mp3"
"madauzung","平安","https://klokah.tw/extension/con_data/sound/19/word/19c16w12.mp3"
"kahan","已經","https://klokah.tw/extension/con_data/sound/19/word/19c16w13.mp3"
"mahiav","儘速","https://klokah.tw/extension/con_data/sound/19/word/19c16w14.mp3"
"pakaunsu","請你吃","https://klokah.tw/extension/con_data/sound/19/word/19c17w1.mp3"
"takining-av","海產","https://klokah.tw/extension/con_data/sound/19/word/19c17w2.mp3"
"silas ning-av","海邊","https://klokah.tw/extension/con_data/sound/19/word/19c17w3.mp3"
"kalavkalav","過敏","https://klokah.tw/extension/con_data/sound/19/word/19c17w4.mp3"
"qacipa","鱉","https://klokah.tw/extension/con_data/sound/19/word/19c17w5.mp3"
"qalmang","隨便","https://klokah.tw/extension/con_data/sound/19/word/19c17w6.mp3"
"su-u ca","你來","https://klokah.tw/extension/con_data/sound/19/word/19c17w7.mp3"
"mapatnu","點；指","https://klokah.tw/extension/con_data/sound/19/word/19c17w8.mp3"
"kan","魚","https://klokah.tw/extension/con_data/sound/19/word/19c17w9.mp3"
"kukucun","蝦","https://klokah.tw/extension/con_data/sound/19/word/19c17w10.mp3"
"kakalang","螃蟹","https://klokah.tw/extension/con_data/sound/19/word/19c17w11.mp3"
"madas zaku","帶我","https://klokah.tw/extension/con_data/sound/19/word/19c17w12.mp3"
"sanglav","菜","https://klokah.tw/extension/con_data/sound/19/word/19c17w13.mp3"
"pinmama-az","浪費","https://klokah.tw/extension/con_data/sound/19/word/19c17w14.mp3"
"abuqannin","飽","https://klokah.tw/extension/con_data/sound/19/word/19c17w15.mp3"
"talmadia-in","很久","https://klokah.tw/extension/con_data/sound/19/word/19c17w16.mp3"
"kadu-un","興趣","https://klokah.tw/extension/con_data/sound/19/word/19c18w1.mp3"
"mun ludun","爬山","https://klokah.tw/extension/con_data/sound/19/word/19c18w2.mp3"
"sadus","看到","https://klokah.tw/extension/con_data/sound/19/word/19c18w3.mp3"
"vaivi vaivi","大自然","https://klokah.tw/extension/con_data/sound/19/word/19c18w4.mp3"
"palandu","遇到","https://klokah.tw/extension/con_data/sound/19/word/19c18w5.mp3"
"taismumut","動物","https://klokah.tw/extension/con_data/sound/19/word/19c18w6.mp3"
"lutbut","常常","https://klokah.tw/extension/con_data/sound/19/word/19c18w7.mp3"
"qanvang","水鹿","https://klokah.tw/extension/con_data/sound/19/word/19c18w8.mp3"
"vanis","山豬","https://klokah.tw/extension/con_data/sound/19/word/19c18w9.mp3"
"hutung","猴子","https://klokah.tw/extension/con_data/sound/19/word/19c18w10.mp3"
"linas","雉雞","https://klokah.tw/extension/con_data/sound/19/word/19c18w11.mp3"
"haval","飛鼠","https://klokah.tw/extension/con_data/sound/19/word/19c18w12.mp3"
"patiqaningu","相機","https://klokah.tw/extension/con_data/sound/19/word/19c18w13.mp3"
"ngabul","鹿茸","https://klokah.tw/extension/con_data/sound/19/word/19c18w14.mp3"
"pisin","怕","https://klokah.tw/extension/con_data/sound/19/word/19c18w15.mp3"
"inbacun","被攻擊","https://klokah.tw/extension/con_data/sound/19/word/19c18w16.mp3"
"tail ai-an","習性","https://klokah.tw/extension/con_data/sound/19/word/19c18w17.mp3"
"tanabal","夏季","https://klokah.tw/extension/con_data/sound/19/word/19c19w1.mp3"
"tasqamisan","一年","https://klokah.tw/extension/con_data/sound/19/word/19c19w2.mp3"
"maupa","因為","https://klokah.tw/extension/con_data/sound/19/word/19c19w3.mp3"
"kukua","昆蟲","https://klokah.tw/extension/con_data/sound/19/word/19c19w4.mp3"
"tan-a","聽到","https://klokah.tw/extension/con_data/sound/19/word/19c19w5.mp3"
"luqeituiia","鳥叫聲","https://klokah.tw/extension/con_data/sound/19/word/19c19w6.mp3"
"madamu","抓","https://klokah.tw/extension/con_data/sound/19/word/19c19w7.mp3"
"lanuqei","小鳥","https://klokah.tw/extension/con_data/sound/19/word/19c19w8.mp3"
"saipuk","飼養","https://klokah.tw/extension/con_data/sound/19/word/19c19w9.mp3"
"qaludung","蚱蜢","https://klokah.tw/extension/con_data/sound/19/word/19c19w10.mp3"
"balinuqaz","蟋蟀","https://klokah.tw/extension/con_data/sound/19/word/19c19w11.mp3"
"qalu-a","螞蟻","https://klokah.tw/extension/con_data/sound/19/word/19c19w12.mp3"
"tapucqouan","螢火蟲","https://klokah.tw/extension/con_data/sound/19/word/19c19w13.mp3"
"maltatala","期待","https://klokah.tw/extension/con_data/sound/19/word/19c19w14.mp3"
"kavivila","遊戲","https://klokah.tw/extension/con_data/sound/19/word/19c19w15.mp3"
"mulumaq","回家","https://klokah.tw/extension/con_data/sound/19/word/19c20w1.mp3"
"minqamisan","過年","https://klokah.tw/extension/con_data/sound/19/word/19c20w2.mp3"
"mucuqeis","返鄉","https://klokah.tw/extension/con_data/sound/19/word/19c20w3.mp3"
"madas cak","我帶","https://klokah.tw/extension/con_data/sound/19/word/19c20w4.mp3"
"mai acang","故鄉","https://klokah.tw/extension/con_data/sound/19/word/19c20w5.mp3"
"Lamungan","南投","https://klokah.tw/extension/con_data/sound/19/word/19c20w6.mp3"
"ludun","山上","https://klokah.tw/extension/con_data/sound/19/word/19c20w7.mp3"
"banuaz qaizu","梅樹","https://klokah.tw/extension/con_data/sound/19/word/19c20w8.mp3"
"dandan","櫻花","https://klokah.tw/extension/con_data/sound/19/word/19c20w9.mp3"
"kapuaq","開花","https://klokah.tw/extension/con_data/sound/19/word/19c20w10.mp3"
"laupaku","正在","https://klokah.tw/extension/con_data/sound/19/word/19c20w11.mp3"
"kalumaq","到家","https://klokah.tw/extension/con_data/sound/19/word/19c20w12.mp3"
"adasun","我帶","https://klokah.tw/extension/con_data/sound/19/word/19c20w13.mp3"
"qasmav","認真","https://klokah.tw/extension/con_data/sound/19/word/19c21w1.mp3"
"qamican","歲；年齡","https://klokah.tw/extension/con_data/sound/19/word/19c21w2.mp3"
"masipul","讀書","https://klokah.tw/extension/con_data/sound/19/word/19c21w3.mp3"
"mintinalu","孤兒","https://klokah.tw/extension/con_data/sound/19/word/19c21w4.mp3"
"uka duma","沒有其他","https://klokah.tw/extension/con_data/sound/19/word/19c21w5.mp3"
"qudavuc","喝酒","https://klokah.tw/extension/con_data/sound/19/word/19c21w6.mp3"
"muladin","抽煙","https://klokah.tw/extension/con_data/sound/19/word/19c21w7.mp3"
"saviki","檳榔","https://klokah.tw/extension/con_data/sound/19/word/19c21w8.mp3"
"tampudaq","番茄","https://klokah.tw/extension/con_data/sound/19/word/19c21w9.mp3"
"lai-an","綠豆","https://klokah.tw/extension/con_data/sound/19/word/19c21w10.mp3"
"laingsaz","絲瓜","https://klokah.tw/extension/con_data/sound/19/word/19c21w11.mp3"
"minuli","龍鬚菜","https://klokah.tw/extension/con_data/sound/19/word/19c21w12.mp3"
"banuaztumpu","紅肉李","https://klokah.tw/extension/con_data/sound/19/word/19c21w13.mp3"
"qalupaz","柿子","https://klokah.tw/extension/con_data/sound/19/word/19c21w14.mp3"
"kadanga-zan","幫忙","https://klokah.tw/extension/con_data/sound/19/word/19c22w1.mp3"
"ancaqang","搬","https://klokah.tw/extension/con_data/sound/19/word/19c22w2.mp3"
"bahu","箱子","https://klokah.tw/extension/con_data/sound/19/word/19c22w3.mp3"
"muti-un","三次","https://klokah.tw/extension/con_data/sound/19/word/19c22w4.mp3"
"suqbung","很重","https://klokah.tw/extension/con_data/sound/19/word/19c22w5.mp3"
"na haiza","大概","https://klokah.tw/extension/con_data/sound/19/word/19c22w6.mp3"
"tingting","公斤","https://klokah.tw/extension/con_data/sound/19/word/19c22w7.mp3"
"pavazun","分開","https://klokah.tw/extension/con_data/sound/19/word/19c22w8.mp3"
"mazca","到底","https://klokah.tw/extension/con_data/sound/19/word/19c22w9.mp3"
"pan","玻璃瓶","https://klokah.tw/extension/con_data/sound/19/word/19c22w10.mp3"
"pinit muz","裝滿","https://klokah.tw/extension/con_data/sound/19/word/19c22w11.mp3"
"davuc tamul","釀的酒","https://klokah.tw/extension/con_data/sound/19/word/19c22w12.mp3"
"tas-a ceiq","一瓢","https://klokah.tw/extension/con_data/sound/19/word/19c22w13.mp3"
"tamul","釀","https://klokah.tw/extension/con_data/sound/19/word/19c22w14.mp3"
"sipulan","學校","https://klokah.tw/extension/con_data/sound/19/word/19c23w1.mp3"
"Vavaqa","民和","https://klokah.tw/extension/con_data/sound/19/word/19c23w2.mp3"
"pangka","年級","https://klokah.tw/extension/con_data/sound/19/word/19c23w3.mp3"
"puntiun","三年","https://klokah.tw/extension/con_data/sound/19/word/19c23w4.mp3"
"daqvas","高中","https://klokah.tw/extension/con_data/sound/19/word/19c23w5.mp3"
"misbuin","畢業","https://klokah.tw/extension/con_data/sound/19/word/19c23w6.mp3"
"mieq di","更難","https://klokah.tw/extension/con_data/sound/19/word/19c23w7.mp3"
"ain cunun","保送","https://klokah.tw/extension/con_data/sound/19/word/19c23w8.mp3"
"mupinnas","幾次","https://klokah.tw/extension/con_data/sound/19/word/19c23w9.mp3"
"hamu","參加","https://klokah.tw/extension/con_data/sound/19/word/19c23w10.mp3"
"paintaiv","比賽","https://klokah.tw/extension/con_data/sound/19/word/19c23w11.mp3"
"pakantundaq","跆拳道","https://klokah.tw/extension/con_data/sound/19/word/19c23w12.mp3"
"mahunut","第二名","https://klokah.tw/extension/con_data/sound/19/word/19c23w13.mp3"
"taisqang","爭光","https://klokah.tw/extension/con_data/sound/19/word/19c23w14.mp3"
"Takibakha","卡群","https://klokah.tw/extension/con_data/sound/19/word/19c24w1.mp3"
"tataqou","老師","https://klokah.tw/extension/con_data/sound/19/word/19c24w2.mp3"
"han lumaq","在家","https://klokah.tw/extension/con_data/sound/19/word/19c24w3.mp3"
"mastaulu","漢語","https://klokah.tw/extension/con_data/sound/19/word/19c24w4.mp3"
"maqaiang","歪歪的；不流利","https://klokah.tw/extension/con_data/sound/19/word/19c24w5.mp3"
"maikinnz","後代","https://klokah.tw/extension/con_data/sound/19/word/19c24w6.mp3"
"aldikucan","責任","https://klokah.tw/extension/con_data/sound/19/word/19c24w7.mp3"
"picial","學好","https://klokah.tw/extension/con_data/sound/19/word/19c24w8.mp3"
"imu tu","你們","https://klokah.tw/extension/con_data/sound/19/word/19c24w9.mp3"
"malat pu","滅亡","https://klokah.tw/extension/con_data/sound/19/word/19c24w10.mp3"
"Paqut","日月潭","https://klokah.tw/extension/con_data/sound/19/word/19c25w1.mp3"
"natalpia","預計","https://klokah.tw/extension/con_data/sound/19/word/19c25w2.mp3"
"talpusan","兩天","https://klokah.tw/extension/con_data/sound/19/word/19c25w3.mp3"
"tungqatu","乘船","https://klokah.tw/extension/con_data/sound/19/word/19c25w4.mp3"
"tukbailulu","繞湖","https://klokah.tw/extension/con_data/sound/19/word/19c25w5.mp3"
"masabaq","住宿","https://klokah.tw/extension/con_data/sound/19/word/19c25w6.mp3"
"malaqbing","明天","https://klokah.tw/extension/con_data/sound/19/word/19c25w7.mp3"
"tungkala-la","纜車","https://klokah.tw/extension/con_data/sound/19/word/19c25w8.mp3"
"sivasiduq","九族","https://klokah.tw/extension/con_data/sound/19/word/19c25w9.mp3"
"tan-a tu","聽說","https://klokah.tw/extension/con_data/sound/19/word/19c25w10.mp3"
"lumaqbistav","石板屋","https://klokah.tw/extension/con_data/sound/19/word/19c25w11.mp3"
"tinas-i lumaq","建築物","https://klokah.tw/extension/con_data/sound/19/word/19c25w12.mp3"
"takisilazan","原住民","https://klokah.tw/extension/con_data/sound/19/word/19c25w13.mp3"
"pistatalbuq","歌舞","https://klokah.tw/extension/con_data/sound/19/word/19c25w14.mp3"
"ispasadu","表演","https://klokah.tw/extension/con_data/sound/19/word/19c25w15.mp3"
"maldidip","期待","https://klokah.tw/extension/con_data/sound/19/word/19c25w16.mp3"
"tailmadia","多久","https://klokah.tw/extension/con_data/sound/19/word/19c26w1.mp3"
"kuzkuzaun","從事","https://klokah.tw/extension/con_data/sound/19/word/19c26w2.mp3"
"macuaz","種植","https://klokah.tw/extension/con_data/sound/19/word/19c26w3.mp3"
"bainu","敏豆","https://klokah.tw/extension/con_data/sound/19/word/19c26w4.mp3"
"lainiqaiban","經驗","https://klokah.tw/extension/con_data/sound/19/word/19c26w5.mp3"
"nalau","約有","https://klokah.tw/extension/con_data/sound/19/word/19c26w6.mp3"
"macihal","很好","https://klokah.tw/extension/con_data/sound/19/word/19c26w7.mp3"
"pinsuma cui","賺","https://klokah.tw/extension/con_data/sound/19/word/19c26w8.mp3"
"maldadauk","堅持","https://klokah.tw/extension/con_data/sound/19/word/19c26w9.mp3"
"madaing-in","大了","https://klokah.tw/extension/con_data/sound/19/word/19c26w10.mp3"
"mahuvaiv","換","https://klokah.tw/extension/con_data/sound/19/word/19c26w11.mp3"
"muhiav","短期","https://klokah.tw/extension/con_data/sound/19/word/19c26w12.mp3"
"maduu","習慣","https://klokah.tw/extension/con_data/sound/19/word/19c26w13.mp3"
"kaviaz","朋友","https://klokah.tw/extension/con_data/sound/19/word/19c27w1.mp3"
"saidu","看過","https://klokah.tw/extension/con_data/sound/19/word/19c27w2.mp3"
"panduanlehleh","車站","https://klokah.tw/extension/con_data/sound/19/word/19c27w3.mp3"
"pahalak","牽","https://klokah.tw/extension/con_data/sound/19/word/19c27w4.mp3"
"ima","手","https://klokah.tw/extension/con_data/sound/19/word/19c27w5.mp3"
"talbuq","早熟","https://klokah.tw/extension/con_data/sound/19/word/19c27w6.mp3"
"mis-buin","畢業","https://klokah.tw/extension/con_data/sound/19/word/19c27w7.mp3"
"pakaviaz","交朋友","https://klokah.tw/extension/con_data/sound/19/word/19c27w8.mp3"
"mabausqang","很帥","https://klokah.tw/extension/con_data/sound/19/word/19c27w9.mp3"
"qabasin","將來","https://klokah.tw/extension/con_data/sound/19/word/19c27w10.mp3"
"mapin boqboq","迷惑","https://klokah.tw/extension/con_data/sound/19/word/19c27w11.mp3"
"laqaiban","前途","https://klokah.tw/extension/con_data/sound/19/word/19c27w12.mp3"
"pakadaidaz","感情","https://klokah.tw/extension/con_data/sound/19/word/19c27w13.mp3"
"patnulu","注意","https://klokah.tw/extension/con_data/sound/19/word/19c27w14.mp3"
"inata","在外","https://klokah.tw/extension/con_data/sound/19/word/19c28w1.mp3"
"takiqbas","傳統","https://klokah.tw/extension/con_data/sound/19/word/19c28w2.mp3"
"mainacan","來自","https://klokah.tw/extension/con_data/sound/19/word/19c28w3.mp3"
"acangdaingaz","中央","https://klokah.tw/extension/con_data/sound/19/word/19c28w4.mp3"
"ludunqac","山脈","https://klokah.tw/extension/con_data/sound/19/word/19c28w5.mp3"
"maca","如果","https://klokah.tw/extension/con_data/sound/19/word/19c28w6.mp3"
"Kulisimasu","聖誕節","https://klokah.tw/extension/con_data/sound/19/word/19c28w7.mp3"
"sanaliva","看錯","https://klokah.tw/extension/con_data/sound/19/word/19c28w8.mp3"
"mavalkat","腳長","https://klokah.tw/extension/con_data/sound/19/word/19c28w9.mp3"
"mataidaza","跳高","https://klokah.tw/extension/con_data/sound/19/word/19c28w10.mp3"
"ancumal","開玩笑","https://klokah.tw/extension/con_data/sound/19/word/19c28w11.mp3"
"kaupa","只有","https://klokah.tw/extension/con_data/sound/19/word/19c28w12.mp3"
"malaqtainga","射耳祭","https://klokah.tw/extension/con_data/sound/19/word/19c28w13.mp3"
"malastapang","報戰功","https://klokah.tw/extension/con_data/sound/19/word/19c28w14.mp3"
"lalac-an","節奏","https://klokah.tw/extension/con_data/sound/19/word/19c28w15.mp3"
"simul","借","https://klokah.tw/extension/con_data/sound/19/word/19c28w16.mp3"
"dumasiduq","別族","https://klokah.tw/extension/con_data/sound/19/word/19c28w17.mp3"
"kauni","舉辦","https://klokah.tw/extension/con_data/sound/19/word/19c29w1.mp3"
"mamantuk","一定","https://klokah.tw/extension/con_data/sound/19/word/19c29w2.mp3"
"min papazin","抽穗","https://klokah.tw/extension/con_data/sound/19/word/19c29w3.mp3"
"maduq","小米","https://klokah.tw/extension/con_data/sound/19/word/19c29w4.mp3"
"tal-ia","發育","https://klokah.tw/extension/con_data/sound/19/word/19c29w5.mp3"
"masuqbung","重要","https://klokah.tw/extension/con_data/sound/19/word/19c29w6.mp3"
"isluluc-an","儀式","https://klokah.tw/extension/con_data/sound/19/word/19c29w7.mp3"
"busul","獵槍","https://klokah.tw/extension/con_data/sound/19/word/19c29w8.mp3"
"piclahi","祭槍","https://klokah.tw/extension/con_data/sound/19/word/19c29w9.mp3"
"qanup","狩獵","https://klokah.tw/extension/con_data/sound/19/word/19c29w10.mp3"
"vi-a","獵刀","https://klokah.tw/extension/con_data/sound/19/word/19c29w11.mp3"
"davaz","揹袋","https://klokah.tw/extension/con_data/sound/19/word/19c29w12.mp3"
"acu","獵狗","https://klokah.tw/extension/con_data/sound/19/word/19c29w13.mp3"
"sanacia","回收","https://klokah.tw/extension/con_data/sound/19/word/19c29w14.mp3"
"cuqais","清楚","https://klokah.tw/extension/con_data/sound/19/word/19c29w15.mp3"
"nit putvai","少","https://klokah.tw/extension/con_data/sound/19/word/19c29w16.mp3"
"piasiduq","幾族","https://klokah.tw/extension/con_data/sound/19/word/19c30w1.mp3"
"mac-an qanpat","十四","https://klokah.tw/extension/con_data/sound/19/word/19c30w2.mp3"
"sipul","算；數","https://klokah.tw/extension/con_data/sound/19/word/19c30w3.mp3"
"Qalavang","泰雅","https://klokah.tw/extension/con_data/sound/19/word/19c30w4.mp3"
"Livaqlivaq","阿美","https://klokah.tw/extension/con_data/sound/19/word/19c30w5.mp3"
"Saisia","賽夏","https://klokah.tw/extension/con_data/sound/19/word/19c30w6.mp3"
"Piuma","卑南","https://klokah.tw/extension/con_data/sound/19/word/19c30w7.mp3"
"Paivang","排灣","https://klokah.tw/extension/con_data/sound/19/word/19c30w8.mp3"
"Lukaii","魯凱","https://klokah.tw/extension/con_data/sound/19/word/19c30w9.mp3"
"Pangkal kalan","雅美","https://klokah.tw/extension/con_data/sound/19/word/19c30w10.mp3"
"Tanaul","鄒族","https://klokah.tw/extension/con_data/sound/19/word/19c30w11.mp3"
"Vatan","邵","https://klokah.tw/extension/con_data/sound/19/word/19c30w12.mp3"
"Kamalan","噶瑪蘭","https://klokah.tw/extension/con_data/sound/19/word/19c30w13.mp3"
"Taluku","太魯閣","https://klokah.tw/extension/con_data/sound/19/word/19c30w14.mp3"
"Sakilaiia","撒奇萊雅","https://klokah.tw/extension/con_data/sound/19/word/19c30w15.mp3"
"Seziq","賽德克","https://klokah.tw/extension/con_data/sound/19/word/19c30w16.mp3"
"Taulu","中國","https://klokah.tw/extension/con_data/sound/19/word/19c30w17.mp3"
"Taivang","臺灣","https://klokah.tw/extension/con_data/sound/19/word/19c30w18.mp3"
"mavai","最少","https://klokah.tw/extension/con_data/sound/19/word/19c30w19.mp3"
"madia daingaz","超多","https://klokah.tw/extension/con_data/sound/19/word/19c30w20.mp3"
