"Miqumisang. Mun-isaq aas?","你好。你要去哪裡？","https://klokah.tw/extension/con_data/sound/20/sentence/20c1s1.mp3"
"Namunhaan aak uskunan tu lumaq.","我要去同學的家裡。","https://klokah.tw/extension/con_data/sound/20/sentence/20c1s2.mp3"
"Kamaaq aas mun-ita?","去那裡幹什麼？","https://klokah.tw/extension/con_data/sound/20/sentence/20c1s3.mp3"
"Namuskun aam vingkiu.","我們要一起寫功課。","https://klokah.tw/extension/con_data/sound/20/sentence/20c1s4.mp3"
"Aquz, minsumin aak.","阿綑，我到了。","https://klokah.tw/extension/con_data/sound/20/sentence/20c1s5.mp3"
"Ibu, mulumaqatun malungqu.","依佈，請進到家裡坐。","https://klokah.tw/extension/con_data/sound/20/sentence/20c1s6.mp3"
"Na-i-isaq ata vingkiu?","我們要在哪裡唸書？","https://klokah.tw/extension/con_data/sound/20/sentence/20c1s7.mp3"
"Ihaan ata sukuidaingta muskun vingkiu.","我們在那張大桌子唸書。","https://klokah.tw/extension/con_data/sound/20/sentence/20c1s8.mp3"
"Kanaqtungin ata vingkiu, namudanin aak mulumaq.","我們唸完書了，我要回家去了。","https://klokah.tw/extension/con_data/sound/20/sentence/20c1s9.mp3"
"Muqnang laqbingin mapasaduu!","明天見！","https://klokah.tw/extension/con_data/sound/20/sentence/20c1s10.mp3"
"Tukauq suu a ngaan?","你叫什麼名字？","https://klokah.tw/extension/con_data/sound/20/sentence/20c2s1.mp3"
"Tupaun aak tu Lumav.","我的名字叫做陸瑪夫。","https://klokah.tw/extension/con_data/sound/20/sentence/20c2s2.mp3"
"Ismama’aq suu a siduq?","你的姓氏是什麼？","https://klokah.tw/extension/con_data/sound/20/sentence/20c2s3.mp3"
"Tanapima naak a siduq. Simaq suu a ngaan, tak-i-isaq aas?","我是大拿畢瑪氏。你叫什麼名字，家住在哪裡？","https://klokah.tw/extension/con_data/sound/20/sentence/20c2s4.mp3"
"Maaq aak a Pima, takihaan Kunuan.","我的名字叫做畢瑪，家住在馬遠部落。","https://klokah.tw/extension/con_data/sound/20/sentence/20c2s5.mp3"
"Tama, madas aak kaviaz mulumaq tantungu.","爸爸，我帶我的朋友回家來作客。","https://klokah.tw/extension/con_data/sound/20/sentence/20c2s6.mp3"
"Malungqua! Tukauq suu a tina ngaan?","請坐，你的媽媽叫什麼名字？","https://klokah.tw/extension/con_data/sound/20/sentence/20c2s7.mp3"
"Maaq naak tina a Ali Tanapima.","我的媽媽叫做阿莉，大拿畢瑪氏。","https://klokah.tw/extension/con_data/sound/20/sentence/20c2s8.mp3"
"Maltais-aan aam tina suu.","我和你媽媽是親戚關係。","https://klokah.tw/extension/con_data/sound/20/sentence/20c2s9.mp3"
"Niapin aak.","我知道了。","https://klokah.tw/extension/con_data/sound/20/sentence/20c2s10.mp3"
"Masauqzangin aak.","我肚子餓了。","https://klokah.tw/extension/con_data/sound/20/sentence/20c3s1.mp3"
"Haizang naak taungqu kinitdaan mantu, maun aas?","我還有中午吃剩的麵包，你要吃嗎？","https://klokah.tw/extension/con_data/sound/20/sentence/20c3s2.mp3"
"Namaqin suu nakaunun?","那你要吃什麼呢？","https://klokah.tw/extension/con_data/sound/20/sentence/20c3s3.mp3"
"Langat i buqanang aak. Masauqzangin aas? Namunhanta babalivan mabaliv i nakaunun suu i.","反正我還很飽。你餓了嗎？那我們到超商買你要吃的東西好了。","https://klokah.tw/extension/con_data/sound/20/sentence/20c3s4.mp3"
"Mabaliv aak paumiin nakaunuk.","我買泡麵吃。","https://klokah.tw/extension/con_data/sound/20/sentence/20c3s5.mp3"
"Taqui suu a babalivan  tu pisbaqaisav a paumina!","跟店員說把泡麵加熱！","https://klokah.tw/extension/con_data/sound/20/sentence/20c3s6.mp3"
"Mabuqanin aak minaun i paumiin.","吃完了泡麵後我就飽了。","https://klokah.tw/extension/con_data/sound/20/sentence/20c3s7.mp3"
"Maaq muu haip paitusanavan kaunun?","今天晚餐你們吃什麼？","https://klokah.tw/extension/con_data/sound/20/sentence/20c3s8.mp3"
"Maun aam hutan siin silau.","我們吃地瓜和醃豬肉。","https://klokah.tw/extension/con_data/sound/20/sentence/20c3s9.mp3"
"Duqi austakanin aas!","你應該飽到吃不下了！","https://klokah.tw/extension/con_data/sound/20/sentence/20c3s10.mp3"
"Madumdum a diqanin saduan.","天空看起來很陰暗。","https://klokah.tw/extension/con_data/sound/20/sentence/20c4s1.mp3"
"Maszang naqudanan unisin.","看起來等一下要下雨的樣子。","https://klokah.tw/extension/con_data/sound/20/sentence/20c4s2.mp3"
"Qainudanan takna sanavan?","昨晚下過雨嗎？","https://klokah.tw/extension/con_data/sound/20/sentence/20c4s3.mp3"
"Nii, maklang takna sanavan.","不，昨晚天氣很熱。","https://klokah.tw/extension/con_data/sound/20/sentence/20c4s4.mp3"
"Disdisanin a diqanin.","天開始下起細雨來了。","https://klokah.tw/extension/con_data/sound/20/sentence/20c4s5.mp3"
"Tan-a aak tu nahaiza luvluv.","我聽說有颱風。","https://klokah.tw/extension/con_data/sound/20/sentence/20c4s6.mp3"
"Su’zaqin a qudan.","雨下的很大了。","https://klokah.tw/extension/con_data/sound/20/sentence/20c4s7.mp3"
"Painukav a kapa hulusa mungka’ku.","請穿上雨衣上學。","https://klokah.tw/extension/con_data/sound/20/sentence/20c4s8.mp3"
"Sia naak talulung ikma-aiun.","我要使用雨傘。","https://klokah.tw/extension/con_data/sound/20/sentence/20c4s9.mp3"
"Mananulua, aupa qudanan haip a diqanin!","小心走，因為天雨路滑！","https://klokah.tw/extension/con_data/sound/20/sentence/20c4s10.mp3"
"Piaqin buan laupadau?","現在是幾月了？","https://klokah.tw/extension/con_data/sound/20/sentence/20c5s1.mp3"
"Mas-an qan dusain a buan laupadau.","現在已經是12月了。","https://klokah.tw/extension/con_data/sound/20/sentence/20c5s2.mp3"
"Piaq haip a qani-anan?","今天是幾號呢？","https://klokah.tw/extension/con_data/sound/20/sentence/20c5s3.mp3"
"Mapusan qan hima haip a qani-anan.","今天是25日。","https://klokah.tw/extension/con_data/sound/20/sentence/20c5s4.mp3"
"Asipiaq haip?","今天星期幾？","https://klokah.tw/extension/con_data/sound/20/sentence/20c5s5.mp3"
"Asinuum haip.","今天是星期六。","https://klokah.tw/extension/con_data/sound/20/sentence/20c5s6.mp3"
"Piaqin tukii laupadau?","現在幾點鐘了。","https://klokah.tw/extension/con_data/sound/20/sentence/20c5s7.mp3"
"Siva tukii tu mas-an qan hima taiktaik.","九點十五分。","https://klokah.tw/extension/con_data/sound/20/sentence/20c5s8.mp3"
"Ka’tu mataqusngi, nakitngaa ata isnavaan.","不要吵鬧，我們要開始上課了。","https://klokah.tw/extension/con_data/sound/20/sentence/20c5s9.mp3"
"Manungsivin! Ka’in pisqaitmal, na-isnavanin.","安靜了！不要再玩了，要上課了。","https://klokah.tw/extension/con_data/sound/20/sentence/20c5s10.mp3"
"I-isaq ata laupadau?","我們現在在哪裡？","https://klokah.tw/extension/con_data/sound/20/sentence/20c6s1.mp3"
"Nii aak amin niap tu i-isaq ata laupadau.","我也不知道我們現在在哪裡。","https://klokah.tw/extension/con_data/sound/20/sentence/20c6s2.mp3"
"Unghavan ata daan laupadau.","我們已經迷路了。","https://klokah.tw/extension/con_data/sound/20/sentence/20c6s3.mp3"
"Kilim ata bunun masingav nalaqaiban ita tu daan.","我們要找人詢問要走的路。","https://klokah.tw/extension/con_data/sound/20/sentence/20c6s4.mp3"
"Miqumisang! Munghav aam i-iti laupadau, taquavang aam musaupa Tambazuan tu daan.","對不起，我們在這裡迷路了，請告訴我們到達地利部落的路。","https://klokah.tw/extension/con_data/sound/20/sentence/20c6s5.mp3"
"Asa amu tu tunsasaan tanavanan tu daan daingaza.","你們必須沿著右手邊的那條大路走。","https://klokah.tw/extension/con_data/sound/20/sentence/20c6s6.mp3"
"Uninang.","謝謝您。","https://klokah.tw/extension/con_data/sound/20/sentence/20c6s7.mp3"
"Usaduanin ata imita asang a.","看到我們的村落了。","https://klokah.tw/extension/con_data/sound/20/sentence/20c6s8.mp3"
"Tuza tu matumasqing i tinaqu ita daan tu bununa.","真的謝謝指引我們路的那個人。","https://klokah.tw/extension/con_data/sound/20/sentence/20c6s9.mp3"
"Taunalumaqin ata.","我們已經到家了。","https://klokah.tw/extension/con_data/sound/20/sentence/20c6s10.mp3"
"Tina, asa aak mabaliv landung, natundazaan zaku mungka’ku.","媽媽，我想要買腳踏車騎到學校去。","https://klokah.tw/extension/con_data/sound/20/sentence/20c7s1.mp3"
"Piaq sui a tas-a landunga balivun?","腳踏車一輛需要多少錢？","https://klokah.tw/extension/con_data/sound/20/sentence/20c7s2.mp3"
"Matiun qan hima saba suidaing.","三千五百元正。","https://klokah.tw/extension/con_data/sound/20/sentence/20c7s3.mp3"
"Makuaq suu a landung kazimaun?","你喜歡怎樣的腳踏車？","https://klokah.tw/extension/con_data/sound/20/sentence/20c7s4.mp3"
"Sia masinhavta a kazimaun zaku.","我喜歡黃色那一台。","https://klokah.tw/extension/con_data/sound/20/sentence/20c7s5.mp3"
"Na-isbalivak aas.","我買給你。","https://klokah.tw/extension/con_data/sound/20/sentence/20c7s6.mp3"
"Tina, asang aak mabaliv i tamuhung, biaqis mutingkul nanitu milu’lu.","媽媽，我想要買帽子，萬一跌倒就不會受傷。","https://klokah.tw/extension/con_data/sound/20/sentence/20c7s7.mp3"
"Si-aav masihal siin maqunduq tu tamuhung a balivun. Piaq sui pukunun?","那就買質地堅固的帽子。加起來總共多少錢？","https://klokah.tw/extension/con_data/sound/20/sentence/20c7s8.mp3"
"Pukunun a haiza tu masipatun saba suidaing. Uninang suu tina.","加起來總共4000元。媽媽謝謝你。","https://klokah.tw/extension/con_data/sound/20/sentence/20c7s9.mp3"
"Pisihalav a landunga ikma-ia.","好好使用那台腳踏車。","https://klokah.tw/extension/con_data/sound/20/sentence/20c7s10.mp3"
"Ui! Uli aas? Talmadiain nitu saduan.","喂！是烏莉嗎？好久不見了。","https://klokah.tw/extension/con_data/sound/20/sentence/20c8s1.mp3"
"Isuz aas? Ma’aq suu na-isbabaz zakuan?","你是依舒兒嗎？有什麼事嗎？","https://klokah.tw/extension/con_data/sound/20/sentence/20c8s2.mp3"
"Nalus-an aam miqan isia aki pun masivaun qan hima qamisan tu tinus-uvaz-azan.","後天我們要慶祝祖父95歲的生日。","https://klokah.tw/extension/con_data/sound/20/sentence/20c8s3.mp3"
"Tuza? Masihal naupa aki laupadau?","真的嗎？祖父現在身體好嗎？","https://klokah.tw/extension/con_data/sound/20/sentence/20c8s4.mp3"
"Masihal. Lusqatu kama niin maqtu mudadaan. Tupa bai tu, duuq maqtu aas mulumaq tunsilain minhamu lus-an aki tu tinus-uvaz-azan tu qanian?","還不錯啦。只是比較不能夠走路了。祖母說後天你可否參加祖父的慶生會？","https://klokah.tw/extension/con_data/sound/20/sentence/20c8s5.mp3"
"Isuz, tupai a bai tu ladu-azavang. Aupa namunhaan aak Amilika mu-anpuk, nanitu maqtu mulumaq.","依舒兒，因為我將要去美國開會，不能夠回家。請跟祖母說請原諒我。","https://klokah.tw/extension/con_data/sound/20/sentence/20c8s6.mp3"
"Nataquaq a baia tu nii aas maqtu minhamu lus-an.","我會告訴祖母說你不能夠參加慶生會。","https://klokah.tw/extension/con_data/sound/20/sentence/20c8s7.mp3"
"Masihal amin a tamatina ilumaq? Matuang a Tama Diqanin mapisvala inaita is-aang.","爸媽在家都安好嗎？但願上帝賜給他們平安。","https://klokah.tw/extension/con_data/sound/20/sentence/20c8s8.mp3"
"Masiahal aingka amin, nitu masalpu ’is-aang. Miqumisang!","他們都很好，你放心。再見！","https://klokah.tw/extension/con_data/sound/20/sentence/20c8s9.mp3"
"Uninang aas Isuz.","依舒兒，謝謝你。","https://klokah.tw/extension/con_data/sound/20/sentence/20c8s10.mp3"
"Simaq maisnava suu malastakiVatan?","誰教過你說丹群布農語？","https://klokah.tw/extension/con_data/sound/20/sentence/20c9s1.mp3"
"Inaak tamatina maisnava zaku malastakiVatan.","我的父母親教我說丹群語。","https://klokah.tw/extension/con_data/sound/20/sentence/20c9s2.mp3"
"Maaq nai ispasnanava su-uan?","他們教導你什麼？","https://klokah.tw/extension/con_data/sound/20/sentence/20c9s3.mp3"
"Sia ki mailanqabasan itu uvavaz-az tu sintusasaus siin mininpakaliva tu sinkuzakuza.","古時候的童謠以及神話故事。","https://klokah.tw/extension/con_data/sound/20/sentence/20c9s4.mp3"
"Mastaan aas tu masihal, aupa haizang a tamatina masnava suu itu takiVatan vaivivaivi tu taiklas.","你真是幸運，還有父母親教導你丹群的各種智慧。","https://klokah.tw/extension/con_data/sound/20/sentence/20c9s5.mp3"
"Matumasqing aak inaak tamatina, aupa maqasmav aingka masnanava zaku itu takiVatan tu taikiqabasan tu sinkuzakuza.","我很謝謝我的父母親很認真地教導我丹群的古代歷史。","https://klokah.tw/extension/con_data/sound/20/sentence/20c9s6.mp3"
"Ma’aq suu taikiqabasan minpakaliva tu sinkuzakuza a qansaipun? Maqtu aas taqu zami?","哪些神話故事是你所知道的，你可以說給我們聽聽嗎？","https://klokah.tw/extension/con_data/sound/20/sentence/20c9s7.mp3"
"Haiza dauka mintinalu uvaz-az a mi n-uni kuhaav. Haizang amin dauka mangai binanau-az a min-uni  ki qamutis...","有孤兒變成老鷹，還有懶惰的女人變成了老鼠…。","https://klokah.tw/extension/con_data/sound/20/sentence/20c9s8.mp3"
"Madauzung isuu a sinpalastakiVatan.","你的丹群語說得很好。","https://klokah.tw/extension/con_data/sound/20/sentence/20c9s9.mp3"
"Uninang masnanava!","謝謝老師！","https://klokah.tw/extension/con_data/sound/20/sentence/20c9s10.mp3"
"Piaqin suu qamisan haip punsanan?","你今年幾歲了？","https://klokah.tw/extension/con_data/sound/20/sentence/20c10s1.mp3"
"Mas-an qan numin aak haip.","我今年16歲了。","https://klokah.tw/extension/con_data/sound/20/sentence/20c10s2.mp3"
"Piaq qani-anan a isuu tainis-uvaz-azan?","你的生日在哪一天？","https://klokah.tw/extension/con_data/sound/20/sentence/20c10s3.mp3"
"Ihaan hima buan mas-an qan dusa qanian. Nalus-anan aak laqbingin, duuq maqtu aas minhamu?","在5月12日。明日要慶祝我的生日，你是否可以來參加？","https://klokah.tw/extension/con_data/sound/20/sentence/20c10s4.mp3"
"Uu, naminhamu aak tudipin.","好吧，那天我會去參加。","https://klokah.tw/extension/con_data/sound/20/sentence/20c10s5.mp3"
"Liban, minsumin aak. Haiza naak inadas ispaska suu. Antalavang.","里班，我來了。我有禮物要送給你，請你收下。","https://klokah.tw/extension/con_data/sound/20/sentence/20c10s6.mp3"
"Uninang suu Langui, manaskal naak is-aang minhamu aas.","朗葳，謝謝你，很高興你能夠來參加。","https://klokah.tw/extension/con_data/sound/20/sentence/20c10s7.mp3"
"Tusasaus aak pinaskal isuu is-aang.","我來唱歌祝你生日快樂。","https://klokah.tw/extension/con_data/sound/20/sentence/20c10s8.mp3"
"Napistaba ata lusuku, makulut i tankau. Muskun ata iti manaskal.","我們在這裡點蠟燭，切蛋糕一起快樂。","https://klokah.tw/extension/con_data/sound/20/sentence/20c10s9.mp3"
"Uninang amu minhamu haip sanavan tu sinlus-an.","謝謝你們參加今晚的慶祝活動。","https://klokah.tw/extension/con_data/sound/20/sentence/20c10s10.mp3"
"Tak-i-isaq aas?","你住在哪裡？","https://klokah.tw/extension/con_data/sound/20/sentence/20c11s1.mp3"
"Takisaan aak Tankinuz tu asang Bahuan.","我住在花蓮縣馬遠部落。","https://klokah.tw/extension/con_data/sound/20/sentence/20c11s2.mp3"
"Papiaq suu tais-aan?","你的兄弟姊妹有幾位？","https://klokah.tw/extension/con_data/sound/20/sentence/20c11s3.mp3"
"Sasaspat aam. Dusa a masituqas, tas-a a masinauba, zakuin.","總共有四位。二位是兄姐，一位是弟弟，再來就是我了。","https://klokah.tw/extension/con_data/sound/20/sentence/20c11s4.mp3"
"Malka ma’aq aingka laupadau?","他們現在做什麼工作？","https://klokah.tw/extension/con_data/sound/20/sentence/20c11s5.mp3"
"Maaq a tuqas nanaz a matatas-i kikai. Tuqas nau-az a kumu-iing, mauba nanaz a pantuang haan zaingaku. Maaq aak a ihaan asang masnanava malastakiVatan. Papiaq amu tais-aan?","哥哥是從事機械操作的，姊姊是公務員，弟弟就讀大學。我在部落擔任丹群布農族語的老師。那你們有幾個兄弟姊妹？","https://klokah.tw/extension/con_data/sound/20/sentence/20c11s6.mp3"
"Lusqa aam dadusa, zaku a siin tatini sinaipuk tu tuqas nau-az, sizaunin aipa bunun, haizin tas-a uvaz-az.","我們只有二位，我和被領養的姊姊，她已經結婚了，也有了一個孩子。","https://klokah.tw/extension/con_data/sound/20/sentence/20c11s7.mp3"
"Masihal suu tamatina?","你的父母親好嗎？","https://klokah.tw/extension/con_data/sound/20/sentence/20c11s8.mp3"
"Madaingazin naak a tamatina, nii a hubung madaisuu.","我父母親老了，身體不怎麼硬朗了。","https://klokah.tw/extension/con_data/sound/20/sentence/20c11s9.mp3"
"Sanmaqtuang aingka masvala!.","但願他們都平安！","https://klokah.tw/extension/con_data/sound/20/sentence/20c11s10.mp3"
"Uninang suu!","謝謝你！","https://klokah.tw/extension/con_data/sound/20/sentence/20c11s11.mp3"
"Ma’aq suu kuzkuzaun?","你是做什麼工作的？","https://klokah.tw/extension/con_data/sound/20/sentence/20c12s1.mp3"
"Munququma aak tu bunun.","我是個農人。","https://klokah.tw/extension/con_data/sound/20/sentence/20c12s2.mp3"
"Maaq suu palkadaan haan quma suu lapakadau?","你現在在農地裡做什麼事呢？","https://klokah.tw/extension/con_data/sound/20/sentence/20c12s3.mp3"
"Malkavuvunun, mintun masuaz i hutan, tai, lamuqu, kut-aqun.","種植水稻，有時候種地瓜、芋頭、玉米。","https://klokah.tw/extension/con_data/sound/20/sentence/20c12s4.mp3"
"Isbabaliv a sinsusuz su-un?","你的農物是要販賣的嗎？","https://klokah.tw/extension/con_data/sound/20/sentence/20c12s5.mp3"
"Haiza isbaliv a, haiza amin a anakun zami maun. Ma’aq suu a palkadaan?","有一些是要賣售的，也有一些是自己要吃的。那你是在從事什麼工作？","https://klokah.tw/extension/con_data/sound/20/sentence/20c12s6.mp3"
"Ihaan aak Taiciu u-uting i laihlaih. I-ita amin naak a uvaz-az matas-i ki utuvai.","我是在臺中市開市公車的。我的孩子也在那裡從事摩托車修理的工作。","https://klokah.tw/extension/con_data/sound/20/sentence/20c12s7.mp3"
"Tutuza tu Masihal, haiza muu kuzkuzaun i-ita.","那真好呀，在你們那裡工作。","https://klokah.tw/extension/con_data/sound/20/sentence/20c12s8.mp3"
"Namunastuin aak, sanmaqtuang ata muqna pasaduu.","我要下車了，但願還能見面。","https://klokah.tw/extension/con_data/sound/20/sentence/20c12s9.mp3"
"Tantungua!","請來我家作客！","https://klokah.tw/extension/con_data/sound/20/sentence/20c12s10.mp3"
"Piaqin laupadau tukii? Masauqzangin, asin aak maun qaising.","現在幾點鐘了？我肚子餓了，想要吃飯了。","https://klokah.tw/extension/con_data/sound/20/sentence/20c13s1.mp3"
"Nama’aq suu haip taungqu asaun maun?","你中午想要吃什麼？","https://klokah.tw/extension/con_data/sound/20/sentence/20c13s2.mp3"
"Sia naak kinal-ing qaising, pinasaq tulkuk, titi qangvang, iskaan, tangavaz, siin misu silu asaun maun.","我想要吃炒飯、雞腿、牛肉、魚、韭菜，以及味噌湯。","https://klokah.tw/extension/con_data/sound/20/sentence/20c13s3.mp3"
"Anaka aas mapulaung, sizain aak nakaunun zaku.","你自己去點菜，我現在去拿我要吃的。","https://klokah.tw/extension/con_data/sound/20/sentence/20c13s4.mp3"
"Namapulaung aak sauva, tinpula, mapakulut i titi nakaunuk.","我要點麵食，甜不辣，切小菜來吃。","https://klokah.tw/extension/con_data/sound/20/sentence/20c13s5.mp3"
"Minaunin a namaunang aak kut-aqun, quu ki kapi.","吃飽後，我要點水果，喝咖啡。","https://klokah.tw/extension/con_data/sound/20/sentence/20c13s6.mp3"
"Maqtuin kaupata kinaunan, na-austakanin aak.","吃這些就夠了，要不然，我就會太飽了。","https://klokah.tw/extension/con_data/sound/20/sentence/20c13s7.mp3"
"Sipulav tu piaq a kinaunan?","算算餐費多少錢？","https://klokah.tw/extension/con_data/sound/20/sentence/20c13s8.mp3"
"Haiza tu mas-an qan tas-a saba suidaing pukunun.","總共1100元。","https://klokah.tw/extension/con_data/sound/20/sentence/20c13s9.mp3"
"Asa tu it-abuq maun, nasauqzang unisin. Zaku masaiv i kinaunantun.","要吃飽呦，免得等一下又餓了。我來出這筆餐費。","https://klokah.tw/extension/con_data/sound/20/sentence/20c13s10.mp3"
"Namun-isaq aas haip? Mavia tu tingmut ihaan panduduan laihlaihti i?","你今天要去哪兒？為何一大早到火車站來呢？","https://klokah.tw/extension/con_data/sound/20/sentence/20c14s1.mp3"
"Namun Taihuku aak mintivi uvavaz-az.","我要去臺北市看我的孩子們。","https://klokah.tw/extension/con_data/sound/20/sentence/20c14s2.mp3"
"Namaaq suu laihlaih tundazaan?","你要搭哪一班的火車？","https://klokah.tw/extension/con_data/sound/20/sentence/20c14s3.mp3"
"Sia naak Sucianghau tundazaan.","我搭乘自強號的火車。","https://klokah.tw/extension/con_data/sound/20/sentence/20c14s4.mp3"
"Maibalivin aas kipu’?","你已經買好車票了嗎？","https://klokah.tw/extension/con_data/sound/20/sentence/20c14s5.mp3"
"Ngausin aak tunsila mabaliv, haizin naak kipu’. Tunlaihlaih amin aas?","我前天先買好了，我已經有車票了。你也要搭火車嗎？","https://klokah.tw/extension/con_data/sound/20/sentence/20c14s6.mp3"
"Nii, lusqa aak masatu ki uvaz-az tunlaihlaih sapuz, namusuqis aipun haip mungka’ku.","不，我只是送我的孩子搭火車，他今天要返校。","https://klokah.tw/extension/con_data/sound/20/sentence/20c14s7.mp3"
"Namaaq suu unisin tundazaan mulumaq?","等一下你返家搭乘什麼（交通工具）？","https://klokah.tw/extension/con_data/sound/20/sentence/20c14s8.mp3"
"Tunpautpaut aak unisin mulumaq.","我等一下騎摩托車回家。","https://klokah.tw/extension/con_data/sound/20/sentence/20c14s9.mp3"
"Mananulu naip!","騎慢一點！","https://klokah.tw/extension/con_data/sound/20/sentence/20c14s10.mp3"
"Mavia aas tu buntu mamas-i i?","你為什麼一直咳嗽？","https://klokah.tw/extension/con_data/sound/20/sentence/20c15s1.mp3"
"Mihalang aak. Masungha’ inaak a qaungqaung.","我生病了，我的喉嚨很癢。","https://klokah.tw/extension/con_data/sound/20/sentence/20c15s2.mp3"
"Tukuaq ka ising sainiduu?","醫生診查怎麼說？","https://klokah.tw/extension/con_data/sound/20/sentence/20c15s3.mp3"
"Minbalvain dau ka inaak qaungqaung. Na-asa tu susukan. Kamaaq aas mun-iti?","我的喉嚨已經紅腫了。一定要打針。你來做什麼？","https://klokah.tw/extension/con_data/sound/20/sentence/20c15s4.mp3"
"Sia naak bantas pulu a na-ispa-iu.","我要治療我腳上的痛風。","https://klokah.tw/extension/con_data/sound/20/sentence/20c15s5.mp3"
"Nitu maqtu lusqa siza ki iu maun?","不能夠只吃藥嗎？","https://klokah.tw/extension/con_data/sound/20/sentence/20c15s6.mp3"
"Nitu maqtu. Aupa tinbalvain naak a bantas, asin tu susukan amin. Mananulua! Katu iskazhavun.","不能。因為我的腳已經腫起來了，也必須要打針了。請你保重！不要著涼了。","https://klokah.tw/extension/con_data/sound/20/sentence/20c15s7.mp3"
"Uninang suu matnanulu zaku, kasatnula aas amin quu ki davus.","謝謝你提醒我，你也需要節酒。","https://klokah.tw/extension/con_data/sound/20/sentence/20c15s8.mp3"
"Siaqun ngulus tun a makuzus i,  uninang suu.","無奈就是這一張嘴貪酒 ，謝謝你。","https://klokah.tw/extension/con_data/sound/20/sentence/20c15s9.mp3"
"Nangausin aak mulumaq.","我先回家了。","https://klokah.tw/extension/con_data/sound/20/sentence/20c15s10.mp3"
"Kandaukdauk naip.","慢走。","https://klokah.tw/extension/con_data/sound/20/sentence/20c15s11.mp3"
"Ui! Uli aas? Tulbus aak.","喂，你是烏莉嗎？我是督爾布斯。","https://klokah.tw/extension/con_data/sound/20/sentence/20c16s1.mp3"
"Uu, Uli aak, maaq isbazbaz?","是，我是烏莉，有什麼話嗎？","https://klokah.tw/extension/con_data/sound/20/sentence/20c16s2.mp3"
"Maqtu aak mun su-uan Asitau tinunqu?","禮拜三下午我可以去你那嗎？","https://klokah.tw/extension/con_data/sound/20/sentence/20c16s3.mp3"
"Na uka aak Asitau, duuq maqtu haan Asinuum taunquvali?","我禮拜三不在，是否可以在禮拜六中午？","https://klokah.tw/extension/con_data/sound/20/sentence/20c16s4.mp3"
"Na uka naak ail-uan haan Asinuum tasqanian. Duuq maqtu haan Asitau sanavan?","禮拜六我整天沒有空，是否可以在禮拜三晚上？","https://klokah.tw/extension/con_data/sound/20/sentence/20c16s5.mp3"
"Azuq i! Maaq tuza suu a na-isbabaz zakuan tu?","那好！你到底要給我說什麼話呢？","https://klokah.tw/extension/con_data/sound/20/sentence/20c16s6.mp3"
"Namun suan aak masaiv suu ki sinpaska’ naak.","我要去你那兒送我給你的禮物。","https://klokah.tw/extension/con_data/sound/20/sentence/20c16s7.mp3"
"Maaq suu sinpaska’ tu?","你送什麼禮物？","https://klokah.tw/extension/con_data/sound/20/sentence/20c16s8.mp3"
"Pail-uni ki isuu tainis-uvaz-azan tu sinpaska’!","是生日禮物啦！","https://klokah.tw/extension/con_data/sound/20/sentence/20c16s9.mp3"
"Uninang! Na altalaak aas haan Asitau sanavan.","謝謝你！禮拜三晚上我會等你來。","https://klokah.tw/extension/con_data/sound/20/sentence/20c16s10.mp3"
"Maaq suu asaun maun?","你想要吃什麼？","https://klokah.tw/extension/con_data/sound/20/sentence/20c17s1.mp3"
"Asa aak maun i simal titi.","我喜歡吃肥肉。","https://klokah.tw/extension/con_data/sound/20/sentence/20c17s2.mp3"
"Madia iti maqtu kaunun, sizaang duma nakaunun suu.","這裡有很多可以吃的東西，再拿其他你要吃的。","https://klokah.tw/extension/con_data/sound/20/sentence/20c17s3.mp3"
"Siza aak kakusung, kalangkalang, titiqangvang, sidi, tulkuk, vivi, huahua maun. Ma’aq suu nasizaun maun.","我拿蝦子、螃蟹、牛肉、羊肉、雞肉、鴨肉、鵝肉吃。你要吃什麼？","https://klokah.tw/extension/con_data/sound/20/sentence/20c17s4.mp3"
"Nasiza aak tamana, mi’ut, lamuqu, tai, bahat, lainsaz, tumatu maun. Sia sanglav a asaun zaku maun.","我要拿包心菜、西洋瓜、玉米、芋頭、南瓜、絲瓜、蕃茄吃。我喜歡吃蔬菜。","https://klokah.tw/extension/con_data/sound/20/sentence/20c17s5.mp3"
"Az-az naak titi sizaun maun, aupa asnii aak maun i sanglav.","我拿的統統是肉類，因為我不喜歡吃蔬菜。","https://klokah.tw/extension/con_data/sound/20/sentence/20c17s6.mp3"
"Asa aas tu hibul maun i sanglav, namaqatba suu a hubung.","你（吃飯）要佐以蔬菜，身體才會健康。","https://klokah.tw/extension/con_data/sound/20/sentence/20c17s7.mp3"
"Mavia aas tu nitu siza titi maun i?","那你為何不吃肉呢？","https://klokah.tw/extension/con_data/sound/20/sentence/20c17s8.mp3"
"Aupa asnii aak tismuq, paqpun, nii aak haip namaun i titi.","我不喜歡變胖，所以今天就不打算吃肉了。","https://klokah.tw/extension/con_data/sound/20/sentence/20c17s9.mp3"
"Namaun tu tanangaus, muskun ata masumsum Kamisama, matumasqing Tamadaza.","飯前我們一起感謝我們的神，謝謝天父。","https://klokah.tw/extension/con_data/sound/20/sentence/20c17s10.mp3"
"Maaq suu ka-asaun?","你的興趣是什麼？","https://klokah.tw/extension/con_data/sound/20/sentence/20c18s1.mp3"
"Mazima aak mazunga.","我喜歡畫畫。","https://klokah.tw/extension/con_data/sound/20/sentence/20c18s2.mp3"
"Maaq suu asaun mazunga?","你喜歡畫些什麼？","https://klokah.tw/extension/con_data/sound/20/sentence/20c18s3.mp3"
"Mazima aak mazunga ki hikuki’ siin qatu.","我很喜歡畫飛機和船隻。","https://klokah.tw/extension/con_data/sound/20/sentence/20c18s4.mp3"
"Duuq haizang duma?","還有其他興趣嗎？","https://klokah.tw/extension/con_data/sound/20/sentence/20c18s5.mp3"
"Ukain. Maaq suu ka-asaun laupadau?","沒有了。你所喜好的是什麼？","https://klokah.tw/extension/con_data/sound/20/sentence/20c18s6.mp3"
"Mastaan aak mazima angkus i qaqaqtis maqaqaqtis.","我喜歡拿剪刀裁剪。","https://klokah.tw/extension/con_data/sound/20/sentence/20c18s7.mp3"
"Maaq suu a qaqaqtisun?","你平常裁剪些什麼？","https://klokah.tw/extension/con_data/sound/20/sentence/20c18s8.mp3"
"Maqaqtis aak haqil pin-uniun i babu, tulkuk, sidi, talikuan...","我裁剪紙張成為豬隻、雞、羊、蝴蝶...","https://klokah.tw/extension/con_data/sound/20/sentence/20c18s9.mp3"
"Tuza tu madia a kazimaun mita kuzakuza. Iti ata pa-i-insun.","真的有許多有趣的事我們可以做，在這裡彼此勉勵。","https://klokah.tw/extension/con_data/sound/20/sentence/20c18s10.mp3"
"Maaq suu mastaan kazimaun diqanin ihaan tastu qamisan?","一年之中你最喜歡哪一個季節？","https://klokah.tw/extension/con_data/sound/20/sentence/20c19s1.mp3"
"Mastaan aak mazima talabal.","我最喜歡夏季了。","https://klokah.tw/extension/con_data/sound/20/sentence/20c19s2.mp3"
"Taquavang aak tu mavia aas mastaan mazima ki talabal?","請告訴我，你為什麼最喜歡夏天？","https://klokah.tw/extension/con_data/sound/20/sentence/20c19s3.mp3"
"Aupa namaqtu aak lingqaul, maun kuli. Maaq suu kazimaun?","因為我可以游泳、吃冰。那你喜歡哪個季節呢？","https://klokah.tw/extension/con_data/sound/20/sentence/20c19s4.mp3"
"Mazima aak mintalabal, aupa nitu mabaqis, nii amin makazhav.","我喜歡春天，因為天氣不冷也不熱。","https://klokah.tw/extension/con_data/sound/20/sentence/20c19s5.mp3"
"Nii aak mazima qamisan, aupa makazhav a diqanin, mahaipi mihalang.","我不喜歡冬天，因為天氣很冷，容易生病。","https://klokah.tw/extension/con_data/sound/20/sentence/20c19s6.mp3"
"Mazima aak amin minqamisan, lusqatu maluvluv a diqanin, mahaipi amin mihalang.","我也喜歡秋天，可是因為風季，也容易生病。","https://klokah.tw/extension/con_data/sound/20/sentence/20c19s7.mp3"
"Namaaq suu palkadaan ihaan talabalti?","今年夏天你要做什麼？","https://klokah.tw/extension/con_data/sound/20/sentence/20c19s8.mp3"
"Na malavi aak tamatina munhaan Lipuun pisqaitmal. Namaaq suu palkadaan?","我要跟我的爸媽到日本去玩。那你呢？","https://klokah.tw/extension/con_data/sound/20/sentence/20c19s9.mp3"
"Namindangaz tama naak maqusva quma.","要幫父親整理農地。","https://klokah.tw/extension/con_data/sound/20/sentence/20c19s10.mp3"
"Namulumaq aas lus-an Puut?","你要回去過新年嗎？","https://klokah.tw/extension/con_data/sound/20/sentence/20c20s1.mp3"
"Nanii, aupa atikisang naak a u-u’, biaqis musqain mihalang.","不會，因為孩子還小，怕生病了。","https://klokah.tw/extension/con_data/sound/20/sentence/20c20s2.mp3"
"Sailumaq aas tangus tu painsanan?","你去年有回家嗎？","https://klokah.tw/extension/con_data/sound/20/sentence/20c20s3.mp3"
"Nii amin, aupa ihaan aak kuva pasaipukun i kikai. Tupa naak tamatina tu na munzamian ainka haan lus-an Putin.","也沒有，因為我在工廠看管機械。我的父母親說過年的時候，他們要來我們這兒。","https://klokah.tw/extension/con_data/sound/20/sentence/20c20s4.mp3"
"Namaaq naita tudazaan musaupa su-uan?","他們怎麼來你那兒？","https://klokah.tw/extension/con_data/sound/20/sentence/20c20s5.mp3"
"Na amaun aingka inaak masituqas tun hai-ia. Namun su-uan suu madadaingaz lus-an Puut?","我的哥哥要用車載他們來。你的父母親要到你那兒過年嗎？","https://klokah.tw/extension/con_data/sound/20/sentence/20c20s6.mp3"
"Nii aingka mun zakuan, kaupa masisinauba muunzakuan.","他們不來，只有弟妹們來我這兒。","https://klokah.tw/extension/con_data/sound/20/sentence/20c20s7.mp3"
"Tama, tina, talmadiin nitu pasaduu, qanglas aak mililiskin muu.","爸媽，好久不見，我常想念你們。","https://klokah.tw/extension/con_data/sound/20/sentence/20c20s8.mp3"
"Niang naupa aas minaun, haiza naam inadas inaliv siin maivanis pinaklang na-ispaska suu.","你還沒有吃過早餐吧，我們帶了年糕和烤山豬肉拿給你吃。","https://klokah.tw/extension/con_data/sound/20/sentence/20c20s9.mp3"
"Matumasqing muu tamatina.","爸媽謝謝您們。","https://klokah.tw/extension/con_data/sound/20/sentence/20c20s10.mp3"
"Makuaq Tiangta tail-aian?","帝鍚的個性是怎樣的？","https://klokah.tw/extension/con_data/sound/20/sentence/20c21s1.mp3"
"Maqasmav daingaz aipa.","他很認真。","https://klokah.tw/extension/con_data/sound/20/sentence/20c21s2.mp3"
"Makuaq aipa malka-uni bunun?","他對待人怎樣？","https://klokah.tw/extension/con_data/sound/20/sentence/20c21s3.mp3"
"Madungdung, nitu qalmang mali-aza tubangnu ki duma bunun.","很溫和，不會說別人的閒話、醜化他。","https://klokah.tw/extension/con_data/sound/20/sentence/20c21s4.mp3"
"Tan-a  aak bunun tupa tu maqasmav aipa vingkiu, tutuza?","我聽別人說他很用功讀書，是真的嗎？","https://klokah.tw/extension/con_data/sound/20/sentence/20c21s5.mp3"
"Mantuk, nii aipa qalmang qaitmal, masihal amin a sinpantu istaa.","真的，他不隨便玩耍，他考的試都很好。","https://klokah.tw/extension/con_data/sound/20/sentence/20c21s6.mp3"
"Lakuaq aipa saduu haqil ?","他什麼時候讀書？","https://klokah.tw/extension/con_data/sound/20/sentence/20c21s7.mp3"
"Sanavan, qanian, nii aipa mimisbu sadu haqil, makuaq aas?","晚上白天他都不停止讀書，那你呢？","https://klokah.tw/extension/con_data/sound/20/sentence/20c21s8.mp3"
"Mangai aak, mazima qaitmal, mamuquin a, masabaqin.","我很懶惰，很喜歡玩，累了就睡著了。","https://klokah.tw/extension/con_data/sound/20/sentence/20c21s9.mp3"
"Lusqa ata sisili Tiangta minmaqasmav.","讓我們學像帝鍚般地認真吧。","https://klokah.tw/extension/con_data/sound/20/sentence/20c21s10.mp3"
"Aki Qaisul, indangazak aas tasban daan daingaztun?","凱蘇兒阿公，我要幫你過大馬路嗎？","https://klokah.tw/extension/con_data/sound/20/sentence/20c22s1.mp3"
"Azuq nii, uninang suu Savungaz uvaz-az.","不用了，謝謝你莎鳳兒。","https://klokah.tw/extension/con_data/sound/20/sentence/20c22s2.mp3"
"Namun isaq aas laupadau?","你現在要去那兒？","https://klokah.tw/extension/con_data/sound/20/sentence/20c22s3.mp3"
"Namunhaan ising saduu halang, masaqbit naak tian.","要去醫院看診，我肚子痛。","https://klokah.tw/extension/con_data/sound/20/sentence/20c22s4.mp3"
"Nahalakak aas tasban daan daingaz, aupa madia laihlaih anqaqai, nitu madaduu.","那我牽你過大馬路，因為很多來來往往的車子，很危險。","https://klokah.tw/extension/con_data/sound/20/sentence/20c22s5.mp3"
"Miqumisang aas mindangaz zaku tasban i kapisingun tu daan daingaz.","謝謝你帶領我過這條可怕的大馬路。","https://klokah.tw/extension/con_data/sound/20/sentence/20c22s6.mp3"
"Itia ass malungqu maltatala ki laihlaih, namungain a laihlaih minsuma.","請你坐在這兒等車，車子快來了。","https://klokah.tw/extension/con_data/sound/20/sentence/20c22s7.mp3"
"Namun isaq aas haip?","你今天要去哪兒？","https://klokah.tw/extension/con_data/sound/20/sentence/20c22s8.mp3"
"Namun ka’ku aak haip vingkiu. Minsumin isuu laihlaiha, halakak aas mundaza laihlaih.","我要去上學，車子來了，我扶你上車。","https://klokah.tw/extension/con_data/sound/20/sentence/20c22s9.mp3"
"Tutuza tu uninang suu.","真是謝謝你。","https://klokah.tw/extension/con_data/sound/20/sentence/20c22s10.mp3"
"Vingkiuang aas laupadau?","你現在還在讀書嗎？","https://klokah.tw/extension/con_data/sound/20/sentence/20c23s1.mp3"
"Uu, vingkiuang aak haan kakudaing laupadau.","是的，我還在讀大學。","https://klokah.tw/extension/con_data/sound/20/sentence/20c23s2.mp3"
"Mantan isaq suu ka’ku vingkiuan?","你就讀的學校在哪裡呢？","https://klokah.tw/extension/con_data/sound/20/sentence/20c23s3.mp3"
"Mantan haan mansisila ki Taitu ning-avta.","鄰近臺東縣。","https://klokah.tw/extension/con_data/sound/20/sentence/20c23s4.mp3"
"Tinpiin qamisan suu a vininkiuan?","你讀幾年級了？","https://klokah.tw/extension/con_data/sound/20/sentence/20c23s5.mp3"
"Laupang aak namun haan ka’ku vingkiu. Isbuanin aas haan ka’ku?","我才剛進學校唸書。你已經畢業了嗎？","https://klokah.tw/extension/con_data/sound/20/sentence/20c23s6.mp3"
"Uu, lusqa tu maku sanavanang aak mapasnava ihaan ka’kuta.","是的，只是我仍利用在學校讀夜間學程。","https://klokah.tw/extension/con_data/sound/20/sentence/20c23s7.mp3"
"I-isaq aas vingkiu? Maaq suu pasnavaun?","你在哪兒唸書？讀的是什麼？","https://klokah.tw/extension/con_data/sound/20/sentence/20c23s8.mp3"
"IKalingku aak vingkiu, sia naak matatas-i hikuki’ a pasnavaun.","我在花蓮縣讀書，我讀的是飛機修護。","https://klokah.tw/extension/con_data/sound/20/sentence/20c23s9.mp3"
"Matinmananua mapasnava!","請再接再厲！","https://klokah.tw/extension/con_data/sound/20/sentence/20c23s10.mp3"
"Maaq suu sipulun? MalasTauluu?","你在唸什麼？唸國語嗎？","https://klokah.tw/extension/con_data/sound/20/sentence/20c24s1.mp3"
"Nii, linsiu aak masipul i malastakiVatan.","不，我在練習唸丹群布農族語。","https://klokah.tw/extension/con_data/sound/20/sentence/20c24s2.mp3"
"Masihal a malastakiVatan pasnavaun?","丹群布農族語很好學嗎？","https://klokah.tw/extension/con_data/sound/20/sentence/20c24s3.mp3"
"Masiahl. Saqaal aas Luma tu sinpapatas?","很好學。你看得懂羅馬字嗎？","https://klokah.tw/extension/con_data/sound/20/sentence/20c24s4.mp3"
"Atikis naak qaiqansaipan, kama nii aak maqansiap masipul.","我所知道的很少，比較不會唸。","https://klokah.tw/extension/con_data/sound/20/sentence/20c24s5.mp3"
"Maqansiap aas malastakiVatan?","你會講丹群布農語嗎？","https://klokah.tw/extension/con_data/sound/20/sentence/20c24s6.mp3"
"Nii, aupa takBanuaz inaak a siduq.","不會，因為我是巒群布農族。","https://klokah.tw/extension/con_data/sound/20/sentence/20c24s7.mp3"
"Maaq aam takiVatan bazbaz a, asa tu sidauqpusun, maszang tusasaus.","我們丹群布農族說話必須拉長，好像唱歌一樣。","https://klokah.tw/extension/con_data/sound/20/sentence/20c24s8.mp3"
"Haiza a nii maszang sinbazbaz. Tupaun muu tu “mangai”, tupaun zami tu “malaitaz”. Tupaun muu tu “qazam”, tapaun zami tu “luqi”.","有的說法不一樣的，像「懶惰」你們說 “mangai”， 我們說 “malaitazi”， 「鳥」你們說 “qazam”， 我們說 “luqi”。","https://klokah.tw/extension/con_data/sound/20/sentence/20c24s9.mp3"
"Asang aas mapasnava malastakiVatan?","你還願意學習丹群布農族語嗎？","https://klokah.tw/extension/con_data/sound/20/sentence/20c24s10.mp3"
"Tama, namun-isaq ata haip punsanan pisqaitmal?","爸爸，今年我們要到哪裡出去旅遊？","https://klokah.tw/extension/con_data/sound/20/sentence/20c25s1.mp3"
"Namunhaan ata Lipuun qaitmal.","我們要去日本旅遊。","https://klokah.tw/extension/con_data/sound/20/sentence/20c25s2.mp3"
"Tina, asa aak muhaan Disuni qaitmalan, saduu ki Fusi ludun, tundaza ki Sinkansiin.","媽媽，我希望去迪士尼樂園，去看富士山，搭乘新幹線。","https://klokah.tw/extension/con_data/sound/20/sentence/20c25s3.mp3"
"Tupa tama tu, nii haip punsanan mun-ita, aupa laupang hinulunan daingaz. Namun haan ata Hukaizu, mantan baav i Lipuun.","爸爸說今年不到那裡，因為剛剛大地震。我們將要到北海道去，在日本的北方。","https://klokah.tw/extension/con_data/sound/20/sentence/20c25s4.mp3"
"Napiaq tukii a tinundazaan hikuki sauhaan Hukaizuta?","到北海道搭飛機要幾個小時？","https://klokah.tw/extension/con_data/sound/20/sentence/20c25s5.mp3"
"Haiza tu paat tukii mutda’.","有四個多小時。","https://klokah.tw/extension/con_data/sound/20/sentence/20c25s6.mp3"
"Makazhavan iti, asa tu panqautupan i hulus, panhapav i makatpal hulus.","這兒很冷，裡面要加穿衣物，穿厚重的外套。","https://klokah.tw/extension/con_data/sound/20/sentence/20c25s7.mp3"
"Asa tu mananulu mudadaan, aupa maqsaim a paav laqaiban.","走路要小心，因為雪地路很滑。","https://klokah.tw/extension/con_data/sound/20/sentence/20c25s8.mp3"
"Maningzav a asang Lipuun. Manau-az sanavan saduan.","日本的市區很乾淨，夜景很美。","https://klokah.tw/extension/con_data/sound/20/sentence/20c25s9.mp3"
"Mananbuq a Lipuun tu iskakaun. Asang muqna qaitmal.","日本料理很好吃，下次還想再來玩。","https://klokah.tw/extension/con_data/sound/20/sentence/20c25s10.mp3"
"Malkamaaq aas laupadau?","你現在做什麼工作？","https://klokah.tw/extension/con_data/sound/20/sentence/20c26s1.mp3"
"Ihaan aak laupadau Sincuku matatas-i ki tinau.","我在新竹市裝配電腦。","https://klokah.tw/extension/con_data/sound/20/sentence/20c26s2.mp3"
"Piaqin suu qamisan i-ita kuzakuza?","你在那裡工作有幾年了？","https://klokah.tw/extension/con_data/sound/20/sentence/20c26s3.mp3"
"Namungain dusa qamisan, isbuan haan Tainan zaingaku a musuu aak mun iti kuzakuza. Maaq suu kuzkuzaun?","快要二年了，臺南大學畢業之後就馬上來這裡工作了。你從事什麼工作？","https://klokah.tw/extension/con_data/sound/20/sentence/20c26s4.mp3"
"Inihaan aak Kuhkuh matatas-i laihlaih, haizain tu pun tau qamisan.","我曾經在瑞穗做汽修的工作，已經有三年了。","https://klokah.tw/extension/con_data/sound/20/sentence/20c26s5.mp3"
"Maaq suu ka palkadaan haan tatas-ian laihlaihta?","你在汽修廠裡的工作內容是什麼？","https://klokah.tw/extension/con_data/sound/20/sentence/20c26s6.mp3"
"Sia naak inzing a palkadadaan.","我主要是修復汽車引擎。","https://klokah.tw/extension/con_data/sound/20/sentence/20c26s7.mp3"
"Mazima aas isuu kuzkuzaun?","你很喜歡你的工作嗎？","https://klokah.tw/extension/con_data/sound/20/sentence/20c26s8.mp3"
"Mazima, lusqa tu asang aak siking i zaikusang, namaqtuin matas-i ki vaivivaivi tu laihlaih.","很喜歡。不過我想要考汽修工程師，就可以維修各式各樣的車子了。","https://klokah.tw/extension/con_data/sound/20/sentence/20c26s9.mp3"
"Matuang aas sanduu ki zaikusang.","希望你通過汽修工程師的考試。","https://klokah.tw/extension/con_data/sound/20/sentence/20c26s10.mp3"
"Maqtu aas masnava zaku matuqtuq i tinau?","你可以教我打電腦嗎？","https://klokah.tw/extension/con_data/sound/20/sentence/20c26s11.mp3"
"Azuq, lusqa tu asa aas tu ngaus masnava zaku unting i laihlaih.","可以，可是你要先教我駕駛汽車。","https://klokah.tw/extension/con_data/sound/20/sentence/20c26s12.mp3"
"Savi, simaq a talmainduu bananaz inadas su-un?","莎菲，這位你所帶來的俊秀男子是誰呢？","https://klokah.tw/extension/con_data/sound/20/sentence/20c27s1.mp3"
"Inaak kaviaz, uskunak kuzakuza haan Taihuku. Tupaun tu Haisul, takistaulaan.","是我的男朋友，我在臺北的同事。他叫海蘇爾，大給斯道拉安思氏。","https://klokah.tw/extension/con_data/sound/20/sentence/20c27s2.mp3"
"Miqumisang. Ta’ki haan aak Namasia.","你好。我家在那瑪夏鄉。","https://klokah.tw/extension/con_data/sound/20/sentence/20c27s3.mp3"
"Manaskal maqtu pasaduu suu.","很高興能夠見到你。","https://klokah.tw/extension/con_data/sound/20/sentence/20c27s4.mp3"
"Tama, madas aak inaak kaviaz tantungu itaan.","爸爸，我帶我的朋友到我們家拜訪。","https://klokah.tw/extension/con_data/sound/20/sentence/20c27s5.mp3"
"Miqumisang, malungqua.","你好。請坐下。","https://klokah.tw/extension/con_data/sound/20/sentence/20c27s6.mp3"
"Uninang, manaskal maqtu mapasaduu muu.","謝謝您，很高興能夠和你們見面。","https://klokah.tw/extension/con_data/sound/20/sentence/20c27s7.mp3"
"Tina, inaak aipun uskunan haan Taihuku, qanglas aipun mindangaz zaku, mastaan tu masihal tu kaviaz.","媽媽，他是我在臺北市的同事，經常幫助我，是非常好的男朋友。","https://klokah.tw/extension/con_data/sound/20/sentence/20c27s8.mp3"
"Dasavin dauka kaviaz su-un mulaun haan kakaunan, namuskun ata maun i paitusanavan.","帶你的朋友到餐桌就位，我們要一起吃晚餐。","https://klokah.tw/extension/con_data/sound/20/sentence/20c27s9.mp3"
"Savi, maqi pasunkaviaz amu a, asa tu mapakasihal, katu mapakahau.","莎菲，作朋友就是要友愛對待，不要相互爭吵。","https://klokah.tw/extension/con_data/sound/20/sentence/20c27s10.mp3"
"Naminhamu aas lus-an Malaqtainga?","你會參加射耳祭嗎？","https://klokah.tw/extension/con_data/sound/20/sentence/20c28s1.mp3"
"Naminhamu aak, aupa na-iungi aam tudipin.","我會參加，因為那時候我們要跳舞。","https://klokah.tw/extension/con_data/sound/20/sentence/20c28s2.mp3"
"Maaq muu na-iungiun?","你們要跳什麼舞蹈？","https://klokah.tw/extension/con_data/sound/20/sentence/20c28s3.mp3"
"Sia naam Bantalang tu sin-iungi iungiun.","我們要跳阿美族的舞蹈。","https://klokah.tw/extension/con_data/sound/20/sentence/20c28s4.mp3"
"Pantamaun, haiza mita qabasang maimadadaingaz tu sin-iungi?","叔叔，我們的祖先有舞蹈的風格嗎？","https://klokah.tw/extension/con_data/sound/20/sentence/20c28s5.mp3"
"Nii qabasang maimadadaingaz iungi, lusqa tu maqis malastapang a, tisqaqainaz i qainuin davus.","以前的祖先不跳舞，只是在戰功宴的時候喝酒、跳躍。","https://klokah.tw/extension/con_data/sound/20/sentence/20c28s6.mp3"
"Malkamaaq dauka malastapanga?","戰功宴的意義是什麼呢？","https://klokah.tw/extension/con_data/sound/20/sentence/20c28s7.mp3"
"Taqu ki bunun tu, piaqin a sinkavas pa-is, piaqin a pinataz tumaz, qanvang, vanis siin sidi.","是用來告訴別人：我砍了幾個敵人的首級，捕殺了幾隻熊、水鹿、山豬和山羊。","https://klokah.tw/extension/con_data/sound/20/sentence/20c28s8.mp3"
"Uninang suu pantamaun masnava zami.","叔叔，謝謝你教導我們。","https://klokah.tw/extension/con_data/sound/20/sentence/20c28s9.mp3"
"Miqumisang amu.","祝福你們。","https://klokah.tw/extension/con_data/sound/20/sentence/20c28s10.mp3"
"Niap aas tu piaq buan a lus-an malaqtainga?","你知道射耳祭通常在幾月份舉行嗎？","https://klokah.tw/extension/con_data/sound/20/sentence/20c29s1.mp3"
"Maisna haan paat buan sauhaan hima buan.","從四月到五月舉行。","https://klokah.tw/extension/con_data/sound/20/sentence/20c29s2.mp3"
"Maaq dauka islus-an ihaan malaqtainga?","射耳祭典要做些什麼呢？","https://klokah.tw/extension/con_data/sound/20/sentence/20c29s3.mp3"
"Isnavaan a banananaz manaq i titi libus.","族人要教導男孩狩獵技巧。","https://klokah.tw/extension/con_data/sound/20/sentence/20c29s4.mp3"
"Namalkamaaq a binanau-az?","那麼婦女們做什麼呢？","https://klokah.tw/extension/con_data/sound/20/sentence/20c29s5.mp3"
"Ilumaq aingka mabazu ki tilas, masasput i davus, mahanat i pan-ai-an, na-ispakaun i tastulumaq.","在家裡舂米，釀酒，燒菜給一家人吃。","https://klokah.tw/extension/con_data/sound/20/sentence/20c29s6.mp3"
"Malkamaaq a uvavaz-az?","小孩子們做什麼呢？","https://klokah.tw/extension/con_data/sound/20/sentence/20c29s7.mp3"
"Maaq aingka a lus-anan masiqaulus siin matingaan, mapistabu, lusqaqaia. Mastaan aingka tu manaskal daingaz.","他們接受佩戴項鍊與驅邪的儀式，打陀螺、盪鞦韆，他們非常快樂。","https://klokah.tw/extension/con_data/sound/20/sentence/20c29s8.mp3"
"Manaskal amu haip minhamu lus-an malaqtainga?","你們今天參加射耳祭 ，你很高興嗎？","https://klokah.tw/extension/con_data/sound/20/sentence/20c29s9.mp3"
"Manaskal daingaz naak is-aang, aupa napalungqaqtung i malalabas tais-aan siin kaviaz.","我的心情非常高興，因為會和許多親友們見面。","https://klokah.tw/extension/con_data/sound/20/sentence/20c29s10.mp3"
"Piaq mita takisilazan siduq?","請問原住民族有幾族？","https://klokah.tw/extension/con_data/sound/20/sentence/20c30s1.mp3"
"Haiza laupadau mas-an qan paat siduq.","現在共有十四族。","https://klokah.tw/extension/con_data/sound/20/sentence/20c30s2.mp3"
"Tukauq intaa ngaan?","請問是哪十四族呢？","https://klokah.tw/extension/con_data/sound/20/sentence/20c30s3.mp3"
"Patinganan aingka tu Amis, Taluku, Pini-iuma-ianii, Lukai, Paivang, Sakilai-ia, Kumalaan, Haizang Saisia, Tanaul…","他們的族名是阿美族、太魯閣族、卑南族、魯凱族、排灣族、撒奇萊雅族、噶瑪蘭族、還有賽夏族、鄒族…。","https://klokah.tw/extension/con_data/sound/20/sentence/20c30s4.mp3"
"Haizang Ta-ialu, Sulzik, Tivulan, Tauu, …siin mita Bunun.","泰雅族、賽德克族、邵族、雅美（達悟）族…和我們布農族。","https://klokah.tw/extension/con_data/sound/20/sentence/20c30s5.mp3"
"Simaq siduq mastaan tu malalabas?","人數最多的是哪一族？","https://klokah.tw/extension/con_data/sound/20/sentence/20c30s6.mp3"
"Sia dau Bantalang tu siduq .","是阿美族。","https://klokah.tw/extension/con_data/sound/20/sentence/20c30s7.mp3"
"Piaq mita Bunun siduq bunun pukunun laupadau?","我們布農族現在的總人口數多少？","https://klokah.tw/extension/con_data/sound/20/sentence/20c30s8.mp3"
"Haiza dau hima suqis saba.","有5萬人。","https://klokah.tw/extension/con_data/sound/20/sentence/20c30s9.mp3"
"Piaq mita Bunun siduq?","我們布農族有幾個氏群？","https://klokah.tw/extension/con_data/sound/20/sentence/20c30s10.mp3"
"Haiza hima siduq.","有五個氏群。","https://klokah.tw/extension/con_data/sound/20/sentence/20c30s11.mp3"
"Manbaav a, siaki takiTudu, takiBakha. Man misqang a takBanuaz siin takiVatan. Mantan haul a, sia ki isBukun.","北邊是卡社群、卓社群、中部是巒社群、丹社群。南方則是郡社群。","https://klokah.tw/extension/con_data/sound/20/sentence/20c30s12.mp3"
"aas","我","https://klokah.tw/extension/con_data/sound/20/word/20c1w1.mp3"
"namunhaan","要去...到","https://klokah.tw/extension/con_data/sound/20/word/20c1w2.mp3"
"uskunan","同學；同儕","https://klokah.tw/extension/con_data/sound/20/word/20c1w3.mp3"
"kamaaq","做什麼事；幹什麼","https://klokah.tw/extension/con_data/sound/20/word/20c1w4.mp3"
"mun-ita","去到...那裡","https://klokah.tw/extension/con_data/sound/20/word/20c1w5.mp3"
"namuskun","將要在一起","https://klokah.tw/extension/con_data/sound/20/word/20c1w6.mp3"
"aam","我們","https://klokah.tw/extension/con_data/sound/20/word/20c1w7.mp3"
"vingkiu","唸書（外來語）","https://klokah.tw/extension/con_data/sound/20/word/20c1w8.mp3"
"minsumin","回來了","https://klokah.tw/extension/con_data/sound/20/word/20c1w9.mp3"
"malungqu","坐下","https://klokah.tw/extension/con_data/sound/20/word/20c1w10.mp3"
"ata","我們","https://klokah.tw/extension/con_data/sound/20/word/20c1w11.mp3"
"sukuidaingta","那是大桌子","https://klokah.tw/extension/con_data/sound/20/word/20c1w12.mp3"
"muskun","在一起","https://klokah.tw/extension/con_data/sound/20/word/20c1w13.mp3"
"laqbingin","已是明天了","https://klokah.tw/extension/con_data/sound/20/word/20c1w14.mp3"
"mapasaduu","見面；對遇","https://klokah.tw/extension/con_data/sound/20/word/20c1w15.mp3"
"tukauq","怎麼稱謂","https://klokah.tw/extension/con_data/sound/20/word/20c2w1.mp3"
"ngaan","名字","https://klokah.tw/extension/con_data/sound/20/word/20c2w2.mp3"
"tupaun","稱為；叫做","https://klokah.tw/extension/con_data/sound/20/word/20c2w3.mp3"
"ismama’aq","什麼姓氏","https://klokah.tw/extension/con_data/sound/20/word/20c2w4.mp3"
"siduq","氏群","https://klokah.tw/extension/con_data/sound/20/word/20c2w5.mp3"
"Tanapima","大拿畢瑪氏","https://klokah.tw/extension/con_data/sound/20/word/20c2w6.mp3"
"tak-i-isaq","出生地","https://klokah.tw/extension/con_data/sound/20/word/20c2w7.mp3"
"takihaan","居住在；定居於","https://klokah.tw/extension/con_data/sound/20/word/20c2w8.mp3"
"Kunuan","馬遠部落","https://klokah.tw/extension/con_data/sound/20/word/20c2w9.mp3"
"madas","帶來；攜帶","https://klokah.tw/extension/con_data/sound/20/word/20c2w10.mp3"
"kaviaz","朋友","https://klokah.tw/extension/con_data/sound/20/word/20c2w11.mp3"
"mulumaq","回家","https://klokah.tw/extension/con_data/sound/20/word/20c2w12.mp3"
"tantungu","作客","https://klokah.tw/extension/con_data/sound/20/word/20c2w13.mp3"
"malungqua","坐下","https://klokah.tw/extension/con_data/sound/20/word/20c2w14.mp3"
"maltais-aan","有親戚關係","https://klokah.tw/extension/con_data/sound/20/word/20c2w15.mp3"
"masauqzang","餓的狀態","https://klokah.tw/extension/con_data/sound/20/word/20c3w1.mp3"
"masauqzangin","很餓了","https://klokah.tw/extension/con_data/sound/20/word/20c3w2.mp3"
"taungqu","中午；晌午","https://klokah.tw/extension/con_data/sound/20/word/20c3w3.mp3"
"kinitdaan","剩下的；餘下來的","https://klokah.tw/extension/con_data/sound/20/word/20c3w4.mp3"
"mantu","麵包（外來語）","https://klokah.tw/extension/con_data/sound/20/word/20c3w5.mp3"
"namaqin","還能夠有什麼","https://klokah.tw/extension/con_data/sound/20/word/20c3w6.mp3"
"nakaunun","要吃的","https://klokah.tw/extension/con_data/sound/20/word/20c3w7.mp3"
"langat","反正；還好","https://klokah.tw/extension/con_data/sound/20/word/20c3w8.mp3"
"buqanang","飽足的","https://klokah.tw/extension/con_data/sound/20/word/20c3w9.mp3"
"babalivan","商店","https://klokah.tw/extension/con_data/sound/20/word/20c3w10.mp3"
"paumiin","泡麵（外來語）","https://klokah.tw/extension/con_data/sound/20/word/20c3w11.mp3"
"taqui","請告知；請交待好","https://klokah.tw/extension/con_data/sound/20/word/20c3w12.mp3"
"pisbaqaisav","請加熱","https://klokah.tw/extension/con_data/sound/20/word/20c3w13.mp3"
"mabuqanin","已經吃飽了","https://klokah.tw/extension/con_data/sound/20/word/20c3w14.mp3"
"minaun","吃過了的","https://klokah.tw/extension/con_data/sound/20/word/20c3w15.mp3"
"paitusanavan","晚餐","https://klokah.tw/extension/con_data/sound/20/word/20c3w16.mp3"
"silau","醃肉（外來語）","https://klokah.tw/extension/con_data/sound/20/word/20c3w17.mp3"
"diqanin","天空；天上","https://klokah.tw/extension/con_data/sound/20/word/20c4w1.mp3"
"madumdum","陰暗的；黑暗的","https://klokah.tw/extension/con_data/sound/20/word/20c4w2.mp3"
"saduan","看起來","https://klokah.tw/extension/con_data/sound/20/word/20c4w3.mp3"
"maszang","好像；正如","https://klokah.tw/extension/con_data/sound/20/word/20c4w4.mp3"
"unisin","等一下；稍一會兒","https://klokah.tw/extension/con_data/sound/20/word/20c4w5.mp3"
"takna","昨天；昨日","https://klokah.tw/extension/con_data/sound/20/word/20c4w6.mp3"
"sanavan","晚上；夜裡","https://klokah.tw/extension/con_data/sound/20/word/20c4w7.mp3"
"maklang","炎熱","https://klokah.tw/extension/con_data/sound/20/word/20c4w8.mp3"
"disdisanin","已經下細雨了","https://klokah.tw/extension/con_data/sound/20/word/20c4w9.mp3"
"tan-a","聆聽；傾聽","https://klokah.tw/extension/con_data/sound/20/word/20c4w10.mp3"
"luvluv","風；颱風","https://klokah.tw/extension/con_data/sound/20/word/20c4w11.mp3"
"su’zaqin","雨勢很大了","https://klokah.tw/extension/con_data/sound/20/word/20c4w12.mp3"
"painukav","請穿上","https://klokah.tw/extension/con_data/sound/20/word/20c4w13.mp3"
"kapa","雨衣","https://klokah.tw/extension/con_data/sound/20/word/20c4w14.mp3"
"mungka’ku","上學","https://klokah.tw/extension/con_data/sound/20/word/20c4w15.mp3"
"talulung","雨傘","https://klokah.tw/extension/con_data/sound/20/word/20c4w16.mp3"
"asipiaq","問（星期）","https://klokah.tw/extension/con_data/sound/20/word/20c5w1.mp3"
"buan","月亮；月份","https://klokah.tw/extension/con_data/sound/20/word/20c5w2.mp3"
"laupadau","現在","https://klokah.tw/extension/con_data/sound/20/word/20c5w3.mp3"
"mas-an qan dusain","已經是第12了（數詞）","https://klokah.tw/extension/con_data/sound/20/word/20c5w4.mp3"
"piaq","幾個；多少個","https://klokah.tw/extension/con_data/sound/20/word/20c5w5.mp3"
"qani-anan","日期；日子","https://klokah.tw/extension/con_data/sound/20/word/20c5w6.mp3"
"Asinuum","星期六","https://klokah.tw/extension/con_data/sound/20/word/20c5w7.mp3"
"tukii","鐘點；小時","https://klokah.tw/extension/con_data/sound/20/word/20c5w8.mp3"
"taiktaik","分；秒點","https://klokah.tw/extension/con_data/sound/20/word/20c5w9.mp3"
"ka’tu","不可以；禁戒","https://klokah.tw/extension/con_data/sound/20/word/20c5w10.mp3"
"mataqusngi","吵雜；喧譁","https://klokah.tw/extension/con_data/sound/20/word/20c5w11.mp3"
"nakitngaa","要啟動了；要開始了","https://klokah.tw/extension/con_data/sound/20/word/20c5w12.mp3"
"manungsivin","請安靜","https://klokah.tw/extension/con_data/sound/20/word/20c5w13.mp3"
"ka’in","請勿再做（同樣）的事情","https://klokah.tw/extension/con_data/sound/20/word/20c5w14.mp3"
"pisqaitmal","遊戲；玩耍","https://klokah.tw/extension/con_data/sound/20/word/20c5w15.mp3"
"na-isnavanin","要上課了","https://klokah.tw/extension/con_data/sound/20/word/20c5w16.mp3"
"daan","道路","https://klokah.tw/extension/con_data/sound/20/word/20c6w1.mp3"
"daan daingaz","大馬路的","https://klokah.tw/extension/con_data/sound/20/word/20c6w2.mp3"
"amin","全部；都是；也","https://klokah.tw/extension/con_data/sound/20/word/20c6w3.mp3"
"niap","知道；瞭解","https://klokah.tw/extension/con_data/sound/20/word/20c6w4.mp3"
"kilim","尋找","https://klokah.tw/extension/con_data/sound/20/word/20c6w5.mp3"
"masingav","請問；請教","https://klokah.tw/extension/con_data/sound/20/word/20c6w6.mp3"
"nalaqaiban","要道；必經之路","https://klokah.tw/extension/con_data/sound/20/word/20c6w7.mp3"
"munghav","迷路","https://klokah.tw/extension/con_data/sound/20/word/20c6w8.mp3"
"musaupa","前往；通往","https://klokah.tw/extension/con_data/sound/20/word/20c6w9.mp3"
"Tambazuan","地利部落","https://klokah.tw/extension/con_data/sound/20/word/20c6w10.mp3"
"tunsasaan","沿...走；沿著","https://klokah.tw/extension/con_data/sound/20/word/20c6w11.mp3"
"tanavanan","右邊的；右側的","https://klokah.tw/extension/con_data/sound/20/word/20c6w12.mp3"
"tuza tu","真誠以對","https://klokah.tw/extension/con_data/sound/20/word/20c6w13.mp3"
"matumasqing","感謝；感恩","https://klokah.tw/extension/con_data/sound/20/word/20c6w14.mp3"
"taunalumaqin","到達家裡了","https://klokah.tw/extension/con_data/sound/20/word/20c6w15.mp3"
"sui","錢（外來語）","https://klokah.tw/extension/con_data/sound/20/word/20c7w1.mp3"
"mabaliv","購入；買","https://klokah.tw/extension/con_data/sound/20/word/20c7w2.mp3"
"landung","腳踏車（原意為輪胎）","https://klokah.tw/extension/con_data/sound/20/word/20c7w3.mp3"
"natundazaan","用來騎乘的","https://klokah.tw/extension/con_data/sound/20/word/20c7w4.mp3"
"matiun qan hima saba","3500（數字）","https://klokah.tw/extension/con_data/sound/20/word/20c7w5.mp3"
"suidaing","元（錢幣單位）","https://klokah.tw/extension/con_data/sound/20/word/20c7w6.mp3"
"kazimaun","被喜歡；所喜歡的","https://klokah.tw/extension/con_data/sound/20/word/20c7w7.mp3"
"na-isbalivak","我要為（某人）購買","https://klokah.tw/extension/con_data/sound/20/word/20c7w8.mp3"
"asang","還喜歡；還希望","https://klokah.tw/extension/con_data/sound/20/word/20c7w9.mp3"
"tamuhung","帽子的統稱","https://klokah.tw/extension/con_data/sound/20/word/20c7w10.mp3"
"biaqis","萬一","https://klokah.tw/extension/con_data/sound/20/word/20c7w11.mp3"
"mutingkul","跌倒；失足","https://klokah.tw/extension/con_data/sound/20/word/20c7w12.mp3"
"milu’lu","受傷","https://klokah.tw/extension/con_data/sound/20/word/20c7w13.mp3"
"maqunduq","堅固的；耐用的","https://klokah.tw/extension/con_data/sound/20/word/20c7w14.mp3"
"haiza","有；擁有","https://klokah.tw/extension/con_data/sound/20/word/20c7w15.mp3"
"pisihalav","請善加使用","https://klokah.tw/extension/con_data/sound/20/word/20c7w16.mp3"
"ikma-ia","使用","https://klokah.tw/extension/con_data/sound/20/word/20c7w17.mp3"
"mu-anpuk","聚會","https://klokah.tw/extension/con_data/sound/20/word/20c8w1.mp3"
"talmadiain","時隔很久","https://klokah.tw/extension/con_data/sound/20/word/20c8w2.mp3"
"zakuan","對我來說","https://klokah.tw/extension/con_data/sound/20/word/20c8w3.mp3"
"nalus-an","將要慶祝","https://klokah.tw/extension/con_data/sound/20/word/20c8w4.mp3"
"miqan","後天","https://klokah.tw/extension/con_data/sound/20/word/20c8w5.mp3"
"aki","祖父","https://klokah.tw/extension/con_data/sound/20/word/20c8w6.mp3"
"pun...qamisan","第...年足歲","https://klokah.tw/extension/con_data/sound/20/word/20c8w7.mp3"
"naupa","是否","https://klokah.tw/extension/con_data/sound/20/word/20c8w8.mp3"
"kama niin","比以前更不能...了","https://klokah.tw/extension/con_data/sound/20/word/20c8w9.mp3"
"maqtu","能夠；可以","https://klokah.tw/extension/con_data/sound/20/word/20c8w10.mp3"
"bai","祖母","https://klokah.tw/extension/con_data/sound/20/word/20c8w11.mp3"
"tupai","去傳達","https://klokah.tw/extension/con_data/sound/20/word/20c8w12.mp3"
"ladu-azavang","請原諒","https://klokah.tw/extension/con_data/sound/20/word/20c8w13.mp3"
"Amilika","美國","https://klokah.tw/extension/con_data/sound/20/word/20c8w14.mp3"
"mapisvala","使平安","https://klokah.tw/extension/con_data/sound/20/word/20c8w15.mp3"
"masalpu’","擔心；想念","https://klokah.tw/extension/con_data/sound/20/word/20c8w16.mp3"
"madauzung","順遂的；很順利","https://klokah.tw/extension/con_data/sound/20/word/20c9w1.mp3"
"simaq","是誰；誰","https://klokah.tw/extension/con_data/sound/20/word/20c9w2.mp3"
"malastakiVatan","說丹群語","https://klokah.tw/extension/con_data/sound/20/word/20c9w3.mp3"
"ispasnanava","教材；教具","https://klokah.tw/extension/con_data/sound/20/word/20c9w4.mp3"
"mailanqabasan","古代的；祖先的","https://klokah.tw/extension/con_data/sound/20/word/20c9w5.mp3"
"uvavaz-az tu sintusasaus","童謠","https://klokah.tw/extension/con_data/sound/20/word/20c9w6.mp3"
"mininpakaliva tu sinkuzakuza","神話故事","https://klokah.tw/extension/con_data/sound/20/word/20c9w7.mp3"
"masnanava","老師","https://klokah.tw/extension/con_data/sound/20/word/20c9w8.mp3"
"taikiqabasan","從前的；古時候的","https://klokah.tw/extension/con_data/sound/20/word/20c9w9.mp3"
"qansaipun","知曉；智慧","https://klokah.tw/extension/con_data/sound/20/word/20c9w10.mp3"
"mintinalu","孤兒；無依無靠的人","https://klokah.tw/extension/con_data/sound/20/word/20c9w11.mp3"
"kuhaav","老鷹","https://klokah.tw/extension/con_data/sound/20/word/20c9w12.mp3"
"mangai","懶惰的人","https://klokah.tw/extension/con_data/sound/20/word/20c9w13.mp3"
"qamutis","老鼠","https://klokah.tw/extension/con_data/sound/20/word/20c9w14.mp3"
"sinpalastakiVatan","丹群布農語腔調","https://klokah.tw/extension/con_data/sound/20/word/20c9w15.mp3"
"tainis-uvaz-azan","生日","https://klokah.tw/extension/con_data/sound/20/word/20c10w1.mp3"
"haip","今天；今日","https://klokah.tw/extension/con_data/sound/20/word/20c10w2.mp3"
"punsanan","年（單位）","https://klokah.tw/extension/con_data/sound/20/word/20c10w3.mp3"
"minhamu","參加","https://klokah.tw/extension/con_data/sound/20/word/20c10w4.mp3"
"tudipin","那日；那時","https://klokah.tw/extension/con_data/sound/20/word/20c10w5.mp3"
"inadas","伴手物品；攜帶物","https://klokah.tw/extension/con_data/sound/20/word/20c10w6.mp3"
"ispaska","致贈；饋贈","https://klokah.tw/extension/con_data/sound/20/word/20c10w7.mp3"
"antalavang","請接收；接納","https://klokah.tw/extension/con_data/sound/20/word/20c10w8.mp3"
"is-aang","內心；心裡","https://klokah.tw/extension/con_data/sound/20/word/20c10w9.mp3"
"tusasaus","唱歌","https://klokah.tw/extension/con_data/sound/20/word/20c10w10.mp3"
"pinaskal","使...高興","https://klokah.tw/extension/con_data/sound/20/word/20c10w11.mp3"
"napistaba","使...點亮","https://klokah.tw/extension/con_data/sound/20/word/20c10w12.mp3"
"lusuku","蠟燭（外來語）","https://klokah.tw/extension/con_data/sound/20/word/20c10w13.mp3"
"makulut","切割","https://klokah.tw/extension/con_data/sound/20/word/20c10w14.mp3"
"tankau","蛋糕（外來語）","https://klokah.tw/extension/con_data/sound/20/word/20c10w15.mp3"
"sinlus-an","所祭拜或慶祝的活動","https://klokah.tw/extension/con_data/sound/20/word/20c10w16.mp3"
"tais-aan","兄弟姊妹總稱","https://klokah.tw/extension/con_data/sound/20/word/20c11w1.mp3"
"Tankinuz","居住在花蓮的布農族人","https://klokah.tw/extension/con_data/sound/20/word/20c11w2.mp3"
"sasaspat","四個人","https://klokah.tw/extension/con_data/sound/20/word/20c11w3.mp3"
"masituqas","兄姊的總稱","https://klokah.tw/extension/con_data/sound/20/word/20c11w4.mp3"
"masinauba","弟妹的總稱","https://klokah.tw/extension/con_data/sound/20/word/20c11w5.mp3"
"tuqas nanaz","哥哥","https://klokah.tw/extension/con_data/sound/20/word/20c11w6.mp3"
"kikai","機械（外來語）","https://klokah.tw/extension/con_data/sound/20/word/20c11w7.mp3"
"tuqas nau-az","姊姊","https://klokah.tw/extension/con_data/sound/20/word/20c11w8.mp3"
"kumu-iing","公務員（外來語）","https://klokah.tw/extension/con_data/sound/20/word/20c11w9.mp3"
"zaingaku","大學（生）（外來語）","https://klokah.tw/extension/con_data/sound/20/word/20c11w10.mp3"
"lusqa","只是說；但是","https://klokah.tw/extension/con_data/sound/20/word/20c11w11.mp3"
"sinaipuk","領養；收養","https://klokah.tw/extension/con_data/sound/20/word/20c11w12.mp3"
"sizaunin","嫁人了","https://klokah.tw/extension/con_data/sound/20/word/20c11w13.mp3"
"uvaz-az","小孩子","https://klokah.tw/extension/con_data/sound/20/word/20c11w14.mp3"
"madaisuu","健在；身體硬朗","https://klokah.tw/extension/con_data/sound/20/word/20c11w15.mp3"
"masvala","平安；平順","https://klokah.tw/extension/con_data/sound/20/word/20c11w16.mp3"
"kuzkuzaun","職業；工作","https://klokah.tw/extension/con_data/sound/20/word/20c12w1.mp3"
"munququma","務農","https://klokah.tw/extension/con_data/sound/20/word/20c12w2.mp3"
"palkadaan","職業","https://klokah.tw/extension/con_data/sound/20/word/20c12w3.mp3"
"malkavuvunun","從事農耕的人","https://klokah.tw/extension/con_data/sound/20/word/20c12w4.mp3"
"mintun","偶而；有的時候","https://klokah.tw/extension/con_data/sound/20/word/20c12w5.mp3"
"masuaz","種植；栽種","https://klokah.tw/extension/con_data/sound/20/word/20c12w6.mp3"
"lamuqu","玉米；玉蜀黍","https://klokah.tw/extension/con_data/sound/20/word/20c12w7.mp3"
"kut-aqun","水果之類可以生吃的農作物","https://klokah.tw/extension/con_data/sound/20/word/20c12w8.mp3"
"su-un","你的（屬格）","https://klokah.tw/extension/con_data/sound/20/word/20c12w9.mp3"
"anakun","自己食用","https://klokah.tw/extension/con_data/sound/20/word/20c12w10.mp3"
"Taiciu","臺中市（外來語）","https://klokah.tw/extension/con_data/sound/20/word/20c12w11.mp3"
"u-uting","駕駛員","https://klokah.tw/extension/con_data/sound/20/word/20c12w12.mp3"
"laihlaih","車輛","https://klokah.tw/extension/con_data/sound/20/word/20c12w13.mp3"
"matas-i","維修；修理","https://klokah.tw/extension/con_data/sound/20/word/20c12w14.mp3"
"utuvai","摩托車；機車","https://klokah.tw/extension/con_data/sound/20/word/20c12w15.mp3"
"sanmaqtuang","但願；祈願","https://klokah.tw/extension/con_data/sound/20/word/20c12w16.mp3"
"pasaduu","遇見；遇著","https://klokah.tw/extension/con_data/sound/20/word/20c12w17.mp3"
"qaising","白飯","https://klokah.tw/extension/con_data/sound/20/word/20c13w1.mp3"
"kinal-ing qaising","炒飯","https://klokah.tw/extension/con_data/sound/20/word/20c13w2.mp3"
"pinasaq tulkuk","雞肉","https://klokah.tw/extension/con_data/sound/20/word/20c13w3.mp3"
"titi qangvang","牛肉","https://klokah.tw/extension/con_data/sound/20/word/20c13w4.mp3"
"iskaan","魚類","https://klokah.tw/extension/con_data/sound/20/word/20c13w5.mp3"
"tangavaz","韭菜","https://klokah.tw/extension/con_data/sound/20/word/20c13w6.mp3"
"misu silu","味噌湯（外來語）","https://klokah.tw/extension/con_data/sound/20/word/20c13w7.mp3"
"mapulaung","點菜","https://klokah.tw/extension/con_data/sound/20/word/20c13w8.mp3"
"sauva","麵食類","https://klokah.tw/extension/con_data/sound/20/word/20c13w9.mp3"
"tinpula","甜不辣（外來語）","https://klokah.tw/extension/con_data/sound/20/word/20c13w10.mp3"
"mapakulut","切盤","https://klokah.tw/extension/con_data/sound/20/word/20c13w11.mp3"
"kapi","咖啡（外來語）","https://klokah.tw/extension/con_data/sound/20/word/20c13w12.mp3"
"maqtuin","停止地；終止地","https://klokah.tw/extension/con_data/sound/20/word/20c13w13.mp3"
"kinaunan","過量","https://klokah.tw/extension/con_data/sound/20/word/20c13w14.mp3"
"na-austakanin","將要撐飽了","https://klokah.tw/extension/con_data/sound/20/word/20c13w15.mp3"
"sipulav","請計算；請合算","https://klokah.tw/extension/con_data/sound/20/word/20c13w16.mp3"
"tunlaihlaih sapuz","搭乘火車","https://klokah.tw/extension/con_data/sound/20/word/20c14w1.mp3"
"mavia tu","為什麼；為何","https://klokah.tw/extension/con_data/sound/20/word/20c14w2.mp3"
"tingmut","清晨；早晨","https://klokah.tw/extension/con_data/sound/20/word/20c14w3.mp3"
"panduduan laihlaihti","這個火車站","https://klokah.tw/extension/con_data/sound/20/word/20c14w4.mp3"
"mintivi","訪問；訪視","https://klokah.tw/extension/con_data/sound/20/word/20c14w5.mp3"
"uvavaz-az","孩子們","https://klokah.tw/extension/con_data/sound/20/word/20c14w6.mp3"
"tundazaan","交通工具","https://klokah.tw/extension/con_data/sound/20/word/20c14w7.mp3"
"Sucianghau","自強號火車（外來語）","https://klokah.tw/extension/con_data/sound/20/word/20c14w8.mp3"
"kipu’","車票（外來語）","https://klokah.tw/extension/con_data/sound/20/word/20c14w9.mp3"
"tunsila","前天","https://klokah.tw/extension/con_data/sound/20/word/20c14w10.mp3"
"masatu","（到機場或車站）送行","https://klokah.tw/extension/con_data/sound/20/word/20c14w11.mp3"
"namusuqis","將要返回","https://klokah.tw/extension/con_data/sound/20/word/20c14w12.mp3"
"aipun","他；她","https://klokah.tw/extension/con_data/sound/20/word/20c14w13.mp3"
"tunpautpaut","騎乘機車","https://klokah.tw/extension/con_data/sound/20/word/20c14w14.mp3"
"mihalang","生病","https://klokah.tw/extension/con_data/sound/20/word/20c15w1.mp3"
"buntu","一直地；經常","https://klokah.tw/extension/con_data/sound/20/word/20c15w2.mp3"
"mamas-i","一直咳嗽","https://klokah.tw/extension/con_data/sound/20/word/20c15w3.mp3"
"masungha’","癢的","https://klokah.tw/extension/con_data/sound/20/word/20c15w4.mp3"
"qaungqaung","喉嚨","https://klokah.tw/extension/con_data/sound/20/word/20c15w5.mp3"
"sainiduu","醫生的診查行為","https://klokah.tw/extension/con_data/sound/20/word/20c15w6.mp3"
"minbalvain","已經腫脹了","https://klokah.tw/extension/con_data/sound/20/word/20c15w7.mp3"
"susukan","注射藥物","https://klokah.tw/extension/con_data/sound/20/word/20c15w8.mp3"
"bantas","腳","https://klokah.tw/extension/con_data/sound/20/word/20c15w9.mp3"
"pulu","痛風（病名）","https://klokah.tw/extension/con_data/sound/20/word/20c15w10.mp3"
"iu","藥物的總稱","https://klokah.tw/extension/con_data/sound/20/word/20c15w11.mp3"
"iskazhavun","被著涼著","https://klokah.tw/extension/con_data/sound/20/word/20c15w12.mp3"
"matnanulu","點醒；提醒","https://klokah.tw/extension/con_data/sound/20/word/20c15w13.mp3"
"kasatnula","請節約或節制","https://klokah.tw/extension/con_data/sound/20/word/20c15w14.mp3"
"makuzus","饞嘴；貪食","https://klokah.tw/extension/con_data/sound/20/word/20c15w15.mp3"
"su-uan","（在）你那裡的意思","https://klokah.tw/extension/con_data/sound/20/word/20c16w1.mp3"
"Asitau","星期三；禮拜三","https://klokah.tw/extension/con_data/sound/20/word/20c16w2.mp3"
"uka","沒有；不在","https://klokah.tw/extension/con_data/sound/20/word/20c16w3.mp3"
"haan","在...","https://klokah.tw/extension/con_data/sound/20/word/20c16w4.mp3"
"ail-uan","休閒的；空閒的","https://klokah.tw/extension/con_data/sound/20/word/20c16w5.mp3"
"tasqanian","一整天；一天","https://klokah.tw/extension/con_data/sound/20/word/20c16w6.mp3"
"azuq","同意；答應","https://klokah.tw/extension/con_data/sound/20/word/20c16w7.mp3"
"maaq tuza …tu","到底為何","https://klokah.tw/extension/con_data/sound/20/word/20c16w8.mp3"
"masaiv","給予；贈送","https://klokah.tw/extension/con_data/sound/20/word/20c16w9.mp3"
"sinpaska’","贈品；禮物","https://klokah.tw/extension/con_data/sound/20/word/20c16w10.mp3"
"pail-uni","因...而有的","https://klokah.tw/extension/con_data/sound/20/word/20c16w11.mp3"
"altalaak","我等待","https://klokah.tw/extension/con_data/sound/20/word/20c16w12.mp3"
"asaun","被喜歡","https://klokah.tw/extension/con_data/sound/20/word/20c17w1.mp3"
"simal","肥肉","https://klokah.tw/extension/con_data/sound/20/word/20c17w2.mp3"
"titi","肉類的總稱","https://klokah.tw/extension/con_data/sound/20/word/20c17w3.mp3"
"sizaang","再去取","https://klokah.tw/extension/con_data/sound/20/word/20c17w4.mp3"
"kakusung","蝦子","https://klokah.tw/extension/con_data/sound/20/word/20c17w5.mp3"
"kalangkalang","螃蟹","https://klokah.tw/extension/con_data/sound/20/word/20c17w6.mp3"
"huahua","鵝肉","https://klokah.tw/extension/con_data/sound/20/word/20c17w7.mp3"
"tamana","包心菜","https://klokah.tw/extension/con_data/sound/20/word/20c17w8.mp3"
"mi’ut","西洋瓜","https://klokah.tw/extension/con_data/sound/20/word/20c17w9.mp3"
"bahat","南瓜","https://klokah.tw/extension/con_data/sound/20/word/20c17w10.mp3"
"lainsaz","絲瓜","https://klokah.tw/extension/con_data/sound/20/word/20c17w11.mp3"
"tumatu","蕃茄","https://klokah.tw/extension/con_data/sound/20/word/20c17w12.mp3"
"hibul","摻雜在一起","https://klokah.tw/extension/con_data/sound/20/word/20c17w13.mp3"
"hubung","身體的統稱","https://klokah.tw/extension/con_data/sound/20/word/20c17w14.mp3"
"tismuq","變胖；變肥","https://klokah.tw/extension/con_data/sound/20/word/20c17w15.mp3"
"tanangaus","在…之前","https://klokah.tw/extension/con_data/sound/20/word/20c17w16.mp3"
"ka-asaun","喜歡的事；興趣","https://klokah.tw/extension/con_data/sound/20/word/20c18w1.mp3"
"mazima","喜歡；愛好","https://klokah.tw/extension/con_data/sound/20/word/20c18w2.mp3"
"mazunga","繪畫；畫畫","https://klokah.tw/extension/con_data/sound/20/word/20c18w3.mp3"
"hikuki’","飛機（外來語）","https://klokah.tw/extension/con_data/sound/20/word/20c18w4.mp3"
"qatu","輪船；方形盒","https://klokah.tw/extension/con_data/sound/20/word/20c18w5.mp3"
"duma","其他的；別的","https://klokah.tw/extension/con_data/sound/20/word/20c18w6.mp3"
"mastaan","非常地；很…","https://klokah.tw/extension/con_data/sound/20/word/20c18w7.mp3"
"maqaqtis","裁剪","https://klokah.tw/extension/con_data/sound/20/word/20c18w8.mp3"
"haqil","紙張；書本","https://klokah.tw/extension/con_data/sound/20/word/20c18w9.mp3"
"pin-uniun","使變成；使成為","https://klokah.tw/extension/con_data/sound/20/word/20c18w10.mp3"
"babu","豬","https://klokah.tw/extension/con_data/sound/20/word/20c18w11.mp3"
"tulkuk","雞","https://klokah.tw/extension/con_data/sound/20/word/20c18w12.mp3"
"sidi","羊","https://klokah.tw/extension/con_data/sound/20/word/20c18w13.mp3"
"talikuan","蝴蝶","https://klokah.tw/extension/con_data/sound/20/word/20c18w14.mp3"
"pa-i-insun","彼此勉勵","https://klokah.tw/extension/con_data/sound/20/word/20c18w15.mp3"
"talabal","夏天","https://klokah.tw/extension/con_data/sound/20/word/20c19w1.mp3"
"vanglaz","河川；溪水","https://klokah.tw/extension/con_data/sound/20/word/20c19w2.mp3"
"qamisan","季節；年歲","https://klokah.tw/extension/con_data/sound/20/word/20c19w3.mp3"
"lingqaul","游泳","https://klokah.tw/extension/con_data/sound/20/word/20c19w4.mp3"
"kuli","冰品之類","https://klokah.tw/extension/con_data/sound/20/word/20c19w5.mp3"
"mintalabal","春天","https://klokah.tw/extension/con_data/sound/20/word/20c19w6.mp3"
"mabaqis","熱的","https://klokah.tw/extension/con_data/sound/20/word/20c19w7.mp3"
"makazhav","冷的","https://klokah.tw/extension/con_data/sound/20/word/20c19w8.mp3"
"mahaipi","容易地；不難地","https://klokah.tw/extension/con_data/sound/20/word/20c19w9.mp3"
"minqamisan","秋天","https://klokah.tw/extension/con_data/sound/20/word/20c19w10.mp3"
"lusqatu","只是說…","https://klokah.tw/extension/con_data/sound/20/word/20c19w11.mp3"
"maluvluv","多風的","https://klokah.tw/extension/con_data/sound/20/word/20c19w12.mp3"
"malavi","跟著；隨著","https://klokah.tw/extension/con_data/sound/20/word/20c19w13.mp3"
"Lipuun","日本","https://klokah.tw/extension/con_data/sound/20/word/20c19w14.mp3"
"maqusva","清理；整理","https://klokah.tw/extension/con_data/sound/20/word/20c19w15.mp3"
"lus-an Puut","中國人的新年；農曆新春","https://klokah.tw/extension/con_data/sound/20/word/20c20w1.mp3"
"musqain","只有…了","https://klokah.tw/extension/con_data/sound/20/word/20c20w2.mp3"
"sailumaq","回家過；去過家裡","https://klokah.tw/extension/con_data/sound/20/word/20c20w3.mp3"
"tangus","事先；先前","https://klokah.tw/extension/con_data/sound/20/word/20c20w4.mp3"
"painsanan","年份","https://klokah.tw/extension/con_data/sound/20/word/20c20w5.mp3"
"kuva","工廠（外來語）","https://klokah.tw/extension/con_data/sound/20/word/20c20w6.mp3"
"pasaipukun","被僱來照顧","https://klokah.tw/extension/con_data/sound/20/word/20c20w7.mp3"
"munzamian","到我們這裡來","https://klokah.tw/extension/con_data/sound/20/word/20c20w8.mp3"
"naita","他們","https://klokah.tw/extension/con_data/sound/20/word/20c20w9.mp3"
"amaun","背負；揹著","https://klokah.tw/extension/con_data/sound/20/word/20c20w10.mp3"
"masisinauba","弟妹們","https://klokah.tw/extension/con_data/sound/20/word/20c20w11.mp3"
"talmadiin","已經很久了","https://klokah.tw/extension/con_data/sound/20/word/20c20w12.mp3"
"inaliv","年糕","https://klokah.tw/extension/con_data/sound/20/word/20c20w13.mp3"
"pinaklang","已經烤過的","https://klokah.tw/extension/con_data/sound/20/word/20c20w14.mp3"
"maqasmav","努力","https://klokah.tw/extension/con_data/sound/20/word/20c21w1.mp3"
"tail-aian","性格；個性","https://klokah.tw/extension/con_data/sound/20/word/20c21w2.mp3"
"malka-uni","待人接物","https://klokah.tw/extension/con_data/sound/20/word/20c21w3.mp3"
"madungdung","溫和的","https://klokah.tw/extension/con_data/sound/20/word/20c21w4.mp3"
"mali-aza","背後批評","https://klokah.tw/extension/con_data/sound/20/word/20c21w5.mp3"
"tubangnu","說別人的壞話","https://klokah.tw/extension/con_data/sound/20/word/20c21w6.mp3"
"mantuk","真的；誠然","https://klokah.tw/extension/con_data/sound/20/word/20c21w7.mp3"
"sinpantu","讀書的績效","https://klokah.tw/extension/con_data/sound/20/word/20c21w8.mp3"
"saduu haqil","讀書；求學","https://klokah.tw/extension/con_data/sound/20/word/20c21w9.mp3"
"mimisbu","一直停滯不前","https://klokah.tw/extension/con_data/sound/20/word/20c21w10.mp3"
"mamuquin","疲累的","https://klokah.tw/extension/con_data/sound/20/word/20c21w11.mp3"
"masabaqin","睡著了","https://klokah.tw/extension/con_data/sound/20/word/20c21w12.mp3"
"sisili","仿傚","https://klokah.tw/extension/con_data/sound/20/word/20c21w13.mp3"
"indangazak","我幫助","https://klokah.tw/extension/con_data/sound/20/word/20c22w1.mp3"
"tasban","走過；通過","https://klokah.tw/extension/con_data/sound/20/word/20c22w2.mp3"
"daan daingaztun","這條大馬路","https://klokah.tw/extension/con_data/sound/20/word/20c22w3.mp3"
"masaqbit","很痛的；很疼的","https://klokah.tw/extension/con_data/sound/20/word/20c22w4.mp3"
"tian","肚子","https://klokah.tw/extension/con_data/sound/20/word/20c22w5.mp3"
"nahalakak","我要牽手","https://klokah.tw/extension/con_data/sound/20/word/20c22w6.mp3"
"anqaqai","來來往往","https://klokah.tw/extension/con_data/sound/20/word/20c22w7.mp3"
"madaduu","平順的；合宜的","https://klokah.tw/extension/con_data/sound/20/word/20c22w8.mp3"
"kapisingun","可怕的","https://klokah.tw/extension/con_data/sound/20/word/20c22w9.mp3"
"itia","請在這裡","https://klokah.tw/extension/con_data/sound/20/word/20c22w10.mp3"
"maltatala","等待；等候","https://klokah.tw/extension/con_data/sound/20/word/20c22w11.mp3"
"namungain","即將；不久","https://klokah.tw/extension/con_data/sound/20/word/20c22w12.mp3"
"minsuma","回來；出現","https://klokah.tw/extension/con_data/sound/20/word/20c22w13.mp3"
"mundaza","搭乘","https://klokah.tw/extension/con_data/sound/20/word/20c22w14.mp3"
"tutuza tu","實實在在地","https://klokah.tw/extension/con_data/sound/20/word/20c22w15.mp3"
"i-isaq","在哪裡","https://klokah.tw/extension/con_data/sound/20/word/20c23w1.mp3"
"vingkiuang","仍在讀書","https://klokah.tw/extension/con_data/sound/20/word/20c23w2.mp3"
"kakudaing","大學","https://klokah.tw/extension/con_data/sound/20/word/20c23w3.mp3"
"mantan","靠近；傾向","https://klokah.tw/extension/con_data/sound/20/word/20c23w4.mp3"
"mansisila","在旁邊","https://klokah.tw/extension/con_data/sound/20/word/20c23w5.mp3"
"Taitu","臺東縣","https://klokah.tw/extension/con_data/sound/20/word/20c23w6.mp3"
"tinpiin qamisan","第幾年","https://klokah.tw/extension/con_data/sound/20/word/20c23w7.mp3"
"isbuanin","已經畢業了","https://klokah.tw/extension/con_data/sound/20/word/20c23w8.mp3"
"maku","利用…來施行","https://klokah.tw/extension/con_data/sound/20/word/20c23w9.mp3"
"sanavanang","仍然利用夜間","https://klokah.tw/extension/con_data/sound/20/word/20c23w10.mp3"
"pasnavaun","修習的課程","https://klokah.tw/extension/con_data/sound/20/word/20c23w11.mp3"
"Kalingku","花蓮縣（外來語）","https://klokah.tw/extension/con_data/sound/20/word/20c23w12.mp3"
"matinmananua","再接再厲","https://klokah.tw/extension/con_data/sound/20/word/20c23w13.mp3"
"talavin","走廊","https://klokah.tw/extension/con_data/sound/20/word/20c24w1.mp3"
"malasTauluu","講國語","https://klokah.tw/extension/con_data/sound/20/word/20c24w2.mp3"
"linsiu","練習（外來語）","https://klokah.tw/extension/con_data/sound/20/word/20c24w3.mp3"
"Luma","羅馬；羅馬字","https://klokah.tw/extension/con_data/sound/20/word/20c24w4.mp3"
"atikis","少數的；很少的","https://klokah.tw/extension/con_data/sound/20/word/20c24w5.mp3"
"qaiqansaipan","知識；智慧","https://klokah.tw/extension/con_data/sound/20/word/20c24w6.mp3"
"takBanuaz","巒群布農族","https://klokah.tw/extension/con_data/sound/20/word/20c24w7.mp3"
"sidauqpusun","使說話拉長的","https://klokah.tw/extension/con_data/sound/20/word/20c24w8.mp3"
"malaitaz","懶惰（巒群布農族語）","https://klokah.tw/extension/con_data/sound/20/word/20c24w9.mp3"
"qazam","鳥類（巒群布農族語）","https://klokah.tw/extension/con_data/sound/20/word/20c24w10.mp3"
"luqi","鳥類（丹群布農族語）","https://klokah.tw/extension/con_data/sound/20/word/20c24w11.mp3"
"Disuni qaitmalan","迪士尼樂園","https://klokah.tw/extension/con_data/sound/20/word/20c25w1.mp3"
"Fusi ludun","富士山","https://klokah.tw/extension/con_data/sound/20/word/20c25w2.mp3"
"Sinkansiin","新幹線","https://klokah.tw/extension/con_data/sound/20/word/20c25w3.mp3"
"laupang","剛才…","https://klokah.tw/extension/con_data/sound/20/word/20c25w4.mp3"
"hinulunan","地震過後","https://klokah.tw/extension/con_data/sound/20/word/20c25w5.mp3"
"daingaz","大的","https://klokah.tw/extension/con_data/sound/20/word/20c25w6.mp3"
"Hukaizu","北海道","https://klokah.tw/extension/con_data/sound/20/word/20c25w7.mp3"
"mantan baav","鄰近北方","https://klokah.tw/extension/con_data/sound/20/word/20c25w8.mp3"
"tinundazaan","搭機時程","https://klokah.tw/extension/con_data/sound/20/word/20c25w9.mp3"
"mutda’","又…；有餘（數）","https://klokah.tw/extension/con_data/sound/20/word/20c25w10.mp3"
"qaitmalan","旅遊景點","https://klokah.tw/extension/con_data/sound/20/word/20c25w11.mp3"
"panqautupan","裡衣重疊穿著","https://klokah.tw/extension/con_data/sound/20/word/20c25w12.mp3"
"makatpal","厚實的","https://klokah.tw/extension/con_data/sound/20/word/20c25w13.mp3"
"mananulu","謹慎小心","https://klokah.tw/extension/con_data/sound/20/word/20c25w14.mp3"
"mudadaan","行路；走在其上","https://klokah.tw/extension/con_data/sound/20/word/20c25w15.mp3"
"maqsaim","滑的","https://klokah.tw/extension/con_data/sound/20/word/20c25w16.mp3"
"laqaiban","經過；走過","https://klokah.tw/extension/con_data/sound/20/word/20c25w17.mp3"
"Sincuku","新竹縣市","https://klokah.tw/extension/con_data/sound/20/word/20c26w1.mp3"
"tinau","電腦（外來語）","https://klokah.tw/extension/con_data/sound/20/word/20c26w2.mp3"
"i-ita","在那邊","https://klokah.tw/extension/con_data/sound/20/word/20c26w3.mp3"
"Tainan","臺南市","https://klokah.tw/extension/con_data/sound/20/word/20c26w4.mp3"
"musuu","立即；馬上","https://klokah.tw/extension/con_data/sound/20/word/20c26w5.mp3"
"Kuhkuh","瑞穗","https://klokah.tw/extension/con_data/sound/20/word/20c26w6.mp3"
"tatas-ian laihlaihta","火、汽車維修與保養站","https://klokah.tw/extension/con_data/sound/20/word/20c26w7.mp3"
"inzing","引擎","https://klokah.tw/extension/con_data/sound/20/word/20c26w8.mp3"
"siking","測驗；考試（外來語）","https://klokah.tw/extension/con_data/sound/20/word/20c26w9.mp3"
"zaikusang","工程師（外來語）","https://klokah.tw/extension/con_data/sound/20/word/20c26w10.mp3"
"vaivivaivi","各式各樣的","https://klokah.tw/extension/con_data/sound/20/word/20c26w11.mp3"
"sanduu","通過考試或資格","https://klokah.tw/extension/con_data/sound/20/word/20c26w12.mp3"
"matuqtuq i tinau","打電腦","https://klokah.tw/extension/con_data/sound/20/word/20c26w13.mp3"
"unting","駕駛；開車","https://klokah.tw/extension/con_data/sound/20/word/20c26w14.mp3"
"talmainduu","年輕人；俊秀的男生","https://klokah.tw/extension/con_data/sound/20/word/20c27w1.mp3"
"uskunak","我的同事","https://klokah.tw/extension/con_data/sound/20/word/20c27w2.mp3"
"ta’ki","籍貫；住在地","https://klokah.tw/extension/con_data/sound/20/word/20c27w3.mp3"
"Namasia","高雄市那瑪夏區","https://klokah.tw/extension/con_data/sound/20/word/20c27w4.mp3"
"al-u-uan","客廳；休息室","https://klokah.tw/extension/con_data/sound/20/word/20c27w5.mp3"
"itaan","在我們這地方","https://klokah.tw/extension/con_data/sound/20/word/20c27w6.mp3"
"qanglas","經常地；常常","https://klokah.tw/extension/con_data/sound/20/word/20c27w7.mp3"
"mulaun","就餐桌位置（圍爐）","https://klokah.tw/extension/con_data/sound/20/word/20c27w8.mp3"
"kakaunan","餐廳；飯店","https://klokah.tw/extension/con_data/sound/20/word/20c27w9.mp3"
"mapakasihal","相親相愛","https://klokah.tw/extension/con_data/sound/20/word/20c27w10.mp3"
"mapakahau","爭鬧；大打出手","https://klokah.tw/extension/con_data/sound/20/word/20c27w11.mp3"
"maimadadaingaz","祖先","https://klokah.tw/extension/con_data/sound/20/word/20c28w1.mp3"
"sin-iungi","舞蹈風格","https://klokah.tw/extension/con_data/sound/20/word/20c28w2.mp3"
"Malaqtainga","射耳祭","https://klokah.tw/extension/con_data/sound/20/word/20c28w3.mp3"
"aupa","因為；因此…所以","https://klokah.tw/extension/con_data/sound/20/word/20c28w4.mp3"
"Bantalang","阿美族","https://klokah.tw/extension/con_data/sound/20/word/20c28w5.mp3"
"pantamaun","叔叔；伯伯","https://klokah.tw/extension/con_data/sound/20/word/20c28w6.mp3"
"qabasang","以前","https://klokah.tw/extension/con_data/sound/20/word/20c28w7.mp3"
"malastapang","射；打耳祭","https://klokah.tw/extension/con_data/sound/20/word/20c28w8.mp3"
"tisqaqainaz","跳躍","https://klokah.tw/extension/con_data/sound/20/word/20c28w9.mp3"
"davus","酒類","https://klokah.tw/extension/con_data/sound/20/word/20c28w10.mp3"
"sinkavas","所擄獲的首級","https://klokah.tw/extension/con_data/sound/20/word/20c28w11.mp3"
"pa-is","敵人","https://klokah.tw/extension/con_data/sound/20/word/20c28w12.mp3"
"tumaz","熊","https://klokah.tw/extension/con_data/sound/20/word/20c28w13.mp3"
"qanvang","水鹿","https://klokah.tw/extension/con_data/sound/20/word/20c28w14.mp3"
"vanis","山豬","https://klokah.tw/extension/con_data/sound/20/word/20c28w15.mp3"
"lulus-anan","祭壇；祭典場所","https://klokah.tw/extension/con_data/sound/20/word/20c29w1.mp3"
"maisna… sauhaan","從…一直到…","https://klokah.tw/extension/con_data/sound/20/word/20c29w2.mp3"
"paat buan","四月","https://klokah.tw/extension/con_data/sound/20/word/20c29w3.mp3"
"namalkamaaq","將要做什麼","https://klokah.tw/extension/con_data/sound/20/word/20c29w4.mp3"
"aingka","他們","https://klokah.tw/extension/con_data/sound/20/word/20c29w5.mp3"
"mabazu","舂米","https://klokah.tw/extension/con_data/sound/20/word/20c29w6.mp3"
"tilas","白米","https://klokah.tw/extension/con_data/sound/20/word/20c29w7.mp3"
"masasput","扭轉，此指釀酒動作","https://klokah.tw/extension/con_data/sound/20/word/20c29w8.mp3"
"mahanat","燒煮","https://klokah.tw/extension/con_data/sound/20/word/20c29w9.mp3"
"pan-ai-an","菜淆","https://klokah.tw/extension/con_data/sound/20/word/20c29w10.mp3"
"lus-anan","祭拜","https://klokah.tw/extension/con_data/sound/20/word/20c29w11.mp3"
"matingaan","命名","https://klokah.tw/extension/con_data/sound/20/word/20c29w12.mp3"
"mapistabu","打陀螺","https://klokah.tw/extension/con_data/sound/20/word/20c29w13.mp3"
"lusqaqaia","盪鞦韆","https://klokah.tw/extension/con_data/sound/20/word/20c29w14.mp3"
"napalungqaqtung","將不期而遇","https://klokah.tw/extension/con_data/sound/20/word/20c29w15.mp3"
"takisilazan","原住民","https://klokah.tw/extension/con_data/sound/20/word/20c30w1.mp3"
"intaa","他們的","https://klokah.tw/extension/con_data/sound/20/word/20c30w2.mp3"
"Amis","阿美族","https://klokah.tw/extension/con_data/sound/20/word/20c30w3.mp3"
"Taluku","太魯閣族","https://klokah.tw/extension/con_data/sound/20/word/20c30w4.mp3"
"Pini-iuma-ianii","卑南族","https://klokah.tw/extension/con_data/sound/20/word/20c30w5.mp3"
"Lukai","魯凱族","https://klokah.tw/extension/con_data/sound/20/word/20c30w6.mp3"
"Paivang","排灣族","https://klokah.tw/extension/con_data/sound/20/word/20c30w7.mp3"
"Sakilai-ia","撒奇萊雅族","https://klokah.tw/extension/con_data/sound/20/word/20c30w8.mp3"
"Kumalaan","噶瑪蘭族","https://klokah.tw/extension/con_data/sound/20/word/20c30w9.mp3"
"Saisia","賽夏族","https://klokah.tw/extension/con_data/sound/20/word/20c30w10.mp3"
"Tanaul","鄒族","https://klokah.tw/extension/con_data/sound/20/word/20c30w11.mp3"
"Ta-ialu","泰雅族","https://klokah.tw/extension/con_data/sound/20/word/20c30w12.mp3"
"Sulzik","賽德克族","https://klokah.tw/extension/con_data/sound/20/word/20c30w13.mp3"
"Tivulan","邵族","https://klokah.tw/extension/con_data/sound/20/word/20c30w14.mp3"
"Tauu","雅美（達悟）族","https://klokah.tw/extension/con_data/sound/20/word/20c30w15.mp3"
"takiTudu","卡社群","https://klokah.tw/extension/con_data/sound/20/word/20c30w16.mp3"
"takiBakha","卓社群","https://klokah.tw/extension/con_data/sound/20/word/20c30w17.mp3"
"takiVatan","丹社群","https://klokah.tw/extension/con_data/sound/20/word/20c30w18.mp3"
"isBukun","郡社群","https://klokah.tw/extension/con_data/sound/20/word/20c30w19.mp3"
