"mawlrainga kata ma cecelre.","好久不見。","https://klokah.tw/extension/con_data/sound/27/sentence/27c1s1.mp3"
"eene, maw lraingata.","是啊，真的很久沒看到你。","https://klokah.tw/extension/con_data/sound/27/sentence/27c1s2.mp3"
"mwadringadringi so kaiyasa?","最近忙嗎？","https://klokah.tw/extension/con_data/sound/27/sentence/27c1s3.mp3"
"nako mwadringadringi, mwa bangabang.","還好，不太忙（不怎麼忙）。","https://klokah.tw/extension/con_data/sound/27/sentence/27c1s4.mp3"
"ai ywa so ino?","你要去哪裡？","https://klokah.tw/extension/con_data/sound/27/sentence/27c1s5.mp3"
"ywa ko ’olridraw ki tamalri si tinalri.","我要回（去）部落探望父母。","https://klokah.tw/extension/con_data/sound/27/sentence/27c1s6.mp3"
"mwadringadringi kolrini?","他們都好嗎？","https://klokah.tw/extension/con_data/sound/27/sentence/27c1s7.mp3"
"eene, mwadringadringi, maelranenga.","（他們）都很好，謝謝。","https://klokah.tw/extension/con_data/sound/27/sentence/27c1s8.mp3"
"ywa so maka’iyalre?","你要去幾天（多久）？","https://klokah.tw/extension/con_data/sound/27/sentence/27c1s9.mp3"
"kelra ko lroza.","明天就回來了。","https://klokah.tw/extension/con_data/sound/27/sentence/27c1s10.mp3"
"mwadringadringi miya nga.","代我向他們問好。","https://klokah.tw/extension/con_data/sound/27/sentence/27c1s11.mp3"
"mwanga, ta madesesenga lroza.","那麼，明天見（慢走）。","https://klokah.tw/extension/con_data/sound/27/sentence/27c1s12.mp3"
"mwa dringadringi so, siya Lravawsako kai nagagnelri, siyaneaneso?","你好，我叫Lravawso，請問，你叫什麼名字？","https://klokah.tw/extension/con_data/sound/27/sentence/27c2s1.mp3"
"siya Moni ko naganelri, so Taromakako ka swadrekai.","我的名字叫Moni。我是達魯瑪克人，我是魯凱族。","https://klokah.tw/extension/con_data/sound/27/sentence/27c2s2.mp3"
"yakai so ino tolavalavay?","請問你在哪裡上班？","https://klokah.tw/extension/con_data/sound/27/sentence/27c2s3.mp3"
"yakaiyako Balangaw, sinsi yako.","我在臺東上班，我是老師。","https://klokah.tw/extension/con_data/sound/27/sentence/27c2s4.mp3"
"miya sinsi yako.","我（也）是族語老師。","https://klokah.tw/extension/con_data/sound/27/sentence/27c2s5.mp3"
"manema?","你是教什麼語的老師？","https://klokah.tw/extension/con_data/sound/27/sentence/27c2s6.mp3"
"’atakesikesiyako sa sintaromakana.","（我在教）東魯凱語。","https://klokah.tw/extension/con_data/sound/27/sentence/27c2s7.mp3"
"tathaino kai ’atakesikesiso?","你的學生有多少？","https://klokah.tw/extension/con_data/sound/27/sentence/27c2s8.mp3"
"yakai ka ta ma’osalre.","有二十位。","https://klokah.tw/extension/con_data/sound/27/sentence/27c2s9.mp3"
"takala lro miyainiya.","人數很多啊。","https://klokah.tw/extension/con_data/sound/27/sentence/27c2s10.mp3"
"wavay ’aramoro, lra alalodatha ko.","太陽好大，我流了好多汗。","https://klokah.tw/extension/con_data/sound/27/sentence/27c3s1.mp3"
"yakai ka tawrolri, na ’akisalro mosowa mosakidra.","我有帶毛巾，借你擦吧！","https://klokah.tw/extension/con_data/sound/27/sentence/27c3s2.mp3"
"maelranenga, makakazama ko, wa ilroko so sa acilray?","謝謝。我的口很渴，你有帶水嗎？","https://klokah.tw/extension/con_data/sound/27/sentence/27c3s3.mp3"
"yakai, ni ongolra.","有，給你喝吧！","https://klokah.tw/extension/con_data/sound/27/sentence/27c3s4.mp3"
"mwabaysako, yakai ka manema naw kane.","我的肚子好餓，有東西可以吃嗎？","https://klokah.tw/extension/con_data/sound/27/sentence/27c3s5.mp3"
"yakai pinsiyang ka akanekanea mala kwane.","冰箱裡有一些水果。","https://klokah.tw/extension/con_data/sound/27/sentence/27c3s6.mp3"
"katai kabocoko ki akanekanea, ai kanea ko sa aga.","水果吃不飽，我想要吃飯。","https://klokah.tw/extension/con_data/sound/27/sentence/27c3s7.mp3"
"eene, nawaga si bai mosowa.","好，我煮飯給你吃。","https://klokah.tw/extension/con_data/sound/27/sentence/27c3s8.mp3"
"maelranenga.","謝謝。","https://klokah.tw/extension/con_data/sound/27/sentence/27c3s9.mp3"
"si kaino.","不用客氣。","https://klokah.tw/extension/con_data/sound/27/sentence/27c3s10.mp3"
"kai vaiyana miyakakwa?","今天天氣怎麼樣？","https://klokah.tw/extension/con_data/sound/27/sentence/27c4s1.mp3"
"wa vaivay kaiyasa.","今天出大太陽。","https://klokah.tw/extension/con_data/sound/27/sentence/27c4s2.mp3"
"wadraidrazako sa makala.","我流了很多汗。","https://klokah.tw/extension/con_data/sound/27/sentence/27c4s3.mp3"
"lro wata mabanaw ai tara aseasaneta.","去洗個澡，一定很舒服。","https://klokah.tw/extension/con_data/sound/27/sentence/27c4s4.mp3"
"lroza kai vaiyana ai mikakwa ini?","明天天氣怎樣呢？","https://klokah.tw/extension/con_data/sound/27/sentence/27c4s5.mp3"
"kai tinse ai odalre lroza amiya.","氣象預報說明天會下雨。","https://klokah.tw/extension/con_data/sound/27/sentence/27c4s6.mp3"
"ai odalre tarwadraw amiyaso.","你看天上烏雲密佈。","https://klokah.tw/extension/con_data/sound/27/sentence/27c4s7.mp3"
"celraki tamiya ki yabeleng madralemedrem.","說是會下大雨。","https://klokah.tw/extension/con_data/sound/27/sentence/27c4s8.mp3"
"lro molratadreta ilrokota sa soko.","出門記得帶雨傘。","https://klokah.tw/extension/con_data/sound/27/sentence/27c4s9.mp3"
"maelranenga lra ’angolingawso nakwa.","謝謝你提醒我。","https://klokah.tw/extension/con_data/sound/27/sentence/27c4s10.mp3"
"kai vaiyana ’iyaka dramare si vaiyana?","今天是幾月幾日？","https://klokah.tw/extension/con_data/sound/27/sentence/27c5s1.mp3"
"kai vaiyana ka eneme ka dramare si lima ka vaiyana.","今天是6月5日。","https://klokah.tw/extension/con_data/sound/27/sentence/27c5s2.mp3"
"sincici kai yasa?","那今天是星期幾呢？","https://klokah.tw/extension/con_data/sound/27/sentence/27c5s3.mp3"
"sinciliyo kai yasa.","今天是星期六。","https://klokah.tw/extension/con_data/sound/27/sentence/27c5s4.mp3"
"lro sinciliyo ka mwaelrebe kai yobingkiyoko?","星期六郵局有開嗎？","https://klokah.tw/extension/con_data/sound/27/sentence/27c5s5.mp3"
"eene, mwaelrebe si twalrai ki valo ka toki ’akelra ki tato kodralridralriya.","有，但是只有早上開，從8點到12點。","https://klokah.tw/extension/con_data/sound/27/sentence/27c5s6.mp3"
"’iyanga ka toki kai yasa?","現在幾點了？","https://klokah.tw/extension/con_data/sound/27/sentence/27c5s7.mp3"
"mangealrenga si eea ka toki si maso’atelre.","現在是11點40分。","https://klokah.tw/extension/con_data/sound/27/sentence/27c5s8.mp3"
"’ahwahwa kai toki so?","你的錶走得準嗎？","https://klokah.tw/extension/con_data/sound/27/sentence/27c5s9.mp3"
"kai tokilri maredare sa mangealre, kai ’atengatenga ka mangealre si eea ka toki si ’araramaw.","我的錶快了10分鐘，正確時間是11點半。","https://klokah.tw/extension/con_data/sound/27/sentence/27c5s10.mp3"
"’ahwa yakaiyana ka ’araramaw kalralreketa ko mwa ’akelra ki tigami.","還好，那我還有30分鐘可以去寄信。","https://klokah.tw/extension/con_data/sound/27/sentence/27c5s11.mp3"
"’ay...amomolriyako, naw ki’elraelra lro wata ki ta cecelra ki ’acase ’ikakwatamwa?","對不起，我迷路了，可以告訴我怎麼到圖書館嗎？","https://klokah.tw/extension/con_data/sound/27/sentence/27c6s1.mp3"
"twalraza kikai dringelese, lro kelraso idra tama dresesenga ki kaelea ai celeso sa takivaevaevanga.","從這裡直走，走到一個十字路口後，就可以看到一個公園。","https://klokah.tw/extension/con_data/sound/27/sentence/27c6s2.mp3"
"thiilri ki takivaevaevanga yakai ka tolo ka daane kwadra saviviri ka ta’aca’acasa, savavanalre ka kosiyaw, kwadra sa kabociyaka amani kwadra tacecelra ki ’acase.","公園的旁邊有三棟建築，左邊是辦公大樓，右邊是小學，中間的就是圖書館。","https://klokah.tw/extension/con_data/sound/27/sentence/27c6s3.mp3"
"eene, maelranenga naw ki’elraelrana kwadra laang yakaino?","好，謝謝，再請問一下，廁所在哪裡？","https://klokah.tw/extension/con_data/sound/27/sentence/27c6s4.mp3"
"kai sadaedaenga kai laang waswaswaswa’e.","一樓的廁所正在清潔中。","https://klokah.tw/extension/con_data/sound/27/sentence/27c6s5.mp3"
"naw ki ’elraelrana lro ikai yana ino ka laang?","那請問哪裡還有廁所呢？","https://klokah.tw/extension/con_data/sound/27/sentence/27c6s6.mp3"
"ina sabebelreng ina daane yakai ka lrabaibay no ka laang, moliyosa ’a’oviri si mobelre ki tinti ai kelra so.","二樓有女廁，左轉走樓梯上樓就可到達。","https://klokah.tw/extension/con_data/sound/27/sentence/27c6s7.mp3"
"eene, wa thingalrako, maelranenga.","好，我知道了，謝謝你。","https://klokah.tw/extension/con_data/sound/27/sentence/27c6s8.mp3"
"lro wata kabaliva lro mobelrengta sa ’otobai ai tara thainota ka toki?","如果我們騎摩托車從東興村到老部落要多少時間？","https://klokah.tw/extension/con_data/sound/27/sentence/27c6s9.mp3"
"lro angilralralangta ka aikai ka eeaka toki si ’araramaw.","慢慢騎的話要一個小時半。","https://klokah.tw/extension/con_data/sound/27/sentence/27c6s10.mp3"
"ki’elraelra talrangalrangaza sa talo’ono yakai idra mwasaka ’iya ka taetalre ki daane.","請問賣帽子的在幾樓？","https://klokah.tw/extension/con_data/sound/27/sentence/27c7s1.mp3"
"yakai ki mwa sakalimaka taetalre.","在五樓。","https://klokah.tw/extension/con_data/sound/27/sentence/27c7s2.mp3"
"maelranengaso.","謝謝你。","https://klokah.tw/extension/con_data/sound/27/sentence/27c7s3.mp3"
"a’iya lrangaza ko sa eea sa talo’ono.","我想買一頂帽子。","https://klokah.tw/extension/con_data/sound/27/sentence/27c7s4.mp3"
"madalrameso sa miya kakwa ka kolraw.","你喜歡什麼顏色呢？","https://klokah.tw/extension/con_data/sound/27/sentence/27c7s5.mp3"
"odrava lro aboraras, lro adirerelre katoma.","黃色或紅色都可以。","https://klokah.tw/extension/con_data/sound/27/sentence/27c7s6.mp3"
"eene, ’alravalrava kikai.","好的，這頂試試看。","https://klokah.tw/extension/con_data/sound/27/sentence/27c7s7.mp3"
"madraw sa tikiya, yakai ka ’arotikiya.","這頂帽子稍微大了一點，是否能給我小一點的尺寸？","https://klokah.tw/extension/con_data/sound/27/sentence/27c7s8.mp3"
"lrwasanenga ’adalowako si kelra.","稍等一下，馬上來。","https://klokah.tw/extension/con_data/sound/27/sentence/27c7s9.mp3"
"’ahwa kaivai, thaino ka ’aiso?","我覺得這頂很適合，請問多少錢呢？","https://klokah.tw/extension/con_data/sound/27/sentence/27c7s10.mp3"
"’alrolrodo ki tavaevaera ki caylri lra ala ’odaedae tovalo ka iday.","配合週慶的活動，原價打八折後，是八百元。","https://klokah.tw/extension/con_data/sound/27/sentence/27c7s11.mp3"
"thinalrako, maelranenga.","知道了，謝謝！","https://klokah.tw/extension/con_data/sound/27/sentence/27c7s12.mp3"
"lroza ai kelra so angitalreke.","你明天會來聚餐嗎？","https://klokah.tw/extension/con_data/sound/27/sentence/27c8s1.mp3"
"nakoi kelra, lroza mwabangabanga ko.","對不起，我明天有事情要忙。","https://klokah.tw/extension/con_data/sound/27/sentence/27c8s2.mp3"
"lro sinci’o?","星期五呢？","https://klokah.tw/extension/con_data/sound/27/sentence/27c8s3.mp3"
"’ai..... yakai ka droma ka a’iyanelri.","抱歉，我有其他行程。","https://klokah.tw/extension/con_data/sound/27/sentence/27c8s4.mp3"
"matiawla tomara ’ococogo ta makanaelre.","真可惜，難得大家都有空。","https://klokah.tw/extension/con_data/sound/27/sentence/27c8s5.mp3"
"lraiyata si toma, lro ’elranga ta ma’aelelenga ango kiraragaiza ka’ea’ea’eraw.","沒辦法，只好下次再參加了。祝你們玩得愉快！","https://klokah.tw/extension/con_data/sound/27/sentence/27c8s6.mp3"
"lro ’elranga nai dawlronga moswa tamaelele angitalrek.","那下次有聚餐再邀請你。","https://klokah.tw/extension/con_data/sound/27/sentence/27c8s7.mp3"
"eene, ’aswalranga ’elraelranakwa.","好的，請先通知我。","https://klokah.tw/extension/con_data/sound/27/sentence/27c8s8.mp3"
"lro ’elranga ai tara ki’aeleako.","希望下次可以出席。","https://klokah.tw/extension/con_data/sound/27/sentence/27c8s9.mp3"
"idra atawaidravaiyana nai ’akelrasavaga.","到時候再連絡。","https://klokah.tw/extension/con_data/sound/27/sentence/27c8s10.mp3"
"maligilri so sotaromakana.","你的族語說得很好。","https://klokah.tw/extension/con_data/sound/27/sentence/27c9s1.mp3"
"maelranenga, malralreketenga nako.","謝謝，還可以。","https://klokah.tw/extension/con_data/sound/27/sentence/27c9s2.mp3"
"anea kwadra tara ’elraelraelra moswa?","都是誰教你的呢？","https://klokah.tw/extension/con_data/sound/27/sentence/27c9s3.mp3"
"eene, yakai yako maci twakesikesi, nako ’wacogo kicakwa si lro isadrako si mobaliyo maelenai ki tomolri si kaingolri, si makawrivariva ki vaganai.","平常雖然在都市唸書，沒機會練習。但是一放假回阿公、阿嬤家，都盡量說族語。","https://klokah.tw/extension/con_data/sound/27/sentence/27c9s4.mp3"
"kamiyainiya yakai ka tomoso si kaingoso ka mathariri ka sinsi so.","原來是有阿公和阿嬤這麼好的語言老師。","https://klokah.tw/extension/con_data/sound/27/sentence/27c9s5.mp3"
"koso kai takawrivaneso kwacalisiyana miya mathariri.","你呢？你講的族語也很好啊！","https://klokah.tw/extension/con_data/sound/27/sentence/27c9s6.mp3"
"asilroiyata lro ikaiyako daane kacalisiyanako makakawriva ki tamalri.","因為我在家都用放語跟我父母親交談。","https://klokah.tw/extension/con_data/sound/27/sentence/27c9s7.mp3"
"thare’a ka miyainiya lra kalralreketeso ’asolretrelretre’e mawriva.","怪不得你講得那麼流利。","https://klokah.tw/extension/con_data/sound/27/sentence/27c9s8.mp3"
"maelranengaso ki ta ’acoco’onga so nakwa.","謝謝你的讚美。","https://klokah.tw/extension/con_data/sound/27/sentence/27c9s9.mp3"
"kalralreketeta  maelele kicakwa.","我們可以一起學習。","https://klokah.tw/extension/con_data/sound/27/sentence/27c9s10.mp3"
"maelranenga ki Twaomas, lra sobolobolo ki taki tolralraka neso!","感謝主！祝你生日快樂！","https://klokah.tw/extension/con_data/sound/27/sentence/27c10s1.mp3"
"maelranenga, amani lroiga kwadra taki to lralraka neso?","謝謝，那你的生日是什麼時候呢？","https://klokah.tw/extension/con_data/sound/27/sentence/27c10s2.mp3"
"amani lro ’elra lro sinciliyo, adalonga.","下個禮拜六，快到了。","https://klokah.tw/extension/con_data/sound/27/sentence/27c10s3.mp3"
"naw ’aswalra sobolobolo ki taki tolralraka neso!","那也先祝你生日快樂！","https://klokah.tw/extension/con_data/sound/27/sentence/27c10s4.mp3"
"maelranenga!","謝謝！","https://klokah.tw/extension/con_data/sound/27/sentence/27c10s5.mp3"
"lrai ’iyanomi?","會慶祝嗎？","https://klokah.tw/extension/con_data/sound/27/sentence/27c10s6.mp3"
"eene, lro kelraidra vaiyana kelranga.","會，到時候要來喔！","https://klokah.tw/extension/con_data/sound/27/sentence/27c10s7.mp3"
"eene, tara wawako.","好，我一定會去。","https://klokah.tw/extension/con_data/sound/27/sentence/27c10s8.mp3"
"manema ka kadalrameso ka abayzanelri moswa.","你想要什麼生日禮物呢？","https://klokah.tw/extension/con_data/sound/27/sentence/27c10s9.mp3"
"sanakelraso ’alaing sa ilroko sa manema.","人來就好了，不用帶禮物。","https://klokah.tw/extension/con_data/sound/27/sentence/27c10s10.mp3"
"ta’iya nomi ka lramatakataka?","你有幾個兄弟姊妹？","https://klokah.tw/extension/con_data/sound/27/sentence/27c11s1.mp3"
"yakai ka tangea ka takalri, tangea ka agilri ka sawalray, tangea ka agilri ka ababay.","我有一個哥哥、一個弟弟、一個妹妹。","https://klokah.tw/extension/con_data/sound/27/sentence/27c11s2.mp3"
"konomi ka lramatakataka manema ka lavay nomi?","你的兄弟姊妹從事什麼行業？","https://klokah.tw/extension/con_data/sound/27/sentence/27c11s3.mp3"
"ko takalri ka bokosi, ko agilri ka ’isin, ko agilri ka ababay kaiyasa watakesikesiyana ki daigake.","我哥哥是牧師，我弟弟是醫生，我妹妹目前還是大學生。","https://klokah.tw/extension/con_data/sound/27/sentence/27c11s4.mp3"
"ta masoso ki tacekecekelra neso!","也跟我聊聊你的家庭吧！","https://klokah.tw/extension/con_data/sound/27/sentence/27c11s5.mp3"
"kiya ’alrangenga nako.","我結婚了。","https://klokah.tw/extension/con_data/sound/27/sentence/27c11s6.mp3"
"’iya kakwa nomi si mathathingalre ki sakadrosa so?","你和你太太是怎麼認識的？","https://klokah.tw/extension/con_data/sound/27/sentence/27c11s7.mp3"
"satabera nenai ki daigake.","我們是大學同學。","https://klokah.tw/extension/con_data/sound/27/sentence/27c11s8.mp3"
"tara thainonga nomi kai taki ’alranga nenomi?","你們結婚多久了？","https://klokah.tw/extension/con_data/sound/27/sentence/27c11s9.mp3"
"ai tara tolonga ka caylri.","嗯，三年了。","https://klokah.tw/extension/con_data/sound/27/sentence/27c11s10.mp3"
"lra tolralrakenga nomi?","你們有小孩了嗎？","https://klokah.tw/extension/con_data/sound/27/sentence/27c11s11.mp3"
"yakai nga ka tangea ka lralrake nai.","我們有一個小孩，今年兩歲了。","https://klokah.tw/extension/con_data/sound/27/sentence/27c11s12.mp3"
"koso tomatoma neso?","你是做什麼的？","https://klokah.tw/extension/con_data/sound/27/sentence/27c12s1.mp3"
"konako ka kensasako.","我是一位警察。","https://klokah.tw/extension/con_data/sound/27/sentence/27c12s2.mp3"
"konako ka sinsi yako.","我是一位老師。","https://klokah.tw/extension/con_data/sound/27/sentence/27c12s3.mp3"
"kaiyasa silrasilra’ako sa droma sa lavay.","我最近在找新的工作。","https://klokah.tw/extension/con_data/sound/27/sentence/27c12s4.mp3"
"eene, si manema kwadra nata tolavalavaza neso?","是喔，你原本是在做什麼的？","https://klokah.tw/extension/con_data/sound/27/sentence/27c12s5.mp3"
"kwadra nasicengecengelri kwadra lavay ka tara swaswa’e.","我原本負責的工作是打掃。","https://klokah.tw/extension/con_data/sound/27/sentence/27c12s6.mp3"
"lraso kisano ’abalibalithi ki lavayso?","那你為什麼想換工作？","https://klokah.tw/extension/con_data/sound/27/sentence/27c12s7.mp3"
"asi lroiyata kiya dremedremako idra makala sa’obalesa.","因為我想找薪水比較高的工作。","https://klokah.tw/extension/con_data/sound/27/sentence/27c12s8.mp3"
"naw sobolobolo lra sarakidringai sa bawa sa lavai.","那祝你早日找新工作。","https://klokah.tw/extension/con_data/sound/27/sentence/27c12s9.mp3"
"maelraneng.","謝謝！","https://klokah.tw/extension/con_data/sound/27/sentence/27c12s10.mp3"
"mwadringadringai nomi, ’asanamawnga nomi ki akaneane nomi?","歡迎光臨，請問有預約嗎？","https://klokah.tw/extension/con_data/sound/27/sentence/27c13s1.mp3"
"ini, tamangealre nai, yakai ka tatakainena?","沒有，我們有10個人，還有空位嗎？","https://klokah.tw/extension/con_data/sound/27/sentence/27c13s2.mp3"
"kadroi katoma, ilra na ilroko nomiya, niyama to’a’alailri.","沒問題，我來為你帶位，請跟我來。","https://klokah.tw/extension/con_data/sound/27/sentence/27c13s3.mp3"
"yakai ka kiya tomaelra ka airo’a ta ’alravalrava?","有什麼特別的菜可以推薦嗎？","https://klokah.tw/extension/con_data/sound/27/sentence/27c13s4.mp3"
"yakai lramomo, tana, kekerer, kwadra airo’a kiya kadalrame, kwanea ’alravalrav?","台灣胡椒、食茱庾、糯米糰都很受歡迎，要吃吃看嗎？","https://klokah.tw/extension/con_data/sound/27/sentence/27c13s5.mp3"
"lro kilralata ni modringay lra dwawlra sa eea.","聽起來錯，那就各點一份吧！","https://klokah.tw/extension/con_data/sound/27/sentence/27c13s6.mp3"
"ai yalanomi sa aga?","好。需要白飯嗎？","https://klokah.tw/extension/con_data/sound/27/sentence/27c13s7.mp3"
"eene, ai yalanai sa mangealre karomai.","是的，需要10碗白飯。","https://klokah.tw/extension/con_data/sound/27/sentence/27c13s8.mp3"
"eene, ai yalanomi sa awngongolra, yakai ka bava si saidra siacilrai.","好。需要飲料嗎？有水、酒、汽水。","https://klokah.tw/extension/con_data/sound/27/sentence/27c13s9.mp3"
"bwaza naiya sa saidra.","請給我們汽水。","https://klokah.tw/extension/con_data/sound/27/sentence/27c13s10.mp3"
"’aswalrana ’iyakikai, lro kai ’ahwa ta’awawanga.","先這樣，不夠的話再加。","https://klokah.tw/extension/con_data/sound/27/sentence/27c13s11.mp3"
"’ikakwata mo Taipake? ango hikoki?","我們該怎麼去台北呢？坐飛機嗎？","https://klokah.tw/extension/con_data/sound/27/sentence/27c14s1.mp3"
"maredare ka hikoki si makocingale.","飛機是很快，但是太貴了。","https://klokah.tw/extension/con_data/sound/27/sentence/27c14s2.mp3"
"lro miyainiya ta mobelreng sa base? lroiyasi ’asana angokai so sa kisiya?","那坐客運好嗎？或是你比較想搭火車？","https://klokah.tw/extension/con_data/sound/27/sentence/27c14s3.mp3"
"mathariri ka kisiya lro takaineneta ka yasavaseta.","火車好了，坐起來比較舒服。","https://klokah.tw/extension/con_data/sound/27/sentence/27c14s4.mp3"
"eene na celreana idra ’acase ki toki ki kisiya.","那我來查一下火車時刻表。","https://klokah.tw/extension/con_data/sound/27/sentence/27c14s5.mp3"
"ya, lrwasanena, miya sa wa daylri sa tikiya ki taikaiyaneta ki liyekang.","唔，等一下，火車站好像離我們住的飯店有點遠？","https://klokah.tw/extension/con_data/sound/27/sentence/27c14s6.mp3"
"kita ’acasa ki liyekang ’elraelra ki sadadavace, ai kalralrekete ka ’araramawka toki.","飯店的交通簡介有提到，車程大概半小時。","https://klokah.tw/extension/con_data/sound/27/sentence/27c14s7.mp3"
"lro miyaniya ai dawlrota sa kitisiya?","所以我們要叫計程車嗎？","https://klokah.tw/extension/con_data/sound/27/sentence/27c14s8.mp3"
"ai katoma lro a’otobay, lro a’aliliding anilalalalrang mwa, tako sasesesever.","也可以，或者騎機車或腳踏車，慢慢騎過去，順便兜風。","https://klokah.tw/extension/con_data/sound/27/sentence/27c14s9.mp3"
"miya mathariri, lroiya ta ceelrenga!","也好，到時候再看看吧！","https://klokah.tw/extension/con_data/sound/27/sentence/27c14s10.mp3"
"ko sakacekelre so tara thainonga kai takacaema neini?","你的妻子病了多久了？","https://klokah.tw/extension/con_data/sound/27/sentence/27c15s1.mp3"
"tara dramarenga, kai caemaneini ikai lro modringadringi ikai lro angi’elra.","一個月了，但她的病時好時壞。","https://klokah.tw/extension/con_data/sound/27/sentence/27c15s2.mp3"
"manema ka caemaneini?","是什麼病呢？","https://klokah.tw/extension/con_data/sound/27/sentence/27c15s3.mp3"
"tara kiyangeang ki awloini, a’i otaota kiyangang ki barang.","她常常頭疼，還會嘔吐、肚子疼。","https://klokah.tw/extension/con_data/sound/27/sentence/27c15s4.mp3"
"amwa nomi ’akiceelre biyoing?","有去醫院檢查嗎？","https://klokah.tw/extension/con_data/sound/27/sentence/27c15s5.mp3"
"eene, yakai kai yasa biyoing ki ceceelre.","有，現在正在住院檢查。","https://klokah.tw/extension/con_data/sound/27/sentence/27c15s6.mp3"
"konako kai yasa matholrako, si talra  wadrangdrang, kabithengele kacaema kai lolongo, ababaeeke, mathotholro.","我最近也感冒了。有點發燒，不僅頭疼、喉嚨痛，還會流鼻水、咳嗽。","https://klokah.tw/extension/con_data/sound/27/sentence/27c15s7.mp3"
"amwanga so ki celre ki ’ising?","去看醫生了嗎？","https://klokah.tw/extension/con_data/sound/27/sentence/27c15s8.mp3"
"tawakelrakelrako twalrai takibobowa, kibai sa sababo. eea ka vaiyana aniyatololro ta kwane, kwadra aniyavae drosa lro kaneta.","剛剛才從診所回來，醫生開了藥。每日吃三次，每次吃兩顆。","https://klokah.tw/extension/con_data/sound/27/sentence/27c15s9.mp3"
"’wa driyadringaita kilribake ki kinawmasa, makociyacingalenga ’aka odringadringai ki kinawmasa.","要好好保重身體，身體健康最重要。","https://klokah.tw/extension/con_data/sound/27/sentence/27c15s10.mp3"
"’oy, naw ki’elraelra amani kwadra takivaevaevanga ki kacalisiya.","喂，你好，請問是原住民族文化園區嗎？","https://klokah.tw/extension/con_data/sound/27/sentence/27c16s1.mp3"
"eene, mwadringadringai so.","是的，你好。","https://klokah.tw/extension/con_data/sound/27/sentence/27c16s2.mp3"
"kaivai ka Taromak kosiyaw, ka tatakesikesiya nenai idra eea kadramar ai ’iya idra ta’asalisisiya ki kacalisiya.","我這裡是大南國小，我們學校在下個月要舉辦原住民文化祭。","https://klokah.tw/extension/con_data/sound/27/sentence/27c16s3.mp3"
"naw dawlro nomiya nikelra ki tatakesikesiya nenai avaevaer.","想邀請貴團到我們學校表演。","https://klokah.tw/extension/con_data/sound/27/sentence/27c16s4.mp3"
"no matino kwadra siyacengceng yasadra ki vaiyana.","不好意思，負責人今天請假。","https://klokah.tw/extension/con_data/sound/27/sentence/27c16s5.mp3"
"’wacasa ’ikai dra naganeso si drele, nakawrivanga si lra ta mala liyosonga sa drele.","可以留下你的姓名跟電話，我請他再跟你連絡。","https://klokah.tw/extension/con_data/sound/27/sentence/27c16s6.mp3"
"eene, konako ka sinsi Taromak kosiyaw siyaTinebenga, kai drelelri 089-384383, maelranenga.","好的，我是大南國小的老師，電話是089-384383，謝謝你。","https://klokah.tw/extension/con_data/sound/27/sentence/27c16s7.mp3"
"lro kelrakwadra naw kawrivanga ni liyosonga sa drele moswa.","他如果回來，我請他回電話給你。","https://klokah.tw/extension/con_data/sound/27/sentence/27c16s8.mp3"
"maelraneng ki ta’osaka’eleaneso nakwa.","謝謝你的幫忙。","https://klokah.tw/extension/con_data/sound/27/sentence/27c16s9.mp3"
"sobolobolo ki ta’iyaiya nenomi kasolriyalrivate.","祝你們活動順利。","https://klokah.tw/extension/con_data/sound/27/sentence/27c16s10.mp3"
"tatoro’aro’a kikai mwadringai amiya, lra dawlra.","這裡的料理聽說很好吃，點菜吧！","https://klokah.tw/extension/con_data/sound/27/sentence/27c17s1.mp3"
"bwaza naiya sa nihalidriya si niyakamaka bolrabolray.","請給我們糯米飯、烤肉。","https://klokah.tw/extension/con_data/sound/27/sentence/27c17s2.mp3"
"kai halidri ki tiyam si dare’e ki tinalri mararamaw kai tasanolema kalrimeme modringi.","這家店的糯米飯跟我媽媽做的味道很像，甜甜的，很好吃。","https://klokah.tw/extension/con_data/sound/27/sentence/27c17s3.mp3"
"odrava kai twakama mararamaw ki ta’iya ki tinalri, kai taka ’alrilra, ’ahwa lro kaneako.","烤肉也跟我媽媽做的味道一樣，夠鹹，很合我的胃口。","https://klokah.tw/extension/con_data/sound/27/sentence/27c17s4.mp3"
"kai tagaga nenai ki sinikadromana mwadringai ’aramoro.","我們的傳統料理真的很美味。","https://klokah.tw/extension/con_data/sound/27/sentence/27c17s5.mp3"
"’atwanaw ko kavalingiving idra tato airo’ana ki tinalri.","我開始想念媽媽做的菜了。","https://klokah.tw/extension/con_data/sound/27/sentence/27c17s6.mp3"
"kikai lro molodoso ilra ta maelele mobaliya.","我們這個週末一起回去吧。","https://klokah.tw/extension/con_data/sound/27/sentence/27c17s7.mp3"
"lro mobaliyota, maelra kai halidri si niyakama ka bolrabolray ni ikaiyana ka maka obolra ka lraceeng ka baboy ka abay si kaneta.","回家之後，除了糯米飯、烤肉之外，我希望還能吃到山菜、山豬肉還有麻糬。","https://klokah.tw/extension/con_data/sound/27/sentence/27c17s8.mp3"
"inilinga lro aga ko tinalri kwacalisiyana mwadringai/aramor.","尤其是媽媽煮的傳統料理最好吃。","https://klokah.tw/extension/con_data/sound/27/sentence/27c17s9.mp3"
"eene, si ni miya si sara kelra ki vaiyana.","是啊，真希望週末快點到。","https://klokah.tw/extension/con_data/sound/27/sentence/27c17s10.mp3"
"manema ka kadalrameso?","你的興趣是什麼？","https://klokah.tw/extension/con_data/sound/27/sentence/27c18s1.mp3"
"madalramako mo legelege.","我的興趣是爬山。","https://klokah.tw/extension/con_data/sound/27/sentence/27c18s2.mp3"
"mo legelegeta makalaka taka tharira.","爬山有很多好處。","https://klokah.tw/extension/con_data/sound/27/sentence/27c18s3.mp3"
"eene, si maelra ka ’akakeceng ki kinawmasa, malalrekete ta ceelre ki tamiyiya ki drorodroroko.","是的，除了可以使身體健康，也能親近大自然。","https://klokah.tw/extension/con_data/sound/27/sentence/27c18s4.mp3"
"ki wadrangdrang ki kalra draidraza, ’ahwa lro wata molegelege koidring ki wasang   kangangengerec.","炎熱的夏天，正好可以到山裡避暑，非常涼快。","https://klokah.tw/extension/con_data/sound/27/sentence/27c18s5.mp3"
"si kwadra taka dalramaneso?","那你的興趣呢？","https://klokah.tw/extension/con_data/sound/27/sentence/27c18s6.mp3"
"kwadra kadalramelri ka wa sasiyasing.","我的興趣是攝影。","https://klokah.tw/extension/con_data/sound/27/sentence/27c18s7.mp3"
"kai tamiya ki legelege Taivang mathariri ’aramoro, lro ’elra ta maelenga molegelege.","台灣的山景其實非常美麗。下回我們可以一起爬山。","https://klokah.tw/extension/con_data/sound/27/sentence/27c18s8.mp3"
"eene, lro miyaniya na ilroko sa sasasiyasing  si sasing ki takatharira.","好啊！這樣我可以帶著相機，拍到山中許多珍貴的畫面。","https://klokah.tw/extension/con_data/sound/27/sentence/27c18s9.mp3"
"eene, tamaiyanga ki atawana ta.","那我們就這樣約定喔！","https://klokah.tw/extension/con_data/sound/27/sentence/27c18s10.mp3"
"ki eea ka caylri ki tamo balibalitha ko ka dadalramengaso?","一年之中你最喜歡哪一個季節？","https://klokah.tw/extension/con_data/sound/27/sentence/27c19s1.mp3"
"madadalrame nganako ki kalradraidraza.","我最喜歡夏季了。","https://klokah.tw/extension/con_data/sound/27/sentence/27c19s2.mp3"
"asi?","為什麼？","https://klokah.tw/extension/con_data/sound/27/sentence/27c19s3.mp3"
"asi lroyata lro kalradraidraza malralreketeta mwa lrwawlrangoy malralreketeta kwane sa ’asabo. si koso?","因為夏季是游泳、吃冰的好季節。那你呢？","https://klokah.tw/extension/con_data/sound/27/sentence/27c19s4.mp3"
"konako madalramako ki kalrakekecela, asi lroiyata kai vaiyana kadro makecele kadro drangdrang, kathariri kai kidremedremeta.","我喜歡秋季，因為秋天不冷不熱，很舒服。","https://klokah.tw/extension/con_data/sound/27/sentence/27c19s5.mp3"
"eene lrokalrakekecela miya tasiyavavaneta sadramar.","對啊，秋天也是賞月的好季節。","https://klokah.tw/extension/con_data/sound/27/sentence/27c19s6.mp3"
"madalrameso mwa ’akaino ki wa drangdrang ki kalra draidraza.","炎熱的夏天，你喜歡到哪裡玩？","https://klokah.tw/extension/con_data/sound/27/sentence/27c19s7.mp3"
"madalramako mwa Taromak twakalra becebecenga mati’ea’eraw angi talrailraysi.","我喜歡去達魯瑪克看他們的豐年祭，很熱鬧，還有蘯鞦韆。","https://klokah.tw/extension/con_data/sound/27/sentence/27c19s8.mp3"
"miya madalramako ki kalrakecela.","我也喜歡冬天。","https://klokah.tw/extension/con_data/sound/27/sentence/27c19s9.mp3"
"so kadalrame ki kalrakecela.","你為什麼喜歡冬天？","https://klokah.tw/extension/con_data/sound/27/sentence/27c19s10.mp3"
"lro wata mobaza kata ilrokosa makala sa makedreme sa karingiylrai.","因為冬天可以穿傳統服飾，比較溫暖。","https://klokah.tw/extension/con_data/sound/27/sentence/27c19s11.mp3"
"ki caylri ai mobaliyo so ’wabilong?","今年你打算回家過年嗎？","https://klokah.tw/extension/con_data/sound/27/sentence/27c20s1.mp3"
"eene, ai ilrokako ki sakacekelrelri si lralrake mobaliyo.","是的，我會帶著太太和小孩一起回去。","https://klokah.tw/extension/con_data/sound/27/sentence/27c20s2.mp3"
"yakaino kwadra cekelrenomi?","你的家鄉在哪裡呢？","https://klokah.tw/extension/con_data/sound/27/sentence/27c20s3.mp3"
"yakai Balangaw dethe legelege idra mathariri ka cekelre.","在台東的山上，一個美麗的部落。","https://klokah.tw/extension/con_data/sound/27/sentence/27c20s4.mp3"
"kai cekelrenomi ’iyakakwa lro ’abilong nomi?","你們家鄉都怎麼慶祝過年呢？","https://klokah.tw/extension/con_data/sound/27/sentence/27c20s5.mp3"
"yakainai ka cekecekelre maelele kwane sa aga, senaseany.","我們全家人會團聚在聚在一起吃飯，一起唱歌跳舞。","https://klokah.tw/extension/con_data/sound/27/sentence/27c20s6.mp3"
"kilralata a’iyamwata lrakadalrameso ’wabilong?","聽起來很有趣，那你喜歡過年嗎？","https://klokah.tw/extension/con_data/sound/27/sentence/27c20s7.mp3"
"madalramako asi lroiyata tomara maeleleta  ka cekecekelre.","我很喜歡，因為全家人難得可以聚在一起。","https://klokah.tw/extension/con_data/sound/27/sentence/27c20s8.mp3"
"lroiyasi ikai ka ta’ocoganeso kelranga naiyana ta maelele ’wabilong.","希望有機會你能到我們家一起過年。","https://klokah.tw/extension/con_data/sound/27/sentence/27c20s9.mp3"
"eene, maelranenga.","好的，謝謝你!","https://klokah.tw/extension/con_data/sound/27/sentence/27c20s10.mp3"
"kwani miyakakwa kai tamiyaneini?","他的個性是怎樣的？","https://klokah.tw/extension/con_data/sound/27/sentence/27c21s1.mp3"
"kwani ka makeceng si karahemetre.","他是一個努力又認真的人。","https://klokah.tw/extension/con_data/sound/27/sentence/27c21s2.mp3"
"kwani macacacava kai taomasaneini.","他是一個樂觀的人。","https://klokah.tw/extension/con_data/sound/27/sentence/27c21s3.mp3"
"kwani angangilroco kai taomasaneini.","他是一個悲觀的人。","https://klokah.tw/extension/con_data/sound/27/sentence/27c21s4.mp3"
"kai tamiyaneini masola’elre kathariri kai taomasaneini.","他的個性很善良，是個好人。","https://klokah.tw/extension/con_data/sound/27/sentence/27c21s5.mp3"
"lro angika kidremedreme nomi samiyakakwa kai taomasa nenomi?","你們覺得自己是一個怎樣的人？","https://klokah.tw/extension/con_data/sound/27/sentence/27c21s6.mp3"
"konako ka ’wakidremedremako sa droma.","我是一個替別人著想的人。","https://klokah.tw/extension/con_data/sound/27/sentence/27c21s7.mp3"
"konako nako ’wathengete.","我是一個粗心的人。","https://klokah.tw/extension/con_data/sound/27/sentence/27c21s8.mp3"
"konako naw kilawgothingalre.","我是一個充滿好奇心的人。","https://klokah.tw/extension/con_data/sound/27/sentence/27c21s9.mp3"
"konako ka eea lro kidremedremako.","我是一個單純的人。","https://klokah.tw/extension/con_data/sound/27/sentence/27c21s10.mp3"
"nalri, kalraleketeso ’osakaele nakwa?","對不起，可以請你幫個忙嗎？","https://klokah.tw/extension/con_data/sound/27/sentence/27c22s1.mp3"
"ai katoma kalralrekete, mawriva.","當然可以，請說。","https://klokah.tw/extension/con_data/sound/27/sentence/27c22s2.mp3"
"kwadra yalri ka sokosoko sararako ’ikai ki ta’ea’ecanelri.","我把鑰匙留在房間裡。","https://klokah.tw/extension/con_data/sound/27/sentence/27c22s3.mp3"
"kalralrekete bwaisa eea sa sarakaiyanelri?","可以給我備用鑰匙嗎？","https://klokah.tw/extension/con_data/sound/27/sentence/27c22s4.mp3"
"lraitoma, mwasaka ’iya kwadra vangko ki ta’ea’ecaneso?","當然，請問你的房間號碼是幾號？","https://klokah.tw/extension/con_data/sound/27/sentence/27c22s5.mp3"
"kwadra taikaiyanelri ka mwasaka 705 ka vangko.","我住705號房。","https://klokah.tw/extension/con_data/sound/27/sentence/27c22s6.mp3"
"sinsi, kaivai kwadra eea ka sokosoko so.","先生，這是你的備用鑰匙。","https://klokah.tw/extension/con_data/sound/27/sentence/27c22s7.mp3"
"maelranenga, yakaiyana kadroma ka aki’elraelra nelri, yakaika yalri ka ’inakelra?","謝謝，另外請問一下，有我的包褢嗎？","https://klokah.tw/extension/con_data/sound/27/sentence/27c22s8.mp3"
"lrwasanenga, nawcelreana, yakai ka ’inakelra.","請稍等，我查一下。查到了，有一件包褢。","https://klokah.tw/extension/con_data/sound/27/sentence/27c22s9.mp3"
"maelranenga.","謝謝你。","https://klokah.tw/extension/con_data/sound/27/sentence/27c22s10.mp3"
"yakai so ino twakesikesi?","你在哪一間學校讀書呢？","https://klokah.tw/extension/con_data/sound/27/sentence/27c23s1.mp3"
"yakai yako Taromak kosiyaw.","在大南國民小學。","https://klokah.tw/extension/con_data/sound/27/sentence/27c23s2.mp3"
"lra cininci so?","是幾年級呢？","https://klokah.tw/extension/con_data/sound/27/sentence/27c23s3.mp3"
"sana maka isadranga, ai kocongnga nako.","暑假過後，就是國中生了。","https://klokah.tw/extension/con_data/sound/27/sentence/27c23s4.mp3"
"manema kai kadadalramenga so ki tatakesikesianeso?","你最喜歡哪一門課？","https://klokah.tw/extension/con_data/sound/27/sentence/27c23s5.mp3"
"madadalramenga nako ki wa senay.","我最喜歡音樂課。","https://klokah.tw/extension/con_data/sound/27/sentence/27c23s6.mp3"
"takamaniya nako moswa, miya madalramako idra wa senaseany, asilroyata senay kalralrekete kicakwa ki makaelraelra ki sarakaikaiya senay.","跟你一樣，我也喜歡上音樂課。因為可以唱歌，還可以學習各種的樂器。","https://klokah.tw/extension/con_data/sound/27/sentence/27c23s7.mp3"
"kwani tatakesiya amala ’akalriya’ai sa kidremedrem saomase.","那是一堂會讓人放鬆心情的課。","https://klokah.tw/extension/con_data/sound/27/sentence/27c23s8.mp3"
"kai amalikasava kadroso kiya dremedrem?","你對跳舞也有興趣嗎？","https://klokah.tw/extension/con_data/sound/27/sentence/27c23s9.mp3"
"yakai si nako ’ikakwana ki dra’alrelri ki tamokala’icwa.","也有興趣，但是我的腿扭到沒有辦法跳。","https://klokah.tw/extension/con_data/sound/27/sentence/27c23s10.mp3"
"wathingalreso soTaromakana?","你會說東魯凱語嗎？","https://klokah.tw/extension/con_data/sound/27/sentence/27c24s1.mp3"
"eene, kwani ka vaga ki tinalri.","是的，它是我的母語。","https://klokah.tw/extension/con_data/sound/27/sentence/27c24s2.mp3"
"lro ikaiyako naiyana soTaromakanako makawrivariva ki cekecekelrelri.","我在家裡都是用東魯凱語和家人交談。","https://klokah.tw/extension/con_data/sound/27/sentence/27c24s3.mp3"
"lro niyainiya kai sintaromakana kasoi kali’ace.","那麼你的東魯凱語，一定很流利。","https://klokah.tw/extension/con_data/sound/27/sentence/27c24s4.mp3"
"madalramako ki sintaromakana kaiyasa kiyadremedremako nawa lrwanga si kicakwa.","我對東魯凱語很有興趣，最近在考慮要去買書來自修。","https://klokah.tw/extension/con_data/sound/27/sentence/27c24s5.mp3"
"kalralreketeta ki’elraelra manema ka ’acase ka ’ahwahwa?","可以建議哪些適合的書籍嗎？","https://klokah.tw/extension/con_data/sound/27/sentence/27c24s6.mp3"
"kwadra ’ililri ka sintaromakana si bai’aele idra sakilralrala kicakwa idra CD.","我推薦東魯凱語（書名），它還附贈可以練習聽力的CD。","https://klokah.tw/extension/con_data/sound/27/sentence/27c24s7.mp3"
"yakaiyana ka droma arakai ki wanro si kalralrekete malaceelre si kicakwakwa.","另外還有一些網路上提供的線上學習課程，都可以參考。","https://klokah.tw/extension/con_data/sound/27/sentence/27c24s8.mp3"
"ka yakai ka makala ka ata cecelra ka  ’atenganeso, maelranenga.","原來有那麼多的資源，真是謝謝你。","https://klokah.tw/extension/con_data/sound/27/sentence/27c24s9.mp3"
"sikaino, silro kicakwakwaso lra ikai ka takakolonganeso, kalralrekete so ki’elraelra nakwa.","不客氣，學習中遇到問題，都可以問我。","https://klokah.tw/extension/con_data/sound/27/sentence/27c24s10.mp3"
"matiaino, nawbangbangeana nomiya, ’osakaele mala ceelre ki awanenai ki vaevang.","不好意思，我想麻煩你們幫忙安排旅遊的事。","https://klokah.tw/extension/con_data/sound/27/sentence/27c25s1.mp3"
"eene, ai  ’a’iya ino nomi?","好的。請問想去哪裡呢？","https://klokah.tw/extension/con_data/sound/27/sentence/27c25s2.mp3"
"ywanai Dri’ong kawai Hokaido, siyavava ki ’asabwabo.","想去日本的北海道賞雪。","https://klokah.tw/extension/con_data/sound/27/sentence/27c25s3.mp3"
"ai taro’iya nomi?","請問一共有幾位呢？","https://klokah.tw/extension/con_data/sound/27/sentence/27c25s4.mp3"
"talimanai kai tomara ’ococogonai ka cekecekelre?","五位。這次是難得的家族呢！","https://klokah.tw/extension/con_data/sound/27/sentence/27c25s5.mp3"
"yowanomino kivaevang.","你們去哪裡玩？","https://klokah.tw/extension/con_data/sound/27/sentence/27c25s6.mp3"
"amwanai Dri’ong kawai Hokaido.","我們去了日本的北海道。","https://klokah.tw/extension/con_data/sound/27/sentence/27c25s7.mp3"
"manema kwadra talaneso ’okidremedreme ’atakolingaw idra tamiya?","最讓你印象深刻的景點是哪裡呢？","https://klokah.tw/extension/con_data/sound/27/sentence/27c25s8.mp3"
"amani kwadra Minato lro amaong mathariri ’aramoro, lra masasiyasingnai ka cekecekelre sa makala tokining.","函館的夜景非常美麗，也和家人在那裡拍了許多照片留念。","https://klokah.tw/extension/con_data/sound/27/sentence/27c25s9.mp3"
"mwaisita lro ikai kata ’ocoganelri ai tara wako ceelre.","真令人羨慕，有機會我也希望去看看。","https://klokah.tw/extension/con_data/sound/27/sentence/27c25s10.mp3"
"ani ’elraelra idra tamiyaneso.","請簡單地自我介紹。","https://klokah.tw/extension/con_data/sound/27/sentence/27c26s1.mp3"
"mwadringadringai so, konako ka siya Moni, Taywan daigak kai tawsararanelri.","你好，我是Moni，台灣大學畢業的。","https://klokah.tw/extension/con_data/sound/27/sentence/27c26s2.mp3"
"kalralrekete ta masoso ki ta tolavazanengaso?","可以談談你的工作經驗嗎？","https://klokah.tw/extension/con_data/sound/27/sentence/27c26s3.mp3"
"ki taikaiyanengalri ki Taromak koba si Taiciyo, kai cengecenglri ka tara ’aralrobo mala ki taromara li’ethelre ki lra manema.","我曾經在Taromak公司和台中一間公司擔任助理，負責處理財務。","https://klokah.tw/extension/con_data/sound/27/sentence/27c26s4.mp3"
"tara’iyanga so tolavay?","你工作多久了？","https://klokah.tw/extension/con_data/sound/27/sentence/27c26s5.mp3"
"kwadra ’aswalralra kwadra koba ka tara caylrako, kai abibililri kai koba ka tara drosa ka caylri, tara tolonga ka caylri ki taikaiyanelri koba.","前一間公司待了1年，後一間公司待了2年，已經有3年的工作經驗。","https://klokah.tw/extension/con_data/sound/27/sentence/27c26s6.mp3"
"lra manema kai lavay so ki tatomatomananeso?","你的工作內容是什麼？","https://klokah.tw/extension/con_data/sound/27/sentence/27c26s7.mp3"
"kai ki kosi ka cengcenglri amani kai mwadane si kwadra wadavace ’aele idra kawni yoki twalavailavay.","我都在處理公司的各項收入與支出，包括員工的薪水。","https://klokah.tw/extension/con_data/sound/27/sentence/27c26s8.mp3"
"asi so wa silra’e ki kai lavay?","你為什麼應徵這份工作？","https://klokah.tw/extension/con_data/sound/27/sentence/27c26s9.mp3"
"asi lroiyata twalrazako Balangw talrelra kelra Taypake, lra manikai silra’elri ikai Taypake.","因為我從台東搬到台北，所以要在台北找工作。","https://klokah.tw/extension/con_data/sound/27/sentence/27c26s10.mp3"
"eene, lro kelranga kwadra tamikakwa idra taki’elraelra nai’elraelranga moswa.","好，等面試結果出來以後，我們會再通知你。","https://klokah.tw/extension/con_data/sound/27/sentence/27c26s11.mp3"
"eene, maelranenga.","好，謝謝你。","https://klokah.tw/extension/con_data/sound/27/sentence/27c26s12.mp3"
"takamaniya sa maw’alralrang.","她好像談戀愛了。","https://klokah.tw/extension/con_data/sound/27/sentence/27c27s1.mp3"
"eene, sothingalre?","是喔，你怎麼知道？","https://klokah.tw/extension/con_data/sound/27/sentence/27c27s2.mp3"
"lroiyasi ki taramara sa drele ni kiragay ’aramoro macacava, yamani kwadra siyasilranganeini ka liyososa drele.","她每次接到電話都笑得好開心，應該是男朋友打來的。","https://klokah.tw/extension/con_data/sound/27/sentence/27c27s3.mp3"
"kwadra ababay madalram sa miyakakwa idra tamiya sa sawalray?","她喜歡什麼類型的男生呢？","https://klokah.tw/extension/con_data/sound/27/sentence/27c27s4.mp3"
"kwani ababay madalram idra magagetem ka sawalray.","她喜歡細心的男生。","https://klokah.tw/extension/con_data/sound/27/sentence/27c27s5.mp3"
"yakai ka siyasilranganeso?","你有女朋友嗎？","https://klokah.tw/extension/con_data/sound/27/sentence/27c27s6.mp3"
"kaiyasa kadroana ka siyasilranga nelri.","我現在沒有女朋友。","https://klokah.tw/extension/con_data/sound/27/sentence/27c27s7.mp3"
"lro miyaniya naw ’osakaele moswa silra’e.","那我可以幫你介紹。","https://klokah.tw/extension/con_data/sound/27/sentence/27c27s8.mp3"
"maelranenga madalramako idra marahemete ka ababay.","謝謝，我喜歡勤勞的女生。","https://klokah.tw/extension/con_data/sound/27/sentence/27c27s9.mp3"
"kadroikatoma, bwazailri na amani.","沒問題，交給我！","https://klokah.tw/extension/con_data/sound/27/sentence/27c27s10.mp3"
"kivaiyana kai tasikaringiyalrazaneso mathariri, kai ki’ing makala kai singsing.","你今天穿得好漂亮，衣服上有好多鈴鐺。","https://klokah.tw/extension/con_data/sound/27/sentence/27c28s1.mp3"
"kaivai ka yanai ka sini kadroma ka karingiyalrai ’aiywako ki ’aele ina twalisilisi.","這是我們的傳統服飾，我要去參加祭典。","https://klokah.tw/extension/con_data/sound/27/sentence/27c28s2.mp3"
"ai ki’aele so ina twalisilisi senay drwalay?","你會在祭典中唱歌跳舞嗎？","https://klokah.tw/extension/con_data/sound/27/sentence/27c28s3.mp3"
"eene, asi lroyata amani ka taingeana ka lisi.","會，因為那是祭典的一部份。","https://klokah.tw/extension/con_data/sound/27/sentence/27c28s4.mp3"
"’ikakakwa so si thingalre senay?","你是怎麼學會唱歌的？","https://klokah.tw/extension/con_data/sound/27/sentence/27c28s5.mp3"
"lroiya si ki’aeleleta sa tarwarodrang masoso maligilri ta senay.","如果常常陪長輩聊天，就會唱歌。","https://klokah.tw/extension/con_data/sound/27/sentence/27c28s6.mp3"
"kai dralay? amani ka tarwarodrang ka ’athingalre.","那跳舞呢？也是跟長輩學的嗎？","https://klokah.tw/extension/con_data/sound/27/sentence/27c28s7.mp3"
"eene, sinialolraita to’a’ala ki’aele lro tokalra lisilisiya ka maligilrita.","是啊，從小跟著長輩一起參加祭典，就學會了。","https://klokah.tw/extension/con_data/sound/27/sentence/27c28s8.mp3"
"madalrameso sanay si dralay?","你很喜歡唱歌與跳舞嗎？","https://klokah.tw/extension/con_data/sound/27/sentence/27c28s9.mp3"
"madalrama ko, asi lroiyata ka mathariri ka tadongodongodonga.","我很喜歡，因為那是很美麗的文化。","https://klokah.tw/extension/con_data/sound/27/sentence/27c28s10.mp3"
"ka drekai yakai ka tatolisilisiya?","魯凱族有舉行特別的祭典嗎？","https://klokah.tw/extension/con_data/sound/27/sentence/27c29s1.mp3"
"yakai, lro caycaylri lro a’ito ka dramar yanai ka kalralisiya.","有的，每年七月的時候，我們會舉行豐年祭。","https://klokah.tw/extension/con_data/sound/27/sentence/27c29s2.mp3"
"lro tarathaino ’iyanomi anivalre?","多久舉行一次呢？","https://klokah.tw/extension/con_data/sound/27/sentence/27c29s3.mp3"
"eea ka caylri aniyavalre.","每一年舉行一次。","https://klokah.tw/extension/con_data/sound/27/sentence/27c29s4.mp3"
"asi no’iya tolisisi?","為什麼要舉行這個祭典？","https://klokah.tw/extension/con_data/sound/27/sentence/27c29s5.mp3"
"kaivai ka yanai ka drekai ka cekelre kacokono ki caylri  ki kalra becenga ki vaiyana.","這是我們族人慶祝小米豐收的日子。","https://klokah.tw/extension/con_data/sound/27/sentence/27c29s6.mp3"
"lroi tolisisi ai ’adolota sa makala sa atomana?","祭典之前，要準備很多事情嗎？","https://klokah.tw/extension/con_data/sound/27/sentence/27c29s7.mp3"
"miyainiya, konai lroi tolisilisi, kai sakawcekelra twalavay makanaele, kai lra swalralray walro’o, sana cekecekelre mavalravalra idra atomana.","對啊，我們在進行祭典前，所有部落居民要從事耕作，男性要打獵，每個家族都要分工合作。","https://klokah.tw/extension/con_data/sound/27/sentence/27c29s8.mp3"
"lra maninai ai kicakwa nai idra senay ki sinkadromana siki dralay.","我們也要練習平時少唱的傳統歌曲與舞蹈。","https://klokah.tw/extension/con_data/sound/27/sentence/27c29s9.mp3"
"ki ta’adolodoloa ki ata tokalralisiya kai kinitalreka si niyalro’a kata bai ’wakane ’otalridroma sa rakaiya avaevaer.","準備期間，族人要遵守在未進行豐年祭之前，所有穀物獵物不能送給外村的親戚朋友，並要和樂相處。","https://klokah.tw/extension/con_data/sound/27/sentence/27c29s10.mp3"
"’atharokai ki tolisilisi ma’erawvako, kalralreketako ki’aele?","我對這個祭典很有興趣，請問我可以參加嗎？","https://klokah.tw/extension/con_data/sound/27/sentence/27c29s11.mp3"
"sana ikai kwadra kidremedremeso mala tokocingalea, ’adongodongo idra lisinai, kalralrekete mala moswa ’aki’aele.","只要抱著尊重的態度，遵守我們的禁忌，很歡迎你來參加。","https://klokah.tw/extension/con_data/sound/27/sentence/27c29s12.mp3"
"mwadringadringi so, ki sana ki’elraelra moswa kai kacalisilisiya tai ma’iyalra?","你好，想請教現在原住民族有幾族呢？","https://klokah.tw/extension/con_data/sound/27/sentence/27c30s1.mp3"
"kaiyasa yakai ka tai mangealre si so’ate.","現在共有十四族。","https://klokah.tw/extension/con_data/sound/27/sentence/27c30s2.mp3"
"kai tai mangealre si so’ate somanemanema?","請問是哪十四族呢？","https://klokah.tw/extension/con_data/sound/27/sentence/27c30s3.mp3"
"yakai kai Taiyare, Mwamiyami, Saisiya, Songaw, Talralribeka, Drekai, So’ariva, Swabocolro, Swa’alisang, Sawco, Kemarang, Taloko, Sakiraya, Saiteke.","有泰雅族、阿美族、賽夏族、布農族、卑南族、魯凱族、排灣族、雅美族（達悟）、鄒族、邵族、噶瑪蘭族、太魯閣族、撒奇萊雅族、以及賽德克。","https://klokah.tw/extension/con_data/sound/27/sentence/27c30s4.mp3"
"takakalanga ka omase ka somanema?","人數最多的是哪一族？","https://klokah.tw/extension/con_data/sound/27/sentence/27c30s5.mp3"
"amani kai Mwamiyami.","是阿美族。","https://klokah.tw/extension/con_data/sound/27/sentence/27c30s6.mp3"
"kwadra tabebekelrenga ka omase ka somanema?","那人數最少的是哪一族？","https://klokah.tw/extension/con_data/sound/27/sentence/27c30s7.mp3"
"amani kai Sakiraya.","是撒奇萊雅族。","https://klokah.tw/extension/con_data/sound/27/sentence/27c30s8.mp3"
"somanema kwadra mwa ke’ele ka drekase?","哪些民族是階級社會呢？","https://klokah.tw/extension/con_data/sound/27/sentence/27c30s9.mp3"
"talralribeka, Drekai, so’ariva.","卑南族、魯凱族、排灣族。","https://klokah.tw/extension/con_data/sound/27/sentence/27c30s10.mp3"
"wa thingalrenganako, maelranenga ki ta tobalea neso nakwa, lra aro thingalrako ki swaTaiwang ki kacalisilisiya.","我知道了，謝謝你的回答，讓我更認識台灣的原住民族。","https://klokah.tw/extension/con_data/sound/27/sentence/27c30s11.mp3"
"mawlrainga","很久；好久","https://klokah.tw/extension/con_data/sound/27/word/27c1w1.mp3"
"kata","不可以","https://klokah.tw/extension/con_data/sound/27/word/27c1w2.mp3"
"ma cecelre","見面","https://klokah.tw/extension/con_data/sound/27/word/27c1w3.mp3"
"Tinebenga","男名","https://klokah.tw/extension/con_data/sound/27/word/27c1w4.mp3"
"Lravawso","女名","https://klokah.tw/extension/con_data/sound/27/word/27c1w5.mp3"
"mwadringadringi","問候","https://klokah.tw/extension/con_data/sound/27/word/27c1w6.mp3"
"kaiyasa","現在","https://klokah.tw/extension/con_data/sound/27/word/27c1w7.mp3"
"mwa bangabang","很忙；忙碌","https://klokah.tw/extension/con_data/sound/27/word/27c1w8.mp3"
"ai ywa","要去（指去什麼地方）","https://klokah.tw/extension/con_data/sound/27/word/27c1w9.mp3"
"ino","哪裡","https://klokah.tw/extension/con_data/sound/27/word/27c1w10.mp3"
"’olridraw","探望","https://klokah.tw/extension/con_data/sound/27/word/27c1w11.mp3"
"maka’iyalre","幾天；多少","https://klokah.tw/extension/con_data/sound/27/word/27c1w12.mp3"
"kelra","來到","https://klokah.tw/extension/con_data/sound/27/word/27c1w13.mp3"
"mwanga","再見","https://klokah.tw/extension/con_data/sound/27/word/27c1w14.mp3"
"madreseseng","再碰面","https://klokah.tw/extension/con_data/sound/27/word/27c1w15.mp3"
"siya","介紹名字用詞","https://klokah.tw/extension/con_data/sound/27/word/27c2w1.mp3"
"siyaneaneso","請問芳名（請問他人名字用詞）","https://klokah.tw/extension/con_data/sound/27/word/27c2w2.mp3"
"Moni","女名","https://klokah.tw/extension/con_data/sound/27/word/27c2w3.mp3"
"so Taromaka","東魯凱（達魯瑪克）","https://klokah.tw/extension/con_data/sound/27/word/27c2w4.mp3"
"tolavalavay","工作；上班","https://klokah.tw/extension/con_data/sound/27/word/27c2w5.mp3"
"Balangaw","台東市","https://klokah.tw/extension/con_data/sound/27/word/27c2w6.mp3"
"sinsi","老師","https://klokah.tw/extension/con_data/sound/27/word/27c2w7.mp3"
"miya","也是","https://klokah.tw/extension/con_data/sound/27/word/27c2w8.mp3"
"manema","什麼","https://klokah.tw/extension/con_data/sound/27/word/27c2w9.mp3"
"’atakesikesi","教學","https://klokah.tw/extension/con_data/sound/27/word/27c2w10.mp3"
"sintaromakana","東魯凱語","https://klokah.tw/extension/con_data/sound/27/word/27c2w11.mp3"
"tathaino","多少","https://klokah.tw/extension/con_data/sound/27/word/27c2w12.mp3"
"ma’osalre","二十","https://klokah.tw/extension/con_data/sound/27/word/27c2w13.mp3"
"miyainiya","原來如此","https://klokah.tw/extension/con_data/sound/27/word/27c2w14.mp3"
"mwabaysi","肚子餓","https://klokah.tw/extension/con_data/sound/27/word/27c3w1.mp3"
"alalodathe","流汗","https://klokah.tw/extension/con_data/sound/27/word/27c3w2.mp3"
"tawro","毛巾","https://klokah.tw/extension/con_data/sound/27/word/27c3w3.mp3"
"’akisalro","借（借給......人）","https://klokah.tw/extension/con_data/sound/27/word/27c3w4.mp3"
"mosakidra","擦","https://klokah.tw/extension/con_data/sound/27/word/27c3w5.mp3"
"makakazame","口渴","https://klokah.tw/extension/con_data/sound/27/word/27c3w6.mp3"
"ilroko","攜帶","https://klokah.tw/extension/con_data/sound/27/word/27c3w7.mp3"
"ni","拿去（表示要給他人）","https://klokah.tw/extension/con_data/sound/27/word/27c3w8.mp3"
"ongolra","喝","https://klokah.tw/extension/con_data/sound/27/word/27c3w9.mp3"
"pinsiyang","冰箱","https://klokah.tw/extension/con_data/sound/27/word/27c3w10.mp3"
"akanekanea","食物（指吃的東西）","https://klokah.tw/extension/con_data/sound/27/word/27c3w11.mp3"
"mala","拿（表示要拿走）","https://klokah.tw/extension/con_data/sound/27/word/27c3w12.mp3"
"kabocoko","吃飽","https://klokah.tw/extension/con_data/sound/27/word/27c3w13.mp3"
"nawaga","煮飯（表示要煮飯）","https://klokah.tw/extension/con_data/sound/27/word/27c3w14.mp3"
"si kaino","不用客氣","https://klokah.tw/extension/con_data/sound/27/word/27c3w15.mp3"
"miyakakwa","如何","https://klokah.tw/extension/con_data/sound/27/word/27c4w1.mp3"
"kai","這個","https://klokah.tw/extension/con_data/sound/27/word/27c4w2.mp3"
"’Acake","男名","https://klokah.tw/extension/con_data/sound/27/word/27c4w3.mp3"
"Tavarai","女名","https://klokah.tw/extension/con_data/sound/27/word/27c4w4.mp3"
"draidrai","汗","https://klokah.tw/extension/con_data/sound/27/word/27c4w5.mp3"
"lro","如果","https://klokah.tw/extension/con_data/sound/27/word/27c4w6.mp3"
"mabanaw","洗澡","https://klokah.tw/extension/con_data/sound/27/word/27c4w7.mp3"
"ai","要；會","https://klokah.tw/extension/con_data/sound/27/word/27c4w8.mp3"
"aseasa","舒服","https://klokah.tw/extension/con_data/sound/27/word/27c4w9.mp3"
"lroza","明天","https://klokah.tw/extension/con_data/sound/27/word/27c4w10.mp3"
"tinse","電視","https://klokah.tw/extension/con_data/sound/27/word/27c4w11.mp3"
"amiya","如此","https://klokah.tw/extension/con_data/sound/27/word/27c4w12.mp3"
"molratadre","出門","https://klokah.tw/extension/con_data/sound/27/word/27c4w13.mp3"
"soko","雨傘","https://klokah.tw/extension/con_data/sound/27/word/27c4w14.mp3"
"’angolingaw","提醒","https://klokah.tw/extension/con_data/sound/27/word/27c4w15.mp3"
"sincici","星期幾","https://klokah.tw/extension/con_data/sound/27/word/27c5w1.mp3"
"Cegaw","男名","https://klokah.tw/extension/con_data/sound/27/word/27c5w2.mp3"
"dramare","月","https://klokah.tw/extension/con_data/sound/27/word/27c5w3.mp3"
"vay","太陽；日","https://klokah.tw/extension/con_data/sound/27/word/27c5w4.mp3"
"’Aelese","女名","https://klokah.tw/extension/con_data/sound/27/word/27c5w5.mp3"
"sinciliyo","星期六","https://klokah.tw/extension/con_data/sound/27/word/27c5w6.mp3"
"mwaelrebe","開門","https://klokah.tw/extension/con_data/sound/27/word/27c5w7.mp3"
"yobingkiyoko","郵局","https://klokah.tw/extension/con_data/sound/27/word/27c5w8.mp3"
"twalrai.....’akelra","從.......到.....","https://klokah.tw/extension/con_data/sound/27/word/27c5w9.mp3"
"kodralridralriga","中午","https://klokah.tw/extension/con_data/sound/27/word/27c5w10.mp3"
"’ahwahwa","剛好","https://klokah.tw/extension/con_data/sound/27/word/27c5w11.mp3"
"maredare","快","https://klokah.tw/extension/con_data/sound/27/word/27c5w12.mp3"
"’atengatenga","正確","https://klokah.tw/extension/con_data/sound/27/word/27c5w13.mp3"
"’araramaw","一半（指30分鐘）","https://klokah.tw/extension/con_data/sound/27/word/27c5w14.mp3"
"’akelra","寄出；送到","https://klokah.tw/extension/con_data/sound/27/word/27c5w15.mp3"
"tigami","信","https://klokah.tw/extension/con_data/sound/27/word/27c5w16.mp3"
"ki’elraelra","請問","https://klokah.tw/extension/con_data/sound/27/word/27c6w1.mp3"
"amomolri","迷路","https://klokah.tw/extension/con_data/sound/27/word/27c6w2.mp3"
"wata","去（表示去某個地方）","https://klokah.tw/extension/con_data/sound/27/word/27c6w3.mp3"
"’ikakwa","如何","https://klokah.tw/extension/con_data/sound/27/word/27c6w4.mp3"
"twalraza","從.....","https://klokah.tw/extension/con_data/sound/27/word/27c6w5.mp3"
"dringelese","直的","https://klokah.tw/extension/con_data/sound/27/word/27c6w6.mp3"
"tama dresesenga","連接","https://klokah.tw/extension/con_data/sound/27/word/27c6w7.mp3"
"kaelea","到達","https://klokah.tw/extension/con_data/sound/27/word/27c6w8.mp3"
"takivaevaevanga","公園","https://klokah.tw/extension/con_data/sound/27/word/27c6w9.mp3"
"thilri","旁邊","https://klokah.tw/extension/con_data/sound/27/word/27c6w10.mp3"
"saviviri","左邊","https://klokah.tw/extension/con_data/sound/27/word/27c6w11.mp3"
"savavanalre","右邊","https://klokah.tw/extension/con_data/sound/27/word/27c6w12.mp3"
"kosiyaw","國民小學","https://klokah.tw/extension/con_data/sound/27/word/27c6w13.mp3"
"kabociyaka","中間","https://klokah.tw/extension/con_data/sound/27/word/27c6w14.mp3"
"tacecelra ki ’acase","指閱讀寫字的地方（圖書館）","https://klokah.tw/extension/con_data/sound/27/word/27c6w15.mp3"
"laang","廁所","https://klokah.tw/extension/con_data/sound/27/word/27c6w16.mp3"
"waswaswaswa’e","打掃","https://klokah.tw/extension/con_data/sound/27/word/27c6w17.mp3"
"moliyosa","轉彎","https://klokah.tw/extension/con_data/sound/27/word/27c6w18.mp3"
"tinti","電梯","https://klokah.tw/extension/con_data/sound/27/word/27c6w19.mp3"
"eea","一","https://klokah.tw/extension/con_data/sound/27/word/27c6w20.mp3"
"talo’ono","帽子","https://klokah.tw/extension/con_data/sound/27/word/27c7w1.mp3"
"taetalre","樓層","https://klokah.tw/extension/con_data/sound/27/word/27c7w2.mp3"
"lima","五","https://klokah.tw/extension/con_data/sound/27/word/27c7w3.mp3"
"a’iya","想（動詞）","https://klokah.tw/extension/con_data/sound/27/word/27c7w4.mp3"
"lrangai","買","https://klokah.tw/extension/con_data/sound/27/word/27c7w5.mp3"
"kolraw","顏色","https://klokah.tw/extension/con_data/sound/27/word/27c7w6.mp3"
"odrava","無論","https://klokah.tw/extension/con_data/sound/27/word/27c7w7.mp3"
"aborarase","黃色","https://klokah.tw/extension/con_data/sound/27/word/27c7w8.mp3"
"katoma","沒關係","https://klokah.tw/extension/con_data/sound/27/word/27c7w9.mp3"
"madraw sa tikiya","稍微大","https://klokah.tw/extension/con_data/sound/27/word/27c7w10.mp3"
"’arotikiya","比較小","https://klokah.tw/extension/con_data/sound/27/word/27c7w11.mp3"
"’adalo","馬上","https://klokah.tw/extension/con_data/sound/27/word/27c7w12.mp3"
"’ahwa","剛好","https://klokah.tw/extension/con_data/sound/27/word/27c7w13.mp3"
"’alrolrodo","為了；目的","https://klokah.tw/extension/con_data/sound/27/word/27c7w14.mp3"
"tavaevaera ki caylri","週年慶","https://klokah.tw/extension/con_data/sound/27/word/27c7w15.mp3"
"’odaedae","降價；減少","https://klokah.tw/extension/con_data/sound/27/word/27c7w16.mp3"
"angitalreke","聚餐","https://klokah.tw/extension/con_data/sound/27/word/27c8w1.mp3"
"Kalrazo’o","女名","https://klokah.tw/extension/con_data/sound/27/word/27c8w2.mp3"
"’Adriyo","男名","https://klokah.tw/extension/con_data/sound/27/word/27c8w3.mp3"
"nakoi kelra","無法參加；無法到","https://klokah.tw/extension/con_data/sound/27/word/27c8w4.mp3"
"sinci’o","星期五","https://klokah.tw/extension/con_data/sound/27/word/27c8w5.mp3"
"droma","其他","https://klokah.tw/extension/con_data/sound/27/word/27c8w6.mp3"
"a’iyanelri","要做的事","https://klokah.tw/extension/con_data/sound/27/word/27c8w7.mp3"
"matiawla","可惜","https://klokah.tw/extension/con_data/sound/27/word/27c8w8.mp3"
"tomara","難得","https://klokah.tw/extension/con_data/sound/27/word/27c8w9.mp3"
"’ococogo","空閒","https://klokah.tw/extension/con_data/sound/27/word/27c8w10.mp3"
"’elranga","再一次","https://klokah.tw/extension/con_data/sound/27/word/27c8w11.mp3"
"ma’aelele","聚在一起","https://klokah.tw/extension/con_data/sound/27/word/27c8w12.mp3"
"kiraragai","快樂；愉快","https://klokah.tw/extension/con_data/sound/27/word/27c8w13.mp3"
"ka’ea’ea’eraw","愉快","https://klokah.tw/extension/con_data/sound/27/word/27c8w14.mp3"
"maligilri","會；很會","https://klokah.tw/extension/con_data/sound/27/word/27c9w1.mp3"
"Hesai","男名","https://klokah.tw/extension/con_data/sound/27/word/27c9w2.mp3"
"malralrekete","能夠","https://klokah.tw/extension/con_data/sound/27/word/27c9w3.mp3"
"anea","誰；哪一位","https://klokah.tw/extension/con_data/sound/27/word/27c9w4.mp3"
"tara","常常；時常","https://klokah.tw/extension/con_data/sound/27/word/27c9w5.mp3"
"’elraelraelra","教導","https://klokah.tw/extension/con_data/sound/27/word/27c9w6.mp3"
"maci","城市；都市","https://klokah.tw/extension/con_data/sound/27/word/27c9w7.mp3"
"’wacogo","有空","https://klokah.tw/extension/con_data/sound/27/word/27c9w8.mp3"
"kicakwa","學習","https://klokah.tw/extension/con_data/sound/27/word/27c9w9.mp3"
"si","及；和（連接詞）","https://klokah.tw/extension/con_data/sound/27/word/27c9w10.mp3"
"isadra","休息","https://klokah.tw/extension/con_data/sound/27/word/27c9w11.mp3"
"mobaliyo","回家","https://klokah.tw/extension/con_data/sound/27/word/27c9w12.mp3"
"makawrivariva","對談","https://klokah.tw/extension/con_data/sound/27/word/27c9w13.mp3"
"kamiyainiya","原來如此","https://klokah.tw/extension/con_data/sound/27/word/27c9w14.mp3"
"’acoco’o","讚美","https://klokah.tw/extension/con_data/sound/27/word/27c9w15.mp3"
"taki tolralraka","生日","https://klokah.tw/extension/con_data/sound/27/word/27c10w1.mp3"
"’Otonga","男名","https://klokah.tw/extension/con_data/sound/27/word/27c10w2.mp3"
"maelranenga ki Twaomas","感謝主","https://klokah.tw/extension/con_data/sound/27/word/27c10w3.mp3"
"sobolobolo","祝福","https://klokah.tw/extension/con_data/sound/27/word/27c10w4.mp3"
"Libalibi","男名","https://klokah.tw/extension/con_data/sound/27/word/27c10w5.mp3"
"amani lroiga","什麼時候","https://klokah.tw/extension/con_data/sound/27/word/27c10w6.mp3"
"lro ’elra","在一次；下一次","https://klokah.tw/extension/con_data/sound/27/word/27c10w7.mp3"
"’elra","再","https://klokah.tw/extension/con_data/sound/27/word/27c10w8.mp3"
"sinci","星期","https://klokah.tw/extension/con_data/sound/27/word/27c10w9.mp3"
"adalonga","很快（指時間、日期快到了）","https://klokah.tw/extension/con_data/sound/27/word/27c10w10.mp3"
"’aswalra","先；提早","https://klokah.tw/extension/con_data/sound/27/word/27c10w11.mp3"
"’iyanomi","慶祝","https://klokah.tw/extension/con_data/sound/27/word/27c10w12.mp3"
"wawako","我一定去","https://klokah.tw/extension/con_data/sound/27/word/27c10w13.mp3"
"abayza","要送的","https://klokah.tw/extension/con_data/sound/27/word/27c10w14.mp3"
"moswa","給你","https://klokah.tw/extension/con_data/sound/27/word/27c10w15.mp3"
"’alaing","不用；不要","https://klokah.tw/extension/con_data/sound/27/word/27c10w16.mp3"
"tangea","一個","https://klokah.tw/extension/con_data/sound/27/word/27c11w1.mp3"
"lavay","工作；職業","https://klokah.tw/extension/con_data/sound/27/word/27c11w2.mp3"
"bokosi","牧師","https://klokah.tw/extension/con_data/sound/27/word/27c11w3.mp3"
"watakesikesi","就學中","https://klokah.tw/extension/con_data/sound/27/word/27c11w4.mp3"
"daigake","大學","https://klokah.tw/extension/con_data/sound/27/word/27c11w5.mp3"
"ta masoso","聊一聊","https://klokah.tw/extension/con_data/sound/27/word/27c11w6.mp3"
"’alrange","結婚","https://klokah.tw/extension/con_data/sound/27/word/27c11w7.mp3"
"’alrangenga","已結婚","https://klokah.tw/extension/con_data/sound/27/word/27c11w8.mp3"
"mathathingalre","認識","https://klokah.tw/extension/con_data/sound/27/word/27c11w9.mp3"
"sakadrosa","配偶","https://klokah.tw/extension/con_data/sound/27/word/27c11w10.mp3"
"satabera","同學","https://klokah.tw/extension/con_data/sound/27/word/27c11w11.mp3"
"tara thainonga","多久時間","https://klokah.tw/extension/con_data/sound/27/word/27c11w12.mp3"
"tolonga","足三個","https://klokah.tw/extension/con_data/sound/27/word/27c11w13.mp3"
"tolralrake","生小孩","https://klokah.tw/extension/con_data/sound/27/word/27c11w14.mp3"
"tomatoma","做甚麼","https://klokah.tw/extension/con_data/sound/27/word/27c12w1.mp3"
"Tanebake","男名","https://klokah.tw/extension/con_data/sound/27/word/27c12w2.mp3"
"’Okoringa","男名","https://klokah.tw/extension/con_data/sound/27/word/27c12w3.mp3"
"konako","我（指本身）","https://klokah.tw/extension/con_data/sound/27/word/27c12w4.mp3"
"kensase","警察","https://klokah.tw/extension/con_data/sound/27/word/27c12w5.mp3"
"’Ingono","女名","https://klokah.tw/extension/con_data/sound/27/word/27c12w6.mp3"
"silrasilra’a","找；尋找","https://klokah.tw/extension/con_data/sound/27/word/27c12w7.mp3"
"nata","原來；原本","https://klokah.tw/extension/con_data/sound/27/word/27c12w8.mp3"
"tolavalavaza","以前的工作","https://klokah.tw/extension/con_data/sound/27/word/27c12w9.mp3"
"sicengecenge","負責","https://klokah.tw/extension/con_data/sound/27/word/27c12w10.mp3"
"swaswa’e","打掃","https://klokah.tw/extension/con_data/sound/27/word/27c12w11.mp3"
"’abalithi","更換","https://klokah.tw/extension/con_data/sound/27/word/27c12w12.mp3"
"kiya dremedrem","想法","https://klokah.tw/extension/con_data/sound/27/word/27c12w13.mp3"
"makala","很多","https://klokah.tw/extension/con_data/sound/27/word/27c12w14.mp3"
"sa’obalesa","薪水","https://klokah.tw/extension/con_data/sound/27/word/27c12w15.mp3"
"sara","早","https://klokah.tw/extension/con_data/sound/27/word/27c12w16.mp3"
"kidringai","找到","https://klokah.tw/extension/con_data/sound/27/word/27c12w17.mp3"
"bawa","新的","https://klokah.tw/extension/con_data/sound/27/word/27c12w18.mp3"
"takanekanea","餐廳（用餐的地方）","https://klokah.tw/extension/con_data/sound/27/word/27c13w1.mp3"
"’asanamawnga","預先","https://klokah.tw/extension/con_data/sound/27/word/27c13w2.mp3"
"tatakainena","座位","https://klokah.tw/extension/con_data/sound/27/word/27c13w3.mp3"
"ilra","請一起走","https://klokah.tw/extension/con_data/sound/27/word/27c13w4.mp3"
"to’a’ala","跟隨","https://klokah.tw/extension/con_data/sound/27/word/27c13w5.mp3"
"maelra","不同；特別","https://klokah.tw/extension/con_data/sound/27/word/27c13w6.mp3"
"airo’a","菜餚","https://klokah.tw/extension/con_data/sound/27/word/27c13w7.mp3"
"’alravalrava","品嚐（嚐嚐看）","https://klokah.tw/extension/con_data/sound/27/word/27c13w8.mp3"
"lramomo","台灣胡椒（植物名）","https://klokah.tw/extension/con_data/sound/27/word/27c13w9.mp3"
"tana","食茱萸（植物名）","https://klokah.tw/extension/con_data/sound/27/word/27c13w10.mp3"
"kekerer","糯米糰（植物名）","https://klokah.tw/extension/con_data/sound/27/word/27c13w11.mp3"
"romai","碗","https://klokah.tw/extension/con_data/sound/27/word/27c13w12.mp3"
"bava","酒","https://klokah.tw/extension/con_data/sound/27/word/27c13w13.mp3"
"saidra","汽水","https://klokah.tw/extension/con_data/sound/27/word/27c13w14.mp3"
"acilrai","水","https://klokah.tw/extension/con_data/sound/27/word/27c13w15.mp3"
"liyekang","飯店","https://klokah.tw/extension/con_data/sound/27/word/27c14w1.mp3"
"ango","搭；乘","https://klokah.tw/extension/con_data/sound/27/word/27c14w2.mp3"
"hikoki","飛機","https://klokah.tw/extension/con_data/sound/27/word/27c14w3.mp3"
"makocingale","很貴","https://klokah.tw/extension/con_data/sound/27/word/27c14w4.mp3"
"mobelreng","乘坐","https://klokah.tw/extension/con_data/sound/27/word/27c14w5.mp3"
"base","汽車","https://klokah.tw/extension/con_data/sound/27/word/27c14w6.mp3"
"kisiya","火車","https://klokah.tw/extension/con_data/sound/27/word/27c14w7.mp3"
"yasavase","舒服","https://klokah.tw/extension/con_data/sound/27/word/27c14w8.mp3"
"’acase ki toki","時刻表","https://klokah.tw/extension/con_data/sound/27/word/27c14w9.mp3"
"daylri","遠；很遠","https://klokah.tw/extension/con_data/sound/27/word/27c14w10.mp3"
"taikaiyaneta","住的","https://klokah.tw/extension/con_data/sound/27/word/27c14w11.mp3"
"sadadavace","交通（指運輸工具）","https://klokah.tw/extension/con_data/sound/27/word/27c14w12.mp3"
"toki","時鐘；手錶","https://klokah.tw/extension/con_data/sound/27/word/27c14w13.mp3"
"dawlrota","叫","https://klokah.tw/extension/con_data/sound/27/word/27c14w14.mp3"
"kitisiya","計程車","https://klokah.tw/extension/con_data/sound/27/word/27c14w15.mp3"
"’otobay","摩托車","https://klokah.tw/extension/con_data/sound/27/word/27c14w16.mp3"
"anilalalalrang","慢慢的","https://klokah.tw/extension/con_data/sound/27/word/27c14w17.mp3"
"kosasesesever","吹風；兜兜風","https://klokah.tw/extension/con_data/sound/27/word/27c14w18.mp3"
"takacaema","生病（指已得病）","https://klokah.tw/extension/con_data/sound/27/word/27c15w1.mp3"
"angi’elra","再一次；重複性","https://klokah.tw/extension/con_data/sound/27/word/27c15w2.mp3"
"kiyangeang","疼痛","https://klokah.tw/extension/con_data/sound/27/word/27c15w3.mp3"
"otaota","嘔吐","https://klokah.tw/extension/con_data/sound/27/word/27c15w4.mp3"
"barang","肚子","https://klokah.tw/extension/con_data/sound/27/word/27c15w5.mp3"
"’akiceelre","檢查","https://klokah.tw/extension/con_data/sound/27/word/27c15w6.mp3"
"biyoing","醫院","https://klokah.tw/extension/con_data/sound/27/word/27c15w7.mp3"
"wadrangdrang","熱（在此只發燒）","https://klokah.tw/extension/con_data/sound/27/word/27c15w8.mp3"
"lolongo","喉嚨","https://klokah.tw/extension/con_data/sound/27/word/27c15w9.mp3"
"ababaeeke","流鼻水","https://klokah.tw/extension/con_data/sound/27/word/27c15w10.mp3"
"mathotholro","咳嗽","https://klokah.tw/extension/con_data/sound/27/word/27c15w11.mp3"
"sababo","藥品","https://klokah.tw/extension/con_data/sound/27/word/27c15w12.mp3"
"’wa driyadringai","好好","https://klokah.tw/extension/con_data/sound/27/word/27c15w13.mp3"
"kilribake","保重","https://klokah.tw/extension/con_data/sound/27/word/27c15w14.mp3"
"makociyacingalenga","重要（指比較困難）","https://klokah.tw/extension/con_data/sound/27/word/27c15w15.mp3"
"’oy","喂","https://klokah.tw/extension/con_data/sound/27/word/27c16w1.mp3"
"naw","語助詞","https://klokah.tw/extension/con_data/sound/27/word/27c16w2.mp3"
"amani","是","https://klokah.tw/extension/con_data/sound/27/word/27c16w3.mp3"
"takivaevanga ki kacalisiya","原住民族文化園區","https://klokah.tw/extension/con_data/sound/27/word/27c16w4.mp3"
"kacalisiya","原住民","https://klokah.tw/extension/con_data/sound/27/word/27c16w5.mp3"
"Taromak","大南","https://klokah.tw/extension/con_data/sound/27/word/27c16w6.mp3"
"eea kadramar","下一個月","https://klokah.tw/extension/con_data/sound/27/word/27c16w7.mp3"
"ta’asalisisiya ki kacalisiya","原住民文化祭","https://klokah.tw/extension/con_data/sound/27/word/27c16w8.mp3"
"dawlro","邀請","https://klokah.tw/extension/con_data/sound/27/word/27c16w9.mp3"
"ni matino","不好意思","https://klokah.tw/extension/con_data/sound/27/word/27c16w10.mp3"
"siyacengceng","負責人","https://klokah.tw/extension/con_data/sound/27/word/27c16w11.mp3"
"yasadra","休假；請假","https://klokah.tw/extension/con_data/sound/27/word/27c16w12.mp3"
"ki vaiyana","今天","https://klokah.tw/extension/con_data/sound/27/word/27c16w13.mp3"
"nakawrivanga","轉達（在此指代傳話）","https://klokah.tw/extension/con_data/sound/27/word/27c16w14.mp3"
"malaliyos","聯絡（在此指互通電話）","https://klokah.tw/extension/con_data/sound/27/word/27c16w15.mp3"
"kasolrivate","順利","https://klokah.tw/extension/con_data/sound/27/word/27c16w16.mp3"
"sinikadroma","從前的（在此指傳統的）","https://klokah.tw/extension/con_data/sound/27/word/27c17w1.mp3"
"tatoro’aro’a","料理","https://klokah.tw/extension/con_data/sound/27/word/27c17w2.mp3"
"dawlra","點餐","https://klokah.tw/extension/con_data/sound/27/word/27c17w3.mp3"
"akame","烤的","https://klokah.tw/extension/con_data/sound/27/word/27c17w4.mp3"
"bolrabolray","肉","https://klokah.tw/extension/con_data/sound/27/word/27c17w5.mp3"
"halidri","糯米飯（竹筒飯）","https://klokah.tw/extension/con_data/sound/27/word/27c17w6.mp3"
"dare’e","製做","https://klokah.tw/extension/con_data/sound/27/word/27c17w7.mp3"
"mararamaw","相同（或類似）","https://klokah.tw/extension/con_data/sound/27/word/27c17w8.mp3"
"tasanolema","味道","https://klokah.tw/extension/con_data/sound/27/word/27c17w9.mp3"
"kalrimeme","甜甜的","https://klokah.tw/extension/con_data/sound/27/word/27c17w10.mp3"
"taka ’alrilra","鹹度","https://klokah.tw/extension/con_data/sound/27/word/27c17w11.mp3"
"’atwanaw","開始","https://klokah.tw/extension/con_data/sound/27/word/27c17w12.mp3"
"kavalingiving","想念","https://klokah.tw/extension/con_data/sound/27/word/27c17w13.mp3"
"molodoso","周末","https://klokah.tw/extension/con_data/sound/27/word/27c17w14.mp3"
"obolra","野外","https://klokah.tw/extension/con_data/sound/27/word/27c17w15.mp3"
"abay","傳統麻糬（阿粨）","https://klokah.tw/extension/con_data/sound/27/word/27c17w16.mp3"
"kadalrameso","您喜歡的（指興趣）","https://klokah.tw/extension/con_data/sound/27/word/27c18w1.mp3"
"mo","要去","https://klokah.tw/extension/con_data/sound/27/word/27c18w2.mp3"
"legelege","山","https://klokah.tw/extension/con_data/sound/27/word/27c18w3.mp3"
"taka tharira","好處","https://klokah.tw/extension/con_data/sound/27/word/27c18w4.mp3"
"’akakeceng","增強；加強","https://klokah.tw/extension/con_data/sound/27/word/27c18w5.mp3"
"kinawmasa","身體","https://klokah.tw/extension/con_data/sound/27/word/27c18w6.mp3"
"drorodroroko","大自然；自然森林","https://klokah.tw/extension/con_data/sound/27/word/27c18w7.mp3"
"wasang","炎熱","https://klokah.tw/extension/con_data/sound/27/word/27c18w8.mp3"
"kangangengerec","涼爽","https://klokah.tw/extension/con_data/sound/27/word/27c18w9.mp3"
"wa sasiyasing","攝影","https://klokah.tw/extension/con_data/sound/27/word/27c18w10.mp3"
"Taivang","台灣","https://klokah.tw/extension/con_data/sound/27/word/27c18w11.mp3"
"sasing","照片","https://klokah.tw/extension/con_data/sound/27/word/27c18w12.mp3"
"tamaiyanga","如此約定；就如此","https://klokah.tw/extension/con_data/sound/27/word/27c18w13.mp3"
"kalradraidraza","夏天","https://klokah.tw/extension/con_data/sound/27/word/27c19w1.mp3"
"drakeralre","河邊","https://klokah.tw/extension/con_data/sound/27/word/27c19w2.mp3"
"Galaigay","女名","https://klokah.tw/extension/con_data/sound/27/word/27c19w3.mp3"
"eea ka caylri","一年","https://klokah.tw/extension/con_data/sound/27/word/27c19w4.mp3"
"Kako","男名","https://klokah.tw/extension/con_data/sound/27/word/27c19w5.mp3"
"malralreketeta","可以（指可以做.......事）","https://klokah.tw/extension/con_data/sound/27/word/27c19w6.mp3"
"lrwawlrangoy","游泳","https://klokah.tw/extension/con_data/sound/27/word/27c19w7.mp3"
"’asabo","冰的","https://klokah.tw/extension/con_data/sound/27/word/27c19w8.mp3"
"kalrakekecela","秋天","https://klokah.tw/extension/con_data/sound/27/word/27c19w9.mp3"
"makecele","很冷","https://klokah.tw/extension/con_data/sound/27/word/27c19w10.mp3"
"kathariri","很好；會好","https://klokah.tw/extension/con_data/sound/27/word/27c19w11.mp3"
"kidremedremeta","心情","https://klokah.tw/extension/con_data/sound/27/word/27c19w12.mp3"
"mati’ea’eraw","很熱鬧","https://klokah.tw/extension/con_data/sound/27/word/27c19w13.mp3"
"talrailraysi","鞦韆","https://klokah.tw/extension/con_data/sound/27/word/27c19w14.mp3"
"kalrakecela","冬天","https://klokah.tw/extension/con_data/sound/27/word/27c19w15.mp3"
"’wabilong","過年","https://klokah.tw/extension/con_data/sound/27/word/27c20w1.mp3"
"eene","是的","https://klokah.tw/extension/con_data/sound/27/word/27c20w2.mp3"
"sakacekelre","家人","https://klokah.tw/extension/con_data/sound/27/word/27c20w3.mp3"
"lralrake","小孩","https://klokah.tw/extension/con_data/sound/27/word/27c20w4.mp3"
"yakaino","在哪裡","https://klokah.tw/extension/con_data/sound/27/word/27c20w5.mp3"
"dethe","接近","https://klokah.tw/extension/con_data/sound/27/word/27c20w6.mp3"
"cekelre","部落","https://klokah.tw/extension/con_data/sound/27/word/27c20w7.mp3"
"maelele","一起；一同","https://klokah.tw/extension/con_data/sound/27/word/27c20w8.mp3"
"kwane","吃","https://klokah.tw/extension/con_data/sound/27/word/27c20w9.mp3"
"aga","飯","https://klokah.tw/extension/con_data/sound/27/word/27c20w10.mp3"
"kilralata","聽起來","https://klokah.tw/extension/con_data/sound/27/word/27c20w11.mp3"
"lroiyasi","如果","https://klokah.tw/extension/con_data/sound/27/word/27c20w12.mp3"
"ta’ocoga","有機會；有空閒","https://klokah.tw/extension/con_data/sound/27/word/27c20w13.mp3"
"kelranga","就來","https://klokah.tw/extension/con_data/sound/27/word/27c20w14.mp3"
"naiya","我們那邊","https://klokah.tw/extension/con_data/sound/27/word/27c20w15.mp3"
"maelranenga","謝謝","https://klokah.tw/extension/con_data/sound/27/word/27c20w16.mp3"
"omase","人","https://klokah.tw/extension/con_data/sound/27/word/27c21w1.mp3"
"taomasa","做人；個性","https://klokah.tw/extension/con_data/sound/27/word/27c21w2.mp3"
"’irilra","比利良部落","https://klokah.tw/extension/con_data/sound/27/word/27c21w3.mp3"
"tamiya","品行（指人的做事態度或品德如何）","https://klokah.tw/extension/con_data/sound/27/word/27c21w4.mp3"
"makeceng","努力","https://klokah.tw/extension/con_data/sound/27/word/27c21w5.mp3"
"karahemetre","認真","https://klokah.tw/extension/con_data/sound/27/word/27c21w6.mp3"
"macacacava","樂觀；開朗","https://klokah.tw/extension/con_data/sound/27/word/27c21w7.mp3"
"angangilroco","悲觀；愁眉苦臉","https://klokah.tw/extension/con_data/sound/27/word/27c21w8.mp3"
"masola’elre","善良","https://klokah.tw/extension/con_data/sound/27/word/27c21w9.mp3"
"angika kidremedreme","反省","https://klokah.tw/extension/con_data/sound/27/word/27c21w10.mp3"
"’wathengete","粗心","https://klokah.tw/extension/con_data/sound/27/word/27c21w11.mp3"
"kalralreket","可以","https://klokah.tw/extension/con_data/sound/27/word/27c22w1.mp3"
"’osakaele","幫忙","https://klokah.tw/extension/con_data/sound/27/word/27c22w2.mp3"
"ai katoma","當然可以；為何不","https://klokah.tw/extension/con_data/sound/27/word/27c22w3.mp3"
"sokosoko","鑰鎖","https://klokah.tw/extension/con_data/sound/27/word/27c22w4.mp3"
"sararako","遺忘在...","https://klokah.tw/extension/con_data/sound/27/word/27c22w5.mp3"
"ta’ea’eca","房間（睡覺的地方）","https://klokah.tw/extension/con_data/sound/27/word/27c22w6.mp3"
"bwai","給","https://klokah.tw/extension/con_data/sound/27/word/27c22w7.mp3"
"mwasaka","幾號","https://klokah.tw/extension/con_data/sound/27/word/27c22w8.mp3"
"vangko","號碼","https://klokah.tw/extension/con_data/sound/27/word/27c22w9.mp3"
"taikaiya","住的地方","https://klokah.tw/extension/con_data/sound/27/word/27c22w10.mp3"
"ki’elra’elra","請問","https://klokah.tw/extension/con_data/sound/27/word/27c22w11.mp3"
"lrwasanenga","等一下","https://klokah.tw/extension/con_data/sound/27/word/27c22w12.mp3"
"cininci","年級","https://klokah.tw/extension/con_data/sound/27/word/27c23w1.mp3"
"maka isadranga","暑假後","https://klokah.tw/extension/con_data/sound/27/word/27c23w2.mp3"
"kocong","國中","https://klokah.tw/extension/con_data/sound/27/word/27c23w3.mp3"
"senay","唱歌（泛指音樂）","https://klokah.tw/extension/con_data/sound/27/word/27c23w4.mp3"
"makaelraelra","不同","https://klokah.tw/extension/con_data/sound/27/word/27c23w5.mp3"
"sarakaikaiya","使用","https://klokah.tw/extension/con_data/sound/27/word/27c23w6.mp3"
"amala","讓；使（有時做拿或取解釋）","https://klokah.tw/extension/con_data/sound/27/word/27c23w7.mp3"
"’akalriya’ai","輕鬆","https://klokah.tw/extension/con_data/sound/27/word/27c23w8.mp3"
"kidremedrem","心情","https://klokah.tw/extension/con_data/sound/27/word/27c23w9.mp3"
"dra’alre","腳","https://klokah.tw/extension/con_data/sound/27/word/27c23w10.mp3"
"tamokala’icwa","扭到","https://klokah.tw/extension/con_data/sound/27/word/27c23w11.mp3"
"’Awni","女名","https://klokah.tw/extension/con_data/sound/27/word/27c24w1.mp3"
"vaga ki tinalri","母語","https://klokah.tw/extension/con_data/sound/27/word/27c24w2.mp3"
"ikaiyako","在","https://klokah.tw/extension/con_data/sound/27/word/27c24w3.mp3"
"naiyana","在家裡","https://klokah.tw/extension/con_data/sound/27/word/27c24w4.mp3"
"cekecekelre","家人","https://klokah.tw/extension/con_data/sound/27/word/27c24w5.mp3"
"kali’ace","流利","https://klokah.tw/extension/con_data/sound/27/word/27c24w6.mp3"
"’ili","選擇","https://klokah.tw/extension/con_data/sound/27/word/27c24w7.mp3"
"sakilralrala","聽","https://klokah.tw/extension/con_data/sound/27/word/27c24w8.mp3"
"yakaiyana","還有","https://klokah.tw/extension/con_data/sound/27/word/27c24w9.mp3"
"arakai","使用","https://klokah.tw/extension/con_data/sound/27/word/27c24w10.mp3"
"wanro","網路","https://klokah.tw/extension/con_data/sound/27/word/27c24w11.mp3"
"sikaino","不客氣","https://klokah.tw/extension/con_data/sound/27/word/27c24w12.mp3"
"takakolonga","不懂；不清楚","https://klokah.tw/extension/con_data/sound/27/word/27c24w13.mp3"
"matiaino","抱歉","https://klokah.tw/extension/con_data/sound/27/word/27c25w1.mp3"
"bangbang","麻煩","https://klokah.tw/extension/con_data/sound/27/word/27c25w2.mp3"
"ai ’a’iya","要往哪裡","https://klokah.tw/extension/con_data/sound/27/word/27c25w3.mp3"
"Dri’ong","日本","https://klokah.tw/extension/con_data/sound/27/word/27c25w4.mp3"
"Hokaido","北海道","https://klokah.tw/extension/con_data/sound/27/word/27c25w5.mp3"
"siyavava","旅行","https://klokah.tw/extension/con_data/sound/27/word/27c25w6.mp3"
"’asabwabo","下雪","https://klokah.tw/extension/con_data/sound/27/word/27c25w7.mp3"
"taro’iya","幾位","https://klokah.tw/extension/con_data/sound/27/word/27c25w8.mp3"
"’okidremedrem","放在心中；深入心裡","https://klokah.tw/extension/con_data/sound/27/word/27c25w9.mp3"
"’atakolingaw","回想","https://klokah.tw/extension/con_data/sound/27/word/27c25w10.mp3"
"Minato","函館","https://klokah.tw/extension/con_data/sound/27/word/27c25w11.mp3"
"amaong","晚上","https://klokah.tw/extension/con_data/sound/27/word/27c25w12.mp3"
"masasiyasing","拍照","https://klokah.tw/extension/con_data/sound/27/word/27c25w13.mp3"
"tokining","紀念","https://klokah.tw/extension/con_data/sound/27/word/27c25w14.mp3"
"tara ’iyanga","多久（時間；年限）","https://klokah.tw/extension/con_data/sound/27/word/27c26w1.mp3"
"koba","工廠","https://klokah.tw/extension/con_data/sound/27/word/27c26w2.mp3"
"Taywan daigak","臺灣大學","https://klokah.tw/extension/con_data/sound/27/word/27c26w3.mp3"
"tawsarare","剛畢業","https://klokah.tw/extension/con_data/sound/27/word/27c26w4.mp3"
"ta tolavalavaza","工作場所","https://klokah.tw/extension/con_data/sound/27/word/27c26w5.mp3"
"cengeceng","負責","https://klokah.tw/extension/con_data/sound/27/word/27c26w6.mp3"
"lrobo","集合；集中","https://klokah.tw/extension/con_data/sound/27/word/27c26w7.mp3"
"li’ethelre","整理；彙整","https://klokah.tw/extension/con_data/sound/27/word/27c26w8.mp3"
"lra manema","任何","https://klokah.tw/extension/con_data/sound/27/word/27c26w9.mp3"
"’aswalralra","前者（先）","https://klokah.tw/extension/con_data/sound/27/word/27c26w10.mp3"
"abibililri","後者（後）","https://klokah.tw/extension/con_data/sound/27/word/27c26w11.mp3"
"tatomatomana","工作內容","https://klokah.tw/extension/con_data/sound/27/word/27c26w12.mp3"
"kosi","公司","https://klokah.tw/extension/con_data/sound/27/word/27c26w13.mp3"
"kawniyo","薪水","https://klokah.tw/extension/con_data/sound/27/word/27c26w14.mp3"
"talrelra","搬","https://klokah.tw/extension/con_data/sound/27/word/27c26w15.mp3"
"maw’alralrang","戀愛（追求）","https://klokah.tw/extension/con_data/sound/27/word/27c27w1.mp3"
"taromara","接","https://klokah.tw/extension/con_data/sound/27/word/27c27w2.mp3"
"drele","電話","https://klokah.tw/extension/con_data/sound/27/word/27c27w3.mp3"
"kiragay","快樂；開心","https://klokah.tw/extension/con_data/sound/27/word/27c27w4.mp3"
"siyasilrang","交往中的男女朋友之統稱","https://klokah.tw/extension/con_data/sound/27/word/27c27w5.mp3"
"liyoso","轉；撥打","https://klokah.tw/extension/con_data/sound/27/word/27c27w6.mp3"
"magagetem","細心","https://klokah.tw/extension/con_data/sound/27/word/27c27w7.mp3"
"lro miyaniya","如果...這樣（原來如此）","https://klokah.tw/extension/con_data/sound/27/word/27c27w8.mp3"
"silra’e","尋找","https://klokah.tw/extension/con_data/sound/27/word/27c27w9.mp3"
"kadroikatoma","沒問題","https://klokah.tw/extension/con_data/sound/27/word/27c27w10.mp3"
"bwaza","給","https://klokah.tw/extension/con_data/sound/27/word/27c27w11.mp3"
"na amani","自行做主","https://klokah.tw/extension/con_data/sound/27/word/27c27w12.mp3"
"’Alreme","男名","https://klokah.tw/extension/con_data/sound/27/word/27c28w1.mp3"
"tasiya","穿的","https://klokah.tw/extension/con_data/sound/27/word/27c28w2.mp3"
"mathariri","漂亮","https://klokah.tw/extension/con_data/sound/27/word/27c28w3.mp3"
"ki’ing","衣服","https://klokah.tw/extension/con_data/sound/27/word/27c28w4.mp3"
"singsing","鈴鐺","https://klokah.tw/extension/con_data/sound/27/word/27c28w5.mp3"
"sini kadroma","傳統","https://klokah.tw/extension/con_data/sound/27/word/27c28w6.mp3"
"twalisilisi","祭典","https://klokah.tw/extension/con_data/sound/27/word/27c28w7.mp3"
"ki’aele","參加","https://klokah.tw/extension/con_data/sound/27/word/27c28w8.mp3"
"tarwarodrang","長輩；老人","https://klokah.tw/extension/con_data/sound/27/word/27c28w9.mp3"
"masoso","互相交談；聊天","https://klokah.tw/extension/con_data/sound/27/word/27c28w10.mp3"
"dralay","跳舞","https://klokah.tw/extension/con_data/sound/27/word/27c28w11.mp3"
"madalram","喜歡","https://klokah.tw/extension/con_data/sound/27/word/27c28w12.mp3"
"tadongodongodonga","傳統文化","https://klokah.tw/extension/con_data/sound/27/word/27c28w13.mp3"
"yakai","有","https://klokah.tw/extension/con_data/sound/27/word/27c29w1.mp3"
"tolisilisiya","祭典","https://klokah.tw/extension/con_data/sound/27/word/27c29w2.mp3"
"caycaylri","每年","https://klokah.tw/extension/con_data/sound/27/word/27c29w3.mp3"
"yanai","我們的","https://klokah.tw/extension/con_data/sound/27/word/27c29w4.mp3"
"anivalre","一次","https://klokah.tw/extension/con_data/sound/27/word/27c29w5.mp3"
"beceng","小米","https://klokah.tw/extension/con_data/sound/27/word/27c29w6.mp3"
"’adolo","準備","https://klokah.tw/extension/con_data/sound/27/word/27c29w7.mp3"
"atomana","事情","https://klokah.tw/extension/con_data/sound/27/word/27c29w8.mp3"
"sakaw","全部","https://klokah.tw/extension/con_data/sound/27/word/27c29w9.mp3"
"lra swalralray","男士（男性）","https://klokah.tw/extension/con_data/sound/27/word/27c29w10.mp3"
"walro’o","打獵","https://klokah.tw/extension/con_data/sound/27/word/27c29w11.mp3"
"mavalravalra","分配","https://klokah.tw/extension/con_data/sound/27/word/27c29w12.mp3"
"sinkadromana","從前","https://klokah.tw/extension/con_data/sound/27/word/27c29w13.mp3"
"talreke","穀物","https://klokah.tw/extension/con_data/sound/27/word/27c29w14.mp3"
"’wakane","給他吃；給他用","https://klokah.tw/extension/con_data/sound/27/word/27c29w15.mp3"
"talridroma","外村；別的地方","https://klokah.tw/extension/con_data/sound/27/word/27c29w16.mp3"
"’atharokai","為了","https://klokah.tw/extension/con_data/sound/27/word/27c29w17.mp3"
"mangealre","十","https://klokah.tw/extension/con_data/sound/27/word/27c30w1.mp3"
"so’ate","四","https://klokah.tw/extension/con_data/sound/27/word/27c30w2.mp3"
"Taiyare","泰雅族","https://klokah.tw/extension/con_data/sound/27/word/27c30w3.mp3"
"Mwamiyami","阿美族","https://klokah.tw/extension/con_data/sound/27/word/27c30w4.mp3"
"Saisiya","賽夏族","https://klokah.tw/extension/con_data/sound/27/word/27c30w5.mp3"
"Songaw","布農族","https://klokah.tw/extension/con_data/sound/27/word/27c30w6.mp3"
"Talralribeka","卑南族","https://klokah.tw/extension/con_data/sound/27/word/27c30w7.mp3"
"Drekai","魯凱族","https://klokah.tw/extension/con_data/sound/27/word/27c30w8.mp3"
"So’ariva","排灣族","https://klokah.tw/extension/con_data/sound/27/word/27c30w9.mp3"
"Swabocolro","雅美族（達悟）","https://klokah.tw/extension/con_data/sound/27/word/27c30w10.mp3"
"Swa’alisang","鄒族","https://klokah.tw/extension/con_data/sound/27/word/27c30w11.mp3"
"Sawco","邵族","https://klokah.tw/extension/con_data/sound/27/word/27c30w12.mp3"
"Kemarang","噶瑪蘭族","https://klokah.tw/extension/con_data/sound/27/word/27c30w13.mp3"
"Taloko","太魯閣族","https://klokah.tw/extension/con_data/sound/27/word/27c30w14.mp3"
"Sakiraya","撒奇萊雅族","https://klokah.tw/extension/con_data/sound/27/word/27c30w15.mp3"
"Saiteke","賽德克","https://klokah.tw/extension/con_data/sound/27/word/27c30w16.mp3"
"takakalanga","最多","https://klokah.tw/extension/con_data/sound/27/word/27c30w17.mp3"
"somanema","屬於哪一種","https://klokah.tw/extension/con_data/sound/27/word/27c30w18.mp3"
"tabekelre","少","https://klokah.tw/extension/con_data/sound/27/word/27c30w19.mp3"
"tobalea","回答","https://klokah.tw/extension/con_data/sound/27/word/27c30w20.mp3"
