"Krbuan, mha su inu?","早安，你要去哪裡？","https://klokah.tw/extension/con_data/sound/33/sentence/33c1s1.mp3"
"Mha ku alang mu, qmita tama mu ni bubu mu.","我要回部落探望父母。","https://klokah.tw/extension/con_data/sound/33/sentence/33c1s2.mp3"
"Gaga embiyax ka dhiya hug?","他們都好嗎？","https://klokah.tw/extension/con_data/sound/33/sentence/33c1s3.mp3"
"Embiyax bi kana ka dhiya, mhuway su balay.","他們都很好，謝謝。","https://klokah.tw/extension/con_data/sound/33/sentence/33c1s4.mp3"
"Mha su mkpiya jiyax?","你要去幾天？","https://klokah.tw/extension/con_data/sound/33/sentence/33c1s5.mp3"
"Meiyah ku saman da.","明天就回來了。","https://klokah.tw/extension/con_data/sound/33/sentence/33c1s6.mp3"
"Swayay ta han! Knhuway musa.","再會，慢走。","https://klokah.tw/extension/con_data/sound/33/sentence/33c1s7.mp3"
"Ma su saw sndamat, bsiyaq ta ini tqita da.","好久不見。","https://klokah.tw/extension/con_data/sound/33/sentence/33c1s8.mp3"
"Kiya! Wada misu bsiyaq bi ini qtai da.","是啊！真的很久沒看到你。","https://klokah.tw/extension/con_data/sound/33/sentence/33c1s9.mp3"
"Mha su inu ka saman?","你明天要去哪兒？","https://klokah.tw/extension/con_data/sound/33/sentence/33c1s10.mp3"
"Mha ku qmita tnkuyan mu masu daya.","我要去山上看我撒的小米種。","https://klokah.tw/extension/con_data/sound/33/sentence/33c1s11.mp3"
"Mqaras ku bi qmita sunan, Lituk Teymu ka hangan mu, ima ka hangan su?","真高興遇見你，我叫立督克‧帖木，你叫什麼名字？","https://klokah.tw/extension/con_data/sound/33/sentence/33c2s1.mp3"
"Pawan Tanah ka hangan mu.","我的名字叫巴萬‧搭那哈。","https://klokah.tw/extension/con_data/sound/33/sentence/33c2s2.mp3"
"Hiya o lupung mu .","他是我的朋友。","https://klokah.tw/extension/con_data/sound/33/sentence/33c2s3.mp3"
"Yaku o seejiq Nihung. Miyah ku smluhay kari Truku.","我是日本人，來學太魯閣族語。","https://klokah.tw/extension/con_data/sound/33/sentence/33c2s4.mp3"
"Mqaras ku bi qmita sunan.","很高興遇見你。","https://klokah.tw/extension/con_data/sound/33/sentence/33c2s5.mp3"
"Truku ku ka yaku, pnaah ku alang Bruwan.","我是太魯閣族，來自布洛灣部落。","https://klokah.tw/extension/con_data/sound/33/sentence/33c2s6.mp3"
"Gaga su qmpah qpahun manu?","你在做什麼工作？","https://klokah.tw/extension/con_data/sound/33/sentence/33c2s7.mp3"
"Emptgsa ku ka yaku, ga ku tmgsa kari Truku.","我是老師，在教太魯閣語。","https://klokah.tw/extension/con_data/sound/33/sentence/33c2s8.mp3"
"Klaun su ka Pawan emptgsa hug?","你認識巴萬老師嗎？","https://klokah.tw/extension/con_data/sound/33/sentence/33c2s9.mp3"
"Klaun mu, lupung mu balay.","我認識，我們是朋友。","https://klokah.tw/extension/con_data/sound/33/sentence/33c2s10.mp3"
"Meuray ku bi, niqan uqun hug?","我的肚子好餓，有東西可以吃嗎？","https://klokah.tw/extension/con_data/sound/33/sentence/33c3s1.mp3"
"Niqan cih blbul ka hini.","這裡有一些香蕉。","https://klokah.tw/extension/con_data/sound/33/sentence/33c3s2.mp3"
"Ini ktngi ka blbul, mkmkan ku nhapuy.","水果吃不飽，我想要吃飯。","https://klokah.tw/extension/con_data/sound/33/sentence/33c3s3.mp3"
"Kiya hug! Iq, hpuya ku idaw han.","這樣喔！好，我來煮飯。","https://klokah.tw/extension/con_data/sound/33/sentence/33c3s4.mp3"
"Meuwit ku balay, sangay ku han.","我有點累，需要休息。","https://klokah.tw/extension/con_data/sound/33/sentence/33c3s5.mp3"
"Gaga ka tleengan, tluung cih hi han!","那邊有張椅子，你去坐一下吧！","https://klokah.tw/extension/con_data/sound/33/sentence/33c3s6.mp3"
"Dhiyaq na hug? Ini ku dhuq mksa da.","還很遠嗎？我走不動了。","https://klokah.tw/extension/con_data/sound/33/sentence/33c3s7.mp3"
"Aji ta biyaw dhuq da, kmbiyax!","快到了，加油！","https://klokah.tw/extension/con_data/sound/33/sentence/33c3s8.mp3"
"Mtalux bi ka hidaw, mring kana ka hiyi mu.","太陽好熱，我流了滿身的汗。","https://klokah.tw/extension/con_data/sound/33/sentence/33c3s9.mp3"
"Kiya hug! Nii ka qsiya, mahi han!","是喔！這裡有水，拿去喝！","https://klokah.tw/extension/con_data/sound/33/sentence/33c3s10.mp3"
"Empgmeenu ka karat sayang?","今天天氣怎麼樣？","https://klokah.tw/extension/con_data/sound/33/sentence/33c4s1.mp3"
"Malu bi ka karat sayang, thidaw da!","今天天氣很好，出太陽了！","https://klokah.tw/extension/con_data/sound/33/sentence/33c4s2.mp3"
"Balay bi! Smkxul ku bi karat thidaw, ini ku skuxul qmuyux.","真的！我喜歡出太陽的天氣，不喜歡下雨。","https://klokah.tw/extension/con_data/sound/33/sentence/33c4s3.mp3"
"Empgmeenu ka karat saman hug?","明天天氣會怎樣呢？","https://klokah.tw/extension/con_data/sound/33/sentence/33c4s4.mp3"
"Bhangan ka kari o meiyah ka bgihur paru msa.","聽說，有颱風要來。","https://klokah.tw/extension/con_data/sound/33/sentence/33c4s5.mp3"
"Qmnuyux ka keeman shiga hug?","昨天晚上有下雨嗎？","https://klokah.tw/extension/con_data/sound/33/sentence/33c4s6.mp3"
"Qmnuyux paru bi quyux.","下過一場大雨。","https://klokah.tw/extension/con_data/sound/33/sentence/33c4s7.mp3"
"Malu ka karat sayang da.","今天天氣好了。","https://klokah.tw/extension/con_data/sound/33/sentence/33c4s8.mp3"
"Bhangan o empquyux duri ka saman.","聽說，明天又會下雨。","https://klokah.tw/extension/con_data/sound/33/sentence/33c4s9.mp3"
"Mlatat su o iya bi snguhi madas bubung.","出門記得帶雨傘。","https://klokah.tw/extension/con_data/sound/33/sentence/33c4s10.mp3"
"Piya hngkawas ka pncingan su?","你是哪一年出生的？","https://klokah.tw/extension/con_data/sound/33/sentence/33c5s1.mp3"
"Mntucing ku 1984(maxal mngari kbkuy maspat kmxalan spat) hngkawas .","我出生於1984年。","https://klokah.tw/extension/con_data/sound/33/sentence/33c5s2.mp3"
"Knuwan ka pncingan su?","你的生日是什麼時候？","https://klokah.tw/extension/con_data/sound/33/sentence/33c5s3.mp3"
"Pncingan mu o empusal jiyax empitu idas.","我的生日是7月20日。","https://klokah.tw/extension/con_data/sound/33/sentence/33c5s4.mp3"
"Mntucing su rbagan, kika empplaq su balay.","你是夏天出生的，所以特別活潑。","https://klokah.tw/extension/con_data/sound/33/sentence/33c5s5.mp3"
"Piya jiyax piya idas ka sayang hug?","今天是幾月幾日？","https://klokah.tw/extension/con_data/sound/33/sentence/33c5s6.mp3"
"Rima jiyax mataru idas ka sayang.","今天是6月5日。","https://klokah.tw/extension/con_data/sound/33/sentence/33c5s7.mp3"
"Tgpiya jiyax iyax sngayan ka sayang hug?","那今天是星期幾呢？","https://klokah.tw/extension/con_data/sound/33/sentence/33c5s8.mp3"
"Tgmataru jiyax iyax sngayan ka sayang.","今天是星期六。","https://klokah.tw/extension/con_data/sound/33/sentence/33c5s9.mp3"
"Piya tuki ka sayang da?","現在幾點了？","https://klokah.tw/extension/con_data/sound/33/sentence/33c5s10.mp3"
"Mspatul spngan maxal kingal tuki ka sayang.","現在是11點40分。","https://klokah.tw/extension/con_data/sound/33/sentence/33c5s11.mp3"
"Niqan skuan pila ka kiyig hini hug?","這附近有沒有銀行？","https://klokah.tw/extension/con_data/sound/33/sentence/33c6s1.mp3"
"Niqan o! Niqan dha.","有啊！兩間。","https://klokah.tw/extension/con_data/sound/33/sentence/33c6s2.mp3"
"Dalih bi ksaan ka elug skuan pila o inu hug?","最近的銀行要怎麼走？","https://klokah.tw/extension/con_data/sound/33/sentence/33c6s3.mp3"
"Slagu musa, dhuq tgtru sida elug ni pgriq quri narat do dhuq da.","直走到第三個叉路，右轉就到了。","https://klokah.tw/extension/con_data/sound/33/sentence/33c6s4.mp3"
"Kiya! Mkla ku da, mhuway su balay.","好！我知道了，謝謝你。","https://klokah.tw/extension/con_data/sound/33/sentence/33c6s5.mp3"
"Ini ta bi kla, meydang ku da, elug mowsa ptasan o inu hug?","對不起，我迷路了，到學校的路怎麼走呢？","https://klokah.tw/extension/con_data/sound/33/sentence/33c6s6.mp3"
"Paah hini slagu musa, dhuq tgkingal sida elug do mqeyta su kingal qhuni paru, siyaw qhuni paru o niqan tru ka sapah, iril o pspuhan, narat o sbrigan, ska na hiya do kika ptasan.","從這裡直走，走到一個叉路後，會看到一棵大樹，大樹旁邊有三棟房子，左邊是醫院、右邊是商店，中間就是學校。","https://klokah.tw/extension/con_data/sound/33/sentence/33c6s7.mp3"
"Gaga inu ka saan ngangut hug?","廁所在哪裡？","https://klokah.tw/extension/con_data/sound/33/sentence/33c6s8.mp3"
"Gaga bukuy qaan nhapuy.","在餐廳後面。","https://klokah.tw/extension/con_data/sound/33/sentence/33c6s9.mp3"
"Mhuway su balay.","謝謝你。","https://klokah.tw/extension/con_data/sound/33/sentence/33c6s10.mp3"
"Embarig su manu?","你要買什麼嗎？","https://klokah.tw/extension/con_data/sound/33/sentence/33c7s1.mp3"
"Embarig ku qngqaya puyan, gaga inu hug?","我要買廚具，在哪裡呢？","https://klokah.tw/extension/con_data/sound/33/sentence/33c7s2.mp3"
"Gaga baraw.","在樓上。","https://klokah.tw/extension/con_data/sound/33/sentence/33c7s3.mp3"
"Mkla ku da, mhuway su balay!","我知道了，謝謝！","https://klokah.tw/extension/con_data/sound/33/sentence/33c7s4.mp3"
"Kmbarig ku kingal qbubu.","我想買一頂帽子。","https://klokah.tw/extension/con_data/sound/33/sentence/33c7s5.mp3"
"Lhang manu ka kuxul su hug?","你喜歡什麼顏色呢？","https://klokah.tw/extension/con_data/sound/33/sentence/33c7s6.mp3"
"Mqalux aji uri o embanah o mtduwa kana.","黑色或紅色都可以。","https://klokah.tw/extension/con_data/sound/33/sentence/33c7s7.mp3"
"Kiya, spngi mu ka nii binaw.","好的，請試試看這頂。","https://klokah.tw/extension/con_data/sound/33/sentence/33c7s8.mp3"
"Mtduwa ka nii piya pila ka brigun hug?","這頂賣多少錢呢？","https://klokah.tw/extension/con_data/sound/33/sentence/33c7s9.mp3"
"Kbkuy pila.","一百元。","https://klokah.tw/extension/con_data/sound/33/sentence/33c7s10.mp3"
"Meiyah su teumal mkan nhapuy ka saman hug?","你明天會來聚餐嗎？","https://klokah.tw/extension/con_data/sound/33/sentence/33c8s1.mp3"
"Niqan tbyaxun mu ka saman, ungat mu klaan musa, ini ta bi kla ha.","我明天有要事要忙，無法赴約，很抱歉。","https://klokah.tw/extension/con_data/sound/33/sentence/33c8s2.mp3"
"Ma saw smkrawah kida!","真可惜呀！","https://klokah.tw/extension/con_data/sound/33/sentence/33c8s3.mp3"
"Tayal bi kngkrayan? Aji mqneuqu smpug dhug?","怎麼那麼貴？是不是算錯了？","https://klokah.tw/extension/con_data/sound/33/sentence/33c8s4.mp3"
"Spgun mu pxal duri, taga han.","我再算一次，請等一下。","https://klokah.tw/extension/con_data/sound/33/sentence/33c8s5.mp3"
"Aji empusal kbkuy, dha kbkuy wah!","不是兩千元，是兩百元啦！","https://klokah.tw/extension/con_data/sound/33/sentence/33c8s6.mp3"
"Tgtru jiyax iyax sngayan siida o niqan jiyax su miyah teumal prngagan hug?","週三時，你有時間參加會議嗎？","https://klokah.tw/extension/con_data/sound/33/sentence/33c8s7.mp3"
"Ini ta bi kla, niqan uda mu ka siida, mtduwa brahan tgrima jiyax iyax sngayan hug?","抱歉，我有其他行程，可以改成週五嗎？","https://klokah.tw/extension/con_data/sound/33/sentence/33c8s8.mp3"
"Rima jiyax iyax sngayan? Slingun mu ka dseejiq mmowsa han.","週五嗎？我得問問其他人。","https://klokah.tw/extension/con_data/sound/33/sentence/33c8s9.mp3"
"Asi ka saw kiya da, brahaw misu balay.","就按照這樣子，那就拜託你了。","https://klokah.tw/extension/con_data/sound/33/sentence/33c8s10.mp3"
"Malu  balay  rnngaw su kari Truku.","你的族語說得很好。","https://klokah.tw/extension/con_data/sound/33/sentence/33c9s1.mp3"
"Aji malu bi rnngaw mu niya na, tgsai ku!","說得還不太標準，請指教！","https://klokah.tw/extension/con_data/sound/33/sentence/33c9s2.mp3"
"Ima ka tmgsa sunan?","是誰教你的呢？","https://klokah.tw/extension/con_data/sound/33/sentence/33c9s3.mp3"
"Baki mu ni payi mu ka tmgsa knan.","是祖父祖母教我的。","https://klokah.tw/extension/con_data/sound/33/sentence/33c9s4.mp3"
"Kiya hug! Tayal knkla tmgsa ka baki su ni payi su!","喔！你的祖父祖母真會教！","https://klokah.tw/extension/con_data/sound/33/sentence/33c9s5.mp3"
"Hlama nii o nadas mu paah Skangki shiga.","這些麻糬是我昨天從花蓮帶回來的。","https://klokah.tw/extension/con_data/sound/33/sentence/33c9s6.mp3"
"Kuxul mu bi uqun ka hlama! Mhuway su balay.","我最喜愛吃麻糬！謝謝你。","https://klokah.tw/extension/con_data/sound/33/sentence/33c9s7.mp3"
"Ma saw rngayun ka laqi su.","你的小孩很可愛。","https://klokah.tw/extension/con_data/sound/33/sentence/33c9s8.mp3"
"Kiya ni mrrawa bi ka mniq sapah.","其實在家很調皮。","https://klokah.tw/extension/con_data/sound/33/sentence/33c9s9.mp3"
"Laqi bi niya na, knhuway tmgsa.","小孩還小，可以慢慢教。","https://klokah.tw/extension/con_data/sound/33/sentence/33c9s10.mp3"
"Maa ku tama ni bubu do, hana mu klaan ka qnrqilan tama ni bubu.","當了父母之後，才知道以前爸媽的辛苦。","https://klokah.tw/extension/con_data/sound/33/sentence/33c9s11.mp3"
"Mqaras pncingan su!","祝你生日快樂！","https://klokah.tw/extension/con_data/sound/33/sentence/33c10s1.mp3"
"Mhuway su balay! Pncingan su o sknuwan hug?","真謝謝你！那你的生日是什麼時候呢？","https://klokah.tw/extension/con_data/sound/33/sentence/33c10s2.mp3"
"Pxal jiyax iyax sngayan.","下個禮拜天。","https://klokah.tw/extension/con_data/sound/33/sentence/33c10s3.mp3"
"Mqaras jiyax pncingan su uri!","也祝你生日快樂！","https://klokah.tw/extension/con_data/sound/33/sentence/33c10s4.mp3"
"Mhuway su balay!","真謝謝妳！","https://klokah.tw/extension/con_data/sound/33/sentence/33c10s5.mp3"
"Tai saw embiyax hiyi na ka baki .","希望祖父身體健康。","https://klokah.tw/extension/con_data/sound/33/sentence/33c10s6.mp3"
"Tai saw empseejiq bi taan ana bitaq knuwan ka bubu.","希望祖母和媽媽永遠美麗。","https://klokah.tw/extension/con_data/sound/33/sentence/33c10s7.mp3"
"Tai su saw mowda.","祝你成功。","https://klokah.tw/extension/con_data/sound/33/sentence/33c10s8.mp3"
"Mhuway su balay! Tai saw mha mnduwa balay ka qpahun su uri.","真謝謝你，也祝你工作順利。","https://klokah.tw/extension/con_data/sound/33/sentence/33c10s9.mp3"
"Tai saw lala nangal namu ka hngkawas nii.","祝你們今年豐收。","https://klokah.tw/extension/con_data/sound/33/sentence/33c10s10.mp3"
"Mhuway su balay! Tai su saw empsblaiq ka bgurah hngkawas.","真謝謝你，也祝你新年平安。","https://klokah.tw/extension/con_data/sound/33/sentence/33c10s11.mp3"
"Piya hiyi ka mnswayi su?","你有幾個兄弟姊妹？","https://klokah.tw/extension/con_data/sound/33/sentence/33c11s1.mp3"
"Niqan kingal qbsuran mu snaw, kingal swayi mu snaw, kingal swayi mu kuyuh.","我有一個哥哥、一個弟弟、一個妹妹。","https://klokah.tw/extension/con_data/sound/33/sentence/33c11s2.mp3"
"Gaga qmpah qpahun manu ka mnswayi su?","你的兄弟姊妹從事什麼工作？","https://klokah.tw/extension/con_data/sound/33/sentence/33c11s3.mp3"
"Mtabug ka qbsuran mu snaw, msapuh ka swayi mu snaw, swayi mu kuyuh o gaga matas ptasan tgparu niya na.","我哥哥是牧師，我弟弟是醫生，我妹妹目前還是大學生。","https://klokah.tw/extension/con_data/sound/33/sentence/33c11s4.mp3"
"Rngaw quri ruwan sapah su uri! Niqan bais su  dhug?","也談談你的家庭吧！你結婚了嗎？","https://klokah.tw/extension/con_data/sound/33/sentence/33c11s5.mp3"
"Iq o! Niqan da.","是的。","https://klokah.tw/extension/con_data/sound/33/sentence/33c11s6.mp3"
"Piya hngkawas pnstrngan su da?","你結婚多少年了？","https://klokah.tw/extension/con_data/sound/33/sentence/33c11s7.mp3"
"Tru hngkawas da.","三年了。","https://klokah.tw/extension/con_data/sound/33/sentence/33c11s8.mp3"
"Niqan laqi su da?","你有小孩了嗎？","https://klokah.tw/extension/con_data/sound/33/sentence/33c11s9.mp3"
"Kingal ka laqi mu, dha hngkwasan na da.","我有一個小孩，現在兩歲了。","https://klokah.tw/extension/con_data/sound/33/sentence/33c11s10.mp3"
"Manu ka gaga su qpahun?","你從事什麼工作？","https://klokah.tw/extension/con_data/sound/33/sentence/33c12s1.mp3"
"Yaku o mtgsa.","我是一位老師。","https://klokah.tw/extension/con_data/sound/33/sentence/33c12s2.mp3"
"Gaga miying qpahun duri snii ka hiya.","他最近又在找工作。","https://klokah.tw/extension/con_data/sound/33/sentence/33c12s3.mp3"
"Kiya hug, qneepah manu ka hiya han?","是喔，他原本是在做什麼的？","https://klokah.tw/extension/con_data/sound/33/sentence/33c12s4.mp3"
"Qmneepah msksik ka hiya.","他原本的工作是清潔工。","https://klokah.tw/extension/con_data/sound/33/sentence/33c12s5.mp3"
"Hmuya, ma na ryuxun duri ka qpahun na?","那他為什麼想換工作？","https://klokah.tw/extension/con_data/sound/33/sentence/33c12s6.mp3"
"Yaasa mkmiying qpahan smdalih sapah na.","因為他想找離家較近的工作。","https://klokah.tw/extension/con_data/sound/33/sentence/33c12s7.mp3"
"Kuxul na bi ka qpahun na bgurah hug?","他喜歡他的新工作嗎？","https://klokah.tw/extension/con_data/sound/33/sentence/33c12s8.mp3"
"Kiya o, malu bi ka qpahun nii.","是的，這份工作很好。","https://klokah.tw/extension/con_data/sound/33/sentence/33c12s9.mp3"
"Ana rabang kida.","真是太好了。","https://klokah.tw/extension/con_data/sound/33/sentence/33c12s10.mp3"
"Tmay! Tmay!","歡迎光臨！","https://klokah.tw/extension/con_data/sound/33/sentence/33c13s1.mp3"
"Maxal nami hiyi! Niqan tleengan hug?","我們有10個人，還有空位嗎？","https://klokah.tw/extension/con_data/sound/33/sentence/33c13s2.mp3"
"Niqan na, gaga hiya, iyah snegul knan binaw. Patas damat ka nii, qtai han.","還有，在那裡，請跟我來。這是本店的菜單，請參考。","https://klokah.tw/extension/con_data/sound/33/sentence/33c13s3.mp3"
"Mtduwa su peiyah malu bi damat hug?","有什麼特別的菜可以推薦嗎？","https://klokah.tw/extension/con_data/sound/33/sentence/33c13s4.mp3"
"Bowyak, rapit, qowlit, sruhing dnii o uqun dha balay, spngi mkan binaw.","炒山豬肉、炒飛鼠肉、炒田鼠肉、炒山蘇都很受歡迎，要吃吃看嗎？","https://klokah.tw/extension/con_data/sound/33/sentence/33c13s5.mp3"
"Bhangan o malu bi uqun, asi peiyah kana!","聽起來不錯，那就全上吧！","https://klokah.tw/extension/con_data/sound/33/sentence/33c13s6.mp3"
"Meekan namu idaw hug?","需要白飯嗎？","https://klokah.tw/extension/con_data/sound/33/sentence/33c13s7.mp3"
"Iq wa, peiyah maxal pratu. Biqi ku dha lungaw sinaw duri.","是的，需要10碗。再給我2瓶酒。","https://klokah.tw/extension/con_data/sound/33/sentence/33c13s8.mp3"
"Kiya, manu duri ka ngalun namu hug?","好。還需要點些什麼嗎？","https://klokah.tw/extension/con_data/sound/33/sentence/33c13s9.mp3"
"Ana qu nii han, mhuway su balay!","先這樣，謝謝！","https://klokah.tw/extension/con_data/sound/33/sentence/33c13s10.mp3"
"Ini ta bi kla, mqsuqi ku da.","抱歉，來晚了。","https://klokah.tw/extension/con_data/sound/33/sentence/33c14s1.mp3"
"Hmnuya su msa miyah? Mgriq su tdruy hug?","你是怎麼來的？開車嗎？","https://klokah.tw/extension/con_data/sound/33/sentence/33c14s2.mp3"
"Aji, pneapa ku tdruy. Isu ga?","不是，我坐公車來的。你呢？","https://klokah.tw/extension/con_data/sound/33/sentence/33c14s3.mp3"
"Dalih bi ka nniqan mu, mnksa ku miyah.","我住得很近，走路過來的。","https://klokah.tw/extension/con_data/sound/33/sentence/33c14s4.mp3"
"Emphuya ta msa musa Taypay hug? Peapa ta asu skiya?","我們該怎麼去臺北呢？坐飛機嗎？","https://klokah.tw/extension/con_data/sound/33/sentence/33c14s5.mp3"
"Mslikaw ka asu skiya, kiya ka kiya ni mkray bi paan.","飛機是很快，但是太貴了。","https://klokah.tw/extension/con_data/sound/33/sentence/33c14s6.mp3"
"Peapa su tdruy manu?","你要坐什麼車子？","https://klokah.tw/extension/con_data/sound/33/sentence/33c14s7.mp3"
"Peapa ku druy qrngul.","我要坐火車。","https://klokah.tw/extension/con_data/sound/33/sentence/33c14s8.mp3"
"Empaah su inu peapa?","你要從那裡搭車呢？","https://klokah.tw/extension/con_data/sound/33/sentence/33c14s9.mp3"
"Empaah ku Skangki peapa.","我要從花蓮搭車。","https://klokah.tw/extension/con_data/sound/33/sentence/33c14s10.mp3"
"Khnu qmbsyaqan ka knrxan kuyuh su da?","你的妻子病了多久了？","https://klokah.tw/extension/con_data/sound/33/sentence/33c15s1.mp3"
"Wada kingal idas da. Mnsuwil malu, mnsuwil naqih ka narux na.","一個月了。但她的病時好時壞。","https://klokah.tw/extension/con_data/sound/33/sentence/33c15s2.mp3"
"Manu ka narux na hug?","是什麼病呢？","https://klokah.tw/extension/con_data/sound/33/sentence/33c15s3.mp3"
"Mnarux bi tunux na kdjiyax, mtbrih ni snbuyas uri?","她常常頭疼，還會嘔吐、肚子也疼。","https://klokah.tw/extension/con_data/sound/33/sentence/33c15s4.mp3"
"Mnsa pqita sapah pspuhan?","有去醫院檢查嗎？","https://klokah.tw/extension/con_data/sound/33/sentence/33c15s5.mp3"
"Iq, gaga pqita ska sapah pspuhan ka sayang.","有，現在正在住院檢查。","https://klokah.tw/extension/con_data/sound/33/sentence/33c15s6.mp3"
"Mha piya jiyax ka nniqun na sapah pspuhan hiya?","需要住院多久？","https://klokah.tw/extension/con_data/sound/33/sentence/33c15s7.mp3"
"Kingal iyax sngayan. Pxal iyax sngayan do emplatat paah sapah spuhan da.","一星期。下星期她就可以出院了。","https://klokah.tw/extension/con_data/sound/33/sentence/33c15s8.mp3"
"Saw kiya do, iyax sngayan nii o ima ka empklawa laqi?","那麼，這個星期，誰來照顧小孩？","https://klokah.tw/extension/con_data/sound/33/sentence/33c15s9.mp3"
"Yaku ka empklawa, mgrbu o hadun mu ptasan ka laqi, ska hidaw do emphapuy ku.","由我照顧，早上送小孩上學，中午煮飯。","https://klokah.tw/extension/con_data/sound/33/sentence/33c15s10.mp3"
"Ma su snaw bi.","你真是稱職的丈夫。","https://klokah.tw/extension/con_data/sound/33/sentence/33c15s11.mp3"
"Ah, ungat klaan wah.","唉，沒辦法。","https://klokah.tw/extension/con_data/sound/33/sentence/33c15s12.mp3"
"Wey, embiyax su, yaku o Tusi Yudaw. Gaga hiya ka Iyuq Ciyang hug?","喂，你好，我是都係尤道。請問依幼克基楊在嗎？","https://klokah.tw/extension/con_data/sound/33/sentence/33c16s1.mp3"
"Ungat hini, wada musa empprngaw prngagan.","他不在這裡，他出去開會了。","https://klokah.tw/extension/con_data/sound/33/sentence/33c16s2.mp3"
"Hciaw su kari hug?","可以幫我留言嗎？","https://klokah.tw/extension/con_data/sound/33/sentence/33c16s3.mp3"
"Iq wa!","可以。","https://klokah.tw/extension/con_data/sound/33/sentence/33c16s4.mp3"
"Plwani ku qnawal ksa, hangan mu o Tusi Yudaw. Mhuway su balay.","請他回電話給我，我的名字是都係尤道。謝謝你。","https://klokah.tw/extension/con_data/sound/33/sentence/33c16s5.mp3"
"Wey, embiyax su, yamu o pnslian rgrigan Tkijig hug?","喂，你好，你們是德基立舞蹈團嗎？","https://klokah.tw/extension/con_data/sound/33/sentence/33c16s6.mp3"
"Kiya, embiyax su.","是的，你好。","https://klokah.tw/extension/con_data/sound/33/sentence/33c16s7.mp3"
"Ptasan nami tgbilaq hini, bukuy na kingal idas do mowda nami rmgrig ni meuyas uyas Truku. Nasi mtduwa o psmiyah nami bi munan miyah teumal.","我這裡的國小，要在一個月後舉辦太魯閣族傳統歌舞表演。如果可以，我們希望邀請你們來表演。","https://klokah.tw/extension/con_data/sound/33/sentence/33c16s8.mp3"
"Tayal knsuyang kida, ida nami meiyah teumal. Mhuway su balay!","這樣太好了，我們一定來參加。謝謝！","https://klokah.tw/extension/con_data/sound/33/sentence/33c16s9.mp3"
"Strung ta sida da!","那到時候見了。","https://klokah.tw/extension/con_data/sound/33/sentence/33c16s10.mp3"
"Meuray ku da, supu ta mkan nhapuy.","我餓了，我們一起去吃飯吧。","https://klokah.tw/extension/con_data/sound/33/sentence/33c17s1.mp3"
"Mkmkan su manu?","你想吃什麼嗎？","https://klokah.tw/extension/con_data/sound/33/sentence/33c17s2.mp3"
"Mkmkan ku bi butul ni hiyi samat.","我很想吃糯米飯與山產肉。","https://klokah.tw/extension/con_data/sound/33/sentence/33c17s3.mp3"
"Kiya hug! Niqan uqan nhapuy Truku ka hini, enta qmita binaw.","是喔！剛好這裡有原住民的小吃店，可以去看看！","https://klokah.tw/extension/con_data/sound/33/sentence/33c17s4.mp3"
"Butul uqan nhapuy hini ga, knshiya na o mdka nhapuy bubu mu, ssibus ni malu bi uqun.","這家店的糯米飯跟我媽媽做的味道很像，甜甜的，很好吃。","https://klokah.tw/extension/con_data/sound/33/sentence/33c17s5.mp3"
"Nuduh ka hiyi siyang o mdka bi nuduh bubu mu uri, suyang bi knux na ni musa bi uqan nhapuy.","烤的豬肉也跟我媽媽做的味道一樣，很香、很下飯。","https://klokah.tw/extension/con_data/sound/33/sentence/33c17s6.mp3"
"Hiyi samat hini o shiya bi uri.","這裡的山產肉，也很有味道。","https://klokah.tw/extension/con_data/sound/33/sentence/33c17s7.mp3"
"Mkan ku do lmnglung ku bubu mu da.","吃著吃著，讓我想念我媽媽了。","https://klokah.tw/extension/con_data/sound/33/sentence/33c17s8.mp3"
"Mqsuqi ku mtbiyax qpahun uri, wada kingal hngkawas ini ku usa alang da.","我也忙著工作，一年沒有回部落了。","https://klokah.tw/extension/con_data/sound/33/sentence/33c17s9.mp3"
"Tgmataru jiyax iyax sngayan o supu ta musa sapah.","這個週末我們一起回去吧。","https://klokah.tw/extension/con_data/sound/33/sentence/33c17s10.mp3"
"Dhuq ta sapah dga, tai ta saw dhuq mkan pajiq qulung ni hiyi samat, aji uri o hlama.","回家後，真希望還能吃到野菜與山產肉，還有麻糬。","https://klokah.tw/extension/con_data/sound/33/sentence/33c17s11.mp3"
"Manu ka kuxul su bi daun?","你喜歡什麼活動？","https://klokah.tw/extension/con_data/sound/33/sentence/33c18s1.mp3"
"Smkuxul ku bi peapa tdruy gakat.","我喜歡騎腳踏車。","https://klokah.tw/extension/con_data/sound/33/sentence/33c18s2.mp3"
"Peapa tdruy gakat ga lala bi malu na.","騎腳踏車有很多的好處。","https://klokah.tw/extension/con_data/sound/33/sentence/33c18s3.mp3"
"Kiya, rahuq na mtduwa psbiyax hiyi o mtduwa rmigaw qmita alang uri.","是的，除了可以使身體健康，也可以欣賞風景。","https://klokah.tw/extension/con_data/sound/33/sentence/33c18s4.mp3"
"Mtalux bi ska rbagan ga, mniq ta dgiyaq o mtleetu balay.","炎熱的夏天，正好可以到山裡避暑，非常涼快。","https://klokah.tw/extension/con_data/sound/33/sentence/33c18s5.mp3"
"Manu skxlun su ka isu?","那你的興趣是什麼呢？","https://klokah.tw/extension/con_data/sound/33/sentence/33c18s6.mp3"
"Smkuxul ku mknhuway tmalang.","我喜歡慢跑。","https://klokah.tw/extension/con_data/sound/33/sentence/33c18s7.mp3"
"Kiya hug! Pxal do supu ta peapa druy gakat ni tmalang da.","嗯！真好，下次我們來一起騎腳踏車還有慢跑喔。","https://klokah.tw/extension/con_data/sound/33/sentence/33c18s8.mp3"
"Saw kiya dga, ququ ta rmigaw qmita alang ni psbiyax hiyi.","這樣的話，我們可以盡情的欣賞風景，鍛鍊身體。","https://klokah.tw/extension/con_data/sound/33/sentence/33c18s9.mp3"
"Mtduwa hug?","可以嗎？","https://klokah.tw/extension/con_data/sound/33/sentence/33c18s10.mp3"
"Mtduwa wah. Saw kiya do, saman da!","當然可以。那就約明天吧！","https://klokah.tw/extension/con_data/sound/33/sentence/33c18s11.mp3"
"Karat kingal hngkawas o tgmanu ka kuxul subi?","一年之中你最喜歡哪一個季節？","https://klokah.tw/extension/con_data/sound/33/sentence/33c19s1.mp3"
"Kuxul mu bi o rbagan.","我最喜歡夏季了。","https://klokah.tw/extension/con_data/sound/33/sentence/33c19s2.mp3"
"Hmuya?","為什麼？","https://klokah.tw/extension/con_data/sound/33/sentence/33c19s3.mp3"
"Yaasa rbagan o tduwa trima yayung, mkan huda uri, isu ga?","因為夏天可以游泳、也可以吃冰。那你呢？","https://klokah.tw/extension/con_data/sound/33/sentence/33c19s4.mp3"
"Krpuhan ka kuxul mu bi, yaasa krpuhan o ini kskuy ni ini ktalux uri.","我喜歡秋季，因為秋天不冷也不熱，很舒服。","https://klokah.tw/extension/con_data/sound/33/sentence/33c19s5.mp3"
"Wada mskuy hari ka karat da.","天氣漸漸冷了起來。","https://klokah.tw/extension/con_data/sound/33/sentence/33c19s6.mp3"
"Kiya o! Dhuq misan dga, ini biyaw mkuung da.","是啊！一到冬季，天就黑得很快。","https://klokah.tw/extension/con_data/sound/33/sentence/33c19s7.mp3"
"Wada meuxul hari ka karat da.","天氣愈來愈溫暖了。","https://klokah.tw/extension/con_data/sound/33/sentence/33c19s8.mp3"
"Srnabaw da, bowxi daya o emphpah uri da.","春天到了，山上的百合也開了。","https://klokah.tw/extension/con_data/sound/33/sentence/33c19s9.mp3"
"Pklug balay malu qtaan phpah ka sayang.","現在正是賞花的好時間。","https://klokah.tw/extension/con_data/sound/33/sentence/33c19s10.mp3"
"Mqaras bgurah hngkawas!","新年快樂！","https://klokah.tw/extension/con_data/sound/33/sentence/33c20s1.mp3"
"Iq o, mhuway su balay!","謝謝！","https://klokah.tw/extension/con_data/sound/33/sentence/33c20s2.mp3"
"Mowsa su sapah ka jiyax qrasan bgurah hngkawas nii hug?","今年你要回家過年嗎？","https://klokah.tw/extension/con_data/sound/33/sentence/33c20s3.mp3"
"Kiya o, dsun mu  ka kuyuh mu ni kana laqi mu.","是的，我會帶著太太和小孩一起回去。","https://klokah.tw/extension/con_data/sound/33/sentence/33c20s4.mp3"
"Gaga inu ka alang su hug?","你的家鄉在哪裡呢？","https://klokah.tw/extension/con_data/sound/33/sentence/33c20s5.mp3"
"Gaga dgiyaq Skangki, suyang bi alang.","在花蓮的山上，一個美麗的部落。","https://klokah.tw/extension/con_data/sound/33/sentence/33c20s6.mp3"
"Emphuya su msa musa hug?","你打算怎麼回去呢？","https://klokah.tw/extension/con_data/sound/33/sentence/33c20s7.mp3"
"Tghuy ku ruwan sapah qbsuran mu snaw ni supu nami mgriq tdruy musa.","我會和我哥哥一家人，一起開車回去。","https://klokah.tw/extension/con_data/sound/33/sentence/33c20s8.mp3"
"Huya msa muda mqaras bgurah hngkawas ka alang namu?","你們家鄉都怎麼慶祝過年呢？","https://klokah.tw/extension/con_data/sound/33/sentence/33c20s9.mp3"
"Supu nami mkan nhapuy ni meuyas ni rmgrig.","我們全家人會團聚在一起吃飯，一起唱歌跳舞。","https://klokah.tw/extension/con_data/sound/33/sentence/33c20s10.mp3"
"Tayal knmalu kida, kuxul su ka jiyax mqaras bgurah hngkawas hug?","那麼好喔，那你喜歡過年嗎？","https://klokah.tw/extension/con_data/sound/33/sentence/33c20s11.mp3"
"Kuxul mu bi, yaasa dhuq mseupu kana ka ruwan sapah nami.","我很喜歡，因為全家人可以聚在一起。","https://klokah.tw/extension/con_data/sound/33/sentence/33c20s12.mp3"
"Mgmeenu seejiq ka hiya hug?","他的人怎樣？","https://klokah.tw/extension/con_data/sound/33/sentence/33c21s1.mp3"
"Mdrumut bi seejiq ka hiya. Malu bi lnglungan na uri.","他是一個努力又認真的人。也是個心地善良的好人。","https://klokah.tw/extension/con_data/sound/33/sentence/33c21s2.mp3"
"Isu ga, seejiq su mgmeenu ka isu?","你覺得自己是一個怎樣的人？","https://klokah.tw/extension/con_data/sound/33/sentence/33c21s3.mp3"
"Mkla ku bi lmnglung quri sjiqun. Kmsluhay ku bi ana manu uri.","我很會替別人著想。也對任何事物充滿好奇。","https://klokah.tw/extension/con_data/sound/33/sentence/33c21s4.mp3"
"Mdrumut balay seejiq ka hiya.","他是一個很努力的人。","https://klokah.tw/extension/con_data/sound/33/sentence/33c21s5.mp3"
"Ma su klaun, paah su inu mkla?","從哪些地方可以得知呢？","https://klokah.tw/extension/con_data/sound/33/sentence/33c21s6.mp3"
"Ana manu uuda o endwaun na bi muda kana.","他總是很認真的把每件事情做好。","https://klokah.tw/extension/con_data/sound/33/sentence/33c21s7.mp3"
"Niqan na hug?","還有呢？","https://klokah.tw/extension/con_data/sound/33/sentence/33c21s8.mp3"
"Tgsiqa bi ni psbilaq bi uri.","他很客氣，而且虛心。","https://klokah.tw/extension/con_data/sound/33/sentence/33c21s9.mp3"
"Ana bi rabang kida.","真好！","https://klokah.tw/extension/con_data/sound/33/sentence/33c21s10.mp3"
"Ini ta bi kla, mtduwa su dmayaw hug?","對不起，可以幫個忙嗎？","https://klokah.tw/extension/con_data/sound/33/sentence/33c22s1.mp3"
"Iq wa! Mtduwa! Rngaw.","可以呀！請說。","https://klokah.tw/extension/con_data/sound/33/sentence/33c22s2.mp3"
"Gaga mu hcian ruwan sapah ka rawah brhug, ini ku tduwa musa ruwan da. Niqan pnsramal duri rawah brhug su hug?","我把鑰匙留在房間裡，無法進去。你有備用鑰匙嗎？","https://klokah.tw/extension/con_data/sound/33/sentence/33c22s3.mp3"
"Niqan, piya spgan ka tqiyan su?","有！你住幾號房？","https://klokah.tw/extension/con_data/sound/33/sentence/33c22s4.mp3"
"Tqiyan mu o empitu kbkuy rima.","我住705號房。","https://klokah.tw/extension/con_data/sound/33/sentence/33c22s5.mp3"
"Pnsramal duri rawah brhug su ka nii.","這是你的備用鑰匙。","https://klokah.tw/extension/con_data/sound/33/sentence/33c22s6.mp3"
"Mhuway su balay! Niqan pneadas dha knan hug?","真謝謝妳！有看到我的包裹嗎？","https://klokah.tw/extension/con_data/sound/33/sentence/33c22s7.mp3"
"Taga han, gimun mu binaw. Nii, niqan kingal pneadas dha.","請稍等，我找找看。看到了，有一件包裹。","https://klokah.tw/extension/con_data/sound/33/sentence/33c22s8.mp3"
"Mhuway su balay.","真謝謝你。","https://klokah.tw/extension/con_data/sound/33/sentence/33c22s9.mp3"
"Iya qsiqa!","不必客氣！","https://klokah.tw/extension/con_data/sound/33/sentence/33c22s10.mp3"
"Gaga su matas ptasan tgeinu hug?","你在哪一間學校讀書呢？","https://klokah.tw/extension/con_data/sound/33/sentence/33c23s1.mp3"
"Gaga ku matas ptasan tgbilaq alang Tkijig.","我在崇德國民小學讀書。","https://klokah.tw/extension/con_data/sound/33/sentence/33c23s2.mp3"
"Tgpiya hngkawas ka pntasan su?","你幾年級呢？","https://klokah.tw/extension/con_data/sound/33/sentence/33c23s3.mp3"
"Babaw sngayan rbagan do, mowsa ku matas ptasan tgska tgtruma da.","暑假過後，就要讀國中了。","https://klokah.tw/extension/con_data/sound/33/sentence/33c23s4.mp3"
"Ptasan tgska tgtruma o msriqu hari ptasan, kmbiyax ha.","國中要學習的課程又更難，要加油喔。","https://klokah.tw/extension/con_data/sound/33/sentence/33c23s5.mp3"
"Patas tgeinu ka kuxul su balay slhayan hug?","你最喜歡哪一門課？","https://klokah.tw/extension/con_data/sound/33/sentence/33c23s6.mp3"
"Quri uyas ka kuxul mu balay.","我最喜歡音樂課。","https://klokah.tw/extension/con_data/sound/33/sentence/33c23s7.mp3"
"Ma ta mdka bi, uyas ka kuxul mu yaku uri, yaasa smkuxul ku balay meuyas.","我跟你一樣，我也喜歡上音樂課，因為我喜歡唱歌。","https://klokah.tw/extension/con_data/sound/33/sentence/33c23s8.mp3"
"Mha su inu?","你要去哪裡？","https://klokah.tw/extension/con_data/sound/33/sentence/33c23s9.mp3"
"Mowsa ku smluhay kari Truku.","我要去學太魯閣語。","https://klokah.tw/extension/con_data/sound/33/sentence/33c23s10.mp3"
"Ima ka emptgsa kari Truku hug?","是哪位老師教太魯閣語呢？","https://klokah.tw/extension/con_data/sound/33/sentence/33c23s11.mp3"
"Maci mtgsa.","是瑪琪老師。","https://klokah.tw/extension/con_data/sound/33/sentence/33c23s12.mp3"
"Msriqu slhayan ka kari Truku hug?","太魯閣語難學嗎？","https://klokah.tw/extension/con_data/sound/33/sentence/33c24s1.mp3"
"Msriqu hari, yaasa niqan ini pndka ka hnang ni elug kari. Sayang ga, msleexan kari ka klaun mu rmngaw.","有點難，因為它有特殊的腔調與說法。我現在只會說一些簡單的對話。","https://klokah.tw/extension/con_data/sound/33/sentence/33c24s2.mp3"
"Bnsiyaq su smluhay dhug? Smnluhay su inu?","你學多久了？在哪裡學的？","https://klokah.tw/extension/con_data/sound/33/sentence/33c24s3.mp3"
"Yaa bi wada kingal hngkawas da, smnluhay ku paru ptasan alang.","大概一年，我是在部落社區大學學的。","https://klokah.tw/extension/con_data/sound/33/sentence/33c24s4.mp3"
"Mkla su rmngaw kari Truku hug?","你會說太魯閣語嗎？","https://klokah.tw/extension/con_data/sound/33/sentence/33c24s5.mp3"
"Mkla ku! Kika pusu bi kari mu.","會的，它是我的母語。","https://klokah.tw/extension/con_data/sound/33/sentence/33c24s6.mp3"
"Mniq ku sapah ga, Kari Truku ka srngaw mu.","我在家裡都是用太魯閣語和家人交談。","https://klokah.tw/extension/con_data/sound/33/sentence/33c24s7.mp3"
"Ida su yaa mkla bi rmngaw kari Truku.","你的太魯閣語，一定講的很好。","https://klokah.tw/extension/con_data/sound/33/sentence/33c24s8.mp3"
"Iq o! Gaga ku tmgsa kari Truku ptasan tgparu uri.","是的，我也在大學教太魯閣語。","https://klokah.tw/extension/con_data/sound/33/sentence/33c24s9.mp3"
"Mtduwa ku musa psluhay kari Truku sunan hug?","我可以去上你的課嗎？","https://klokah.tw/extension/con_data/sound/33/sentence/33c24s10.mp3"
"Iq wa! Mtduwa.","可以啊！","https://klokah.tw/extension/con_data/sound/33/sentence/33c24s11.mp3"
"Ini ta bi kla! Mtduwa su mkug euda mu  rmigaw hug?","不好意思，可以幫我安排旅遊的行程嗎？","https://klokah.tw/extension/con_data/sound/33/sentence/33c25s1.mp3"
"Mtduwa! Mkmusa su inu hki?","可以呀！你想去哪裡呢？","https://klokah.tw/extension/con_data/sound/33/sentence/33c25s2.mp3"
"Mkmusa ku dgiyaq Bburaw, Nantu qmita huda.","想去南投的合歡山賞雪。","https://klokah.tw/extension/con_data/sound/33/sentence/33c25s3.mp3"
"Piya namu hiyi kana?","你們一共有幾位呢？","https://klokah.tw/extension/con_data/sound/33/sentence/33c25s4.mp3"
"Kingal nami ruwan sapah, rima hiyi.","五位。我們是一家人！","https://klokah.tw/extension/con_data/sound/33/sentence/33c25s5.mp3"
"Mnsa su rmigaw inu ka jiyax iyax sngayan snduray hug?","上禮拜你去哪裡玩？","https://klokah.tw/extension/con_data/sound/33/sentence/33c25s6.mp3"
"Mnseupu ku ruwan sapah mu musa nami rmigaw  Hangku.","和家人到韓國旅行。","https://klokah.tw/extension/con_data/sound/33/sentence/33c25s7.mp3"
"Tgeinu ka ensaan su qmita o ini su bi shngii?","讓你印象最深刻的景點是哪裡？","https://klokah.tw/extension/con_data/sound/33/sentence/33c25s8.mp3"
"Huda ka suyang bi qtaan, mnlala nami bi psasing ka ruwan sapah mu.","雪景很美麗，和家人拍了許多照片留念。","https://klokah.tw/extension/con_data/sound/33/sentence/33c25s9.mp3"
"Ma saw sraun ki da, niqan jiyax ga mkmusa ku qmita yaku uri.","真令人羨慕，有機會我也希望去看看。","https://klokah.tw/extension/con_data/sound/33/sentence/33c25s10.mp3"
"Pgkla cicih sunan nanak han.","簡單地自我介紹一下。","https://klokah.tw/extension/con_data/sound/33/sentence/33c26s1.mp3"
"Iq wa! Yaku o Maci Yudaw, mnatas ku ptasan tgparu Dong Hwa slhayan sspug.","好的，我是瑪琪尤道，東華大學數學系畢業的。","https://klokah.tw/extension/con_data/sound/33/sentence/33c26s2.mp3"
"Mtduwa su rmngaw qnpahan su hug?","可以談談你的工作經驗嗎？","https://klokah.tw/extension/con_data/sound/33/sentence/33c26s3.mp3"
"Qmneepah ku dha ka qpahan, kmlawa quri dnuuy.","我曾經在2家公司上班過，負責管理財務。","https://klokah.tw/extension/con_data/sound/33/sentence/33c26s4.mp3"
"Kngkingal qpahan o piya hngkawas ka qneepah su?","你各做多少年？","https://klokah.tw/extension/con_data/sound/33/sentence/33c26s5.mp3"
"Tgplealay qpahan o qneepah ku kingal hngkawas, tgbukuy qpahan o qneepah ku dha hngkawas, manu saw kiya do wada tru hngkawas ka qnpahan mu da.","前一間公司待了1年，後一間公司待了2年，所以有3年的工作經驗。","https://klokah.tw/extension/con_data/sound/33/sentence/33c26s6.mp3"
"Manu ka pusu bi qpahun su?","你主要的工作是什麼？","https://klokah.tw/extension/con_data/sound/33/sentence/33c26s7.mp3"
"Pusu bi qpahun mu o pila mniyah ni wada, kana sadu mqeepah.","我都在處理公司的各項收入與支出，包括員工的薪水。","https://klokah.tw/extension/con_data/sound/33/sentence/33c26s8.mp3"
"Ma su musa qmeepah qpahun nii ?","你為什麼應徵這份工作？","https://klokah.tw/extension/con_data/sound/33/sentence/33c26s9.mp3"
"Yaasa smkuxul ku bi qpahun nii.","因為我很喜歡這份工作。","https://klokah.tw/extension/con_data/sound/33/sentence/33c26s10.mp3"
"Mtduwa su rmngaw isu nanak hug?","可以談談你自己嗎？","https://klokah.tw/extension/con_data/sound/33/sentence/33c26s11.mp3"
"Yaku o mnegqaras bi! Mkla ku rmngaw malu kari, ini biyaw ka euda mu uri.","我很樂觀！善於溝通，動作很快。","https://klokah.tw/extension/con_data/sound/33/sentence/33c26s12.mp3"
"Mdka bi niqan lupung na wauwa da.","他好像有女朋友了。","https://klokah.tw/extension/con_data/sound/33/sentence/33c27s1.mp3"
"Balay bi! Masu mkla?","是喔！你怎麼知道？","https://klokah.tw/extension/con_data/sound/33/sentence/33c27s2.mp3"
"Yaasa mlawa bi qnawal kdjiyax.","因為他每天都在講電話。","https://klokah.tw/extension/con_data/sound/33/sentence/33c27s3.mp3"
"Aji gaga empprngaw sapah na hug?","會不會是在跟家人講話？","https://klokah.tw/extension/con_data/sound/33/sentence/33c27s4.mp3"
"Mangal qnawal kdjiyax o mqaras bi, ida lupung na ka mlawa.","他每次接到電話都笑得好開心，一定是女朋友打來的。","https://klokah.tw/extension/con_data/sound/33/sentence/33c27s5.mp3"
"Smkuxul mgmeenu risaw ka hiya?","她喜歡什麼樣的男生呢？","https://klokah.tw/extension/con_data/sound/33/sentence/33c27s6.mp3"
"Smkuxul risaw tgluus lnglungan ka hiya.","她喜歡細心的男生。","https://klokah.tw/extension/con_data/sound/33/sentence/33c27s7.mp3"
"Smkuxul qthur hari risaw ka hiya.","她喜歡胖一點的男生。","https://klokah.tw/extension/con_data/sound/33/sentence/33c27s8.mp3"
"Smkuxul mrmun bi risaw ka hiya.","她喜歡勇敢的男生。","https://klokah.tw/extension/con_data/sound/33/sentence/33c27s9.mp3"
"Gmanay misu wauwa hug?","要幫你介紹女朋友嗎？","https://klokah.tw/extension/con_data/sound/33/sentence/33c27s10.mp3"
"Mhuway su balay! Smkuxul ku mdrumut bi kuyuh ka yaku.","真謝謝妳！我喜歡勤勞的女生。","https://klokah.tw/extension/con_data/sound/33/sentence/33c27s11.mp3"
"Iq! Bqani knan!","好啊！交給我！","https://klokah.tw/extension/con_data/sound/33/sentence/33c27s12.mp3"
"Tayal knsuyang qtaan ka lukus su, lala balay pnspingan na.","你的衣服好亮麗，上面有好多裝飾品。","https://klokah.tw/extension/con_data/sound/33/sentence/33c28s1.mp3"
"Nii o lukus hnici rudan nami, mha ku teumal smapuh.","這是我們的傳統服飾，我要去參加祭典。","https://klokah.tw/extension/con_data/sound/33/sentence/33c28s2.mp3"
"Kska spuhan o niqan meuyas ni rmgrig hug?","祭典中，有唱歌跳舞嗎？","https://klokah.tw/extension/con_data/sound/33/sentence/33c28s3.mp3"
"Niqan! Yaasa nii o  kska spuhan uri.","有啊！因為這也是祭典的一部份。","https://klokah.tw/extension/con_data/sound/33/sentence/33c28s4.mp3"
"Mkla su meuyas ni rmgrig hug? Snlhayan su ima hug?","你會唱歌和跳舞嗎？是跟誰學的呢？","https://klokah.tw/extension/con_data/sound/33/sentence/33c28s5.mp3"
"Mkla ku! Paah ku laqi snlhayan mu paah bubu mu.","當然會！我是從小就跟媽媽學的。","https://klokah.tw/extension/con_data/sound/33/sentence/33c28s6.mp3"
"Qthur bi ka quduh qaqay su o rnrigan su hug?","你的小腿是因為練舞才這麼粗壯的嗎？","https://klokah.tw/extension/con_data/sound/33/sentence/33c28s7.mp3"
"Aji o, yaasa mdrumut ku bi qmeepah.","不是，是因為我工作勤勞。","https://klokah.tw/extension/con_data/sound/33/sentence/33c28s8.mp3"
"Smkuxul su bi meuyas ni rmgrig hug?","你很喜歡唱歌與跳舞嗎？","https://klokah.tw/extension/con_data/sound/33/sentence/33c28s9.mp3"
"Smkuxul ku balay, yaasa nii o malu bi knkla kndsan Truku.","我很喜歡，因為這是太魯閣族很棒的文化。","https://klokah.tw/extension/con_data/sound/33/sentence/33c28s10.mp3"
"Niqan muda ptgaya smapuh ka Truku hug?","太魯閣族有舉行祭典嗎？","https://klokah.tw/extension/con_data/sound/33/sentence/33c29s1.mp3"
"Niqan o, muda smapuh Mgay Bari ka maxal idas.","有的，十月份有舉行感恩祭。","https://klokah.tw/extension/con_data/sound/33/sentence/33c29s2.mp3"
"Khnu qmbsyaqan muda pxal hug?","多久舉行一次呢？","https://klokah.tw/extension/con_data/sound/33/sentence/33c29s3.mp3"
"Kingal hngkawas muda pxal.","每一年舉行一次。","https://klokah.tw/extension/con_data/sound/33/sentence/33c29s4.mp3"
"Hmuya ma muda ptgaya smapuh?","為什麼要舉行這個祭典？","https://klokah.tw/extension/con_data/sound/33/sentence/33c29s5.mp3"
"Yaasa muda nami mqaras knciyan.","因為我們在慶祝收穫節。","https://klokah.tw/extension/con_data/sound/33/sentence/33c29s6.mp3"
"Muda ptgaya smapuh o lala ka psrmalun hug?","祭典之前，要準備很多事情嗎？","https://klokah.tw/extension/con_data/sound/33/sentence/33c29s7.mp3"
"Kiya o! Muda nami ptgaya smapuh brah na kingal idas o psramal nami, pssgun nami qmeepah ka qpahun. Smluhay nami uyas ni rgrig hnici rudan uri.","對啊，我們從祭典的一個月前，就開始準備，每個人都要分工合作。我們也練習傳統歌謠與舞蹈。","https://klokah.tw/extension/con_data/sound/33/sentence/33c29s8.mp3"
"Mtduwa ku mseupu teumal munan hug?","我也可以參加你們的祭典嗎？","https://klokah.tw/extension/con_data/sound/33/sentence/33c29s9.mp3"
"Mqaras ku bi sunan miyah su mseupu teumal mnan.","非常地歡迎你來參加。","https://klokah.tw/extension/con_data/sound/33/sentence/33c29s10.mp3"
"Embiyax su, klaun su niqan piya klgan seejiq ka tnpusu Taywang hug?","你好，你知道我們臺灣原住民族有幾族呢？","https://klokah.tw/extension/con_data/sound/33/sentence/33c30s1.mp3"
"Klaun mu, niqan maxal spat klgan seejiq ka sayang da.","我知道，現在共有十四族。","https://klokah.tw/extension/con_data/sound/33/sentence/33c30s2.mp3"
"Maxal spat klgan seejiq o meima hug?","是哪十四族呢？","https://klokah.tw/extension/con_data/sound/33/sentence/33c30s3.mp3"
"Embgala, Sbnawan, Saysia, Bunung, Pinuyumayan, Rukay, Paywan, Tau, Cow, Saw, Kariyawan, Truku, Sakiraya ni Seejiq.","泰雅族、阿美族、賽夏族、布農族、卑南族、魯凱族、排灣族、雅美（達悟）族、鄒族、邵族、噶瑪蘭族、太魯閣族、撒奇萊雅族及賽德克族。","https://klokah.tw/extension/con_data/sound/33/sentence/33c30s4.mp3"
"Klgan seejiq tgeima ka hbaraw bi hug?","人數最多的是哪一族？","https://klokah.tw/extension/con_data/sound/33/sentence/33c30s5.mp3"
"Klgan seejiq Sbnawan ka hbaraw balay.","是阿美族人數最多。","https://klokah.tw/extension/con_data/sound/33/sentence/33c30s6.mp3"
"Tgbilaq balay ka seejiq o ima?","那人數最少的是哪一族？","https://klokah.tw/extension/con_data/sound/33/sentence/33c30s7.mp3"
"Klgan seejiq Sakiraya .","是撒奇萊雅族。","https://klokah.tw/extension/con_data/sound/33/sentence/33c30s8.mp3"
"Tgeima ka llabang bi nniqan dha?","哪一個民族分布最廣呢？","https://klokah.tw/extension/con_data/sound/33/sentence/33c30s9.mp3"
"Embgala.","泰雅族。","https://klokah.tw/extension/con_data/sound/33/sentence/33c30s10.mp3"
"Mhuway su balay, wada su smiyuk bi kari mu, wada mu klaun bi ka seejiq tnpusu Taywang da .","謝謝你的回答，讓我更認識臺灣的原住民。","https://klokah.tw/extension/con_data/sound/33/sentence/33c30s11.mp3"
"krbuan","早安","https://klokah.tw/extension/con_data/sound/33/word/33c1w1.mp3"
"ngangut","外面","https://klokah.tw/extension/con_data/sound/33/word/33c1w2.mp3"
"mha","去","https://klokah.tw/extension/con_data/sound/33/word/33c1w3.mp3"
"alang","部落","https://klokah.tw/extension/con_data/sound/33/word/33c1w4.mp3"
"tama","父親","https://klokah.tw/extension/con_data/sound/33/word/33c1w5.mp3"
"dhiya","他們","https://klokah.tw/extension/con_data/sound/33/word/33c1w6.mp3"
"mkpiya","多少；幾","https://klokah.tw/extension/con_data/sound/33/word/33c1w7.mp3"
"swayay","分開；再會","https://klokah.tw/extension/con_data/sound/33/word/33c1w8.mp3"
"sndamat","好久不見（問候語）","https://klokah.tw/extension/con_data/sound/33/word/33c1w9.mp3"
"bsiyaq","很久","https://klokah.tw/extension/con_data/sound/33/word/33c1w10.mp3"
"tqita","相見","https://klokah.tw/extension/con_data/sound/33/word/33c1w11.mp3"
"kiya","是啊","https://klokah.tw/extension/con_data/sound/33/word/33c1w12.mp3"
"inu","哪裡","https://klokah.tw/extension/con_data/sound/33/word/33c1w13.mp3"
"tnkuyan","撒種","https://klokah.tw/extension/con_data/sound/33/word/33c1w14.mp3"
"masu","小米","https://klokah.tw/extension/con_data/sound/33/word/33c1w15.mp3"
"daya","山上","https://klokah.tw/extension/con_data/sound/33/word/33c1w16.mp3"
"hangan","名字","https://klokah.tw/extension/con_data/sound/33/word/33c2w1.mp3"
"mqaras","高興","https://klokah.tw/extension/con_data/sound/33/word/33c2w2.mp3"
"qmita","遇見","https://klokah.tw/extension/con_data/sound/33/word/33c2w3.mp3"
"Pawan Tanah","巴萬‧搭那哈（人名）","https://klokah.tw/extension/con_data/sound/33/word/33c2w4.mp3"
"lupung","朋友","https://klokah.tw/extension/con_data/sound/33/word/33c2w5.mp3"
"Nihung","日本","https://klokah.tw/extension/con_data/sound/33/word/33c2w6.mp3"
"Truku","太魯閣族","https://klokah.tw/extension/con_data/sound/33/word/33c2w7.mp3"
"pnaah","來自","https://klokah.tw/extension/con_data/sound/33/word/33c2w8.mp3"
"Bruwan","布落灣","https://klokah.tw/extension/con_data/sound/33/word/33c2w9.mp3"
"qmpah","作工（動詞）","https://klokah.tw/extension/con_data/sound/33/word/33c2w10.mp3"
"emptgsa","老師","https://klokah.tw/extension/con_data/sound/33/word/33c2w11.mp3"
"tmgsa","教","https://klokah.tw/extension/con_data/sound/33/word/33c2w12.mp3"
"klaun","認識","https://klokah.tw/extension/con_data/sound/33/word/33c2w13.mp3"
"meuray","餓","https://klokah.tw/extension/con_data/sound/33/word/33c3w1.mp3"
"uqun","食物","https://klokah.tw/extension/con_data/sound/33/word/33c3w2.mp3"
"hug","嗎；呢","https://klokah.tw/extension/con_data/sound/33/word/33c3w3.mp3"
"cih","少許","https://klokah.tw/extension/con_data/sound/33/word/33c3w4.mp3"
"blbul","香蕉","https://klokah.tw/extension/con_data/sound/33/word/33c3w5.mp3"
"hini","這裡","https://klokah.tw/extension/con_data/sound/33/word/33c3w6.mp3"
"ktngi","要吃飽喔","https://klokah.tw/extension/con_data/sound/33/word/33c3w7.mp3"
"hpuya","煮","https://klokah.tw/extension/con_data/sound/33/word/33c3w8.mp3"
"idaw","飯","https://klokah.tw/extension/con_data/sound/33/word/33c3w9.mp3"
"meuwit","累","https://klokah.tw/extension/con_data/sound/33/word/33c3w10.mp3"
"sangay","休息","https://klokah.tw/extension/con_data/sound/33/word/33c3w11.mp3"
"tluung","坐","https://klokah.tw/extension/con_data/sound/33/word/33c3w12.mp3"
"dhiyaq","遙遠","https://klokah.tw/extension/con_data/sound/33/word/33c3w13.mp3"
"dhuq","到達；做得到","https://klokah.tw/extension/con_data/sound/33/word/33c3w14.mp3"
"mksa","走路","https://klokah.tw/extension/con_data/sound/33/word/33c3w15.mp3"
"hidaw","太陽","https://klokah.tw/extension/con_data/sound/33/word/33c3w16.mp3"
"mring","汗","https://klokah.tw/extension/con_data/sound/33/word/33c3w17.mp3"
"qsiya","水","https://klokah.tw/extension/con_data/sound/33/word/33c3w18.mp3"
"mahi","喝 （命令句）","https://klokah.tw/extension/con_data/sound/33/word/33c3w19.mp3"
"empgmeenu","怎麼樣","https://klokah.tw/extension/con_data/sound/33/word/33c4w1.mp3"
"karat","天氣","https://klokah.tw/extension/con_data/sound/33/word/33c4w2.mp3"
"sayang","今天","https://klokah.tw/extension/con_data/sound/33/word/33c4w3.mp3"
"malu","好","https://klokah.tw/extension/con_data/sound/33/word/33c4w4.mp3"
"thidaw","放晴","https://klokah.tw/extension/con_data/sound/33/word/33c4w5.mp3"
"qmuyux","雨天","https://klokah.tw/extension/con_data/sound/33/word/33c4w6.mp3"
"bhangan","聽說","https://klokah.tw/extension/con_data/sound/33/word/33c4w7.mp3"
"bgihur","風","https://klokah.tw/extension/con_data/sound/33/word/33c4w8.mp3"
"paru","大","https://klokah.tw/extension/con_data/sound/33/word/33c4w9.mp3"
"qmnuyux","下過雨","https://klokah.tw/extension/con_data/sound/33/word/33c4w10.mp3"
"mlatat","出門；外出","https://klokah.tw/extension/con_data/sound/33/word/33c4w11.mp3"
"iya","不要","https://klokah.tw/extension/con_data/sound/33/word/33c4w12.mp3"
"snguhi","忘記","https://klokah.tw/extension/con_data/sound/33/word/33c4w13.mp3"
"madas","攜帶","https://klokah.tw/extension/con_data/sound/33/word/33c4w14.mp3"
"bubung","雨傘","https://klokah.tw/extension/con_data/sound/33/word/33c4w15.mp3"
"piya","多少","https://klokah.tw/extension/con_data/sound/33/word/33c5w1.mp3"
"jiyax","日","https://klokah.tw/extension/con_data/sound/33/word/33c5w2.mp3"
"hngkawas","年；今年","https://klokah.tw/extension/con_data/sound/33/word/33c5w3.mp3"
"pncingan","生日","https://klokah.tw/extension/con_data/sound/33/word/33c5w4.mp3"
"mntucing","出生","https://klokah.tw/extension/con_data/sound/33/word/33c5w5.mp3"
"knuwan","什麼時候","https://klokah.tw/extension/con_data/sound/33/word/33c5w6.mp3"
"empusal","二十","https://klokah.tw/extension/con_data/sound/33/word/33c5w7.mp3"
"empitu","七","https://klokah.tw/extension/con_data/sound/33/word/33c5w8.mp3"
"idas","月","https://klokah.tw/extension/con_data/sound/33/word/33c5w9.mp3"
"kika","所以","https://klokah.tw/extension/con_data/sound/33/word/33c5w10.mp3"
"empplaq","活潑","https://klokah.tw/extension/con_data/sound/33/word/33c5w11.mp3"
"mataru","六","https://klokah.tw/extension/con_data/sound/33/word/33c5w12.mp3"
"iyax sngayan","星期","https://klokah.tw/extension/con_data/sound/33/word/33c5w13.mp3"
"tuki","時","https://klokah.tw/extension/con_data/sound/33/word/33c5w14.mp3"
"mspatul","四十","https://klokah.tw/extension/con_data/sound/33/word/33c5w15.mp3"
"spngan","分","https://klokah.tw/extension/con_data/sound/33/word/33c5w16.mp3"
"maxal","十","https://klokah.tw/extension/con_data/sound/33/word/33c5w17.mp3"
"elug","道路","https://klokah.tw/extension/con_data/sound/33/word/33c6w1.mp3"
"skuan","存放","https://klokah.tw/extension/con_data/sound/33/word/33c6w2.mp3"
"kiyig hini","這附近","https://klokah.tw/extension/con_data/sound/33/word/33c6w3.mp3"
"dalih","距離很近","https://klokah.tw/extension/con_data/sound/33/word/33c6w4.mp3"
"slagu","直直的","https://klokah.tw/extension/con_data/sound/33/word/33c6w5.mp3"
"sida elug","叉路","https://klokah.tw/extension/con_data/sound/33/word/33c6w6.mp3"
"pgriq","轉彎","https://klokah.tw/extension/con_data/sound/33/word/33c6w7.mp3"
"narat","右邊","https://klokah.tw/extension/con_data/sound/33/word/33c6w8.mp3"
"mkla","知道","https://klokah.tw/extension/con_data/sound/33/word/33c6w9.mp3"
"meydang","迷路","https://klokah.tw/extension/con_data/sound/33/word/33c6w10.mp3"
"mqeyta","看到（未來式）","https://klokah.tw/extension/con_data/sound/33/word/33c6w11.mp3"
"qhuni","樹","https://klokah.tw/extension/con_data/sound/33/word/33c6w12.mp3"
"siyaw","旁邊","https://klokah.tw/extension/con_data/sound/33/word/33c6w13.mp3"
"iril","左邊","https://klokah.tw/extension/con_data/sound/33/word/33c6w14.mp3"
"pspuhan","醫院","https://klokah.tw/extension/con_data/sound/33/word/33c6w15.mp3"
"sbrigan","商店","https://klokah.tw/extension/con_data/sound/33/word/33c6w16.mp3"
"saan ngangut","廁所","https://klokah.tw/extension/con_data/sound/33/word/33c6w17.mp3"
"bukuy","後面","https://klokah.tw/extension/con_data/sound/33/word/33c6w18.mp3"
"embarig","買","https://klokah.tw/extension/con_data/sound/33/word/33c7w1.mp3"
"qngqaya","器材","https://klokah.tw/extension/con_data/sound/33/word/33c7w2.mp3"
"puyan","廚房","https://klokah.tw/extension/con_data/sound/33/word/33c7w3.mp3"
"baraw","上面","https://klokah.tw/extension/con_data/sound/33/word/33c7w4.mp3"
"kmbarig","想買","https://klokah.tw/extension/con_data/sound/33/word/33c7w5.mp3"
"kingal","一個；一頂","https://klokah.tw/extension/con_data/sound/33/word/33c7w6.mp3"
"qbubu","帽子","https://klokah.tw/extension/con_data/sound/33/word/33c7w7.mp3"
"lhang","顏色","https://klokah.tw/extension/con_data/sound/33/word/33c7w8.mp3"
"kuxul","喜歡","https://klokah.tw/extension/con_data/sound/33/word/33c7w9.mp3"
"mqalux","黑色","https://klokah.tw/extension/con_data/sound/33/word/33c7w10.mp3"
"aji uri o","除此之外","https://klokah.tw/extension/con_data/sound/33/word/33c7w11.mp3"
"embanah","紅色","https://klokah.tw/extension/con_data/sound/33/word/33c7w12.mp3"
"spngi","嘗試","https://klokah.tw/extension/con_data/sound/33/word/33c7w13.mp3"
"pila","錢","https://klokah.tw/extension/con_data/sound/33/word/33c7w14.mp3"
"brigun","賣","https://klokah.tw/extension/con_data/sound/33/word/33c7w15.mp3"
"kbkuy","一百","https://klokah.tw/extension/con_data/sound/33/word/33c7w16.mp3"
"meiyah","前來","https://klokah.tw/extension/con_data/sound/33/word/33c8w1.mp3"
"mkan","吃","https://klokah.tw/extension/con_data/sound/33/word/33c8w2.mp3"
"nhapuy","餐","https://klokah.tw/extension/con_data/sound/33/word/33c8w3.mp3"
"tbyaxun","要事","https://klokah.tw/extension/con_data/sound/33/word/33c8w4.mp3"
"smkrawah","可惜","https://klokah.tw/extension/con_data/sound/33/word/33c8w5.mp3"
"kngkrayan","昂貴","https://klokah.tw/extension/con_data/sound/33/word/33c8w6.mp3"
"mqneuqu","錯誤","https://klokah.tw/extension/con_data/sound/33/word/33c8w7.mp3"
"smpug","計算","https://klokah.tw/extension/con_data/sound/33/word/33c8w8.mp3"
"spgun","數一數","https://klokah.tw/extension/con_data/sound/33/word/33c8w9.mp3"
"pxal","再次","https://klokah.tw/extension/con_data/sound/33/word/33c8w10.mp3"
"taga","等待","https://klokah.tw/extension/con_data/sound/33/word/33c8w11.mp3"
"siida","屆時","https://klokah.tw/extension/con_data/sound/33/word/33c8w12.mp3"
"brahan","改為","https://klokah.tw/extension/con_data/sound/33/word/33c8w13.mp3"
"slingun","詢問","https://klokah.tw/extension/con_data/sound/33/word/33c8w14.mp3"
"saw kiya","就這樣","https://klokah.tw/extension/con_data/sound/33/word/33c8w15.mp3"
"brahaw","請求","https://klokah.tw/extension/con_data/sound/33/word/33c8w16.mp3"
"rnngaw","說得","https://klokah.tw/extension/con_data/sound/33/word/33c9w1.mp3"
"tgsai","教導","https://klokah.tw/extension/con_data/sound/33/word/33c9w2.mp3"
"baki","祖父","https://klokah.tw/extension/con_data/sound/33/word/33c9w3.mp3"
"payi","祖母","https://klokah.tw/extension/con_data/sound/33/word/33c9w4.mp3"
"knkla","很會","https://klokah.tw/extension/con_data/sound/33/word/33c9w5.mp3"
"hlama","麻糬","https://klokah.tw/extension/con_data/sound/33/word/33c9w6.mp3"
"nadas","帶來","https://klokah.tw/extension/con_data/sound/33/word/33c9w7.mp3"
"paah","從～","https://klokah.tw/extension/con_data/sound/33/word/33c9w8.mp3"
"Skangki","花蓮","https://klokah.tw/extension/con_data/sound/33/word/33c9w9.mp3"
"shiga","昨天","https://klokah.tw/extension/con_data/sound/33/word/33c9w10.mp3"
"rngayun","可愛","https://klokah.tw/extension/con_data/sound/33/word/33c9w11.mp3"
"mrrawa","調皮","https://klokah.tw/extension/con_data/sound/33/word/33c9w12.mp3"
"knhuway","慢慢的","https://klokah.tw/extension/con_data/sound/33/word/33c9w13.mp3"
"hana","才知道","https://klokah.tw/extension/con_data/sound/33/word/33c9w14.mp3"
"qnrqilan","辛苦","https://klokah.tw/extension/con_data/sound/33/word/33c9w15.mp3"
"mhuway su balay","非常謝謝你","https://klokah.tw/extension/con_data/sound/33/word/33c10w1.mp3"
"sknuwan","什麼時候","https://klokah.tw/extension/con_data/sound/33/word/33c10w2.mp3"
"uri","也","https://klokah.tw/extension/con_data/sound/33/word/33c10w3.mp3"
"embiyax","強健","https://klokah.tw/extension/con_data/sound/33/word/33c10w4.mp3"
"hiyi","身體","https://klokah.tw/extension/con_data/sound/33/word/33c10w5.mp3"
"tai saw","希望；祝","https://klokah.tw/extension/con_data/sound/33/word/33c10w6.mp3"
"bubu","母親","https://klokah.tw/extension/con_data/sound/33/word/33c10w7.mp3"
"mowda","成功","https://klokah.tw/extension/con_data/sound/33/word/33c10w8.mp3"
"lala","豐富","https://klokah.tw/extension/con_data/sound/33/word/33c10w9.mp3"
"nangal","收成；所得","https://klokah.tw/extension/con_data/sound/33/word/33c10w10.mp3"
"namu","你們","https://klokah.tw/extension/con_data/sound/33/word/33c10w11.mp3"
"empsblaiq","平安","https://klokah.tw/extension/con_data/sound/33/word/33c10w12.mp3"
"bgurah","新的","https://klokah.tw/extension/con_data/sound/33/word/33c10w13.mp3"
"mnswayi","兄弟姊妹（複數）","https://klokah.tw/extension/con_data/sound/33/word/33c11w1.mp3"
"qbsuran mu snaw","我的哥哥","https://klokah.tw/extension/con_data/sound/33/word/33c11w2.mp3"
"swayi mu snaw","我的弟弟","https://klokah.tw/extension/con_data/sound/33/word/33c11w3.mp3"
"swayi mu kuyuh","我的妹妹","https://klokah.tw/extension/con_data/sound/33/word/33c11w4.mp3"
"gaga","在","https://klokah.tw/extension/con_data/sound/33/word/33c11w5.mp3"
"mtabug","牧師","https://klokah.tw/extension/con_data/sound/33/word/33c11w6.mp3"
"msapuh","醫生","https://klokah.tw/extension/con_data/sound/33/word/33c11w7.mp3"
"matas","讀書","https://klokah.tw/extension/con_data/sound/33/word/33c11w8.mp3"
"ptasan tgparu","大學","https://klokah.tw/extension/con_data/sound/33/word/33c11w9.mp3"
"bais","伴侶","https://klokah.tw/extension/con_data/sound/33/word/33c11w10.mp3"
"hngkwasan","年歲","https://klokah.tw/extension/con_data/sound/33/word/33c11w11.mp3"
"tru","三","https://klokah.tw/extension/con_data/sound/33/word/33c11w12.mp3"
"laqi","小孩","https://klokah.tw/extension/con_data/sound/33/word/33c11w13.mp3"
"manu","什麼","https://klokah.tw/extension/con_data/sound/33/word/33c12w1.mp3"
"qpahun","工作","https://klokah.tw/extension/con_data/sound/33/word/33c12w2.mp3"
"yaku","我","https://klokah.tw/extension/con_data/sound/33/word/33c12w3.mp3"
"mtgsa","老師","https://klokah.tw/extension/con_data/sound/33/word/33c12w4.mp3"
"duri","又","https://klokah.tw/extension/con_data/sound/33/word/33c12w5.mp3"
"snii","最近","https://klokah.tw/extension/con_data/sound/33/word/33c12w6.mp3"
"qneepah","從事的工作","https://klokah.tw/extension/con_data/sound/33/word/33c12w7.mp3"
"qmneepah","曾經從事","https://klokah.tw/extension/con_data/sound/33/word/33c12w8.mp3"
"msksik","清潔工","https://klokah.tw/extension/con_data/sound/33/word/33c12w9.mp3"
"hmuya","為什麼","https://klokah.tw/extension/con_data/sound/33/word/33c12w10.mp3"
"ryuxun","換","https://klokah.tw/extension/con_data/sound/33/word/33c12w11.mp3"
"yaasa","因為","https://klokah.tw/extension/con_data/sound/33/word/33c12w12.mp3"
"mkmiying","想找","https://klokah.tw/extension/con_data/sound/33/word/33c12w13.mp3"
"smdalih","靠近","https://klokah.tw/extension/con_data/sound/33/word/33c12w14.mp3"
"bi","很","https://klokah.tw/extension/con_data/sound/33/word/33c12w15.mp3"
"ana rabang","很好（值得驕傲之意）","https://klokah.tw/extension/con_data/sound/33/word/33c12w16.mp3"
"uqan","餐廳","https://klokah.tw/extension/con_data/sound/33/word/33c13w1.mp3"
"tmay","進來","https://klokah.tw/extension/con_data/sound/33/word/33c13w2.mp3"
"tleengan","位子","https://klokah.tw/extension/con_data/sound/33/word/33c13w3.mp3"
"iyah","來","https://klokah.tw/extension/con_data/sound/33/word/33c13w4.mp3"
"snegul","跟隨","https://klokah.tw/extension/con_data/sound/33/word/33c13w5.mp3"
"patas","書","https://klokah.tw/extension/con_data/sound/33/word/33c13w6.mp3"
"damat","菜","https://klokah.tw/extension/con_data/sound/33/word/33c13w7.mp3"
"qtai","看看","https://klokah.tw/extension/con_data/sound/33/word/33c13w8.mp3"
"peiyah","拿出","https://klokah.tw/extension/con_data/sound/33/word/33c13w9.mp3"
"bowyak","山豬","https://klokah.tw/extension/con_data/sound/33/word/33c13w10.mp3"
"rapit","飛鼠","https://klokah.tw/extension/con_data/sound/33/word/33c13w11.mp3"
"qowlit","田鼠","https://klokah.tw/extension/con_data/sound/33/word/33c13w12.mp3"
"sruhing","山蘇","https://klokah.tw/extension/con_data/sound/33/word/33c13w13.mp3"
"dnii","這些","https://klokah.tw/extension/con_data/sound/33/word/33c13w14.mp3"
"asi","乾脆","https://klokah.tw/extension/con_data/sound/33/word/33c13w15.mp3"
"pratu","碗","https://klokah.tw/extension/con_data/sound/33/word/33c13w16.mp3"
"biqi","給","https://klokah.tw/extension/con_data/sound/33/word/33c13w17.mp3"
"lungaw","瓶子","https://klokah.tw/extension/con_data/sound/33/word/33c13w18.mp3"
"sinaw","酒","https://klokah.tw/extension/con_data/sound/33/word/33c13w19.mp3"
"ana qu","先這樣","https://klokah.tw/extension/con_data/sound/33/word/33c13w20.mp3"
"tdruy","車","https://klokah.tw/extension/con_data/sound/33/word/33c14w1.mp3"
"qrngul","冒煙","https://klokah.tw/extension/con_data/sound/33/word/33c14w2.mp3"
"ini ta bi kla","很抱歉","https://klokah.tw/extension/con_data/sound/33/word/33c14w3.mp3"
"mqsuqi","遲到","https://klokah.tw/extension/con_data/sound/33/word/33c14w4.mp3"
"hmnuya","如何做？","https://klokah.tw/extension/con_data/sound/33/word/33c14w5.mp3"
"pneapa","搭乘","https://klokah.tw/extension/con_data/sound/33/word/33c14w6.mp3"
"mnksa","用走的","https://klokah.tw/extension/con_data/sound/33/word/33c14w7.mp3"
"emphuya","該如何？","https://klokah.tw/extension/con_data/sound/33/word/33c14w8.mp3"
"Taypay","臺北","https://klokah.tw/extension/con_data/sound/33/word/33c14w9.mp3"
"asu","船","https://klokah.tw/extension/con_data/sound/33/word/33c14w10.mp3"
"skiya","飛行","https://klokah.tw/extension/con_data/sound/33/word/33c14w11.mp3"
"mslikaw","開得很快","https://klokah.tw/extension/con_data/sound/33/word/33c14w12.mp3"
"mkray","昂貴","https://klokah.tw/extension/con_data/sound/33/word/33c14w13.mp3"
"paan","乘坐","https://klokah.tw/extension/con_data/sound/33/word/33c14w14.mp3"
"empaah","從～而來","https://klokah.tw/extension/con_data/sound/33/word/33c14w15.mp3"
"sapah pspuhan","醫院","https://klokah.tw/extension/con_data/sound/33/word/33c15w1.mp3"
"qmbsyaqan","多久","https://klokah.tw/extension/con_data/sound/33/word/33c15w2.mp3"
"knrxan","生病","https://klokah.tw/extension/con_data/sound/33/word/33c15w3.mp3"
"kuyuh","妻子","https://klokah.tw/extension/con_data/sound/33/word/33c15w4.mp3"
"mnsuwil","有時","https://klokah.tw/extension/con_data/sound/33/word/33c15w5.mp3"
"naqih","不好","https://klokah.tw/extension/con_data/sound/33/word/33c15w6.mp3"
"narux","生病","https://klokah.tw/extension/con_data/sound/33/word/33c15w7.mp3"
"tunux","頭","https://klokah.tw/extension/con_data/sound/33/word/33c15w8.mp3"
"mtbrih","嘔吐","https://klokah.tw/extension/con_data/sound/33/word/33c15w9.mp3"
"snbuyas","拉肚子","https://klokah.tw/extension/con_data/sound/33/word/33c15w10.mp3"
"emplatat","出來","https://klokah.tw/extension/con_data/sound/33/word/33c15w11.mp3"
"empklawa","照顧","https://klokah.tw/extension/con_data/sound/33/word/33c15w12.mp3"
"mgrbu","早上","https://klokah.tw/extension/con_data/sound/33/word/33c15w13.mp3"
"hadun","接送","https://klokah.tw/extension/con_data/sound/33/word/33c15w14.mp3"
"ska hidaw","中午","https://klokah.tw/extension/con_data/sound/33/word/33c15w15.mp3"
"qnawal","電話","https://klokah.tw/extension/con_data/sound/33/word/33c16w1.mp3"
"ungat","沒有","https://klokah.tw/extension/con_data/sound/33/word/33c16w2.mp3"
"wada","經過","https://klokah.tw/extension/con_data/sound/33/word/33c16w3.mp3"
"empprngaw","談話","https://klokah.tw/extension/con_data/sound/33/word/33c16w4.mp3"
"prngagan","會議","https://klokah.tw/extension/con_data/sound/33/word/33c16w5.mp3"
"hciaw","留","https://klokah.tw/extension/con_data/sound/33/word/33c16w6.mp3"
"plwani","召喚","https://klokah.tw/extension/con_data/sound/33/word/33c16w7.mp3"
"ptasan","學校","https://klokah.tw/extension/con_data/sound/33/word/33c16w8.mp3"
"pnslian","社團","https://klokah.tw/extension/con_data/sound/33/word/33c16w9.mp3"
"rgrigan","舞蹈團","https://klokah.tw/extension/con_data/sound/33/word/33c16w10.mp3"
"nami","我們","https://klokah.tw/extension/con_data/sound/33/word/33c16w11.mp3"
"tgbilaq","小","https://klokah.tw/extension/con_data/sound/33/word/33c16w12.mp3"
"nasi","如果","https://klokah.tw/extension/con_data/sound/33/word/33c16w13.mp3"
"mtduwa","可以","https://klokah.tw/extension/con_data/sound/33/word/33c16w14.mp3"
"psmiyah","期待","https://klokah.tw/extension/con_data/sound/33/word/33c16w15.mp3"
"knsuyang","完美","https://klokah.tw/extension/con_data/sound/33/word/33c16w16.mp3"
"mkmkan","想吃","https://klokah.tw/extension/con_data/sound/33/word/33c17w1.mp3"
"butul","糯米飯","https://klokah.tw/extension/con_data/sound/33/word/33c17w2.mp3"
"hiyi samat","山產肉","https://klokah.tw/extension/con_data/sound/33/word/33c17w3.mp3"
"enta","一起去","https://klokah.tw/extension/con_data/sound/33/word/33c17w4.mp3"
"knshiya","味道","https://klokah.tw/extension/con_data/sound/33/word/33c17w5.mp3"
"ssibus","甜","https://klokah.tw/extension/con_data/sound/33/word/33c17w6.mp3"
"nuduh","烤","https://klokah.tw/extension/con_data/sound/33/word/33c17w7.mp3"
"siyang","肉","https://klokah.tw/extension/con_data/sound/33/word/33c17w8.mp3"
"knux","香味","https://klokah.tw/extension/con_data/sound/33/word/33c17w9.mp3"
"shiya","到味","https://klokah.tw/extension/con_data/sound/33/word/33c17w10.mp3"
"lmnglung","想念","https://klokah.tw/extension/con_data/sound/33/word/33c17w11.mp3"
"mtbiyax","忙碌","https://klokah.tw/extension/con_data/sound/33/word/33c17w12.mp3"
"pajiq qulung","龍葵菜","https://klokah.tw/extension/con_data/sound/33/word/33c17w13.mp3"
"daun","活動","https://klokah.tw/extension/con_data/sound/33/word/33c18w1.mp3"
"peapa","騎","https://klokah.tw/extension/con_data/sound/33/word/33c18w2.mp3"
"tdruy gakat","單車","https://klokah.tw/extension/con_data/sound/33/word/33c18w3.mp3"
"rahuq","除了","https://klokah.tw/extension/con_data/sound/33/word/33c18w4.mp3"
"psbiyax","增強","https://klokah.tw/extension/con_data/sound/33/word/33c18w5.mp3"
"rmigaw","遊玩","https://klokah.tw/extension/con_data/sound/33/word/33c18w6.mp3"
"mtalux","熱","https://klokah.tw/extension/con_data/sound/33/word/33c18w7.mp3"
"mtleetu","涼爽","https://klokah.tw/extension/con_data/sound/33/word/33c18w8.mp3"
"mknhuway","慢慢的","https://klokah.tw/extension/con_data/sound/33/word/33c18w9.mp3"
"tmalang","跑步","https://klokah.tw/extension/con_data/sound/33/word/33c18w10.mp3"
"supu","一起","https://klokah.tw/extension/con_data/sound/33/word/33c18w11.mp3"
"ququ","盡情","https://klokah.tw/extension/con_data/sound/33/word/33c18w12.mp3"
"saman","明天","https://klokah.tw/extension/con_data/sound/33/word/33c18w13.mp3"
"tgmanu","哪一種","https://klokah.tw/extension/con_data/sound/33/word/33c19w1.mp3"
"trima","游泳","https://klokah.tw/extension/con_data/sound/33/word/33c19w2.mp3"
"yayung","河流","https://klokah.tw/extension/con_data/sound/33/word/33c19w3.mp3"
"krpuhan","秋天","https://klokah.tw/extension/con_data/sound/33/word/33c19w4.mp3"
"kskuy","冷（天氣）","https://klokah.tw/extension/con_data/sound/33/word/33c19w5.mp3"
"ktalux","熱（天氣）","https://klokah.tw/extension/con_data/sound/33/word/33c19w6.mp3"
"misan","冬天","https://klokah.tw/extension/con_data/sound/33/word/33c19w7.mp3"
"mkuung","天黑","https://klokah.tw/extension/con_data/sound/33/word/33c19w8.mp3"
"meuxul","溫暖","https://klokah.tw/extension/con_data/sound/33/word/33c19w9.mp3"
"srnabaw","春天","https://klokah.tw/extension/con_data/sound/33/word/33c19w10.mp3"
"bowxi","百合花","https://klokah.tw/extension/con_data/sound/33/word/33c19w11.mp3"
"emphpah","將要開花","https://klokah.tw/extension/con_data/sound/33/word/33c19w12.mp3"
"pklug","正是","https://klokah.tw/extension/con_data/sound/33/word/33c19w13.mp3"
"phpah","花","https://klokah.tw/extension/con_data/sound/33/word/33c19w14.mp3"
"sapah","家","https://klokah.tw/extension/con_data/sound/33/word/33c20w1.mp3"
"qrasan","節慶","https://klokah.tw/extension/con_data/sound/33/word/33c20w2.mp3"
"dsun","帶著；偕","https://klokah.tw/extension/con_data/sound/33/word/33c20w3.mp3"
"msa","說；聽說","https://klokah.tw/extension/con_data/sound/33/word/33c20w4.mp3"
"tghuy","跟著；一起","https://klokah.tw/extension/con_data/sound/33/word/33c20w5.mp3"
"qbsuran","哥哥","https://klokah.tw/extension/con_data/sound/33/word/33c20w6.mp3"
"mgriq","開；駕駛","https://klokah.tw/extension/con_data/sound/33/word/33c20w7.mp3"
"huya","怎麼樣","https://klokah.tw/extension/con_data/sound/33/word/33c20w8.mp3"
"meuyas","唱歌","https://klokah.tw/extension/con_data/sound/33/word/33c20w9.mp3"
"tayal","非常；很","https://klokah.tw/extension/con_data/sound/33/word/33c20w10.mp3"
"knmalu","很好","https://klokah.tw/extension/con_data/sound/33/word/33c20w11.mp3"
"mseupu","相聚","https://klokah.tw/extension/con_data/sound/33/word/33c20w12.mp3"
"mgmeenu","什麼樣","https://klokah.tw/extension/con_data/sound/33/word/33c21w1.mp3"
"mdrumut","認真","https://klokah.tw/extension/con_data/sound/33/word/33c21w2.mp3"
"lnglungan","心地","https://klokah.tw/extension/con_data/sound/33/word/33c21w3.mp3"
"sjiqun","人們","https://klokah.tw/extension/con_data/sound/33/word/33c21w4.mp3"
"kmsluhay","好奇；好學","https://klokah.tw/extension/con_data/sound/33/word/33c21w5.mp3"
"ana manu","任何事物","https://klokah.tw/extension/con_data/sound/33/word/33c21w6.mp3"
"uuda","事情；活動","https://klokah.tw/extension/con_data/sound/33/word/33c21w7.mp3"
"endwaun","做好","https://klokah.tw/extension/con_data/sound/33/word/33c21w8.mp3"
"muda","做到","https://klokah.tw/extension/con_data/sound/33/word/33c21w9.mp3"
"kana","全部","https://klokah.tw/extension/con_data/sound/33/word/33c21w10.mp3"
"niqan","有","https://klokah.tw/extension/con_data/sound/33/word/33c21w11.mp3"
"tgsiqa","客氣","https://klokah.tw/extension/con_data/sound/33/word/33c21w12.mp3"
"psbilaq","虛心","https://klokah.tw/extension/con_data/sound/33/word/33c21w13.mp3"
"ana bi rabang","真好","https://klokah.tw/extension/con_data/sound/33/word/33c21w14.mp3"
"dmayaw","幫忙","https://klokah.tw/extension/con_data/sound/33/word/33c22w1.mp3"
"tqiyan","旅館；房間","https://klokah.tw/extension/con_data/sound/33/word/33c22w2.mp3"
"Iq wa","可以呀！","https://klokah.tw/extension/con_data/sound/33/word/33c22w3.mp3"
"rngaw","說","https://klokah.tw/extension/con_data/sound/33/word/33c22w4.mp3"
"hcian","留置","https://klokah.tw/extension/con_data/sound/33/word/33c22w5.mp3"
"ruwan","裡面","https://klokah.tw/extension/con_data/sound/33/word/33c22w6.mp3"
"rawah","鎖（開）","https://klokah.tw/extension/con_data/sound/33/word/33c22w7.mp3"
"brhug","鑰匙","https://klokah.tw/extension/con_data/sound/33/word/33c22w8.mp3"
"spgan","號","https://klokah.tw/extension/con_data/sound/33/word/33c22w9.mp3"
"rima","五","https://klokah.tw/extension/con_data/sound/33/word/33c22w10.mp3"
"pneadas","包裹","https://klokah.tw/extension/con_data/sound/33/word/33c22w11.mp3"
"gimun","尋找","https://klokah.tw/extension/con_data/sound/33/word/33c22w12.mp3"
"binaw","看看","https://klokah.tw/extension/con_data/sound/33/word/33c22w13.mp3"
"qsiqa","客氣","https://klokah.tw/extension/con_data/sound/33/word/33c22w14.mp3"
"tgeinu","哪一個","https://klokah.tw/extension/con_data/sound/33/word/33c23w1.mp3"
"ptasan tgbilaq","小學","https://klokah.tw/extension/con_data/sound/33/word/33c23w2.mp3"
"babaw","之後","https://klokah.tw/extension/con_data/sound/33/word/33c23w3.mp3"
"sngayan","假日","https://klokah.tw/extension/con_data/sound/33/word/33c23w4.mp3"
"rbagan","夏天","https://klokah.tw/extension/con_data/sound/33/word/33c23w5.mp3"
"mowsa","要去","https://klokah.tw/extension/con_data/sound/33/word/33c23w6.mp3"
"tgska","中等；中間","https://klokah.tw/extension/con_data/sound/33/word/33c23w7.mp3"
"msriqu","困難","https://klokah.tw/extension/con_data/sound/33/word/33c23w8.mp3"
"balay","很","https://klokah.tw/extension/con_data/sound/33/word/33c23w9.mp3"
"quri","有關","https://klokah.tw/extension/con_data/sound/33/word/33c23w10.mp3"
"uyas","歌","https://klokah.tw/extension/con_data/sound/33/word/33c23w11.mp3"
"mdka","相同；一樣","https://klokah.tw/extension/con_data/sound/33/word/33c23w12.mp3"
"kari","語言","https://klokah.tw/extension/con_data/sound/33/word/33c23w13.mp3"
"ima","誰","https://klokah.tw/extension/con_data/sound/33/word/33c23w14.mp3"
"slhayan","學習","https://klokah.tw/extension/con_data/sound/33/word/33c24w1.mp3"
"pndka","相同","https://klokah.tw/extension/con_data/sound/33/word/33c24w2.mp3"
"hnang","腔調","https://klokah.tw/extension/con_data/sound/33/word/33c24w3.mp3"
"msleexan","簡單","https://klokah.tw/extension/con_data/sound/33/word/33c24w4.mp3"
"rmngaw","說","https://klokah.tw/extension/con_data/sound/33/word/33c24w5.mp3"
"bnsiyaq","多久","https://klokah.tw/extension/con_data/sound/33/word/33c24w6.mp3"
"smluhay","學習","https://klokah.tw/extension/con_data/sound/33/word/33c24w7.mp3"
"smnluhay","學過","https://klokah.tw/extension/con_data/sound/33/word/33c24w8.mp3"
"paru ptasan alang","社區大學","https://klokah.tw/extension/con_data/sound/33/word/33c24w9.mp3"
"srngaw","用語","https://klokah.tw/extension/con_data/sound/33/word/33c24w10.mp3"
"tgparu","最高；最大","https://klokah.tw/extension/con_data/sound/33/word/33c24w11.mp3"
"psluhay","（被）教","https://klokah.tw/extension/con_data/sound/33/word/33c24w12.mp3"
"jiyax iyax sngayan","週間","https://klokah.tw/extension/con_data/sound/33/word/33c25w1.mp3"
"snduray","上一次","https://klokah.tw/extension/con_data/sound/33/word/33c25w2.mp3"
"mtdudul","帶領者","https://klokah.tw/extension/con_data/sound/33/word/33c25w3.mp3"
"ksaan","走路的地方","https://klokah.tw/extension/con_data/sound/33/word/33c25w4.mp3"
"mkug","安排","https://klokah.tw/extension/con_data/sound/33/word/33c25w5.mp3"
"euda","行程","https://klokah.tw/extension/con_data/sound/33/word/33c25w6.mp3"
"mkmusa","想去","https://klokah.tw/extension/con_data/sound/33/word/33c25w7.mp3"
"dgiyaq Bburaw","合歡山","https://klokah.tw/extension/con_data/sound/33/word/33c25w8.mp3"
"Nantu","南投","https://klokah.tw/extension/con_data/sound/33/word/33c25w9.mp3"
"huda","雪","https://klokah.tw/extension/con_data/sound/33/word/33c25w10.mp3"
"mnseupu","一起","https://klokah.tw/extension/con_data/sound/33/word/33c25w11.mp3"
"ensaan","去過","https://klokah.tw/extension/con_data/sound/33/word/33c25w12.mp3"
"shngii","忘記","https://klokah.tw/extension/con_data/sound/33/word/33c25w13.mp3"
"suyang","完美","https://klokah.tw/extension/con_data/sound/33/word/33c25w14.mp3"
"mnlala","很多次","https://klokah.tw/extension/con_data/sound/33/word/33c25w15.mp3"
"psasing","照相","https://klokah.tw/extension/con_data/sound/33/word/33c25w16.mp3"
"sraun","羨慕","https://klokah.tw/extension/con_data/sound/33/word/33c25w17.mp3"
"pgkla","介紹","https://klokah.tw/extension/con_data/sound/33/word/33c26w1.mp3"
"cicih","一點","https://klokah.tw/extension/con_data/sound/33/word/33c26w2.mp3"
"nanak","只有","https://klokah.tw/extension/con_data/sound/33/word/33c26w3.mp3"
"mnatas","讀畢業","https://klokah.tw/extension/con_data/sound/33/word/33c26w4.mp3"
"sspug","數學","https://klokah.tw/extension/con_data/sound/33/word/33c26w5.mp3"
"qpahan","工作","https://klokah.tw/extension/con_data/sound/33/word/33c26w6.mp3"
"kmlawa","管理","https://klokah.tw/extension/con_data/sound/33/word/33c26w7.mp3"
"dnuuy","財務","https://klokah.tw/extension/con_data/sound/33/word/33c26w8.mp3"
"kngkingal","每一種","https://klokah.tw/extension/con_data/sound/33/word/33c26w9.mp3"
"tgplealay","在前","https://klokah.tw/extension/con_data/sound/33/word/33c26w10.mp3"
"tgbukuy","在後","https://klokah.tw/extension/con_data/sound/33/word/33c26w11.mp3"
"pusu","主要","https://klokah.tw/extension/con_data/sound/33/word/33c26w12.mp3"
"mniyah","收入","https://klokah.tw/extension/con_data/sound/33/word/33c26w13.mp3"
"sadu","薪水；酬勞","https://klokah.tw/extension/con_data/sound/33/word/33c26w14.mp3"
"qmeepah","做","https://klokah.tw/extension/con_data/sound/33/word/33c26w15.mp3"
"mnegqaras","樂觀","https://klokah.tw/extension/con_data/sound/33/word/33c26w16.mp3"
"wauwa","女性","https://klokah.tw/extension/con_data/sound/33/word/33c27w1.mp3"
"mlawa","打；招呼","https://klokah.tw/extension/con_data/sound/33/word/33c27w2.mp3"
"kdjiyax","每天","https://klokah.tw/extension/con_data/sound/33/word/33c27w3.mp3"
"ida","一定","https://klokah.tw/extension/con_data/sound/33/word/33c27w4.mp3"
"smkuxul","喜歡","https://klokah.tw/extension/con_data/sound/33/word/33c27w5.mp3"
"risaw","男生","https://klokah.tw/extension/con_data/sound/33/word/33c27w6.mp3"
"tgluus","細心","https://klokah.tw/extension/con_data/sound/33/word/33c27w7.mp3"
"qthur","胖","https://klokah.tw/extension/con_data/sound/33/word/33c27w8.mp3"
"hari","一點（比較級）","https://klokah.tw/extension/con_data/sound/33/word/33c27w9.mp3"
"mrmun","勇敢","https://klokah.tw/extension/con_data/sound/33/word/33c27w10.mp3"
"gmanay","找尋；介紹","https://klokah.tw/extension/con_data/sound/33/word/33c27w11.mp3"
"iq","好啊","https://klokah.tw/extension/con_data/sound/33/word/33c27w12.mp3"
"bqani","交給","https://klokah.tw/extension/con_data/sound/33/word/33c27w13.mp3"
"qtaan","看起來","https://klokah.tw/extension/con_data/sound/33/word/33c28w1.mp3"
"lukus","衣服","https://klokah.tw/extension/con_data/sound/33/word/33c28w2.mp3"
"pnspingan","裝飾品","https://klokah.tw/extension/con_data/sound/33/word/33c28w3.mp3"
"nii","這是","https://klokah.tw/extension/con_data/sound/33/word/33c28w4.mp3"
"hnici","留下來","https://klokah.tw/extension/con_data/sound/33/word/33c28w5.mp3"
"rudan","祖先","https://klokah.tw/extension/con_data/sound/33/word/33c28w6.mp3"
"smapuh","祭典","https://klokah.tw/extension/con_data/sound/33/word/33c28w7.mp3"
"kska","其中；部分","https://klokah.tw/extension/con_data/sound/33/word/33c28w8.mp3"
"rmgrig","跳舞","https://klokah.tw/extension/con_data/sound/33/word/33c28w9.mp3"
"snlhayan","學得；學來","https://klokah.tw/extension/con_data/sound/33/word/33c28w10.mp3"
"quduh","壯","https://klokah.tw/extension/con_data/sound/33/word/33c28w11.mp3"
"qaqay","腳","https://klokah.tw/extension/con_data/sound/33/word/33c28w12.mp3"
"rnrigan","練舞","https://klokah.tw/extension/con_data/sound/33/word/33c28w13.mp3"
"kndsan","文化","https://klokah.tw/extension/con_data/sound/33/word/33c28w14.mp3"
"Mgay Bari","感恩祭","https://klokah.tw/extension/con_data/sound/33/word/33c29w1.mp3"
"ptgaya","儀式","https://klokah.tw/extension/con_data/sound/33/word/33c29w2.mp3"
"khnu","多久","https://klokah.tw/extension/con_data/sound/33/word/33c29w3.mp3"
"knciyan","收穫","https://klokah.tw/extension/con_data/sound/33/word/33c29w4.mp3"
"psrmalun","準備之事項","https://klokah.tw/extension/con_data/sound/33/word/33c29w5.mp3"
"brah","之前","https://klokah.tw/extension/con_data/sound/33/word/33c29w6.mp3"
"psramal","準備","https://klokah.tw/extension/con_data/sound/33/word/33c29w7.mp3"
"pssgun","分配","https://klokah.tw/extension/con_data/sound/33/word/33c29w8.mp3"
"teumal","參加","https://klokah.tw/extension/con_data/sound/33/word/33c29w9.mp3"
"munan","你們（受格）","https://klokah.tw/extension/con_data/sound/33/word/33c29w10.mp3"
"sunan","你（受格）","https://klokah.tw/extension/con_data/sound/33/word/33c29w11.mp3"
"miyah","來","https://klokah.tw/extension/con_data/sound/33/word/33c29w12.mp3"
"mnan","我們（受格）","https://klokah.tw/extension/con_data/sound/33/word/33c29w13.mp3"
"klgan","種類","https://klokah.tw/extension/con_data/sound/33/word/33c30w1.mp3"
"tnpusu","原住民","https://klokah.tw/extension/con_data/sound/33/word/33c30w2.mp3"
"Taywang","臺灣","https://klokah.tw/extension/con_data/sound/33/word/33c30w3.mp3"
"spat","四","https://klokah.tw/extension/con_data/sound/33/word/33c30w4.mp3"
"meima","哪些？","https://klokah.tw/extension/con_data/sound/33/word/33c30w5.mp3"
"Embgala","泰雅族","https://klokah.tw/extension/con_data/sound/33/word/33c30w6.mp3"
"Sbnawan","阿美族","https://klokah.tw/extension/con_data/sound/33/word/33c30w7.mp3"
"Saysia","賽夏族","https://klokah.tw/extension/con_data/sound/33/word/33c30w8.mp3"
"Bunung","布農族","https://klokah.tw/extension/con_data/sound/33/word/33c30w9.mp3"
"Pinuyumayan","卑南族","https://klokah.tw/extension/con_data/sound/33/word/33c30w10.mp3"
"Rukay","魯凱族","https://klokah.tw/extension/con_data/sound/33/word/33c30w11.mp3"
"Paywan","排灣族","https://klokah.tw/extension/con_data/sound/33/word/33c30w12.mp3"
"Tau","雅美（達悟）族","https://klokah.tw/extension/con_data/sound/33/word/33c30w13.mp3"
"Cow","鄒族","https://klokah.tw/extension/con_data/sound/33/word/33c30w14.mp3"
"Saw","邵族","https://klokah.tw/extension/con_data/sound/33/word/33c30w15.mp3"
"hbaraw","人數很多","https://klokah.tw/extension/con_data/sound/33/word/33c30w16.mp3"
"llabang","分布","https://klokah.tw/extension/con_data/sound/33/word/33c30w17.mp3"
"nniqan","所在地","https://klokah.tw/extension/con_data/sound/33/word/33c30w18.mp3"
"mhuway","謝謝；慷慨","https://klokah.tw/extension/con_data/sound/33/word/33c30w19.mp3"
"smiyuk","回答","https://klokah.tw/extension/con_data/sound/33/word/33c30w20.mp3"
