"Pa’ʉ, musu’ʉvʉ tasiarʉ, miaranau cu kita koo ’arupacʉ’ʉra.","Pa’ʉ ，早安，我們很久沒見面了。","https://klokah.tw/extension/con_data/sound/36/sentence/36c1s1.mp3"
"ʉʉ’ʉ ia! cucuru miaranau cu, koo cumacʉ’ʉra kasua.","是啊！真的很久沒看到你了。","https://klokah.tw/extension/con_data/sound/36/sentence/36c1s2.mp3"
"’esi kasu naan putukikio masiin?","你現在在哪裡工作？","https://klokah.tw/extension/con_data/sound/36/sentence/36c1s3.mp3"
"nimoon ku na Taicuung, araavari na Kausiung putukikio mamisa.","我曾經在台中，最近換到高雄工作了。","https://klokah.tw/extension/con_data/sound/36/sentence/36c1s4.mp3"
"’ituumuru kara putukioa mamisa?","最近工作很多嗎？","https://klokah.tw/extension/con_data/sound/36/sentence/36c1s5.mp3"
"mama’ari pa! ka’aan pa ’ituumuru.","還好，還不是很多。","https://klokah.tw/extension/con_data/sound/36/sentence/36c1s6.mp3"
"’una kara tapaicaa musu nura? kongangaan kʉcʉ kita koca’aania.","明天有空嗎？我們一起吃午飯吧。","https://klokah.tw/extension/con_data/sound/36/sentence/36c1s7.mp3"
"’una tapaicaa, tia ponnaan ’arupacʉ’ʉra?","有空，要在哪裡見面？","https://klokah.tw/extension/con_data/sound/36/sentence/36c1s8.mp3"
"ivata kʉcʉ na tanasa maku.","到我家來吧。","https://klokah.tw/extension/con_data/sound/36/sentence/36c1s9.mp3"
"ʉʉ’ʉ, makaasia kʉcʉ!","好的，就這樣吧！","https://klokah.tw/extension/con_data/sound/36/sentence/36c1s10.mp3"
"’arupacʉ’ʉra kita nura.","我們明天見。","https://klokah.tw/extension/con_data/sound/36/sentence/36c1s11.mp3"
"macangcangarʉ soni arakukun kasua, nakai mareen, ka’aan pa ku tavarʉ’ʉ nganai musu?","很高興今天跟你相處，但是不好意思，我還不知道你的名字？","https://klokah.tw/extension/con_data/sound/36/sentence/36c2s1.mp3"
"sua nganai maku ia, ’Akori Ka’angena, kesoni kangvang kasua, neen nganai musu?","我是Ka’angena家族的’Akori，也請教你的名字？","https://klokah.tw/extension/con_data/sound/36/sentence/36c2s2.mp3"
"sua nganai maku ia, ’Angai, ’esi Mangacun tanasa maku.","我叫 ’Angai，家在瑪雅里。","https://klokah.tw/extension/con_data/sound/36/sentence/36c2s3.mp3"
"kesoni pa kasua, sua cuma mataa cina musu ia, Mu’u mataa Na’u kara?","再請教你，你父親與母親是不是Mu’u 和 Na’u？","https://klokah.tw/extension/con_data/sound/36/sentence/36c2s4.mp3"
"ʉʉ’ʉ, miseen kasu tavarʉ’ʉ?","是的，你怎麼知道？","https://klokah.tw/extension/con_data/sound/36/sentence/36c2s5.mp3"
"nimavici cu cuma mataa cima maku, mookusa tanasa musu rovʉvʉ, ’akia kasu meesua.","我父親和母親曾經帶我去你家拜訪，當時你不在。","https://klokah.tw/extension/con_data/sound/36/sentence/36c2s6.mp3"
"makasoin ia, maatʉa kita Ka’angena kavangvang","那樣的話我們同樣都是Ka’angena家族的。","https://klokah.tw/extension/con_data/sound/36/sentence/36c2s7.mp3"
"ʉʉ’ʉ, cani ta’avu tanasa mita.","是的，我們是同一個族系。","https://klokah.tw/extension/con_data/sound/36/sentence/36c2s8.mp3"
"imova! miaa mosikarʉ ku tupuru misoon ia,  ’una cau makasi, capai mita makai kan kinvara.","難怪，剛才我進來坐的時候，有人說我們樣子很像兄弟。","https://klokah.tw/extension/con_data/sound/36/sentence/36c2s9.mp3"
"cucuru kara? tuturoo mamarang musu, ’arupacʉ’ʉra kita soni.","真的啊！告訴你父母親我們今天有見面。","https://klokah.tw/extension/con_data/sound/36/sentence/36c2s10.mp3"
"kacangcangarʉn soni, ’apatarakanaang kita nesi.","今天值得高興，我們在這裡互相認識。","https://klokah.tw/extension/con_data/sound/36/sentence/36c2s11.mp3"
"cuma, nipoi’i cu ku.","爸爸，我回來了。","https://klokah.tw/extension/con_data/sound/36/sentence/36c3s1.mp3"
"makaa mara’an kasu soni poi’i.","妳今天回來的比較快。","https://klokah.tw/extension/con_data/sound/36/sentence/36c3s2.mp3"
"vanai sii, mamanʉng sinikinga maku soni, mo’uruu’uru ’apucaan ’ikua takituturua.","因為我今天考的很好，老師優先讓我走。","https://klokah.tw/extension/con_data/sound/36/sentence/36c3s3.mp3"
"mopacai kara kasu soni?","妳今天會累嗎？","https://klokah.tw/extension/con_data/sound/36/sentence/36c3s4.mp3"
"ka’aan mopacai, nakai mooravu ku ti’iing.","不會累但是有點餓。","https://klokah.tw/extension/con_data/sound/36/sentence/36c3s5.mp3"
"nipo’ocipi cu ku uru, ’una cu kangvang ’aau, ’akia pa camai.","我已經煮飯了，也有湯，還沒有菜。","https://klokah.tw/extension/con_data/sound/36/sentence/36c3s6.mp3"
"tia nukanmana ’una camai?","要什麼時候有菜呢？","https://klokah.tw/extension/con_data/sound/36/sentence/36c3s7.mp3"
"’acuu arapipiniing cina musu pu’a, ka’aan ku tavarʉ’ʉ tia nukanmana nguain poi’i?","妳媽媽已經出去買了，我不知道她要什麼時候回來？","https://klokah.tw/extension/con_data/sound/36/sentence/36c3s8.mp3"
"’una na pingsiang ucani vutuukuru, tavarʉ’ʉ kara kasu moraan ’ikua po’ocipi?","冰箱裡有一條魚，你可以幫我煮嗎？","https://klokah.tw/extension/con_data/sound/36/sentence/36c3s9.mp3"
"po’ocipin nakui, nakai noo ka’aniin sa’o’o ia, ’akuun kʉcʉ arakuracʉ!","我來煮，但是若不好吃，可不要生氣喔！","https://klokah.tw/extension/con_data/sound/36/sentence/36c3s10.mp3"
"ka’aan ku tia arakuracʉ, noo macuru cu ia, sosomanpe cu kasua.","我不會生氣，只要煮熟了就感謝你了。","https://klokah.tw/extension/con_data/sound/36/sentence/36c3s11.mp3"
"’Avia, niaraciasʉ cu, aramia’a cu.","’Avia，天已經亮了，起床啦。","https://klokah.tw/extension/con_data/sound/36/sentence/36c4s1.mp3"
"cina, mokusaan pipiniing cumacʉ’ʉra, makanaan kakangca soni?","媽媽，請出去外面看看今天的天氣如何？","https://klokah.tw/extension/con_data/sound/36/sentence/36c4s2.mp3"
"cinimʉ’ʉra cu maku, ’una sinaang taniarʉ, nakai ’una kangvang ʉcʉ.","我看過了，有陽光，但是天上也有雲。","https://klokah.tw/extension/con_data/sound/36/sentence/36c4s3.mp3"
"noo makasoin ia, tia kara ’umo’ʉcaan?","如果是那樣會下雨嗎？","https://klokah.tw/extension/con_data/sound/36/sentence/36c4s4.mp3"
"cumacʉ’ʉra ku ia, ka’aan pa tia ’umo’ʉcaan totasiarʉ, manasʉ tia ’umo’ʉcaan noca’aania.","我看上午還不會下雨，下午就有可能下雨。","https://klokah.tw/extension/con_data/sound/36/sentence/36c4s5.mp3"
"uranoo ku mati’araang tarucung nukai tikuru ’ʉcaan.","請幫我準備雨傘或雨衣。","https://klokah.tw/extension/con_data/sound/36/sentence/36c4s6.mp3"
"nipati’araang cu maku, niisʉ’ʉ maku na tarasinʉva, ’akuun roimi mavici.","我已經準備好了，放在窗戶，不要忘記帶。","https://klokah.tw/extension/con_data/sound/36/sentence/36c4s7.mp3"
"’una pa! cumacʉ’ʉra ku tensʉ sinpung makasi, tia ’una kan sooraru ioovutu.","還有，我聽電視新聞說有颱風要來。","https://klokah.tw/extension/con_data/sound/36/sentence/36c4s8.mp3"
"ʉʉ’ʉ, masiiraru mataarava cu ’ituumuru sooraru tamna vuan.","是的，颱風多的月份已經到了。","https://klokah.tw/extension/con_data/sound/36/sentence/36c4s9.mp3"
"noo poi’i ku rovana ia, te ku moraan cuma kumakoru rinu mita.","晚上我回來的時候，要幫爸爸挖我們的水溝。","https://klokah.tw/extension/con_data/sound/36/sentence/36c4s10.mp3"
"mamanʉng! ma’icʉpʉ ku makai miaceen, nimo’aravang sua canumu ’ʉcaan.","很好！我怕像去年一樣，雨水流到室內了。","https://klokah.tw/extension/con_data/sound/36/sentence/36c4s11.mp3"
"kana’ua, upeen vuan? upeen taniara soni?","姊姊，今天是幾月幾日？","https://klokah.tw/extension/con_data/sound/36/sentence/36c5s1.mp3"
"kompa! cʉ’ʉrʉʉn nakui, soni ia kanʉmʉ vuan, urima taniara.","等一下，我來看看，今天是6月5日。","https://klokah.tw/extension/con_data/sound/36/sentence/36c5s2.mp3"
"makasoin ia, tarasangara upeen soni?","那麼今天是星期幾呢？","https://klokah.tw/extension/con_data/sound/36/sentence/36c5s3.mp3"
"soni ia tarasangara unʉmʉ.","今天是星期六。","https://klokah.tw/extension/con_data/sound/36/sentence/36c5s4.mp3"
"putu’ʉnʉvʉ kara iuci noo tarasangara unʉmʉ?","星期六郵局有開嗎？","https://klokah.tw/extension/con_data/sound/36/sentence/36c5s5.mp3"
"’aveen, nakai, ’inmaamia totasiarʉ, aranai aru mataarava maan urucin takananga.","有，但是只有早上開，從8點到12點。","https://klokah.tw/extension/con_data/sound/36/sentence/36c5s6.mp3"
"upeen cu takananga masiin?","現在幾點了？","https://klokah.tw/extension/con_data/sound/36/sentence/36c5s7.mp3"
"masiin ia, maan ucani takananga, masʉpatʉʉn sisʉpʉrʉ.","現在是11點40分。","https://klokah.tw/extension/con_data/sound/36/sentence/36c5s8.mp3"
"monasʉ kara takananga pituka musu?","你的錶走得準嗎？","https://klokah.tw/extension/con_data/sound/36/sentence/36c5s9.mp3"
"mara’an maan sisʉpʉrʉ, cucuru takananga masiin ia, maan ucani namasʉ.","快10分鐘，正確時間是11點半。","https://klokah.tw/extension/con_data/sound/36/sentence/36c5s10.mp3"
"mama’ari pa! ’una pa ku matuun sisʉpʉrʉ, tavarʉ’ʉ ’apucaan tingami.","還好！我還有30分鐘可以去寄信。","https://klokah.tw/extension/con_data/sound/36/sentence/36c5s11.mp3"
"pakavura kasu! te pa kasu arapana’ʉ mookusa na iuci.","你動作要快！你還要用跑的去郵局。","https://klokah.tw/extension/con_data/sound/36/sentence/36c5s12.mp3"
"Pori, nimookusa cu kara kasu ’Arisaan?","Pori，你去過阿里山嗎？","https://klokah.tw/extension/con_data/sound/36/sentence/36c6s1.mp3"
"’aveen, nimookusa kim ’inia miaceen cani pininga.","有，去年我們一家人去過。","https://klokah.tw/extension/con_data/sound/36/sentence/36c6s2.mp3"
"aranai Namaasia tia mookusa ’Arisaan, upeen cacaan tavarʉ’ʉn makacʉkʉna ’inia?","從那瑪夏要去阿里山，有幾條路可以抵達那裡？","https://klokah.tw/extension/con_data/sound/36/sentence/36c6s3.mp3"
"ucani cacaan ia, maica Kasanpo, ’icing, Cia’i, mookusa ’Arisaan. ucani ia, maica Tana’iku mookusa ’Arisaan.","一條道路是經過甲仙、玉井、嘉義，到阿里山。一條是經過達那伊谷到阿里山。","https://klokah.tw/extension/con_data/sound/36/sentence/36c6s4.mp3"
"urucin cacaan isi, ’esi naan mamanʉng tapaicʉʉn?","這兩條路哪一條好走？","https://klokah.tw/extension/con_data/sound/36/sentence/36c6s5.mp3"
"sua maica Kasanpo ia, mamanʉng cacaan, tamakaa kangvang, nakai makaa araceen. sua maica Tana’iku ia, makaa aka cacaan, nakai makaa aracan.","通過甲仙的路況比較好，都是柏油路，但是比較遠。通過達那伊谷的路況比較差，但是比較近。","https://klokah.tw/extension/con_data/sound/36/sentence/36c6s6.mp3"
"miaa mookusa kamu ’Arisaan miaceen ia, nimaica kamu naan?","去年你們去阿里山的時候，走哪條路？","https://klokah.tw/extension/con_data/sound/36/sentence/36c6s7.mp3"
"nimaica kim Tana’iku.","我們是通過達那伊谷的。","https://klokah.tw/extension/con_data/sound/36/sentence/36c6s8.mp3"
"sosomanpe kasua, ’una pa kara cucumeen tia paramia’ʉ ’ikua?","感謝你，還有別的要提醒我的嗎？","https://klokah.tw/extension/con_data/sound/36/sentence/36c6s9.mp3"
"avara’e maica naan, matangiria! ’una vatu matapari’i.","不管走哪裡，都要注意有落石。","https://klokah.tw/extension/con_data/sound/36/sentence/36c6s10.mp3"
"te maku tuturuun, cuma mataa cina maku kari musu.","你說的話我會告訴父母親。","https://klokah.tw/extension/con_data/sound/36/sentence/36c6s11.mp3"
"te ku pu’a tavoo, vutuukuru mataa ’araam.","我要買蔬菜類、魚和肉類。","https://klokah.tw/extension/con_data/sound/36/sentence/36c7s1.mp3"
"’ituumuru neevici maku soni, mata’ʉ kavangvang, takacicinia cumacʉ’ʉra.","我今天帶了很多，都是新鮮的，請自己看。","https://klokah.tw/extension/con_data/sound/36/sentence/36c7s2.mp3"
"tuturoo ku, neen nganai vutuukuru urucin isi?","請告訴這兩條魚怎麼稱呼？","https://klokah.tw/extension/con_data/sound/36/sentence/36c7s3.mp3"
"kari masii Naksa-iana, sua isi ia “ ’ukuo-i ”, sua isa ia “ sʉmu-i ”.","中文的說法，這條魚叫「吳郭魚」，那條稱「虱目魚」。","https://klokah.tw/extension/con_data/sound/36/sentence/36c7s4.mp3"
"tuturoo ku ’ai’iin?","請告訴我牠們的價錢。","https://klokah.tw/extension/con_data/sound/36/sentence/36c7s5.mp3"
"sua ukuo-i ia, tia mapituun vaantuku. sʉmu-i ia makaa rangrang masiin, tia masiʉn vaantuku.","吳郭魚70元，虱目魚現在比較貴，要90元。","https://klokah.tw/extension/con_data/sound/36/sentence/36c7s6.mp3"
"tuturoo pa ku, neneen sua ’araam isi?","請再告訴我這些是什麼肉？","https://klokah.tw/extension/con_data/sound/36/sentence/36c7s7.mp3"
"sua ma’angiirisi isa ia, ’araam tutui, sua makaa tatia isa ia, ’araam karavung, sua na ramucu maku ia, ’araam takuisi.","那個肥的是豬肉，比較大的那個是牛肉，我手上的是羊肉。","https://klokah.tw/extension/con_data/sound/36/sentence/36c7s8.mp3"
"te ku pu’a cani tingting ’araam tutui, ucani sʉmu-i, kangangaan tia upeen vaantuku?","我要買一公斤的豬肉，一條虱目魚，總共要多少錢？","https://klokah.tw/extension/con_data/sound/36/sentence/36c7s9.mp3"
"kangangaan, tia cani mʉna manʉmʉn urima vaantuku.","總共要165元。","https://klokah.tw/extension/con_data/sound/36/sentence/36c7s10.mp3"
"sʉpʉroo pa vaantuku isi, musutampʉ kara?","這些錢數數看，足夠嗎？","https://klokah.tw/extension/con_data/sound/36/sentence/36c7s11.mp3"
"te pa ku pirai’i kasua urima kinparaa.","我還要歸還給妳五個銅板。","https://klokah.tw/extension/con_data/sound/36/sentence/36c7s12.mp3"
"’Akuan, nura ia, tarasangara taniara, tia kara kasu mookusa naan?","’Akuan，明天是假日，妳要去哪裡嗎？","https://klokah.tw/extension/con_data/sound/36/sentence/36c8s1.mp3"
"ka’aan pa ku tavarʉ’ʉ, te pa motanasa kesoni mamarang maku. ’una vanai? miseen tia kesoni isi?","我還不知道，還要回家問父母。有原因嗎？妳為什麼問這？","https://klokah.tw/extension/con_data/sound/36/sentence/36c8s2.mp3"
"’una niaranai na Tainan tangria maku, tia ioovutu rovana nura, tia kara kasu tavarʉ’ʉ arakukun kooravi?","我有來自台南的的朋友，明天晚上要來，妳可以來一起晚餐嗎？","https://klokah.tw/extension/con_data/sound/36/sentence/36c8s3.mp3"
"papeen nguani tia ioovutu?","他們幾位要來？","https://klokah.tw/extension/con_data/sound/36/sentence/36c8s4.mp3"
"taturu nguani, sasaronai tassa, nanakʉ taciin, aracan kavangvang cenana mita.","他們三位，兩位男生，一位女生，我們的年齡都很接近。","https://klokah.tw/extension/con_data/sound/36/sentence/36c8s5.mp3"
"koo pa kasu tumatuuturu ’ikia, tia moon naan kongangaan?","你還沒有告訴我要在那哪裡聚餐？","https://klokah.tw/extension/con_data/sound/36/sentence/36c8s6.mp3"
"tia moon na tanasa maku, te ku takacicin pu’a camai.","要在我家，我要自己買菜。","https://klokah.tw/extension/con_data/sound/36/sentence/36c8s7.mp3"
"makai tia mamanʉng sima’ʉn, pakituruiin mamarang maku ia, te ku makacang paritangsua kasua.","好像會很好玩，我父母答應的話，會很快打電話給妳。","https://klokah.tw/extension/con_data/sound/36/sentence/36c8s8.mp3"
"miseen kasu koo ioovutu meroovana?","妳昨天晚上怎麼沒來？","https://klokah.tw/extension/con_data/sound/36/sentence/36c8s9.mp3"
"ka’aan pakiituru mamarang maku, ’aparapining ’ikua.","我父母不同意讓我出門。","https://klokah.tw/extension/con_data/sound/36/sentence/36c8s10.mp3"
"noo paritaangsua kasu tumatuuturu ’ikua ia, ka’aan ku tia arakuracʉ.","如果你打電話通知，我就不會生氣了。","https://klokah.tw/extension/con_data/sound/36/sentence/36c8s11.mp3"
"cucuru iku nipaamuci, mareen, musu’ʉvʉ kasua!","的確是我錯了，不好意思，向妳致歉！","https://klokah.tw/extension/con_data/sound/36/sentence/36c8s12.mp3"
"’Apio, muru’ʉ’ʉ ku kasua, monasʉ kasu masii Kanakanavu.","’Apio，我很羨慕你說的卡那卡那富語很準確。","https://klokah.tw/extension/con_data/sound/36/sentence/36c9s1.mp3"
"’esi kasu mareen! namune’e muru’ʉ’ʉ ’ikua, noo kipaatʉsʉ kasu ketuuturu ia, te kasu makisavaang ’ikua.","你客氣了，不必羨慕我，你若努力學習，會超越我的。","https://klokah.tw/extension/con_data/sound/36/sentence/36c9s2.mp3"
"miaa campe ia, makanaan kasu ketuuturu?","剛開始的時候，你是怎樣學習的？","https://klokah.tw/extension/con_data/sound/36/sentence/36c9s3.mp3"
"’una pa mamarang maku, tavarʉ’ʉ pa masii Kanakanavu.","我的長輩們還有會說卡那卡那富語的。","https://klokah.tw/extension/con_data/sound/36/sentence/36c9s4.mp3"
"paira kara nguani masii Kanakanvu?","他們經常說卡那卡那富語嗎？","https://klokah.tw/extension/con_data/sound/36/sentence/36c9s5.mp3"
"ka’aan, nakai noo makariin nguani ia, mon cu ku ’inia maucʉng tumatimana.","不常，但是他們若在說，我就在那裡安靜的聽。","https://klokah.tw/extension/con_data/sound/36/sentence/36c9s6.mp3"
"miseen kasu tavarʉ’ʉ sumasʉpʉrʉ mataa marisinatʉ sinatʉ Kanakanavu?","你為什麼會唸、會書寫卡那卡那富的文字？","https://klokah.tw/extension/con_data/sound/36/sentence/36c9s7.mp3"
"Mu’u takituturua ’esi tumatuuturu kimia.","是Mu’u老師在教我們。","https://klokah.tw/extension/con_data/sound/36/sentence/36c9s8.mp3"
"maatʉa kara sinatʉ mita mataa ’Amirika?","我們的文字跟英文一樣嗎？","https://klokah.tw/extension/con_data/sound/36/sentence/36c9s9.mp3"
"tecu maatʉa sua capain, nakai ’una karanana sua siasʉpʉrʉ.","文字很相像，但是唸法有不同。","https://klokah.tw/extension/con_data/sound/36/sentence/36c9s10.mp3"
"nuari, noo ’uneen ka’aan tavarʉ’ʉn maku ia, tavarʉ’ʉ kara ku kesoni kasua?","將來若有我不懂的，我可以請教你嗎？","https://klokah.tw/extension/con_data/sound/36/sentence/36c9s11.mp3"
"’akuun mareen, arakukun kita kipaatʉsʉ.","不要客氣，我們一起努力。","https://klokah.tw/extension/con_data/sound/36/sentence/36c9s12.mp3"
"Pi’i kana’ua, nura ia, makai cina tamna nikamanmanua taniara.","Pi’i姊姊，媽媽的生日好像是明天。","https://klokah.tw/extension/con_data/sound/36/sentence/36c10s1.mp3"
"’aa! ʉ’ava! natecu ku roimi.","啊！是啊！我差一點忘了。","https://klokah.tw/extension/con_data/sound/36/sentence/36c10s2.mp3"
"’akia vaantuku maku, te kita makanaan kaisisi ’inia?","我沒錢，我們要怎樣慶祝她呢？","https://klokah.tw/extension/con_data/sound/36/sentence/36c10s3.mp3"
"makenaan, ’esi cu ku putukikio parivaantuku, nimosʉ’ʉ ku ti’ing.","沒關係，我已經工作賺錢了，有存一點。","https://klokah.tw/extension/con_data/sound/36/sentence/36c10s4.mp3"
"makasoin ia, ikasu mati’araang tia seevua, iku marisiki tanasa nura.","那麼請你準備禮物，明天我來打掃家裡。","https://klokah.tw/extension/con_data/sound/36/sentence/36c10s5.mp3"
"cina, soni ia, ikasu tamna nikamanmanua taniara, sua isi ia, tia seevua kasua nonoman.","媽媽，今天是你的生日，這是給你的禮物。","https://klokah.tw/extension/con_data/sound/36/sentence/36c10s6.mp3"
"cina, ’apaco’e ’akia seevua maku kasua, nakai matimanʉʉng ku soni marisiki tanasa.","媽媽，雖然我沒有禮物給妳，但是我今天好好的打掃家裡。","https://klokah.tw/extension/con_data/sound/36/sentence/36c10s7.mp3"
"cucuru kamu ’apacangcangarʉ ’ikua, te cu ku musu’ʉsʉʉ’ʉsʉ masiin.","你們真是讓我高興，我現在要掉眼淚了。","https://klokah.tw/extension/con_data/sound/36/sentence/36c10s8.mp3"
"’apaco’e ka’an iku kaisisiamu, nakai macangcangarʉ ku kangvang.","雖然你們慶祝的不是我，但是我也很高興。","https://klokah.tw/extension/con_data/sound/36/sentence/36c10s9.mp3"
"cii! pingangaan kita paracani, nikamanmanua tamna cani.","來！我們一起唱生日的歌。","https://klokah.tw/extension/con_data/sound/36/sentence/36c10s10.mp3"
"papeen kinvavara musu?","你有幾個兄弟姊妹？","https://klokah.tw/extension/con_data/sound/36/sentence/36c11s1.mp3"
"’una ku taciin kanaa’ua saronai, taciin kanaarua saronai, mataa taciin kanaarua nanakʉ.","我有一個哥哥、一個弟弟和一個妹妹。","https://klokah.tw/extension/con_data/sound/36/sentence/36c11s2.mp3"
"neen putukikioa kinvavara musu?","你的兄弟姊妹從事什麼工作？","https://klokah.tw/extension/con_data/sound/36/sentence/36c11s3.mp3"
"sua kanaa’ua saronai ia, cau moo’uma. kanaarua saronai ia, ’esi mati’araang tia sikiing. kanaarua nanakʉ ia, ’esi ketuuturu kamanʉʉng mienpau.","哥哥是農人。弟弟在準備考試。妹妹在學習製作麵包。","https://klokah.tw/extension/con_data/sound/36/sentence/36c11s4.mp3"
"parʉʉ’ʉna kita kangvang cani pininga musu?","我們也聊聊你的家庭?","https://klokah.tw/extension/con_data/sound/36/sentence/36c11s5.mp3"
"nimu’urucaang cu ku.","我已經結婚了。","https://klokah.tw/extension/con_data/sound/36/sentence/36c11s6.mp3"
"nimiikia kamu kinarʉ’ʉvʉ patarakanaang?","你們夫妻是怎麼認識的？","https://klokah.tw/extension/con_data/sound/36/sentence/36c11s7.mp3"
"’ucaang maku ia, kʉkʉnang maku miaa taasie.","丈夫是我大學的同學。","https://klokah.tw/extension/con_data/sound/36/sentence/36c11s8.mp3"
"neen kamanʉngeen masiin?","他現在做什麼？","https://klokah.tw/extension/con_data/sound/36/sentence/36c11s9.mp3"
"nguain ia komo-ien, pomanʉʉng ku putukikioin.","他是公務員，我很滿意他的職業。","https://klokah.tw/extension/con_data/sound/36/sentence/36c11s10.mp3"
"’una cu kara kamu manu masiin?","你們現在有小孩了嗎？","https://klokah.tw/extension/con_data/sound/36/sentence/36c11s11.mp3"
"’una taciin manu saronai, uturu cenana masiin.","有一位男孩，三歲了。","https://klokah.tw/extension/con_data/sound/36/sentence/36c11s12.mp3"
"neen kamanʉnga kana’ua saronai musu?","你哥哥是做什麼的？","https://klokah.tw/extension/con_data/sound/36/sentence/36c12s1.mp3"
"tassa kanaa’ua maku, saronai mataa nanakʉ, ’inanuin kisaa musu?","我有兩位兄長，哥哥和姐姐(男的和女的)，你說的是哪位？","https://klokah.tw/extension/con_data/sound/36/sentence/36c12s2.mp3"
"kanaa’ua saronai musu, kesonia maku.","我問的是你哥哥。","https://klokah.tw/extension/con_data/sound/36/sentence/36c12s3.mp3"
"kesacu putukikioin.","他的職業是警察。","https://klokah.tw/extension/con_data/sound/36/sentence/36c12s4.mp3"
"’esi naan nguain tamna to’onaa putukikio masiin?","他工作的場所現在在什麼地方？","https://klokah.tw/extension/con_data/sound/36/sentence/36c12s5.mp3"
"’esi Namaasia mita isi.","就在我們那瑪夏區這裡。","https://klokah.tw/extension/con_data/sound/36/sentence/36c12s6.mp3"
"makanaan nguain poiisua putukikioin, mopacai kara?","他怎樣評論他的工作？會累嗎？","https://klokah.tw/extension/con_data/sound/36/sentence/36c12s7.mp3"
"’apanapa mopacai misee, nakai, paira ku cumacʉ’ʉra ’inia maraa mamumuarʉ.","有時候聽他說很累，但是我看多數時間很悠閒。","https://klokah.tw/extension/con_data/sound/36/sentence/36c12s8.mp3"
"upeen kusai areen vaantuku, ucani vuan?","不知道他一個月的薪水多少？","https://klokah.tw/extension/con_data/sound/36/sentence/36c12s9.mp3"
"ka’aan ku tavarʉ’ʉ, manasʉ musutampʉ, sii, paira ku cumacʉ’ʉra capain macangcangarʉ.","我不知道，應該是足夠的，因為我常看到他的表情很快樂。","https://klokah.tw/extension/con_data/sound/36/sentence/36c12s10.mp3"
"makai ’una kasu cʉpʉʉng tia toiisua kesacu, kesoni isi?","好像你有心想當警察，問這些？","https://klokah.tw/extension/con_data/sound/36/sentence/36c12s11.mp3"
"ʉʉ’ʉ, cucuru ku ’una makasua cʉpʉʉng.","是的，我的確有那樣的想法。","https://klokah.tw/extension/con_data/sound/36/sentence/36c12s12.mp3"
"tupuurua! miaranau cu kasu koo ioovutu, papeen kamu soni?","請坐！你已經很久沒來了，今天有幾位？","https://klokah.tw/extension/con_data/sound/36/sentence/36c13s1.mp3"
"sosomanpe! maraa kacaua kim soni, ’una maan urucin cau.","感謝！我們今天人比較多，有十二位。","https://klokah.tw/extension/con_data/sound/36/sentence/36c13s2.mp3"
"makasoin ia, te kamu makanaan tupuru? tia kara ucani pangka, nukai urucin pangka?","那麼你們要怎麼坐呢？是要一桌還是兩桌？","https://klokah.tw/extension/con_data/sound/36/sentence/36c13s3.mp3"
"noo uruciniin pangka ia, maraa ka’aan mamanʉng parʉʉ’ʉna, ucanioo pangka kʉcʉ!","如果是兩張桌子，比較不好聊天，一張桌子好了。","https://klokah.tw/extension/con_data/sound/36/sentence/36c13s4.mp3"
"tupurua pa cumacʉ’ʉra sinatʉ camai, tuturoo ku neen tia kʉnamu nusoon.","請先坐著看菜單，要吃什麼？待會兒再告訴我。","https://klokah.tw/extension/con_data/sound/36/sentence/36c13s5.mp3"
"paira ku ioovutu nesi, tavarʉ’ʉ ku neneen sa’o’o camai musu.","我經常來這裡，我知道你有哪些好吃的菜。","https://klokah.tw/extension/con_data/sound/36/sentence/36c13s6.mp3"
"urucin vutuukuru, tia pari-onʉn, ’araam karavung, mataa ’araam tutui, usʉʉpatʉ tacamara tavoo.","兩條魚，請用蒸的、牛肉和豬肉、四盤疏果類。","https://klokah.tw/extension/con_data/sound/36/sentence/36c13s7.mp3"
"kacaua kamu, manasʉ ka’aan pa tia musutampʉ isi.","你們人多，這些可能還不夠。","https://klokah.tw/extension/con_data/sound/36/sentence/36c13s8.mp3"
"makenaan! mo’uru’urua mova kimia isi, noo ka’aniin musutampʉ ia, te kim tumatuuturu kasua.","沒關係！先給我們這些，若不夠，我們會告訴你。","https://klokah.tw/extension/con_data/sound/36/sentence/36c13s9.mp3"
"kumakʉʉn kara kamu tasiin?","你們有吃辣的嗎？","https://klokah.tw/extension/con_data/sound/36/sentence/36c13s10.mp3"
"sua ’araam ia, ʉsʉ’o ti’iing maanman, ’akun ʉsʉ’ʉn cucumeen.","肉類的放一點辣椒，別的不要放。","https://klokah.tw/extension/con_data/sound/36/sentence/36c13s11.mp3"
"Pusinga, makanaan kasu mookusa tarisinata tantanniara?","Pusinga，你每天怎樣上學？","https://klokah.tw/extension/con_data/sound/36/sentence/36c14s1.mp3"
"miaa ’esi pa “ Minsʉng kuosiau ” ia, mocaca, masiin ’esi cu “ Namaasia kuocung ”, toopuru pasu.","還在民生國小的時候，走路，現在在那瑪夏國中，坐公車。","https://klokah.tw/extension/con_data/sound/36/sentence/36c14s2.mp3"
"neneen kamanʉngamu, na tisikara pasu?","你們在公車裡面作些什麼事？","https://klokah.tw/extension/con_data/sound/36/sentence/36c14s3.mp3"
"’una si’icʉpʉ, ’una cumacʉ’ʉra sinatʉ, ’una kangvang ’esi sumasima’ʉ.","有人睡覺、有人看書、也有人在玩耍。","https://klokah.tw/extension/con_data/sound/36/sentence/36c14s4.mp3"
"makai macangcangarʉ kavangvang kamu toopuru pasu.","你們坐公車好像都很快樂。","https://klokah.tw/extension/con_data/sound/36/sentence/36c14s5.mp3"
"’una kacangcangara, nakai, ’una kangvang muru’inasʉ.","有值得快樂的，但是也有困擾的。","https://klokah.tw/extension/con_data/sound/36/sentence/36c14s6.mp3"
"avara’e macici taniara, nukai ’umo’ʉcaan, tia mon pininga kavangvang mariitarʉ pasu.","不論熱天或下雨，都要在外頭等車。","https://klokah.tw/extension/con_data/sound/36/sentence/36c14s7.mp3"
"tantanniara kara kasu, kisaapatʉ moopara pasu?","你每天都趕得上公車嗎？","https://klokah.tw/extension/con_data/sound/36/sentence/36c14s8.mp3"
"ka’aan cu ku makaan maa, koo kisaapatʉ pasu, masiiraru, te pa mo’uruu’uru kuracʉn mamarang, tumatacucu cu ’ikua.","我已經不只一次沒趕上公車了，當然先會被父母罵再送我。","https://klokah.tw/extension/con_data/sound/36/sentence/36c14s9.mp3"
"makasuava! sua cʉpʉʉng maku ia, tantanniara kamu macangcangarʉ toopuru pasu!","原來是那樣，我以為你們每天都很快樂的坐公車呢！","https://klokah.tw/extension/con_data/sound/36/sentence/36c14s10.mp3"
"Kuatʉ, te cu upitu takananga, miseen ka’aan pa kasu aramia’ʉ?","Kuatʉ，快七點了，你怎麼還不起床呢？","https://klokah.tw/extension/con_data/sound/36/sentence/36c15s1.mp3"
"ci...ci...cina, ivataan, ’esi ku muru’inasʉ!","媽…媽…媽媽，請過來看看，我很痛苦！","https://klokah.tw/extension/con_data/sound/36/sentence/36c15s2.mp3"
"Kuatʉ, aka capai musu cʉ’ʉrʉʉn, ’esi naan musukʉʉm?","Kuatʉ，你的樣子很不好看，哪裡痛？","https://klokah.tw/extension/con_data/sound/36/sentence/36c15s3.mp3"
"manasʉ ’una aka nikʉna maku, musukʉʉm curu vʉcʉkʉ maku.","我可能吃了不好的東西，肚子非常痛。","https://klokah.tw/extension/con_data/sound/36/sentence/36c15s4.mp3"
"nimuta’i kara kasu vʉrʉʉngana?","你夜裡有解大便嗎？","https://klokah.tw/extension/con_data/sound/36/sentence/36c15s5.mp3"
"nimookusa ku cikiiringa, nakai ’akia ta’i arapipining.","我去過廁所，但是沒有解出糞便。","https://klokah.tw/extension/con_data/sound/36/sentence/36c15s6.mp3"
"sumasupina matikuru, te ku mavici kasua mookusa tapasavuana.","忍著，穿衣服，我要帶妳去醫院。","https://klokah.tw/extension/con_data/sound/36/sentence/36c15s7.mp3"
"te cu makanaan? ka’aan cu ku tavarʉ’ʉ mookusa tarisinata soni?","怎麼辦？我今天不能去學校了。","https://klokah.tw/extension/con_data/sound/36/sentence/36c15s8.mp3"
"namune’e aka cʉpʉʉng, te ku paritaangsua na takituturua musu.","不用擔心，我會打電話給你們老師。","https://klokah.tw/extension/con_data/sound/36/sentence/36c15s9.mp3"
"cina, mareen ku, te cu kasu mopacai meecara ’ikua.","媽媽，不好意思，你又要很辛苦的照顧我了。","https://klokah.tw/extension/con_data/sound/36/sentence/36c15s10.mp3"
"Mu’u takituturua, musukʉʉm manu maku Kuatʉ, ka’aan tavarʉ’ʉ mookusa tarisinata soni.","Mu’u老師，我的小孩Kuatʉ生病了，今天不能去學校。","https://klokah.tw/extension/con_data/sound/36/sentence/36c15s11.mp3"
"cina, niruiri cu ku, avicoo cu ku mookusa tapasavuana.","媽媽，我換好衣服了，請帶我去醫院。","https://klokah.tw/extension/con_data/sound/36/sentence/36c15s12.mp3"
"ue! sua iku ia Kini, ’esi kara suan Kiua?","喂！我是Kini。請問Kiua在嗎？","https://klokah.tw/extension/con_data/sound/36/sentence/36c16s1.mp3"
"’akia na to’onain masiin, ’esi makariikari nguani.","現在不在位置上，她們在開會。","https://klokah.tw/extension/con_data/sound/36/sentence/36c16s2.mp3"
"tavarʉ’ʉ kara kasu, moraan ’ikua ’apute’i kari?","你可以幫我留言嗎？","https://klokah.tw/extension/con_data/sound/36/sentence/36c16s3.mp3"
"tavarʉ’ʉ, tuturoo ku neen tia kari musu ’inia?","可以，請告訴我，妳要跟她說什麼？","https://klokah.tw/extension/con_data/sound/36/sentence/36c16s4.mp3"
"sua iku ia “ Namaasia kuocung ” tamna takituturua, Kini nganai maku, noo poi’i cu nguain ia, paritaangsua na ’ikua kisoo.","我是「那瑪夏」國中的老師，名叫Kini，請跟她說回來的時候打電話給我。","https://klokah.tw/extension/con_data/sound/36/sentence/36c16s5.mp3"
"ʉʉ’ʉ, te maku tuturuun.","好的，我會告訴她。","https://klokah.tw/extension/con_data/sound/36/sentence/36c16s6.mp3"
"ue! sua neesua ia “ Kanakanavu siehue ”  kara?","喂！請問妳那裡是「卡那卡那富協會」嗎？","https://klokah.tw/extension/con_data/sound/36/sentence/36c16s7.mp3"
"ʉʉ’ʉ, nesi ia Kanakanavu siehue.","是的，這裡是卡那卡那富協會。","https://klokah.tw/extension/con_data/sound/36/sentence/36c16s8.mp3"
"tia mon nesi nura cau Kanakanavu, arumuan masii Kanakanavu, ’una kara kamu tia matipa?","明天卡那卡那富人要在這裡說族語比賽，妳們有人要參加嗎？","https://klokah.tw/extension/con_data/sound/36/sentence/36c16s9.mp3"
"tavarʉ’ʉ kim ’una arumuan isi, sasia kim tia matipa.","我們知道有這項比賽，我們有九位要參加。","https://klokah.tw/extension/con_data/sound/36/sentence/36c16s10.mp3"
"tia matiananai na totasiarʉ aru namasʉ takananga, ’akunne’e ’apaca’ivi takananga.","明天上午八點半開始，請不要遲到。","https://klokah.tw/extension/con_data/sound/36/sentence/36c16s11.mp3"
"cina, neen tia kʉna mita rovana?","媽媽，我們晚上要吃什麼？","https://klokah.tw/extension/con_data/sound/36/sentence/36c17s1.mp3"
"koo pa ku mati’araang, neen ’esi pacʉpʉnga tia kʉna musu?","我還沒準備，那妳想吃什麼呢？","https://klokah.tw/extension/con_data/sound/36/sentence/36c17s2.mp3"
"’esi ku pacʉpʉʉng, kamʉcʉ kumakʉʉn uru mavaru.","我想要吃稀飯。","https://klokah.tw/extension/con_data/sound/36/sentence/36c17s3.mp3"
"miana mamarang mita ia, cau musukʉʉm sua kumakʉʉn uru mavaru, mamanʉng tina’an maku masiin, ka’aan ku kumakʉʉn uru mavaru.","以前我們老人家，生病的人才吃稀飯，我現在身體很好，不吃稀飯。","https://klokah.tw/extension/con_data/sound/36/sentence/36c17s4.mp3"
"cuma, ka’aan cu miana masiin, pati’ʉnʉ’ʉnoo cʉpʉʉng musu.","爸爸，現在不是以前了，你的觀念要改變。","https://klokah.tw/extension/con_data/sound/36/sentence/36c17s5.mp3"
"makanaan ikasu Pani?","Pani，那你呢？","https://klokah.tw/extension/con_data/sound/36/sentence/36c17s6.mp3"
"noo kumakʉʉn ku uru mavaru ia, makai mavuuca’ʉ tina’an, te ku kumakʉʉn “ maitangrau ”.","我若吃稀飯，身體好像軟軟的，我要吃「麥當勞」。","https://klokah.tw/extension/con_data/sound/36/sentence/36c17s7.mp3"
"taturu kamu, uturu karanana tia kʉnamu koravi.","你們三位要吃三種不同的晚餐。","https://klokah.tw/extension/con_data/sound/36/sentence/36c17s8.mp3"
"matangiria! te cu arakuracʉ cinamu.","當心！你們母親要生氣了喔。","https://klokah.tw/extension/con_data/sound/36/sentence/36c17s9.mp3"
"arakuraciin cina ia, ’akia cu tia kʉna mita.","媽媽若生氣，我們就沒得吃了。","https://klokah.tw/extension/con_data/sound/36/sentence/36c17s10.mp3"
"makaasia kʉcʉ! takacicinia kamu kamanʉʉng tia kʉnamu, nukai, neen kamanʉnga maku ia, iisua tia kʉnamu.","這樣好了，你們自己做自己要吃的。或者，我煮什麼，你們就吃什麼？","https://klokah.tw/extension/con_data/sound/36/sentence/36c17s11.mp3"
"ikasu maraa tatia, tumatimana kim kari musu.","妳比較大，我們聽妳的。","https://klokah.tw/extension/con_data/sound/36/sentence/36c17s12.mp3"
"pokarikarian! neen tia putukikioa musu nuari.","說說看！妳將來想從事什麼工作？","https://klokah.tw/extension/con_data/sound/36/sentence/36c18s1.mp3"
"arasurumo kasu kesoni isi, ka’aan ku tavarʉ’ʉ, tia makanaan mariivari? masi’uru’uruan iikasu.","你突然問這個，我不知道要怎樣回答？請你先說說看。","https://klokah.tw/extension/con_data/sound/36/sentence/36c18s2.mp3"
"’ituumuru masiin pacʉpʉnga tia putukikioa, mati-ucani ia, toiisua kesacu.","想要從事的工作,現在想的很多，第一個是當警察。","https://klokah.tw/extension/con_data/sound/36/sentence/36c18s3.mp3"
"musutampʉ kasu toiisua kesacu, sii, mamanʉng tina’an musu. makasoin ia, te ku toiisua siauvang-ien.","你適合當警察，因為你的身體很好。那樣的話，我想當消防員。","https://klokah.tw/extension/con_data/sound/36/sentence/36c18s4.mp3"
"ka’aan mane’e putukikioa iisua! tia kara kasu tavarʉ’ʉ?","那個工作不輕鬆喔！妳可以嗎？","https://klokah.tw/extension/con_data/sound/36/sentence/36c18s5.mp3"
"’akuni suakaka ikim naannakʉ, kacaua cu naannakʉ toiisua siauvang-ien.","不要看不起我們女生，已經有很多女生做消防員了。","https://klokah.tw/extension/con_data/sound/36/sentence/36c18s6.mp3"
"maticusa pacʉpʉnga putukikioa ia, toiisua kangkohu.","第二個想從事的工作是當護士。","https://klokah.tw/extension/con_data/sound/36/sentence/36c18s7.mp3"
"parakicacʉ kasu ’ikua! saronai kasu, miseen tia toiisua kangkohu?","你讓我很驚訝！你是男生，怎麼想當護士？","https://klokah.tw/extension/con_data/sound/36/sentence/36c18s8.mp3"
"tatia saronai tamna ’iintasʉ, pusu’aniin cau musukʉʉm ia, te kim savai kamua naannakʉ.","男生的力氣大，若要搬動病患，我們會勝過妳們女生。","https://klokah.tw/extension/con_data/sound/36/sentence/36c18s9.mp3"
"putucaau ku cʉpʉʉng musu. noo toiisua ku kari Kanakanavu tamna takituturua ia, te kasu ’amuseen?","我尊重你的想法。如果我從事卡那卡那富語的老師，你會怎麼說呢？","https://klokah.tw/extension/con_data/sound/36/sentence/36c18s10.mp3"
"te ku makacapʉʉcapʉ ramucu, nakai, te pa kasu kipaatʉsʉ ketuuturu kari Kanakanavu.","我要鼓掌，但是妳還要努力學習卡那卡那富語。","https://klokah.tw/extension/con_data/sound/36/sentence/36c18s11.mp3"
"tia kara makacʉkʉna cʉpʉʉng mita? ’ituumuru pa tia kipatʉsaa.","會不會達成我們的願望？要努力的還很多。","https://klokah.tw/extension/con_data/sound/36/sentence/36c18s12.mp3"
"tavarʉ’ʉ kara kasu, neen kanaasia masiin?","妳知道現在是什麼季節嗎？","https://klokah.tw/extension/con_data/sound/36/sentence/36c19s1.mp3"
"masiin ia kanaamara.","現在是秋天。","https://klokah.tw/extension/con_data/sound/36/sentence/36c19s2.mp3"
"miseen kasu tavarʉ’ʉ masiin ia kanaamara?","妳怎麼知道現在是秋天？","https://klokah.tw/extension/con_data/sound/36/sentence/36c19s3.mp3"
"cʉ’ʉroon! ranʉʉng karu ’ituumuru niaramariinguna, ’ituumuru matapari’i.","妳看！樹葉很多變乾，很多掉落。","https://klokah.tw/extension/con_data/sound/36/sentence/36c19s4.mp3"
"noo mataca’ivi cu kanaamara ia, te cu kana’amisan.","秋天過了之後，就要冬天了。","https://klokah.tw/extension/con_data/sound/36/sentence/36c19s5.mp3"
"usʉʉpatʉ kanaasia, ’inanuin ka’anmana musu?","四個季節，妳喜歡哪一個？","https://klokah.tw/extension/con_data/sound/36/sentence/36c19s6.mp3"
"ka’aan ku puaka kana’amisan, nakai, makaa manmaan ku kana’iara, ka’aan makuung, ka’an macici.","我不討厭冬天，但是我比較喜歡春天，不冷不熱。","https://klokah.tw/extension/con_data/sound/36/sentence/36c19s7.mp3"
"maatʉa cʉpʉʉng mita, macici curu taniarʉ kana’ʉcana, muruvuarʉ kavangvang arapipining.","我們的想法一樣，夏天太陽太熱了，都懶得出門。","https://klokah.tw/extension/con_data/sound/36/sentence/36c19s8.mp3"
"’una pa, pacʉpʉcʉpʉngʉn maku minko masiʉn aru cenana, sooraru “ morakʉ ” tatia curu meesua ’ʉcaan.","還有，想到民國98的「莫拉克」颱風，當時的雨太大了。","https://klokah.tw/extension/con_data/sound/36/sentence/36c19s9.mp3"
"kamʉcʉ parasingsing kitana kakangca, ’akuni cu ioovutu makasua sooraru.","但願上天保佑我們，那種颱風不要再來了。","https://klokah.tw/extension/con_data/sound/36/sentence/36c19s10.mp3"
"tavarʉ’ʉ kara kasu, neen sua “ Pasikarai ”?","你知道什麼是「Pasikarai」嗎？","https://klokah.tw/extension/con_data/sound/36/sentence/36c20s1.mp3"
"koo pa ku tinimana, tuturoo ku, neen sua iisua?","我沒聽過，請告訴我那是什麼？","https://klokah.tw/extension/con_data/sound/36/sentence/36c20s2.mp3"
"nimaatipa cu kara kasu “ kaisisi cakʉran ”?","你們參加過「河祭」嗎？","https://klokah.tw/extension/con_data/sound/36/sentence/36c20s3.mp3"
"nimaatipa ku cenana isi, nipoon na “ cakʉran Namaasia  ” kaisisi.","今年我參加過在「楠仔仙溪」的河祭。","https://klokah.tw/extension/con_data/sound/36/sentence/36c20s4.mp3"
"sua iisua ia, nguai sua “ Pasikarai ”.","那個就是 “ Pasikarai ”。","https://klokah.tw/extension/con_data/sound/36/sentence/36c20s5.mp3"
"miseen iikita Kanakanavu, tia kaisisi cakʉran?","為什麼我們卡那卡那富要祭祀河流？","https://klokah.tw/extension/con_data/sound/36/sentence/36c20s6.mp3"
"cecenana kasʉʉpatʉ mataarava karima, te cu poi’i vutuukuru ka’iciuru, te mita uranʉn nguani ’apoi’i, Pasikarai kisʉʉn mita.","每年的四月到五月，魚兒要洄游產卵，我們要幫牠們洄游，我們稱為Pasikarai。","https://klokah.tw/extension/con_data/sound/36/sentence/36c20s7.mp3"
"neen tia ’urupacaa kaisisi?","要用什麼來祭祀？","https://klokah.tw/extension/con_data/sound/36/sentence/36c20s8.mp3"
"tia samʉsamʉʉn vʉra, ’apakʉʉn vutuukuru, ’uruupaca vo’oorua nukai siningsinga sapuarʉ, moraan vutuukuru moocara makananguru.","要咀嚼米粒餵魚，用新的或洗淨的撈網，幫魚兒往上游。","https://klokah.tw/extension/con_data/sound/36/sentence/36c20s9.mp3"
"noo pakasuin kan kaisisi ia, tia ara’itu’ituumuru kan nuari vutuukuru.","經過那樣的祭祀後，將來魚兒就會越來越多了。","https://klokah.tw/extension/con_data/sound/36/sentence/36c20s10.mp3"
"kari mamarang mita, aranai kita na cakʉran mara kʉna, tia ’apaica kaisisi, sosomanpe ’inia.","我們的長老說，我們從河流獲得了食物，要透過祭祀感恩它。","https://klokah.tw/extension/con_data/sound/36/sentence/36c20s11.mp3"
"maka’ʉna kaisisi Pasikarai ia, te ku matimanʉʉng ketuuturu kamua.","再次的河祭，我要跟你們好好的學習。","https://klokah.tw/extension/con_data/sound/36/sentence/36c20s12.mp3"
"niarakukun cu kara kamu Pori? cau makanaan sua nguain?","妳們跟Pori有相處過嗎？他是怎樣的人？","https://klokah.tw/extension/con_data/sound/36/sentence/36c21s1.mp3"
"kʉkʉnang mita marisinatʉ, ’una tassa Pori kisʉʉn, ’inanuin kisaa musu?","我們有二位名叫Pori的同學，妳說的是哪一位？","https://klokah.tw/extension/con_data/sound/36/sentence/36c21s2.mp3"
"sua kisaa maku ia, Pori makaa ta’uici.","我說的是比較瘦的Pori。","https://klokah.tw/extension/con_data/sound/36/sentence/36c21s3.mp3"
"’ou! noo Pori makaa ta’uici ia, tavarʉ’ʉ ku, tamu’iarʉ nguain.","哦！如果是比較瘦的Pori，我知道他很勤勞。","https://klokah.tw/extension/con_data/sound/36/sentence/36c21s4.mp3"
"nakai, tinimana ku, cau cucumeem makasi, na’aangici kan nguain.","但是我曾經聽別人說，他很吝嗇。","https://klokah.tw/extension/con_data/sound/36/sentence/36c21s5.mp3"
"ka’aan cukui! sua tinimana maku ia, tasiira’ʉ kan nguain.","不會吧！我所聽到的是他很熱忱。","https://klokah.tw/extension/con_data/sound/36/sentence/36c21s6.mp3"
"ka’aan ’ituumuru karin, nakai paira ku cumacʉ’ʉra ’inia moraan cau cucumeen.","他話不多，但是我經常看到他幫助別人。","https://klokah.tw/extension/con_data/sound/36/sentence/36c21s7.mp3"
"makanaan sua makaa ciuman Pori?","那比較胖的Pori怎樣呢？","https://klokah.tw/extension/con_data/sound/36/sentence/36c21s8.mp3"
"ka’aan ku tia poisua ’inia, te kamu makasi, ’esi ku puakici ’inia.","我不要說他，妳們會說我在批評他。","https://klokah.tw/extension/con_data/sound/36/sentence/36c21s9.mp3"
"noo te kita ketuuturu ia, ’inanuin tia ketuturua mita?","如果我們要學習，要學哪一位呢？","https://klokah.tw/extension/con_data/sound/36/sentence/36c21s10.mp3"
"masiiraru tia Pori makaa ta’uici, tia ketuturua mita.","我們當然要學習比較瘦的Pori。","https://klokah.tw/extension/con_data/sound/36/sentence/36c21s11.mp3"
"cumaa ’Una, te kasu mookusa naan? neen niisʉ’a musu na tapi? makai me’ecuun cʉ’ʉrʉʉn?","’Una叔叔，你要去哪裡？背簍裡你放了什麼？看起來好像很重？","https://klokah.tw/extension/con_data/sound/36/sentence/36c22s1.mp3"
"te ku mookusa ’umoo’uma, sua niisʉ’a na tapi ia, tuku, kakaamarʉ, mataa tia ʉmʉka naamnam.","我要去田裡，背簍裡放的是鋤頭、鐮刀和要種植的生薑。","https://klokah.tw/extension/con_data/sound/36/sentence/36c22s2.mp3"
"’esi naan ’umoo’uma musu? araceen kara?","你的田園在哪裡？很遠嗎？","https://klokah.tw/extension/con_data/sound/36/sentence/36c22s3.mp3"
"’esi sipara isa ’umoo’uma maku, ka’aan araceen.","我的田園就在對岸那裡，不遠。","https://klokah.tw/extension/con_data/sound/36/sentence/36c22s4.mp3"
"mataatʉa! te ku mookusa sipara kangvang, tia kara kasu uranʉn mava nonoman?","恰巧！我也要去對岸，需要幫你揹東西嗎？","https://klokah.tw/extension/con_data/sound/36/sentence/36c22s5.mp3"
"neen tia kamanʉnga musu mookusa sipara?","你要去對岸做什麼？","https://klokah.tw/extension/con_data/sound/36/sentence/36c22s6.mp3"
"’una ’inia taru’an mia, te ku mookusa ’inia ’apakʉʉn nipacʉvʉra marʉkurapʉ.","那裡有我們的工寮，我要去餵食所豢養的動物。","https://klokah.tw/extension/con_data/sound/36/sentence/36c22s7.mp3"
"noo moranniin kasu ’ikua ia, te kita makaa mu’iarʉ mocaca, tia ’aparaanʉpʉ cukui takananga musu!","如果你幫我的話，我們走的會比較慢，會耽誤你的時間吧！","https://klokah.tw/extension/con_data/sound/36/sentence/36c22s8.mp3"
"’akuni mareen! macangcangarʉ ku tavarʉ’ʉ moraan kasua.","不用客氣，我很高興能幫你。","https://klokah.tw/extension/con_data/sound/36/sentence/36c22s9.mp3"
"makasoin ia, uranoo ku mava tapi, ʉkʉrʉn nakui tuku, mata kakaamarʉ.","那就幫我揹背簍，鋤頭和鐮刀我來拿著。","https://klokah.tw/extension/con_data/sound/36/sentence/36c22s10.mp3"
"Paicʉ, miaranau cu kita koo ’arupacʉ’ʉra.","Paicʉ，我們很久沒見面了。","https://klokah.tw/extension/con_data/sound/36/sentence/36c23s1.mp3"
"aranai kita matirupaang na “ kuocuung ”, koo cu kita ’arupacʉ’ʉra.","我們從「國中」畢業之後就沒見面了。","https://klokah.tw/extension/con_data/sound/36/sentence/36c23s2.mp3"
"maraa araceen to’onaa maku marisinatʉ, ka’aan tavarʉ’ʉ paira poi’i tanasʉn.","我就讀的學校比較遠，不能常回家鄉。","https://klokah.tw/extension/con_data/sound/36/sentence/36c23s3.mp3"
"tuturoo ku, ’esi naan iikamu tamna tarisinata?","請告訴我，妳們的學校在哪裡？","https://klokah.tw/extension/con_data/sound/36/sentence/36c23s4.mp3"
"’esi “ Heto ”  tarisinata maku, “ Nepu nungkuung ” kisʉʉn.","我的學校在屏東，叫「內埔農工」。","https://klokah.tw/extension/con_data/sound/36/sentence/36c23s5.mp3"
"“ Vʉngsaan kaucuung ” kisʉʉn tarisinata maku, aracan mataa “ Kausiung  ”.","我的學校叫「鳳山高中」，和高雄很接近。","https://klokah.tw/extension/con_data/sound/36/sentence/36c23s6.mp3"
"’esi ku “ Hancirio ” marisinatʉ, iimo, taturu kita, iku makaa aracan na tanasʉn mita “  Namaasia ”.","我在旗山讀書，所以我們三位，我最接近家鄉「那瑪夏」。","https://klokah.tw/extension/con_data/sound/36/sentence/36c23s7.mp3"
"manasʉ ’una kim matuun, cau vuvurung seto, papeen kamua?","我們大概有30位的原住民學生，妳們那裡有幾位？","https://klokah.tw/extension/con_data/sound/36/sentence/36c23s8.mp3"
"kacaua kim, te cu aracan manʉmʉn.","我們很多，接近60位了。","https://klokah.tw/extension/con_data/sound/36/sentence/36c23s9.mp3"
"kanaira kim, manasʉ rarima nukai nanʉmʉ maa.","我們很少，大概只有5位或6位。","https://klokah.tw/extension/con_data/sound/36/sentence/36c23s10.mp3"
"upeen cu cenana kamu, ketuuturu kari Kanakanavu?","你們學習卡那卡那富語幾年了？","https://klokah.tw/extension/con_data/sound/36/sentence/36c24s1.mp3"
"niaranai ku “ kuosiau ” matiananai ketuuturu, ’una cu usʉʉpatʉ cenana.","我從「國小」開始學習，有四年了。","https://klokah.tw/extension/con_data/sound/36/sentence/36c24s2.mp3"
"maatʉa ku Pani, ’una cu kangvang usʉʉpatʉ cenana, ketuuturu kari Kanakanavu.","我和Pani一樣，學習卡那卡那富語有四年了。","https://klokah.tw/extension/con_data/sound/36/sentence/36c24s3.mp3"
"miaa ’esi  pa ku kuosiau ia, ’akia kari Kanakanavu tamna takituturua, koo kim niketuuturu.","我在國小的時候，沒有卡那卡那富語的老師，我們沒有學習。","https://klokah.tw/extension/con_data/sound/36/sentence/36c24s4.mp3"
"rangrang kara ketuturuun kari Kanakanavu?","卡那卡那富語學起來困難嗎？","https://klokah.tw/extension/con_data/sound/36/sentence/36c24s5.mp3"
"noo matimanʉngiin aririan takituturua tamna kari, paira takacicin maritanaam ia, ka’aan rangrang.","如果仔細的聆聽老師的話，經常自己練習，就不會很難。","https://klokah.tw/extension/con_data/sound/36/sentence/36c24s6.mp3"
"maraa ka’aan ku pacʉpʉcʉpʉʉng rangrang kara? sua cʉpʉnga maku ia, kari mita takacicin sua isi.","我比較不去想是否困難？我所想的是，這是我們自己的語言。","https://klokah.tw/extension/con_data/sound/36/sentence/36c24s7.mp3"
"neen pakariamu masii Kanakanavu?","你們跟誰說卡那卡那富語？","https://klokah.tw/extension/con_data/sound/36/sentence/36c24s8.mp3"
"cuma, cina mataa kinvavara maku.","爸爸、媽媽和我的兄弟姐妹。","https://klokah.tw/extension/con_data/sound/36/sentence/36c24s9.mp3"
"noo masii Kanakanavu kita kavangvang ia, te cu arakacaua, takutavarʉ’ʉ kari mita.","如果我們都說卡那卡那富語，學會我們語言的就會變多了。","https://klokah.tw/extension/con_data/sound/36/sentence/36c24s10.mp3"
"tarasangara taniara miʉra, nimookusa kamu naan?","昨天的假日你們去哪裡？","https://klokah.tw/extension/con_data/sound/36/sentence/36c25s1.mp3"
"nimookusa kim “ Kausiung ” cani pininga.","我們一家人去了「高雄」。","https://klokah.tw/extension/con_data/sound/36/sentence/36c25s2.mp3"
"neneen to’onaa nikusamu na Kausiung?","在高雄你們去了哪些地方？","https://klokah.tw/extension/con_data/sound/36/sentence/36c25s3.mp3"
"totasiarʉ ia, nimookusa kim “ Kausiung tung’u’ien ”, cumacʉ’ʉra ’esi ’inia marʉkurakurapʉ, turupang koca’ania, mookusa cu kim “ paihuo kungsʉ ”.","上午我們去了「高雄動物園」，看那裡的動物，吃過午餐之後，我們就去「百貨公司」。","https://klokah.tw/extension/con_data/sound/36/sentence/36c25s4.mp3"
"koo kamu pu’a nonoman?","你們沒有買東西嗎？","https://klokah.tw/extension/con_data/sound/36/sentence/36c25s5.mp3"
"nipu’a cuma “ siakisiikisi ngisiingisi ”, tikuru nipa’a maku mataa cina, kanaarua saronai ia, ka’aan maa tarasangai kumakʉʉn ʉrʉna.","爸爸買了「刮鬍刀」，我和媽媽買了衣服，弟弟只是不停的吃冰。","https://klokah.tw/extension/con_data/sound/36/sentence/36c25s6.mp3"
"’una kara ka’aan roimin nipaicaa?","有難忘的經歷嗎？","https://klokah.tw/extension/con_data/sound/36/sentence/36c25s7.mp3"
"urucin pacʉpʉnga maku, mati-ucani ia, kacaua curu cau, kuratumuru kangvang cau na cacaan.","兩個感想，第一個是人太多了，馬路滿滿都是人。","https://klokah.tw/extension/con_data/sound/36/sentence/36c25s8.mp3"
"maticusa ia, nguai sua macici curu namanamarʉ, ’akia kamʉcʉ pariapara.","第二，就是平地太熱了，連一點風都沒有。","https://klokah.tw/extension/con_data/sound/36/sentence/36c25s9.mp3"
"iimo, maraa muruvuarʉ ku kangvang mookusa namanamarʉ.","所以我也懶得去平地。","https://klokah.tw/extension/con_data/sound/36/sentence/36c25s10.mp3"
"’esi kasu naan cecenana isi? rangrang kasu cʉ’ʉrʉʉn.","這幾年你都在哪裡？很難看到你。","https://klokah.tw/extension/con_data/sound/36/sentence/36c26s1.mp3"
"miaa aratʉkʉʉn kita na “ kuocung ” ia, nimookusa ku na “ Tainan ”.","我們在「國中」離開之後，我就去了「台南」。","https://klokah.tw/extension/con_data/sound/36/sentence/36c26s2.mp3"
"neen kamanʉnga musu na Tainan? marisinatʉ kara putukikio?","你在台南做什麼？是讀書呢還是工作？","https://klokah.tw/extension/con_data/sound/36/sentence/36c26s3.mp3"
"noo ca’aania ia putukikio, rovana ia, mookusa tarisinata marisinatʉ.","日間的時候工作，晚間去學校讀書。","https://klokah.tw/extension/con_data/sound/36/sentence/36c26s4.mp3"
"upeen cu cenana kasu makaasia siacʉvʉrʉ?","這樣的生活你過了幾年？","https://klokah.tw/extension/con_data/sound/36/sentence/36c26s5.mp3"
"’una cu uturu cenana.","有三年了。","https://klokah.tw/extension/con_data/sound/36/sentence/36c26s6.mp3"
"neen putukikioa musu noo ca’aania?","日間的時候，你是做什麼工作？","https://klokah.tw/extension/con_data/sound/36/sentence/36c26s7.mp3"
"totasiarʉ, te ku mocʉmcʉm tumatucucu “ sinpung”, ca’aania ia, tia moraan “ raupan ” tumatacucu nonoman.","上午要很早起床送報紙，下午幫老闆送貨。","https://klokah.tw/extension/con_data/sound/36/sentence/36c26s8.mp3"
"tavarʉ’ʉn mopacai kasu tantanniara.","可以了解你每天都很辛苦。","https://klokah.tw/extension/con_data/sound/36/sentence/36c26s9.mp3"
"mama’ari pa! noo ka’aan ku makaasua kipaatʉsʉ ia, ’akia vaantuku tia serupaca kumakʉʉn, mataa marisinatʉ.","還好啦！我如果不那樣努力，就沒錢吃飯和讀書了。","https://klokah.tw/extension/con_data/sound/36/sentence/36c26s10.mp3"
"noo te kasuiin katangtangria ia, cau makanaan tia tikirima musu?","如果你要交朋友，你要找怎樣的人？","https://klokah.tw/extension/con_data/sound/36/sentence/36c27s1.mp3"
"koo pa ku pacʉpʉʉng, tia tikiriim tangria makanaan, nakai, ka’aan ku tia arakukun cau nariisʉvʉ. makanaan iikasu?","我還沒想過要找怎樣的朋友，但是我不要跟虛僞的人在一起。那你呢？","https://klokah.tw/extension/con_data/sound/36/sentence/36c27s2.mp3"
"kʉkʉnang mita marisinatʉ masiin, ’una taturu Kanakanavu tamna naannakʉ, cau makanaan sua nguani?","我們現在的同學有三位卡那卡那富的女生，她們是怎樣的人呢？","https://klokah.tw/extension/con_data/sound/36/sentence/36c27s3.mp3"
"ikuiin po’uruu’uru, sua Pi’i ia, mamanʉng nguain tamna cʉpʉʉng, paira moraan cau cucumeen, kacaua cau manmaan aracapici ’inia.","我來先說，Pi’i的心地很好，經常幫助別人，很多人喜歡接近她。","https://klokah.tw/extension/con_data/sound/36/sentence/36c27s4.mp3"
"taucʉng sua Kuatʉ, ka’aan ’ituumuru kari, nakai, noteen arakukun putukikio ia, ka’aan mamumuarʉ, paira nguain  marivivici.","Kuatʉ 很文靜，話不多，但是若要一起工作，不會閒著沒事，她經常是領頭的。","https://klokah.tw/extension/con_data/sound/36/sentence/36c27s5.mp3"
"cucuru! kacaua cau pomanʉʉng nguani tassa. ’una pa tacin ’Uva, makanaan nguain?","的確！很多人讚賞她們兩位。還有一位’Uva，她是怎樣的人呢？","https://klokah.tw/extension/con_data/sound/36/sentence/36c27s6.mp3"
"nimakaan cu ku arakukun ’Uva putukikio, tasiira’ʉ nguain, nakai maraa navicu’u, ma’icʉpʉ ku maakari ’inia.","我有一次跟’Uva一起工作，她很熱忱，但是比較兇，我很怕跟她說話。","https://klokah.tw/extension/con_data/sound/36/sentence/36c27s7.mp3"
"makaasua kangvang siacʉ’ʉra maku ’inia, iimo, maraa kanaira nguain tamna tangria.","我對她的看法也是那樣，所以她的朋友比較少。","https://klokah.tw/extension/con_data/sound/36/sentence/36c27s8.mp3"
"nguani taturu, noo te kasuiin katangtangria ia, ’inanuin tia tikirima musu?","她們三位，你若要交朋友，要找誰呢？","https://klokah.tw/extension/con_data/sound/36/sentence/36c27s9.mp3"
"mareen ku pokariikari, sii, ’una ku kangvang ka’aan mamanʉng sipangariingari, ’itumuru pa tia ketuturua.","我不好意思說，因為我也有不是很好的行為，值得學習的還很多。","https://klokah.tw/extension/con_data/sound/36/sentence/36c27s10.mp3"
"manasʉ te pa kita takacicin kipaatʉsʉ!","大概我們還要自己努力吧！","https://klokah.tw/extension/con_data/sound/36/sentence/36c27s11.mp3"
"’una kara kita Kanakanavu, makai masiin cʉ’ʉraa mita na tensʉ ’utori?","卡那卡那富有沒有像我們現在在電視上所看的舞蹈？","https://klokah.tw/extension/con_data/sound/36/sentence/36c28s1.mp3"
"koo pa ku tumatimana mamarang makasi, ’una kita ’utori.","我沒有聽過長輩們說，我們有舞蹈。","https://klokah.tw/extension/con_data/sound/36/sentence/36c28s2.mp3"
"neen sua musurovu?","那什麼是圍圈圈吟唱呢？","https://klokah.tw/extension/con_data/sound/36/sentence/36c28s3.mp3"
"sua tavara’a maku ia, karanana ’utori mataa musurovu.","據我所知,舞蹈和圍圈圈吟唱是不同的。","https://klokah.tw/extension/con_data/sound/36/sentence/36c28s4.mp3"
"urucin vanai tia musurovu Kanakanavu, kaisisi mataa ’una kacangcangara taniara, makai noo muru’ucaang.","卡那卡那富有兩種原因會圍圈圈吟唱，祭典或有值得歡樂的日子，像結婚的時候。","https://klokah.tw/extension/con_data/sound/36/sentence/36c28s5.mp3"
"muru’ucaang tamna musurovu ia, maraa ka’upu’upaang, makanaan macangcangarʉ ia, makanaan paracani.","結婚的圍圈圈吟唱比較隨性，怎樣高興就怎樣唱。","https://klokah.tw/extension/con_data/sound/36/sentence/36c28s6.mp3"
"kaisisi tamna musurovu ia, ka’aan ka’upu’upaang mamarang mita.","祭典的圍圈圈吟唱，我們的長輩們是不會隨便的。","https://klokah.tw/extension/con_data/sound/36/sentence/36c28s7.mp3"
"tia ’una taciin cau pii’uru, ’apaica cu na caniin, paracani cau cucumeen.","要有一個人領唱，其他人再跟著他(她)的歌吟唱。","https://klokah.tw/extension/con_data/sound/36/sentence/36c28s8.mp3"
"kangvang matipa cau ia, tia matikiri ramucu, tia ’apamanaatʉrʉ kan cʉpʉʉng makasuin.","所有參加的人都要牽著手，據說是有團結的意思。","https://klokah.tw/extension/con_data/sound/36/sentence/36c28s9.mp3"
"’ituumuru pa ka’aan tavara’a maku, te pa kipaatʉsʉ ketuuturu.","我不懂的還很多，還要努力學習。","https://klokah.tw/extension/con_data/sound/36/sentence/36c28s10.mp3"
"nukanmana kita Kanakanavu kaisisi Mikoong?","我們卡那卡那富何時舉行米貢?","https://klokah.tw/extension/con_data/sound/36/sentence/36c29s1.mp3"
"miana ia, noo turupaang cu marivina’ʉ ia, te cu mati’araang kaisisi.","以前，在小米收割完之後就要準備祭典了。","https://klokah.tw/extension/con_data/sound/36/sentence/36c29s2.mp3"
"iimo, miana ia kapiitua nukai kaarua kara?","所以，以前是在七月或八月嗎？","https://klokah.tw/extension/con_data/sound/36/sentence/36c29s3.mp3"
"masiin, karanana cu siacʉvʉrʉ, araaviri na kamana kaisisi.","現在的生活方式不同了，更換在十月祭祀。","https://klokah.tw/extension/con_data/sound/36/sentence/36c29s4.mp3"
"miseen kita tia kaisisi Mikoong?","我們為什麼要舉行米貢祭？","https://klokah.tw/extension/con_data/sound/36/sentence/36c29s5.mp3"
"vanai tia kasisiin tamu nikianara.","因為要祭祀祖先。","https://klokah.tw/extension/con_data/sound/36/sentence/36c29s6.mp3"
"’una kan vanai poisua “ Tapcarake ”, tavarʉ’ʉ kara kamu?","據說還有「小矮人」的原因，你們知道嗎？","https://klokah.tw/extension/con_data/sound/36/sentence/36c29s7.mp3"
"’una mamarang makasi, sua rapʉ vina’ʉ ia, Tapcarake kan nimova kitana Kanakanavu.","有老人家說，小米種籽是小矮人給卡那卡那富的。","https://klokah.tw/extension/con_data/sound/36/sentence/36c29s8.mp3"
"iimo, te kita Mikoong, maripipining vo’orua vina’ʉ, kaisisin Tapcarake.","所以我們要舉行米貢祭，拿出新的小米來祭祀小矮人。","https://klokah.tw/extension/con_data/sound/36/sentence/36c29s9.mp3"
"’una pa ucani, tia ’apamanaatʉrʉ arakukun cau Kanakanavu.","還有一項意義，是要讓卡那卡那富人團結在一起。","https://klokah.tw/extension/con_data/sound/36/sentence/36c29s10.mp3"
"cancan tanasa ia, tia mati’araang cunuku, ’araam, vutuukuru, mataa pa’ici.","每一家要準備糯米糕、肉類、魚和酒。","https://klokah.tw/extension/con_data/sound/36/sentence/36c29s11.mp3"
"matiananai mataa matirupaang kaisisi, tia paracani “ mu’iara ’Usu ”.","祭典的開始及結束，要唱「'Usu請慢走」。","https://klokah.tw/extension/con_data/sound/36/sentence/36c29s12.mp3"
"Pani, tavarʉ’ʉ kara kasu, ’una upeen cuku masiin, ’esi Taiuan cau vuvurung?","Pani，你知道在台灣的原住民族現在有幾族嗎？","https://klokah.tw/extension/con_data/sound/36/sentence/36c30s1.mp3"
"tavarʉ’ʉ ku ’una maan usʉʉpatʉ cuku, nakai ka’aan pa ku tavarʉ’ʉ sumasʉpʉrʉ kavangvang, nganai cuku?","我知道有十四族，但是我還不會唸出所有的族名。","https://klokah.tw/extension/con_data/sound/36/sentence/36c30s2.mp3"
"sumasʉpʉra kasu upitu, ikuin sumasʉpʉrʉ upitu.","你唸七個，由我來唸七個。","https://klokah.tw/extension/con_data/sound/36/sentence/36c30s3.mp3"
"’Amis, Taiaru, Sau, Setek, Turuku, Saisia, Cou.","阿美族、泰雅族、邵族、賽德克族、太魯閣族、賽夏族、鄒族。","https://klokah.tw/extension/con_data/sound/36/sentence/36c30s4.mp3"
"Sumukun, Paiuan, Kamaran, Puiuma, Iami, Rukai, Sakiraia.","布農族、排灣族、噶瑪蘭族、卑南族、雅美族、魯凱族、撒奇萊雅。","https://klokah.tw/extension/con_data/sound/36/sentence/36c30s5.mp3"
"miseen ’akia tisikareen iikita Kanakanavu, mataa Na’arua?","裡面怎麼沒有我們卡那卡那富和沙阿魯哇？","https://klokah.tw/extension/con_data/sound/36/sentence/36c30s6.mp3"
"iikita Kanakanavu mataa Na’arua ia, ’esi tisikara “ Cou ”.","我們卡那卡那富和沙阿魯哇，在「鄒族」裡面。","https://klokah.tw/extension/con_data/sound/36/sentence/36c30s7.mp3"
"to’onaa mita Namaasia isi, neen mastaan kacaua?","我們那瑪夏這裡誰人數最多？","https://klokah.tw/extension/con_data/sound/36/sentence/36c30s8.mp3"
"masiin ia, cau Sumukun mastaan kacaua.","現在是布農族人最多。","https://klokah.tw/extension/con_data/sound/36/sentence/36c30s9.mp3"
"neen mastaan pakaraceen kitana?","誰距離我們最遠？","https://klokah.tw/extension/con_data/sound/36/sentence/36c30s10.mp3"
"Iami, mastaan pakaraceen kitana.","雅美族距離我們最遠。","https://klokah.tw/extension/con_data/sound/36/sentence/36c30s11.mp3"
"nuari, manasʉ ’una pa vo’orua cuku tia arapipining.","未來可能還有新的族群會出現。","https://klokah.tw/extension/con_data/sound/36/sentence/36c30s12.mp3"
"musu’ʉvʉ tasiarʉ","早安","https://klokah.tw/extension/con_data/sound/36/word/36c1w1.mp3"
"koo","未曾；沒有","https://klokah.tw/extension/con_data/sound/36/word/36c1w2.mp3"
"’arupacʉ’ʉra","見面；相見","https://klokah.tw/extension/con_data/sound/36/word/36c1w3.mp3"
"cucuru","真的；的確；非常；太","https://klokah.tw/extension/con_data/sound/36/word/36c1w4.mp3"
"naan","哪裡（與nanu通用）","https://klokah.tw/extension/con_data/sound/36/word/36c1w5.mp3"
"Taicuung","台中的諧音","https://klokah.tw/extension/con_data/sound/36/word/36c1w6.mp3"
"araavari","移位；換位置或地方","https://klokah.tw/extension/con_data/sound/36/word/36c1w7.mp3"
"Kausiung","高雄的諧音","https://klokah.tw/extension/con_data/sound/36/word/36c1w8.mp3"
"putukikioa","所工作的；職業","https://klokah.tw/extension/con_data/sound/36/word/36c1w9.mp3"
"mamisa","最近；近期","https://klokah.tw/extension/con_data/sound/36/word/36c1w10.mp3"
"mama’ari","還好；稍可；減緩","https://klokah.tw/extension/con_data/sound/36/word/36c1w11.mp3"
"tapaicaa","可過的；通道；空閒","https://klokah.tw/extension/con_data/sound/36/word/36c1w12.mp3"
"kongangaan","一起吃；一起用餐","https://klokah.tw/extension/con_data/sound/36/word/36c1w13.mp3"
"kʉcʉ","吧","https://klokah.tw/extension/con_data/sound/36/word/36c1w14.mp3"
"koca’aania","吃午餐","https://klokah.tw/extension/con_data/sound/36/word/36c1w15.mp3"
"ponnaan","在哪個位置或地方","https://klokah.tw/extension/con_data/sound/36/word/36c1w16.mp3"
"makaasia","如此","https://klokah.tw/extension/con_data/sound/36/word/36c1w17.mp3"
"arakukun","在一起；相處","https://klokah.tw/extension/con_data/sound/36/word/36c2w1.mp3"
"mareen","不好意思；羞愧","https://klokah.tw/extension/con_data/sound/36/word/36c2w2.mp3"
"Ka’angena","家族名稱","https://klokah.tw/extension/con_data/sound/36/word/36c2w3.mp3"
"Mangacun","（地名）高雄市那瑪夏區瑪雅里","https://klokah.tw/extension/con_data/sound/36/word/36c2w4.mp3"
"miseen","怎麼；為什麼","https://klokah.tw/extension/con_data/sound/36/word/36c2w5.mp3"
"nimavici","曾經帶","https://klokah.tw/extension/con_data/sound/36/word/36c2w6.mp3"
"rovʉvʉ","拜訪；走走；坐坐；玩玩","https://klokah.tw/extension/con_data/sound/36/word/36c2w7.mp3"
"meesua","當時；那個時候","https://klokah.tw/extension/con_data/sound/36/word/36c2w8.mp3"
"kavangvang","全部；都是；均為","https://klokah.tw/extension/con_data/sound/36/word/36c2w9.mp3"
"cani ta’avu","一個家族；同一個家族","https://klokah.tw/extension/con_data/sound/36/word/36c2w10.mp3"
"imova","難怪","https://klokah.tw/extension/con_data/sound/36/word/36c2w11.mp3"
"mosikarʉ","進入；走進去","https://klokah.tw/extension/con_data/sound/36/word/36c2w12.mp3"
"misoon","剛才","https://klokah.tw/extension/con_data/sound/36/word/36c2w13.mp3"
"makasi","說著","https://klokah.tw/extension/con_data/sound/36/word/36c2w14.mp3"
"capai","樣貌","https://klokah.tw/extension/con_data/sound/36/word/36c2w15.mp3"
"kinvara","兄弟或姐妹","https://klokah.tw/extension/con_data/sound/36/word/36c2w16.mp3"
"tuturoo","要告知；要通知","https://klokah.tw/extension/con_data/sound/36/word/36c2w17.mp3"
"mooravu","肚子餓","https://klokah.tw/extension/con_data/sound/36/word/36c3w1.mp3"
"nipoi’i","回來了","https://klokah.tw/extension/con_data/sound/36/word/36c3w2.mp3"
"mara’an","快","https://klokah.tw/extension/con_data/sound/36/word/36c3w3.mp3"
"vanai","原因；原由","https://klokah.tw/extension/con_data/sound/36/word/36c3w4.mp3"
"sinikinga","所考的（借自日語）","https://klokah.tw/extension/con_data/sound/36/word/36c3w5.mp3"
"’apucaan","使離去","https://klokah.tw/extension/con_data/sound/36/word/36c3w6.mp3"
"ti’iing","一點；一些；小","https://klokah.tw/extension/con_data/sound/36/word/36c3w7.mp3"
"nipo’ocipi","煮了","https://klokah.tw/extension/con_data/sound/36/word/36c3w8.mp3"
"kangvang","也","https://klokah.tw/extension/con_data/sound/36/word/36c3w9.mp3"
"’aau","湯","https://klokah.tw/extension/con_data/sound/36/word/36c3w10.mp3"
"camai","菜餚","https://klokah.tw/extension/con_data/sound/36/word/36c3w11.mp3"
"nukanmana","什麼時候","https://klokah.tw/extension/con_data/sound/36/word/36c3w12.mp3"
"’acuu","去了","https://klokah.tw/extension/con_data/sound/36/word/36c3w13.mp3"
"pingsiang","冰箱（借自中文）","https://klokah.tw/extension/con_data/sound/36/word/36c3w14.mp3"
"po’ocipin","由…煮","https://klokah.tw/extension/con_data/sound/36/word/36c3w15.mp3"
"nakui","由我來","https://klokah.tw/extension/con_data/sound/36/word/36c3w16.mp3"
"niaraciasʉ","已經亮了","https://klokah.tw/extension/con_data/sound/36/word/36c4w1.mp3"
"aramia’a","起床；醒起來","https://klokah.tw/extension/con_data/sound/36/word/36c4w2.mp3"
"mokusaan","去去看","https://klokah.tw/extension/con_data/sound/36/word/36c4w3.mp3"
"pipiniing","廣場；外面","https://klokah.tw/extension/con_data/sound/36/word/36c4w4.mp3"
"cinimʉ’ʉra","看過","https://klokah.tw/extension/con_data/sound/36/word/36c4w5.mp3"
"sinaang","照明或光","https://klokah.tw/extension/con_data/sound/36/word/36c4w6.mp3"
"makasoin","若是那樣","https://klokah.tw/extension/con_data/sound/36/word/36c4w7.mp3"
"noca’aania","下午","https://klokah.tw/extension/con_data/sound/36/word/36c4w8.mp3"
"uranoo","要幫忙；去幫忙","https://klokah.tw/extension/con_data/sound/36/word/36c4w9.mp3"
"tikuru ’ʉcaan","雨衣","https://klokah.tw/extension/con_data/sound/36/word/36c4w10.mp3"
"niisʉ’ʉ","已放置；已收起來","https://klokah.tw/extension/con_data/sound/36/word/36c4w11.mp3"
"sinpung","新聞；報紙","https://klokah.tw/extension/con_data/sound/36/word/36c4w12.mp3"
"kumakoru","挖掘","https://klokah.tw/extension/con_data/sound/36/word/36c4w13.mp3"
"rinu","水溝","https://klokah.tw/extension/con_data/sound/36/word/36c4w14.mp3"
"nimo’aravang","到室內","https://klokah.tw/extension/con_data/sound/36/word/36c4w15.mp3"
"tarasangara","星期；休息的","https://klokah.tw/extension/con_data/sound/36/word/36c5w1.mp3"
"upeen vuan","幾月份；幾個月","https://klokah.tw/extension/con_data/sound/36/word/36c5w2.mp3"
"upeen taniara","幾號；幾天","https://klokah.tw/extension/con_data/sound/36/word/36c5w3.mp3"
"kompa","稍待；等一","https://klokah.tw/extension/con_data/sound/36/word/36c5w4.mp3"
"cʉ’ʉrʉn","被...看；由...看","https://klokah.tw/extension/con_data/sound/36/word/36c5w5.mp3"
"kanʉmʉ","六月","https://klokah.tw/extension/con_data/sound/36/word/36c5w6.mp3"
"vuan","月亮","https://klokah.tw/extension/con_data/sound/36/word/36c5w7.mp3"
"tarasangara upeen","星期幾","https://klokah.tw/extension/con_data/sound/36/word/36c5w8.mp3"
"putu’ʉnʉvʉ","開門","https://klokah.tw/extension/con_data/sound/36/word/36c5w9.mp3"
"iuci","郵局（借自中文）","https://klokah.tw/extension/con_data/sound/36/word/36c5w10.mp3"
"’inmaamia","僅只；僅有","https://klokah.tw/extension/con_data/sound/36/word/36c5w11.mp3"
"takananga","時間； 鍾點","https://klokah.tw/extension/con_data/sound/36/word/36c5w12.mp3"
"masʉpatʉʉn","四十","https://klokah.tw/extension/con_data/sound/36/word/36c5w13.mp3"
"sisʉpʉrʉ","分秒的「分」","https://klokah.tw/extension/con_data/sound/36/word/36c5w14.mp3"
"takananga pituka","鐘錶","https://klokah.tw/extension/con_data/sound/36/word/36c5w15.mp3"
"namasʉ","半；剩餘","https://klokah.tw/extension/con_data/sound/36/word/36c5w16.mp3"
"pakavura","動作要快","https://klokah.tw/extension/con_data/sound/36/word/36c5w17.mp3"
"arapana’ʉ","跑步","https://klokah.tw/extension/con_data/sound/36/word/36c5w18.mp3"
"kesoni","詢問；請教","https://klokah.tw/extension/con_data/sound/36/word/36c6w1.mp3"
"cacaan","道路","https://klokah.tw/extension/con_data/sound/36/word/36c6w2.mp3"
"’Arisaan","（地名）阿里山","https://klokah.tw/extension/con_data/sound/36/word/36c6w3.mp3"
"miaceen","去年","https://klokah.tw/extension/con_data/sound/36/word/36c6w4.mp3"
"cani pininga","家庭；一家人","https://klokah.tw/extension/con_data/sound/36/word/36c6w5.mp3"
"Namaasia","（地名）那瑪夏區","https://klokah.tw/extension/con_data/sound/36/word/36c6w6.mp3"
"tavarʉ’ʉn","可知道的；可行的","https://klokah.tw/extension/con_data/sound/36/word/36c6w7.mp3"
"makacʉkʉna","抵達；到達；達成","https://klokah.tw/extension/con_data/sound/36/word/36c6w8.mp3"
"Kasanpo","（地名）甲仙埔。現高雄市甲仙區","https://klokah.tw/extension/con_data/sound/36/word/36c6w9.mp3"
"’icing","（地名）玉井鄉。台南縣境","https://klokah.tw/extension/con_data/sound/36/word/36c6w10.mp3"
"Cia’i","（地名）嘉義","https://klokah.tw/extension/con_data/sound/36/word/36c6w11.mp3"
"Tana’iku","（地名）達那伊谷。屬阿里山鄉山美村","https://klokah.tw/extension/con_data/sound/36/word/36c6w12.mp3"
"tamakaa","柏油路","https://klokah.tw/extension/con_data/sound/36/word/36c6w13.mp3"
"nimaica","曾經過；曾通過","https://klokah.tw/extension/con_data/sound/36/word/36c6w14.mp3"
"paramia’ʉ","提醒；使醒起來","https://klokah.tw/extension/con_data/sound/36/word/36c6w15.mp3"
"avara’e","不論；隨意；任何","https://klokah.tw/extension/con_data/sound/36/word/36c6w16.mp3"
"tuturuun","由...告知；由...告通知","https://klokah.tw/extension/con_data/sound/36/word/36c6w17.mp3"
"tavoo","蔬果類；素食類","https://klokah.tw/extension/con_data/sound/36/word/36c7w1.mp3"
"’araam","肉","https://klokah.tw/extension/con_data/sound/36/word/36c7w2.mp3"
"neevici","所帶的","https://klokah.tw/extension/con_data/sound/36/word/36c7w3.mp3"
"mata’ʉ","新鮮的；未熟的","https://klokah.tw/extension/con_data/sound/36/word/36c7w4.mp3"
"Naksa-iana","中文；國語；漢字；中國人","https://klokah.tw/extension/con_data/sound/36/word/36c7w5.mp3"
"’ukuo-i","吳郭魚（借自中文）","https://klokah.tw/extension/con_data/sound/36/word/36c7w6.mp3"
"sʉmu-i","虱目魚（借自中文）","https://klokah.tw/extension/con_data/sound/36/word/36c7w7.mp3"
"’ai’iin","它的價錢","https://klokah.tw/extension/con_data/sound/36/word/36c7w8.mp3"
"mapituun vaantuku","七十元","https://klokah.tw/extension/con_data/sound/36/word/36c7w9.mp3"
"masiʉn vaantuku","九十元","https://klokah.tw/extension/con_data/sound/36/word/36c7w10.mp3"
"ma’angiirisi","脂肪多","https://klokah.tw/extension/con_data/sound/36/word/36c7w11.mp3"
"tingting","公斤","https://klokah.tw/extension/con_data/sound/36/word/36c7w12.mp3"
"kangangaan","總共；合在一起","https://klokah.tw/extension/con_data/sound/36/word/36c7w13.mp3"
"urima vaantuku","五元","https://klokah.tw/extension/con_data/sound/36/word/36c7w14.mp3"
"sʉpʉroo","去數；要數","https://klokah.tw/extension/con_data/sound/36/word/36c7w15.mp3"
"pirai’i","歸還","https://klokah.tw/extension/con_data/sound/36/word/36c7w16.mp3"
"kinparaa","銅板","https://klokah.tw/extension/con_data/sound/36/word/36c7w17.mp3"
"tarasangara taniara","星期日；假日","https://klokah.tw/extension/con_data/sound/36/word/36c8w1.mp3"
"motanasa","回家","https://klokah.tw/extension/con_data/sound/36/word/36c8w2.mp3"
"kooravi","吃晚餐","https://klokah.tw/extension/con_data/sound/36/word/36c8w3.mp3"
"taturu","三位","https://klokah.tw/extension/con_data/sound/36/word/36c8w4.mp3"
"tassa","二位","https://klokah.tw/extension/con_data/sound/36/word/36c8w5.mp3"
"taciin","一位","https://klokah.tw/extension/con_data/sound/36/word/36c8w6.mp3"
"moon","處在；處於","https://klokah.tw/extension/con_data/sound/36/word/36c8w7.mp3"
"takacicin","自行；主動","https://klokah.tw/extension/con_data/sound/36/word/36c8w8.mp3"
"sima’ʉn","玩起來","https://klokah.tw/extension/con_data/sound/36/word/36c8w9.mp3"
"pakituruiin","若答應；若同意","https://klokah.tw/extension/con_data/sound/36/word/36c8w10.mp3"
"makacang","立即；很快","https://klokah.tw/extension/con_data/sound/36/word/36c8w11.mp3"
"meroovana","昨晚","https://klokah.tw/extension/con_data/sound/36/word/36c8w12.mp3"
"pakiituru","願意；同意","https://klokah.tw/extension/con_data/sound/36/word/36c8w13.mp3"
"’aparapining","使出門；使外出","https://klokah.tw/extension/con_data/sound/36/word/36c8w14.mp3"
"nipaamuci","犯錯了","https://klokah.tw/extension/con_data/sound/36/word/36c8w15.mp3"
"monasʉ","準確；正直；方便","https://klokah.tw/extension/con_data/sound/36/word/36c9w1.mp3"
"masii","說…語言；說…話","https://klokah.tw/extension/con_data/sound/36/word/36c9w2.mp3"
"muru’ʉ’ʉ","羨慕","https://klokah.tw/extension/con_data/sound/36/word/36c9w3.mp3"
"ku","我","https://klokah.tw/extension/con_data/sound/36/word/36c9w4.mp3"
"kasua","你；對你","https://klokah.tw/extension/con_data/sound/36/word/36c9w5.mp3"
"kara","嗎；使用問句","https://klokah.tw/extension/con_data/sound/36/word/36c9w6.mp3"
"makariin","若說話","https://klokah.tw/extension/con_data/sound/36/word/36c9w7.mp3"
"maucʉng","安靜","https://klokah.tw/extension/con_data/sound/36/word/36c9w8.mp3"
"sumasʉpʉrʉ","唸或數數","https://klokah.tw/extension/con_data/sound/36/word/36c9w9.mp3"
"sinatʉ","書本；文字","https://klokah.tw/extension/con_data/sound/36/word/36c9w10.mp3"
"tumatuuturu","告訴或教","https://klokah.tw/extension/con_data/sound/36/word/36c9w11.mp3"
"’Amirika","英文；美國人","https://klokah.tw/extension/con_data/sound/36/word/36c9w12.mp3"
"tecu","將要","https://klokah.tw/extension/con_data/sound/36/word/36c9w13.mp3"
"siasʉpʉrʉ","唸法","https://klokah.tw/extension/con_data/sound/36/word/36c9w14.mp3"
"nuari","將來；未來","https://klokah.tw/extension/con_data/sound/36/word/36c9w15.mp3"
"’uneen","若有","https://klokah.tw/extension/con_data/sound/36/word/36c9w16.mp3"
"nikamanmanua","生出來","https://klokah.tw/extension/con_data/sound/36/word/36c10w1.mp3"
"makai","像；好像；相像","https://klokah.tw/extension/con_data/sound/36/word/36c10w2.mp3"
"ʉ’ava","是啊","https://klokah.tw/extension/con_data/sound/36/word/36c10w3.mp3"
"natecu","差點要…","https://klokah.tw/extension/con_data/sound/36/word/36c10w4.mp3"
"kaisisi","祭祀；祭儀；敬拜；慶賀；慶祝","https://klokah.tw/extension/con_data/sound/36/word/36c10w5.mp3"
"putukikio","工作","https://klokah.tw/extension/con_data/sound/36/word/36c10w6.mp3"
"parivaantuku","賺錢","https://klokah.tw/extension/con_data/sound/36/word/36c10w7.mp3"
"nimosʉ’ʉ","已放置；已收存","https://klokah.tw/extension/con_data/sound/36/word/36c10w8.mp3"
"seevua","用來給的；要給的；禮物","https://klokah.tw/extension/con_data/sound/36/word/36c10w9.mp3"
"marisiki","打掃；清掃；掃地","https://klokah.tw/extension/con_data/sound/36/word/36c10w10.mp3"
"nonoman","物品","https://klokah.tw/extension/con_data/sound/36/word/36c10w11.mp3"
"’apacangcangarʉ","使高興；使快樂","https://klokah.tw/extension/con_data/sound/36/word/36c10w12.mp3"
"musu’ʉsʉʉ’ʉsʉ","掉淚","https://klokah.tw/extension/con_data/sound/36/word/36c10w13.mp3"
"’apaco’e","雖然","https://klokah.tw/extension/con_data/sound/36/word/36c10w14.mp3"
"kaisisiamu","你們慶賀的","https://klokah.tw/extension/con_data/sound/36/word/36c10w15.mp3"
"cii","催促他人行動的語氣","https://klokah.tw/extension/con_data/sound/36/word/36c10w16.mp3"
"pingangaan","一起唱","https://klokah.tw/extension/con_data/sound/36/word/36c10w17.mp3"
"kanaarua","弟弟或妹妹","https://klokah.tw/extension/con_data/sound/36/word/36c11w1.mp3"
"kanaa’ua","哥哥或姊姊","https://klokah.tw/extension/con_data/sound/36/word/36c11w2.mp3"
"cau moo’uma","農人","https://klokah.tw/extension/con_data/sound/36/word/36c11w3.mp3"
"mati’araang","準備","https://klokah.tw/extension/con_data/sound/36/word/36c11w4.mp3"
"sikiing","考試（借自日語）","https://klokah.tw/extension/con_data/sound/36/word/36c11w5.mp3"
"kamanʉʉng","做；製作","https://klokah.tw/extension/con_data/sound/36/word/36c11w6.mp3"
"mienpau","麵包","https://klokah.tw/extension/con_data/sound/36/word/36c11w7.mp3"
"parʉʉ’ʉna","聊天；聊聊","https://klokah.tw/extension/con_data/sound/36/word/36c11w8.mp3"
"nimu’urucaang","已結婚","https://klokah.tw/extension/con_data/sound/36/word/36c11w9.mp3"
"kinarʉ’ʉvʉ","夫妻","https://klokah.tw/extension/con_data/sound/36/word/36c11w10.mp3"
"patarakanaang","相互認識","https://klokah.tw/extension/con_data/sound/36/word/36c11w11.mp3"
"’ucaang","丈夫或太太","https://klokah.tw/extension/con_data/sound/36/word/36c11w12.mp3"
"taasie","大學","https://klokah.tw/extension/con_data/sound/36/word/36c11w13.mp3"
"kamanʉngeen","他做的","https://klokah.tw/extension/con_data/sound/36/word/36c11w14.mp3"
"nguain","他；她；牠；它","https://klokah.tw/extension/con_data/sound/36/word/36c11w15.mp3"
"komo-ien","公務員","https://klokah.tw/extension/con_data/sound/36/word/36c11w16.mp3"
"neen","誰；什麼","https://klokah.tw/extension/con_data/sound/36/word/36c12w1.mp3"
"kamanʉnga","請做；所做的","https://klokah.tw/extension/con_data/sound/36/word/36c12w2.mp3"
"’inanuin","哪個","https://klokah.tw/extension/con_data/sound/36/word/36c12w3.mp3"
"kisaa","所說的","https://klokah.tw/extension/con_data/sound/36/word/36c12w4.mp3"
"kesonia","所問的；向...請教","https://klokah.tw/extension/con_data/sound/36/word/36c12w5.mp3"
"kesacu","警察","https://klokah.tw/extension/con_data/sound/36/word/36c12w6.mp3"
"putukikioin","他的工作；他的職業","https://klokah.tw/extension/con_data/sound/36/word/36c12w7.mp3"
"poiisua","說關於… ；評論","https://klokah.tw/extension/con_data/sound/36/word/36c12w8.mp3"
"mopacai","疲累","https://klokah.tw/extension/con_data/sound/36/word/36c12w9.mp3"
"’apanapa","偶爾","https://klokah.tw/extension/con_data/sound/36/word/36c12w10.mp3"
"misee","說著","https://klokah.tw/extension/con_data/sound/36/word/36c12w11.mp3"
"mamumuarʉ","悠閒；輕鬆自在","https://klokah.tw/extension/con_data/sound/36/word/36c12w12.mp3"
"kusai","究竟；不確定的語氣","https://klokah.tw/extension/con_data/sound/36/word/36c12w13.mp3"
"areen vaantuku","他拿的錢；他穫得的錢；薪資","https://klokah.tw/extension/con_data/sound/36/word/36c12w14.mp3"
"manasʉ","可能；或許","https://klokah.tw/extension/con_data/sound/36/word/36c12w15.mp3"
"musutampʉ","足夠；充足；適當","https://klokah.tw/extension/con_data/sound/36/word/36c12w16.mp3"
"sii","因…","https://klokah.tw/extension/con_data/sound/36/word/36c12w17.mp3"
"capain","他的樣貌；他的表情","https://klokah.tw/extension/con_data/sound/36/word/36c12w18.mp3"
"toiisua","成為","https://klokah.tw/extension/con_data/sound/36/word/36c12w19.mp3"
"’aravang","內部；裡面；室內","https://klokah.tw/extension/con_data/sound/36/word/36c13w1.mp3"
"to’onaa","位置；地方","https://klokah.tw/extension/con_data/sound/36/word/36c13w2.mp3"
"kacaua","多（指人數）","https://klokah.tw/extension/con_data/sound/36/word/36c13w3.mp3"
"pangka","桌子","https://klokah.tw/extension/con_data/sound/36/word/36c13w4.mp3"
"nukai","或者；還是","https://klokah.tw/extension/con_data/sound/36/word/36c13w5.mp3"
"uruciniin","若兩個","https://klokah.tw/extension/con_data/sound/36/word/36c13w6.mp3"
"ucanioo","要一個","https://klokah.tw/extension/con_data/sound/36/word/36c13w7.mp3"
"sinatʉ camai","菜單","https://klokah.tw/extension/con_data/sound/36/word/36c13w8.mp3"
"kʉnamu","你們吃的","https://klokah.tw/extension/con_data/sound/36/word/36c13w9.mp3"
"neneen","哪些","https://klokah.tw/extension/con_data/sound/36/word/36c13w10.mp3"
"pari-onʉn","用蒸的","https://klokah.tw/extension/con_data/sound/36/word/36c13w11.mp3"
"tacamara","盤；盤子","https://klokah.tw/extension/con_data/sound/36/word/36c13w12.mp3"
"mo’uru’urua","請先","https://klokah.tw/extension/con_data/sound/36/word/36c13w13.mp3"
"ka’aniin","若不","https://klokah.tw/extension/con_data/sound/36/word/36c13w14.mp3"
"ʉsʉ’o","要放置；去放置；要收起來","https://klokah.tw/extension/con_data/sound/36/word/36c13w15.mp3"
"maanman","辣椒","https://klokah.tw/extension/con_data/sound/36/word/36c13w16.mp3"
"Minsʉng kuosiau","民生國小（借自中文）","https://klokah.tw/extension/con_data/sound/36/word/36c14w1.mp3"
"Namaasia kuocung","那瑪夏國中（借自中文）","https://klokah.tw/extension/con_data/sound/36/word/36c14w2.mp3"
"pasu","公共汽車（借自日語）","https://klokah.tw/extension/con_data/sound/36/word/36c14w3.mp3"
"kamanʉngamu","你們做","https://klokah.tw/extension/con_data/sound/36/word/36c14w4.mp3"
"tisikara","裡面；內部","https://klokah.tw/extension/con_data/sound/36/word/36c14w5.mp3"
"’umo’ʉcaan","下雨","https://klokah.tw/extension/con_data/sound/36/word/36c14w6.mp3"
"pininga","廣場；外面；外頭","https://klokah.tw/extension/con_data/sound/36/word/36c14w7.mp3"
"mariitarʉ","等待","https://klokah.tw/extension/con_data/sound/36/word/36c14w8.mp3"
"kisaapatʉ","趕得及；趕得上","https://klokah.tw/extension/con_data/sound/36/word/36c14w9.mp3"
"moopara","坐上；騎上；登上","https://klokah.tw/extension/con_data/sound/36/word/36c14w10.mp3"
"makaan","一次","https://klokah.tw/extension/con_data/sound/36/word/36c14w11.mp3"
"maa","只；僅只","https://klokah.tw/extension/con_data/sound/36/word/36c14w12.mp3"
"mo’uruu’uru","首先；優先；前頭","https://klokah.tw/extension/con_data/sound/36/word/36c14w13.mp3"
"kuracʉn","被；由…責罵","https://klokah.tw/extension/con_data/sound/36/word/36c14w14.mp3"
"tumatacucu","送","https://klokah.tw/extension/con_data/sound/36/word/36c14w15.mp3"
"cʉpʉʉng","心理；想法；以為","https://klokah.tw/extension/con_data/sound/36/word/36c14w16.mp3"
"musukʉʉm","疼痛；生病","https://klokah.tw/extension/con_data/sound/36/word/36c15w1.mp3"
"aramia’ʉ","起床；醒起來","https://klokah.tw/extension/con_data/sound/36/word/36c15w2.mp3"
"ivataan","來來看","https://klokah.tw/extension/con_data/sound/36/word/36c15w3.mp3"
"muru’inasʉ","苦痛；困苦","https://klokah.tw/extension/con_data/sound/36/word/36c15w4.mp3"
"aka","不好","https://klokah.tw/extension/con_data/sound/36/word/36c15w5.mp3"
"cʉ’ʉrʉʉn","看起來","https://klokah.tw/extension/con_data/sound/36/word/36c15w6.mp3"
"nikʉna","所吃的","https://klokah.tw/extension/con_data/sound/36/word/36c15w7.mp3"
"nimuta’i","解過糞便","https://klokah.tw/extension/con_data/sound/36/word/36c15w8.mp3"
"vʉrʉʉngana","夜裡；深夜","https://klokah.tw/extension/con_data/sound/36/word/36c15w9.mp3"
"cikiiringa","邊邊；角落；廁所的隱喻","https://klokah.tw/extension/con_data/sound/36/word/36c15w10.mp3"
"ta’i","糞便","https://klokah.tw/extension/con_data/sound/36/word/36c15w11.mp3"
"sumasupina","請忍著；免強為之","https://klokah.tw/extension/con_data/sound/36/word/36c15w12.mp3"
"tapasavuana","醫院","https://klokah.tw/extension/con_data/sound/36/word/36c15w13.mp3"
"soni","今天","https://klokah.tw/extension/con_data/sound/36/word/36c15w14.mp3"
"manu","小孩","https://klokah.tw/extension/con_data/sound/36/word/36c15w15.mp3"
"niruiri","穿了衣服；換了衣服","https://klokah.tw/extension/con_data/sound/36/word/36c15w16.mp3"
"avicoo","去帶著；要帶","https://klokah.tw/extension/con_data/sound/36/word/36c15w17.mp3"
"paritaangsua","打電話；講電話","https://klokah.tw/extension/con_data/sound/36/word/36c16w1.mp3"
"suan","你那裏","https://klokah.tw/extension/con_data/sound/36/word/36c16w2.mp3"
"to’onain","他的位置","https://klokah.tw/extension/con_data/sound/36/word/36c16w3.mp3"
"makariikari","討論；商量；對話；開會；協商","https://klokah.tw/extension/con_data/sound/36/word/36c16w4.mp3"
"nguani","他們；她們；牠們；它們","https://klokah.tw/extension/con_data/sound/36/word/36c16w5.mp3"
"’apute’i","使留下；使留置","https://klokah.tw/extension/con_data/sound/36/word/36c16w6.mp3"
"kisoo","對…說","https://klokah.tw/extension/con_data/sound/36/word/36c16w7.mp3"
"neesua","那裡","https://klokah.tw/extension/con_data/sound/36/word/36c16w8.mp3"
"Kanakanavu siehue","卡那卡那富協會","https://klokah.tw/extension/con_data/sound/36/word/36c16w9.mp3"
"arumuan","比賽；競爭","https://klokah.tw/extension/con_data/sound/36/word/36c16w10.mp3"
"sasia","八位","https://klokah.tw/extension/con_data/sound/36/word/36c16w11.mp3"
"matiananai","開始","https://klokah.tw/extension/con_data/sound/36/word/36c16w12.mp3"
"aru namasʉ","八點半","https://klokah.tw/extension/con_data/sound/36/word/36c16w13.mp3"
"’akunne’e","絕對不要；絕對不可","https://klokah.tw/extension/con_data/sound/36/word/36c16w14.mp3"
"’apaca’ivi","超過；遲到","https://klokah.tw/extension/con_data/sound/36/word/36c16w15.mp3"
"pacʉpʉnga","所想的","https://klokah.tw/extension/con_data/sound/36/word/36c17w1.mp3"
"pacʉpʉʉng","在想","https://klokah.tw/extension/con_data/sound/36/word/36c17w2.mp3"
"kamʉcʉ","但願；希望；期待","https://klokah.tw/extension/con_data/sound/36/word/36c17w3.mp3"
"uru mavaru","稀飯","https://klokah.tw/extension/con_data/sound/36/word/36c17w4.mp3"
"cau musukʉʉm","病人","https://klokah.tw/extension/con_data/sound/36/word/36c17w5.mp3"
"tina’an","身體；瘦肉","https://klokah.tw/extension/con_data/sound/36/word/36c17w6.mp3"
"pati’ʉnʉ’ʉnoo","要改變；要修改","https://klokah.tw/extension/con_data/sound/36/word/36c17w7.mp3"
"mavuuca’ʉ","軟軟的","https://klokah.tw/extension/con_data/sound/36/word/36c17w8.mp3"
"maitangrau","麥當勞","https://klokah.tw/extension/con_data/sound/36/word/36c17w9.mp3"
"kamu","你們","https://klokah.tw/extension/con_data/sound/36/word/36c17w10.mp3"
"matangiria","請當心；請小心","https://klokah.tw/extension/con_data/sound/36/word/36c17w11.mp3"
"arakuracʉ","生氣","https://klokah.tw/extension/con_data/sound/36/word/36c17w12.mp3"
"arakuraciin","若生氣","https://klokah.tw/extension/con_data/sound/36/word/36c17w13.mp3"
"takacicinia","請自己；請主動","https://klokah.tw/extension/con_data/sound/36/word/36c17w14.mp3"
"iisua","那；那個","https://klokah.tw/extension/con_data/sound/36/word/36c17w15.mp3"
"maraa","比較","https://klokah.tw/extension/con_data/sound/36/word/36c17w16.mp3"
"pokarikarian","說說看","https://klokah.tw/extension/con_data/sound/36/word/36c18w1.mp3"
"arasurumo","突然","https://klokah.tw/extension/con_data/sound/36/word/36c18w2.mp3"
"mariivari","回答","https://klokah.tw/extension/con_data/sound/36/word/36c18w3.mp3"
"masi’uru’uruan","先說說看","https://klokah.tw/extension/con_data/sound/36/word/36c18w4.mp3"
"mati-ucani","第一個","https://klokah.tw/extension/con_data/sound/36/word/36c18w5.mp3"
"toiisua","成為；擔任","https://klokah.tw/extension/con_data/sound/36/word/36c18w6.mp3"
"siauvang-ien","消防員","https://klokah.tw/extension/con_data/sound/36/word/36c18w7.mp3"
"maticusa","第二個","https://klokah.tw/extension/con_data/sound/36/word/36c18w8.mp3"
"kangkohu","護士（借自日語）","https://klokah.tw/extension/con_data/sound/36/word/36c18w9.mp3"
"parakicacʉ","使驚嚇；使驚訝；使訝異","https://klokah.tw/extension/con_data/sound/36/word/36c18w10.mp3"
"’iintasʉ","力量；力氣","https://klokah.tw/extension/con_data/sound/36/word/36c18w11.mp3"
"pusu’aniin","若搬動","https://klokah.tw/extension/con_data/sound/36/word/36c18w12.mp3"
"savai","勝利；贏過","https://klokah.tw/extension/con_data/sound/36/word/36c18w13.mp3"
"putucaau","尊敬；尊重","https://klokah.tw/extension/con_data/sound/36/word/36c18w14.mp3"
"Kanakanavu","卡那卡那富；本族的自稱","https://klokah.tw/extension/con_data/sound/36/word/36c18w15.mp3"
"’amuseen","怎麼說；如何說","https://klokah.tw/extension/con_data/sound/36/word/36c18w16.mp3"
"kanaasia","季節","https://klokah.tw/extension/con_data/sound/36/word/36c19w1.mp3"
"kanaamara","秋天","https://klokah.tw/extension/con_data/sound/36/word/36c19w2.mp3"
"cʉ’ʉroon","看著；要看；去看","https://klokah.tw/extension/con_data/sound/36/word/36c19w3.mp3"
"ranʉʉng","葉子","https://klokah.tw/extension/con_data/sound/36/word/36c19w4.mp3"
"karu","樹木；木材；木棍；柴火","https://klokah.tw/extension/con_data/sound/36/word/36c19w5.mp3"
"niaramariinguna","變乾了","https://klokah.tw/extension/con_data/sound/36/word/36c19w6.mp3"
"matapari’i","掉落","https://klokah.tw/extension/con_data/sound/36/word/36c19w7.mp3"
"mataca’ivi","過後","https://klokah.tw/extension/con_data/sound/36/word/36c19w8.mp3"
"kana’amisan","冬天","https://klokah.tw/extension/con_data/sound/36/word/36c19w9.mp3"
"ka’anmanamu","你們喜歡的","https://klokah.tw/extension/con_data/sound/36/word/36c19w10.mp3"
"puaka","厭惡；討厭；憎恨；嫌棄","https://klokah.tw/extension/con_data/sound/36/word/36c19w11.mp3"
"kana’iara","春天","https://klokah.tw/extension/con_data/sound/36/word/36c19w12.mp3"
"makuung","冷","https://klokah.tw/extension/con_data/sound/36/word/36c19w13.mp3"
"macici","熱","https://klokah.tw/extension/con_data/sound/36/word/36c19w14.mp3"
"maatʉa","相同","https://klokah.tw/extension/con_data/sound/36/word/36c19w15.mp3"
"muruvuarʉ","倦怠；厭倦；懶得","https://klokah.tw/extension/con_data/sound/36/word/36c19w16.mp3"
"pacʉpʉcʉpʉngʉn","想到；聯想","https://klokah.tw/extension/con_data/sound/36/word/36c19w17.mp3"
"sooraru morakʉ","莫拉克颱風","https://klokah.tw/extension/con_data/sound/36/word/36c19w18.mp3"
"Pasikarai","「河祭」的專有名詞","https://klokah.tw/extension/con_data/sound/36/word/36c20w1.mp3"
"nimaatipa","曾經或已經參加","https://klokah.tw/extension/con_data/sound/36/word/36c20w2.mp3"
"nipoon","曾經處在…","https://klokah.tw/extension/con_data/sound/36/word/36c20w3.mp3"
"cakʉran Namaasia","楠仔仙溪","https://klokah.tw/extension/con_data/sound/36/word/36c20w4.mp3"
"nguai","就是；由其","https://klokah.tw/extension/con_data/sound/36/word/36c20w5.mp3"
"kasʉʉpatʉ","四月","https://klokah.tw/extension/con_data/sound/36/word/36c20w6.mp3"
"mataarava","到","https://klokah.tw/extension/con_data/sound/36/word/36c20w7.mp3"
"karima","五月","https://klokah.tw/extension/con_data/sound/36/word/36c20w8.mp3"
"ka’iciuru","生蛋","https://klokah.tw/extension/con_data/sound/36/word/36c20w9.mp3"
"’apoi’i","使回來；使回去","https://klokah.tw/extension/con_data/sound/36/word/36c20w10.mp3"
"’urupacaa","請使用；要使用的","https://klokah.tw/extension/con_data/sound/36/word/36c20w11.mp3"
"samʉsamʉʉn","咀嚼","https://klokah.tw/extension/con_data/sound/36/word/36c20w12.mp3"
"vʉra","米；成果","https://klokah.tw/extension/con_data/sound/36/word/36c20w13.mp3"
"’apakʉʉn","給…吃；餵食","https://klokah.tw/extension/con_data/sound/36/word/36c20w14.mp3"
"siningsinga","刷洗過的","https://klokah.tw/extension/con_data/sound/36/word/36c20w15.mp3"
"sapuarʉ","撈網","https://klokah.tw/extension/con_data/sound/36/word/36c20w16.mp3"
"moocara","往上","https://klokah.tw/extension/con_data/sound/36/word/36c20w17.mp3"
"niarakukun","曾經或已經相處","https://klokah.tw/extension/con_data/sound/36/word/36c21w1.mp3"
"makanaan","如何；怎樣","https://klokah.tw/extension/con_data/sound/36/word/36c21w2.mp3"
"kʉkʉnang","夥伴","https://klokah.tw/extension/con_data/sound/36/word/36c21w3.mp3"
"mita","我們","https://klokah.tw/extension/con_data/sound/36/word/36c21w4.mp3"
"ta’uici","瘦的；細的","https://klokah.tw/extension/con_data/sound/36/word/36c21w5.mp3"
"tinimana","聽過","https://klokah.tw/extension/con_data/sound/36/word/36c21w6.mp3"
"cucumeem","別的；另外","https://klokah.tw/extension/con_data/sound/36/word/36c21w7.mp3"
"na’aangici","吝嗇","https://klokah.tw/extension/con_data/sound/36/word/36c21w8.mp3"
"kan","語助詞（使用於不確定或轉述）","https://klokah.tw/extension/con_data/sound/36/word/36c21w9.mp3"
"tasiira’ʉ","熱忱；慷慨","https://klokah.tw/extension/con_data/sound/36/word/36c21w10.mp3"
"karin","他的話","https://klokah.tw/extension/con_data/sound/36/word/36c21w11.mp3"
"ciuman","胖；粗","https://klokah.tw/extension/con_data/sound/36/word/36c21w12.mp3"
"puakici","批評；背後說人閒語","https://klokah.tw/extension/con_data/sound/36/word/36c21w13.mp3"
"ketuuturu","學習","https://klokah.tw/extension/con_data/sound/36/word/36c21w14.mp3"
"ketuturua","要學習的","https://klokah.tw/extension/con_data/sound/36/word/36c21w15.mp3"
"masiiraru","原本；當然","https://klokah.tw/extension/con_data/sound/36/word/36c21w16.mp3"
"uranʉn","被協助；被幫忙；由...協助","https://klokah.tw/extension/con_data/sound/36/word/36c22w1.mp3"
"’umoo’uma","田園；田地；田裡","https://klokah.tw/extension/con_data/sound/36/word/36c22w2.mp3"
"niisʉ’a","所放置的","https://klokah.tw/extension/con_data/sound/36/word/36c22w3.mp3"
"tapi","背簍","https://klokah.tw/extension/con_data/sound/36/word/36c22w4.mp3"
"tuku","小鋤頭","https://klokah.tw/extension/con_data/sound/36/word/36c22w5.mp3"
"kakaamarʉ","鐮刀","https://klokah.tw/extension/con_data/sound/36/word/36c22w6.mp3"
"ʉmʉka","要種植的","https://klokah.tw/extension/con_data/sound/36/word/36c22w7.mp3"
"naamnam","生薑","https://klokah.tw/extension/con_data/sound/36/word/36c22w8.mp3"
"sipara","對岸","https://klokah.tw/extension/con_data/sound/36/word/36c22w9.mp3"
"mataatʉa","恰巧；恰逢","https://klokah.tw/extension/con_data/sound/36/word/36c22w10.mp3"
"mava","揹","https://klokah.tw/extension/con_data/sound/36/word/36c22w11.mp3"
"taru’an","工寮","https://klokah.tw/extension/con_data/sound/36/word/36c22w12.mp3"
"nipacʉvʉra","所豢養的","https://klokah.tw/extension/con_data/sound/36/word/36c22w13.mp3"
"moranniin","若幫忙","https://klokah.tw/extension/con_data/sound/36/word/36c22w14.mp3"
"mu’iarʉ","緩慢；慢慢的","https://klokah.tw/extension/con_data/sound/36/word/36c22w15.mp3"
"’aparaanʉpʉ","浪費","https://klokah.tw/extension/con_data/sound/36/word/36c22w16.mp3"
"aranai","從...起","https://klokah.tw/extension/con_data/sound/36/word/36c23w1.mp3"
"matirupaang","完成；結束","https://klokah.tw/extension/con_data/sound/36/word/36c23w2.mp3"
"na","語助詞（使用於指示方向、地點、時間、人物）","https://klokah.tw/extension/con_data/sound/36/word/36c23w3.mp3"
"kuocuung","國中。（借自中文）","https://klokah.tw/extension/con_data/sound/36/word/36c23w4.mp3"
"Heto","（地名）屏東。（借自日語）","https://klokah.tw/extension/con_data/sound/36/word/36c23w5.mp3"
"Nepu","（地名）內埔。（借自中文）","https://klokah.tw/extension/con_data/sound/36/word/36c23w6.mp3"
"nungkuung","農工。（借自中文）","https://klokah.tw/extension/con_data/sound/36/word/36c23w7.mp3"
"Vʉngsaan","（地名）鳳山。(借自中文）","https://klokah.tw/extension/con_data/sound/36/word/36c23w8.mp3"
"kaucuung","高中（借自中文）","https://klokah.tw/extension/con_data/sound/36/word/36c23w9.mp3"
"Hancirio","（地名）番薯寮，指現今之旗山區","https://klokah.tw/extension/con_data/sound/36/word/36c23w10.mp3"
"iimo","所以","https://klokah.tw/extension/con_data/sound/36/word/36c23w11.mp3"
"matuun","三十","https://klokah.tw/extension/con_data/sound/36/word/36c23w12.mp3"
"cau vuvurung","原住民","https://klokah.tw/extension/con_data/sound/36/word/36c23w13.mp3"
"seto","學生（借自日語）","https://klokah.tw/extension/con_data/sound/36/word/36c23w14.mp3"
"papeen","幾位","https://klokah.tw/extension/con_data/sound/36/word/36c23w15.mp3"
"manʉmʉn","六十","https://klokah.tw/extension/con_data/sound/36/word/36c23w16.mp3"
"kanaira","人少","https://klokah.tw/extension/con_data/sound/36/word/36c23w17.mp3"
"rangrang","困難；貴","https://klokah.tw/extension/con_data/sound/36/word/36c24w1.mp3"
"ketuturuun","學起來；被學習","https://klokah.tw/extension/con_data/sound/36/word/36c24w2.mp3"
"cu","語助詞：通常使用於「過去式」","https://klokah.tw/extension/con_data/sound/36/word/36c24w3.mp3"
"kuosiau","國小（借自中文）","https://klokah.tw/extension/con_data/sound/36/word/36c24w4.mp3"
"usʉʉpatʉ","四（數物用數詞）","https://klokah.tw/extension/con_data/sound/36/word/36c24w5.mp3"
"miaa","那時；當...；...之時","https://klokah.tw/extension/con_data/sound/36/word/36c24w6.mp3"
"’akia","沒有（否定詞之ㄧ）","https://klokah.tw/extension/con_data/sound/36/word/36c24w7.mp3"
"niketuuturu","曾經或已經學習","https://klokah.tw/extension/con_data/sound/36/word/36c24w8.mp3"
"matimanʉngiin","若好好的","https://klokah.tw/extension/con_data/sound/36/word/36c24w9.mp3"
"aririan","仔細聽；頃聽；聆聽；打聽","https://klokah.tw/extension/con_data/sound/36/word/36c24w10.mp3"
"maritanaam","練習","https://klokah.tw/extension/con_data/sound/36/word/36c24w11.mp3"
"pacʉpʉcʉpʉʉng","想；思考","https://klokah.tw/extension/con_data/sound/36/word/36c24w12.mp3"
"cʉpʉʉnga","所想的；所思考的","https://klokah.tw/extension/con_data/sound/36/word/36c24w13.mp3"
"maku","我；我的","https://klokah.tw/extension/con_data/sound/36/word/36c24w14.mp3"
"pakariamu","你們說話的對象","https://klokah.tw/extension/con_data/sound/36/word/36c24w15.mp3"
"kinvavara","兄弟姐妹（複數）","https://klokah.tw/extension/con_data/sound/36/word/36c24w16.mp3"
"kita","我們（包含式）","https://klokah.tw/extension/con_data/sound/36/word/36c24w17.mp3"
"arakacaua","變多（指人數）","https://klokah.tw/extension/con_data/sound/36/word/36c24w18.mp3"
"nimookusa","曾經或已經去","https://klokah.tw/extension/con_data/sound/36/word/36c25w1.mp3"
"miʉra","昨天","https://klokah.tw/extension/con_data/sound/36/word/36c25w2.mp3"
"taniara","日；日子","https://klokah.tw/extension/con_data/sound/36/word/36c25w3.mp3"
"nikusamu","你們去的","https://klokah.tw/extension/con_data/sound/36/word/36c25w4.mp3"
"tung’u’ien","動物園（借自中文）","https://klokah.tw/extension/con_data/sound/36/word/36c25w5.mp3"
"marʉkurakurapʉ","動物；野獸","https://klokah.tw/extension/con_data/sound/36/word/36c25w6.mp3"
"turupang","結束；之後","https://klokah.tw/extension/con_data/sound/36/word/36c25w7.mp3"
"paihuo kungsʉ","百貨公司（借自中文）","https://klokah.tw/extension/con_data/sound/36/word/36c25w8.mp3"
"siakisiikisi","刮的工具；用來刮的","https://klokah.tw/extension/con_data/sound/36/word/36c25w9.mp3"
"ngisiingisi","鬍子","https://klokah.tw/extension/con_data/sound/36/word/36c25w10.mp3"
"tikuru","衣服","https://klokah.tw/extension/con_data/sound/36/word/36c25w11.mp3"
"ʉrʉna","冰；霜","https://klokah.tw/extension/con_data/sound/36/word/36c25w12.mp3"
"roimin","被遺忘的","https://klokah.tw/extension/con_data/sound/36/word/36c25w13.mp3"
"nipaicaa","所經過的","https://klokah.tw/extension/con_data/sound/36/word/36c25w14.mp3"
"namanamarʉ","平地","https://klokah.tw/extension/con_data/sound/36/word/36c25w15.mp3"
"aratʉkʉʉn","分開；分離；離開","https://klokah.tw/extension/con_data/sound/36/word/36c26w1.mp3"
"Tainan","（地名）台南","https://klokah.tw/extension/con_data/sound/36/word/36c26w2.mp3"
"marisinatʉ","讀書；寫字","https://klokah.tw/extension/con_data/sound/36/word/36c26w3.mp3"
"ca’aania","日間；白晝","https://klokah.tw/extension/con_data/sound/36/word/36c26w4.mp3"
"tarisinata","學校","https://klokah.tw/extension/con_data/sound/36/word/36c26w5.mp3"
"siacʉvʉrʉ","生活；生存","https://klokah.tw/extension/con_data/sound/36/word/36c26w6.mp3"
"tumatucucu","送","https://klokah.tw/extension/con_data/sound/36/word/36c26w7.mp3"
"tia","要；會","https://klokah.tw/extension/con_data/sound/36/word/36c26w8.mp3"
"raupan","老闆（借自中文）","https://klokah.tw/extension/con_data/sound/36/word/36c26w9.mp3"
"tantanniara","每日；每天","https://klokah.tw/extension/con_data/sound/36/word/36c26w10.mp3"
"makaasua","那樣","https://klokah.tw/extension/con_data/sound/36/word/36c26w11.mp3"
"kipaatʉsʉ","努力；用力；岀力；認真","https://klokah.tw/extension/con_data/sound/36/word/36c26w12.mp3"
"vaantuku","錢；元","https://klokah.tw/extension/con_data/sound/36/word/36c26w13.mp3"
"serupaca","要使用的；用以","https://klokah.tw/extension/con_data/sound/36/word/36c26w14.mp3"
"katangtangria","交朋友","https://klokah.tw/extension/con_data/sound/36/word/36c27w1.mp3"
"tikirima","去找；要找的","https://klokah.tw/extension/con_data/sound/36/word/36c27w2.mp3"
"tangria","朋友","https://klokah.tw/extension/con_data/sound/36/word/36c27w3.mp3"
"nariisʉvʉ","虛偽；欺騙；假裝","https://klokah.tw/extension/con_data/sound/36/word/36c27w4.mp3"
"tamna","所屬；的","https://klokah.tw/extension/con_data/sound/36/word/36c27w5.mp3"
"ikuiin","由我；讓我","https://klokah.tw/extension/con_data/sound/36/word/36c27w6.mp3"
"po’uruu’uru","先說","https://klokah.tw/extension/con_data/sound/36/word/36c27w7.mp3"
"aracapici","接近","https://klokah.tw/extension/con_data/sound/36/word/36c27w8.mp3"
"taucʉng","文靜","https://klokah.tw/extension/con_data/sound/36/word/36c27w9.mp3"
"noteen","若要","https://klokah.tw/extension/con_data/sound/36/word/36c27w10.mp3"
"marivivici","領頭者；一直帶領","https://klokah.tw/extension/con_data/sound/36/word/36c27w11.mp3"
"pomanʉʉng","欣賞；讚賞；滿意","https://klokah.tw/extension/con_data/sound/36/word/36c27w12.mp3"
"nimakaan","曾經一次","https://klokah.tw/extension/con_data/sound/36/word/36c27w13.mp3"
"tasiira’ʉ","熱忱；慷慨","https://klokah.tw/extension/con_data/sound/36/word/36c27w14.mp3"
"navicu’u","兇；脾氣不好","https://klokah.tw/extension/con_data/sound/36/word/36c27w15.mp3"
"ma’icʉpʉ","懼怕","https://klokah.tw/extension/con_data/sound/36/word/36c27w16.mp3"
"siacʉ’ʉra","所看的；用來看；看法","https://klokah.tw/extension/con_data/sound/36/word/36c27w17.mp3"
"sipangariingari","行為；動的方式","https://klokah.tw/extension/con_data/sound/36/word/36c27w18.mp3"
"musurovu","圍圈圈吟唱","https://klokah.tw/extension/con_data/sound/36/word/36c28w1.mp3"
"tensʉ","電視（借自中文）","https://klokah.tw/extension/con_data/sound/36/word/36c28w2.mp3"
"cʉ’ʉraa","所看的","https://klokah.tw/extension/con_data/sound/36/word/36c28w3.mp3"
"’utori","跳舞（借自日語）","https://klokah.tw/extension/con_data/sound/36/word/36c28w4.mp3"
"sua","語助詞（用在明確指向）","https://klokah.tw/extension/con_data/sound/36/word/36c28w5.mp3"
"tavara’a","所知道的；所了解的；注意","https://klokah.tw/extension/con_data/sound/36/word/36c28w6.mp3"
"karanana","不同；特殊","https://klokah.tw/extension/con_data/sound/36/word/36c28w7.mp3"
"urucin","兩個；兩種（數物用）","https://klokah.tw/extension/con_data/sound/36/word/36c28w8.mp3"
"muru’ucaang","結婚","https://klokah.tw/extension/con_data/sound/36/word/36c28w9.mp3"
"ka’upu’upaang","隨性；隨便","https://klokah.tw/extension/con_data/sound/36/word/36c28w10.mp3"
"pii’uru","領唱；先唱","https://klokah.tw/extension/con_data/sound/36/word/36c28w11.mp3"
"’apaica","隨著；使通過；使透過","https://klokah.tw/extension/con_data/sound/36/word/36c28w12.mp3"
"caniin","他；她的歌","https://klokah.tw/extension/con_data/sound/36/word/36c28w13.mp3"
"cucumeen","別的","https://klokah.tw/extension/con_data/sound/36/word/36c28w14.mp3"
"matipa","參加","https://klokah.tw/extension/con_data/sound/36/word/36c28w15.mp3"
"matikiri","牽著","https://klokah.tw/extension/con_data/sound/36/word/36c28w16.mp3"
"ramucu","手","https://klokah.tw/extension/con_data/sound/36/word/36c28w17.mp3"
"’apamanaatʉrʉ","使堅定","https://klokah.tw/extension/con_data/sound/36/word/36c28w18.mp3"
"Mikoong","米貢祭（本族最重要的祭典）","https://klokah.tw/extension/con_data/sound/36/word/36c29w1.mp3"
"miana","以前","https://klokah.tw/extension/con_data/sound/36/word/36c29w2.mp3"
"turupaang","結束；完成","https://klokah.tw/extension/con_data/sound/36/word/36c29w3.mp3"
"marivina’ʉ","收割小米","https://klokah.tw/extension/con_data/sound/36/word/36c29w4.mp3"
"kapiitua","七月","https://klokah.tw/extension/con_data/sound/36/word/36c29w5.mp3"
"kaarua","八月","https://klokah.tw/extension/con_data/sound/36/word/36c29w6.mp3"
"kamana","十月","https://klokah.tw/extension/con_data/sound/36/word/36c29w7.mp3"
"tamu nikianara","祖先","https://klokah.tw/extension/con_data/sound/36/word/36c29w8.mp3"
"Tapcarake","小矮人","https://klokah.tw/extension/con_data/sound/36/word/36c29w9.mp3"
"rapʉ","種籽","https://klokah.tw/extension/con_data/sound/36/word/36c29w10.mp3"
"vina’ʉ","小米","https://klokah.tw/extension/con_data/sound/36/word/36c29w11.mp3"
"nimova","給的；給了","https://klokah.tw/extension/con_data/sound/36/word/36c29w12.mp3"
"kitana","我們","https://klokah.tw/extension/con_data/sound/36/word/36c29w13.mp3"
"maripipining","拿出；呈現","https://klokah.tw/extension/con_data/sound/36/word/36c29w14.mp3"
"vo’orua","新的","https://klokah.tw/extension/con_data/sound/36/word/36c29w15.mp3"
"cancan","每個","https://klokah.tw/extension/con_data/sound/36/word/36c29w16.mp3"
"cunuku","糯米糕","https://klokah.tw/extension/con_data/sound/36/word/36c29w17.mp3"
"pa’ici","酒","https://klokah.tw/extension/con_data/sound/36/word/36c29w18.mp3"
"mu’iara","請慢慢的","https://klokah.tw/extension/con_data/sound/36/word/36c29w19.mp3"
"cuku","族（借自日語）","https://klokah.tw/extension/con_data/sound/36/word/36c30w1.mp3"
"Taiuan","臺灣","https://klokah.tw/extension/con_data/sound/36/word/36c30w2.mp3"
"maan usʉʉpatʉ","十四","https://klokah.tw/extension/con_data/sound/36/word/36c30w3.mp3"
"sumasʉpʉra","請數數；請唸出","https://klokah.tw/extension/con_data/sound/36/word/36c30w4.mp3"
"upitu","七（數物用）","https://klokah.tw/extension/con_data/sound/36/word/36c30w5.mp3"
"’Amis","阿美族","https://klokah.tw/extension/con_data/sound/36/word/36c30w6.mp3"
"Taiaru","泰雅族","https://klokah.tw/extension/con_data/sound/36/word/36c30w7.mp3"
"Sau","邵族","https://klokah.tw/extension/con_data/sound/36/word/36c30w8.mp3"
"Setek","賽德克族","https://klokah.tw/extension/con_data/sound/36/word/36c30w9.mp3"
"Turuku","太魯閣族","https://klokah.tw/extension/con_data/sound/36/word/36c30w10.mp3"
"Saisia","賽夏族","https://klokah.tw/extension/con_data/sound/36/word/36c30w11.mp3"
"Cou","鄒族","https://klokah.tw/extension/con_data/sound/36/word/36c30w12.mp3"
"Sumukun","布農族","https://klokah.tw/extension/con_data/sound/36/word/36c30w13.mp3"
"Paiuan","排灣族","https://klokah.tw/extension/con_data/sound/36/word/36c30w14.mp3"
"Kamaran","葛瑪蘭族","https://klokah.tw/extension/con_data/sound/36/word/36c30w15.mp3"
"Puiuma","卑南族","https://klokah.tw/extension/con_data/sound/36/word/36c30w16.mp3"
"Iami","雅美族","https://klokah.tw/extension/con_data/sound/36/word/36c30w17.mp3"
"Rukai","魯凱族","https://klokah.tw/extension/con_data/sound/36/word/36c30w18.mp3"
"tisikareen","它的裡面","https://klokah.tw/extension/con_data/sound/36/word/36c30w19.mp3"
