"semavalran! awa u i iyan?","早安！你要去哪裡？","https://klokah.tw/extension/con_data/sound/39/sentence/39c1s1.mp3"
"awa ku i zekalr mena’uwa kananku maza’izangan.","我要去部落探望父母。","https://klokah.tw/extension/con_data/sound/39/sentence/39c1s2.mp3"
"nu mukuwa u mu kasawarariyan u?","你要去多久？","https://klokah.tw/extension/con_data/sound/39/sentence/39c1s3.mp3"
"nu ’emanan mu uri waruma’ ku lra.","明天就回來了。","https://klokah.tw/extension/con_data/sound/39/sentence/39c1s4.mp3"
"nu kemazu mu, tawar lra.","那麼，慢走。","https://klokah.tw/extension/con_data/sound/39/sentence/39c1s5.mp3"
"sawariyan ku lra ’azi mena’u kaninu, muruma’ u a aidan?","很久沒看到你，什麼時候回來的？","https://klokah.tw/extension/con_data/sound/39/sentence/39c1s6.mp3"
"muruma’ ku a semavalr.","今天早上回來的。","https://klokah.tw/extension/con_data/sound/39/sentence/39c1s7.mp3"
"mavangavang u kinadaman ziyan?","你最近忙嗎？","https://klokah.tw/extension/con_data/sound/39/sentence/39c1s8.mp3"
"’azi ku kamavangavangan.","還好，我不太忙。","https://klokah.tw/extension/con_data/sound/39/sentence/39c1s9.mp3"
"nu ’emanan mu ulra nu wari? salrangana ta mukuwa kara’alriya.","明天有空嗎？我們一起吃午飯吧。","https://klokah.tw/extension/con_data/sound/39/sentence/39c1s10.mp3"
"miwari ku, zi partratrevung ta i iyan?","有空，要在哪裡見面？","https://klokah.tw/extension/con_data/sound/39/sentence/39c1s11.mp3"
"alamu kaniyam.","到我家來吧。","https://klokah.tw/extension/con_data/sound/39/sentence/39c1s12.mp3"
"’inavayan, ku ngadan mu maw i Ameng kiumalra ku kaninu, i eman nu ngadan?","你好，我叫 Ameng，請問你叫什麼名字？","https://klokah.tw/extension/con_data/sound/39/sentence/39c2s1.mp3"
"i Singkuy nanku ngadan.","我的名字叫Singkuy。","https://klokah.tw/extension/con_data/sound/39/sentence/39c2s2.mp3"
"i intaw mu maw i Yamamoto ninku ali’an.","他是我的朋友Yamamoto。","https://klokah.tw/extension/con_data/sound/39/sentence/39c2s3.mp3"
"i ali’u mu kemay i iyan?","你的朋友從哪裡來？","https://klokah.tw/extension/con_data/sound/39/sentence/39c2s4.mp3"
"Dipung i intaw zuwa i Taiwan menadanadama za ta piningaiyan na yuēncumin.","他是日本人，來臺灣學原住民語言。","https://klokah.tw/extension/con_data/sound/39/sentence/39c2s5.mp3"
"i intaw mu sayhu marengay kananta piningaiyan?","他會說我們的語言嗎？","https://klokah.tw/extension/con_data/sound/39/sentence/39c2s6.mp3"
"ma’uliz, maw mu, intaw salaw sahar kaninta na yuēncumin izu nanta kakuwayanan.","不會，但是他對我們的原住民文化很有興趣。","https://klokah.tw/extension/con_data/sound/39/sentence/39c2s7.mp3"
"salaw ku semangal mazalram kaninu.","很高興能認識Yamamoto先生。","https://klokah.tw/extension/con_data/sound/39/sentence/39c2s8.mp3"
"Singkuy kaazu u i iyan?","Singkuy 你住在哪裡？","https://klokah.tw/extension/con_data/sound/39/sentence/39c2s9.mp3"
"kazu i dalrep kana palakuwan ku ruma’.","我家住在巴拉冠附近。","https://klokah.tw/extension/con_data/sound/39/sentence/39c2s10.mp3"
"vi’as na kadaw wa, pusaring ku lra kemalrawalrawa.","太陽好大，我流了好多汗。","https://klokah.tw/extension/con_data/sound/39/sentence/39c3s1.mp3"
"itruli nu saringan kananu himpu.","拿出毛巾擦擦汗吧。","https://klokah.tw/extension/con_data/sound/39/sentence/39c3s2.mp3"
"’aw ku wa, mada u za zanum?","我很渴，你有帶水嗎？","https://klokah.tw/extension/con_data/sound/39/sentence/39c3s3.mp3"
"anzu, alra zi ’aw!","有，請你喝吧！","https://klokah.tw/extension/con_data/sound/39/sentence/39c3s4.mp3"
"rapi’ ku lra wa, maranger ku temalaulepa.","我累了，想要休息。","https://klokah.tw/extension/con_data/sound/39/sentence/39c3s5.mp3"
"kaziyu mu ulra kakayanan kayta kemayana ziya!","那邊有張椅子，我們快去坐下吧！","https://klokah.tw/extension/con_data/sound/39/sentence/39c3s6.mp3"
"adawilr ziya? ’azi ku lra pakakuwa kemakawang.","還有多遠呢？我已經走不動了。","https://klokah.tw/extension/con_data/sound/39/sentence/39c3s7.mp3"
"adalrep lra zi, ta arekerekedaw ta i kakawang!","很近了，加油吧！","https://klokah.tw/extension/con_data/sound/39/sentence/39c3s8.mp3"
"savelaw ku lra zi, ulra akanen kaziyu?","我餓了，有東西可以吃嗎？","https://klokah.tw/extension/con_data/sound/39/sentence/39c3s9.mp3"
"ulra kana lralritekan a inaekan na vuwa’.","冰箱裡有一些吃的水果。","https://klokah.tw/extension/con_data/sound/39/sentence/39c3s10.mp3"
"na kemazu na vuwa’ nu mekan ta mu 'azi ta vetreker, marangrer ku mekan za maderu.","水果吃不飽，我想要吃飯。","https://klokah.tw/extension/con_data/sound/39/sentence/39c3s11.mp3"
"ai, semiyana ku za maderu zi mekana mu.","好，我炒飯給你們吃。","https://klokah.tw/extension/con_data/sound/39/sentence/39c3s12.mp3"
"kemuda na wari harem awa?","今天天氣怎麼樣？","https://klokah.tw/extension/con_data/sound/39/sentence/39c4s1.mp3"
"kemakadaw harem kana wari.","今天出大太陽。","https://klokah.tw/extension/con_data/sound/39/sentence/39c4s2.mp3"
"kemuda na wari nu ’emanan nay?","明天天氣怎樣呢？","https://klokah.tw/extension/con_data/sound/39/sentence/39c4s3.mp3"
"kinger ta mu papana lra na variw kema.","聽說颱風快要來了。","https://klokah.tw/extension/con_data/sound/39/sentence/39c4s4.mp3"
"nu kemazu mu pakunamuna ta muruma’ padulu za emaziya!","那快回家準備防颱工作吧！","https://klokah.tw/extension/con_data/sound/39/sentence/39c4s5.mp3"
"’umudalr lra adaman kana ’esunganan awa?","昨天晚上有下雨嗎？","https://klokah.tw/extension/con_data/sound/39/sentence/39c4s6.mp3"
"kamawan za lremamelramek na ’udalr.","好像下了毛毛雨。","https://klokah.tw/extension/con_data/sound/39/sentence/39c4s7.mp3"
"marengay na sinbung mu, nu ’emanan mu uri a’udalr kema.","新聞報導說明天會下雨。","https://klokah.tw/extension/con_data/sound/39/sentence/39c4s8.mp3"
"uri ’a’udalr za pida wariyan awa?","會下幾天的雨呢？","https://klokah.tw/extension/con_data/sound/39/sentence/39c4s9.mp3"
"mikinengeran ku za a’udalr palru kana liyusan lruwatr kema.","我聽說雨要下到週五的樣子。","https://klokah.tw/extension/con_data/sound/39/sentence/39c4s10.mp3"
"harem kana wari pukapida ’ilras zi pukapida wariyan?","今天是幾月幾日？","https://klokah.tw/extension/con_data/sound/39/sentence/39c5s1.mp3"
"pukaanem na ’ilras zi kalralruwatr wariyan.","6月5日。","https://klokah.tw/extension/con_data/sound/39/sentence/39c5s2.mp3"
"saliyusan kana pukapida wariyan nay?","星期幾呢？","https://klokah.tw/extension/con_data/sound/39/sentence/39c5s3.mp3"
"liyusan nem.","星期六。","https://klokah.tw/extension/con_data/sound/39/sentence/39c5s4.mp3"
"kani yubingkiyok nu liyusan nem mu ulra trau a kiyakarun?","星期六郵局有上班嗎？","https://klokah.tw/extension/con_data/sound/39/sentence/39c5s5.mp3"
"ulra! maw mu parkazuwa wariyan kikarun, kemay kana semavalr waluwaluwa tuki palru kana muketrep misama’ za zuwaya tuki.","有，但是只有早上才上班，從8點到12點。","https://klokah.tw/extension/con_data/sound/39/sentence/39c5s6.mp3"
"pidaya lra tuki harem?","現在幾點了？","https://klokah.tw/extension/con_data/sound/39/sentence/39c5s7.mp3"
"muketrep misama’ za sasaya tuki semalaw za makapetelr pungkang.","11點40分。","https://klokah.tw/extension/con_data/sound/39/sentence/39c5s8.mp3"
"penauwa nanu tuki?","你的錶準嗎？","https://klokah.tw/extension/con_data/sound/39/sentence/39c5s9.mp3"
"nanku tuki mu purudika za muketrep pungkang, penauwa na tuki mu muketrep misama’ za sasaya zi semalaw za parkazuwa.","我的錶快了10分鐘，正確時間是11點半。","https://klokah.tw/extension/con_data/sound/39/sentence/39c5s10.mp3"
"’inava lra, ulra ziya makatelun pungkang zi kararuwa ku mukuwa paatez za ku tigami.","還好，那我還有30分鐘可以去寄信。","https://klokah.tw/extension/con_data/sound/39/sentence/39c5s11.mp3"
"irayan, malremes ku za ku inalrangan, kararuwa u pakazalram kaninku kemudakuda ta mukuwa kanizu na tusukuwan?","對不起，我迷路了，可以告訴我怎麼去圖書館嗎？","https://klokah.tw/extension/con_data/sound/39/sentence/39c6s1.mp3"
"kemay kania patedelre kemakawang, nu meredek u kana martrevun na dadalan mu uri nana’u u za kivangangavangan.","從這裡直走，走到一個十字路口後，就可以看到一個公園。","https://klokah.tw/extension/con_data/sound/39/sentence/39c6s2.mp3"
"nu meredek ku kana kivangangavangan mu, piya iyan ku lra kemakawan?","到了公園，我要向哪兒走？","https://klokah.tw/extension/con_data/sound/39/sentence/39c6s3.mp3"
"kanizu na kivangangavangan i ngidiran mu ulra a tateluwa pinarahan za ruma’, i tarawiri mu maw na ma’izang, na pinarahanan i tarawalran mu maw na takesiyan, izu na i paduk na zangzarang tu liveng mu maw na tusukuwan.","公園的旁邊有三棟建築，左邊是大樓，右邊是學校，中間紅色的就是圖書館。","https://klokah.tw/extension/con_data/sound/39/sentence/39c6s4.mp3"
"kiumalra ku ziyan, maw iyan rawangan izu na nana’uwan kana markamlrimelri na valray?","請問閱覽室在哪兒？","https://klokah.tw/extension/con_data/sound/39/sentence/39c6s5.mp3"
"ulra i itras kana pukaapat rawangan, nu mupatraran u kanini na sulray mu uliyus pitarawalran, karuwa u muitras kana midadikesan na sekayan.","在四樓，從這個門出去右轉，可以搭乘電手扶梯上樓。","https://klokah.tw/extension/con_data/sound/39/sentence/39c6s6.mp3"
"lrayuan! masalra ku ziya kiumalr kaninu, ulra i iyan izu na tavavunanan?","好，謝謝。再請問一下，廁所在哪裡?","https://klokah.tw/extension/con_data/sound/39/sentence/39c6s7.mp3"
"i lusu na tavavunanan mu patrepa maidap harem wa.","一樓的廁所正在清潔中。","https://klokah.tw/extension/con_data/sound/39/sentence/39c6s8.mp3"
"nu kamazu mu kiumalra ku ziyan ulra i iyan na zuma na tavavunanan?","那請問哪裡還有廁所呢？","https://klokah.tw/extension/con_data/sound/39/sentence/39c6s9.mp3"
"i itras kana kazazuwa rawangan mu ulra tu tavavunanan za vavayan. nu temarawiri muliyus kemakawang kana sekayan muitras mu kararuwa u muredek.","二樓有女廁，左轉走樓梯就可到達。","https://klokah.tw/extension/con_data/sound/39/sentence/39c6s10.mp3"
"ulra i kapapida rawangan izu nanmu inaniwan kana rimekan?","家具或廚具的專櫃是在幾樓呢？","https://klokah.tw/extension/con_data/sound/39/sentence/39c7s1.mp3"
"ulra i itras kana kaanem rawangan, kalrang i tarawalran kanizu na midadikesan na sekayan muitras. zi kararuwa u muitras kana tarawiri izu na tiyénti muredek.","在六樓。請經由右方的手扶梯上樓。或搭乘左方的電梯直達也可以。","https://klokah.tw/extension/con_data/sound/39/sentence/39c7s2.mp3"
"lrayuan! mazalram ku lra!","知道了，謝謝！","https://klokah.tw/extension/con_data/sound/39/sentence/39c7s3.mp3"
"maranger ku tremima’ za saya talupung.","我想買一頂帽子。","https://klokah.tw/extension/con_data/sound/39/sentence/39c7s4.mp3"
"sahar u kana kemudakuda na tu pinivalrayan?","你喜歡什麼顏色呢？","https://klokah.tw/extension/con_data/sound/39/sentence/39c7s5.mp3"
"nu malulu’ lra nu zangzarang lra mu ’aziya za eman.","黃色或紅色都可以。","https://klokah.tw/extension/con_data/sound/39/sentence/39c7s6.mp3"
"ai, patalrami ini.","好的，這頂試試看。","https://klokah.tw/extension/con_data/sound/39/sentence/39c7s7.mp3"
"penauwa inia wa, zi aruwa munueman paysu?","我覺得這頂很適合，請問多少錢呢？","https://klokah.tw/extension/con_data/sound/39/sentence/39c7s8.mp3"
"penauwa kana kinisa’amiyan zi linhetran lra mu, maw na walu leman paysu.","配合週年慶，原價打折後，是八百元。","https://klokah.tw/extension/con_data/sound/39/sentence/39c7s9.mp3"
"nu verayay ku za sakuzulr zi, kuy  parveliyasay u za zuwa leman.","收你一千元，找你二百元。","https://klokah.tw/extension/con_data/sound/39/sentence/39c7s10.mp3"
"lrayuan!","謝謝。","https://klokah.tw/extension/con_data/sound/39/sentence/39c7s11.mp3"
"lremepus lra kananta pinadayadayaran, nu ’emanan mu kararuwa u zuwa kurpuwazuka mekan?","討論結束了，你明天可以參加聚餐嗎？","https://klokah.tw/extension/con_data/sound/39/sentence/39c8s1.mp3"
"Kairayan, ulra ku vangavangan nu emanan.","對不起，我明天有事情要忙。","https://klokah.tw/extension/con_data/sound/39/sentence/39c8s2.mp3"
"lramalraman wa, kana miwari ta papiya.","真可惜，難得大家都有空。","https://klokah.tw/extension/con_data/sound/39/sentence/39c8s3.mp3"
"ta kudayaw, nu masalr lra mu kurlranga ku lra. kasemangalan za nanmu kiyavangangavangan!","沒辦法，只好下次再參加了。祝你們玩的愉快！","https://klokah.tw/extension/con_data/sound/39/sentence/39c8s4.mp3"
"kiumalra ku ziyan kanini na liyusan telu mu, kararuwa u zuwa kana kaygi?","請問週三可以出席會議嗎？","https://klokah.tw/extension/con_data/sound/39/sentence/39c8s5.mp3"
"ka’irayan, ulra zuma ku awayan, kararuwa masalr kanini na liyusan lruwatr?","抱歉，我有其他行程，可以改成週五嗎？","https://klokah.tw/extension/con_data/sound/39/sentence/39c8s6.mp3"
"na liyusan lruwatr kema u? kuwa kiumalray lra nazu na zuma na trau.","週五嗎？我得問問其他人。","https://klokah.tw/extension/con_data/sound/39/sentence/39c8s7.mp3"
"kairaira, pakavangavang ku kaninu wa.","不好意思，麻煩你了。","https://klokah.tw/extension/con_data/sound/39/sentence/39c8s8.mp3"
"piya ku lra kiumalr, nazu na papiya mu ai kema.","我問過了，大家都說可以。","https://klokah.tw/extension/con_data/sound/39/sentence/39c8s9.mp3"
"lrayuan, maulep u lra.","謝謝你，辛苦了。","https://klokah.tw/extension/con_data/sound/39/sentence/39c8s10.mp3"
"salaw ’inava nu rinerarengay kananta piningaiyan.","你族語說得很好。","https://klokah.tw/extension/con_data/sound/39/sentence/39c9s1.mp3"
"lrayuan, ’azi kapenauwayan.","謝謝，不標準。","https://klokah.tw/extension/con_data/sound/39/sentence/39c9s2.mp3"
"i eman izu na panaanadam kaninu?","都是誰教你的呢？","https://klokah.tw/extension/con_data/sound/39/sentence/39c9s3.mp3"
"kaazu ku i Taipei temakakesi zi iniyan ku za kemazu a naanadaman. maw mu nu katalaulepan i takesiyan mu muruma’ ku kanazu na mulri, marengarengay ku kananta piningaiyan. kimadayadayar ku kanazu na mulri kananta piningaiyan.","平常雖然在都市唸書，沒機會練習。但是一放假回祖父母家，都盡量說族語。","https://klokah.tw/extension/con_data/sound/39/sentence/39c9s4.mp3"
"kemazu kuwayu, ulra nu temu a kemazu ’inava mutusinsi panadam kananta piningaiyan.","原來是有阿公和阿嬤這麼好的語言老師。","https://klokah.tw/extension/con_data/sound/39/sentence/39c9s5.mp3"
"ini a na ’avay mu ninku inada adaman kemay Kalēnko, vaveray kani sinsi.","這是昨天從花蓮帶回來的麻糬，送給老師。","https://klokah.tw/extension/con_data/sound/39/sentence/39c9s6.mp3"
"ini a na akanen mu salaw mingadan, maw nanku rinaangeanger mekan.","這個是很有名的食物，也是我一直想吃的東西。","https://klokah.tw/extension/con_data/sound/39/sentence/39c9s7.mp3"
"lrayuan kemaya ku kaninu, harem kana wari nu ateday ku za salaw kemani kana ’inava na de’er.","今天，真是謝謝你送來這麼好的禮物。","https://klokah.tw/extension/con_data/sound/39/sentence/39c9s8.mp3"
"mazalram ku kani sinsi za sahar, ka’inavayan.","知道老師喜歡，真是太好了。","https://klokah.tw/extension/con_data/sound/39/sentence/39c9s9.mp3"
"ay! kaeman ta maira.","啊！不客氣。","https://klokah.tw/extension/con_data/sound/39/sentence/39c9s10.mp3"
"pinialrakan u aidan kana ’ami?","你是哪一年出生的？","https://klokah.tw/extension/con_data/sound/39/sentence/39c10s1.mp3"
"pinialrak ku a minkok makapitun misama’ za telu ’ami.","我是民國73年出生的。","https://klokah.tw/extension/con_data/sound/39/sentence/39c10s2.mp3"
"pinialrakan u aidan kana wari?","你的生日是哪一天？","https://klokah.tw/extension/con_data/sound/39/sentence/39c10s3.mp3"
"pukapitu ’ilras makavetra’an na wari.","是7月20日。","https://klokah.tw/extension/con_data/sound/39/sentence/39c10s4.mp3"
"penauwa nu ’emanan! inku mu maw nu dadaman lra ku pinialrakan na wari.","剛好是明天嘛！我是後天出生的耶。","https://klokah.tw/extension/con_data/sound/39/sentence/39c10s5.mp3"
"yi! penauwa ta pinialrakan ta kana derun na wari, ziya za eman a marsasan ta mangetrengetre pulralrang za trau.","怎麼那麼巧，我們都是夏天出生的，難怪都很熱情。","https://klokah.tw/extension/con_data/sound/39/sentence/39c10s6.mp3"
"alra nu kemazu mu salrangana ta semasaharan ta kanan ta pinialrakan.","今天我們就一起慶祝生日吧！","https://klokah.tw/extension/con_data/sound/39/sentence/39c10s7.mp3"
"ai! semasaharan ku kaninu pinialrakan!","好，我祝你生日快樂！","https://klokah.tw/extension/con_data/sound/39/sentence/39c10s8.mp3"
"inku mu kuazu ku marengay kaninu kasemangal kananu pinialrakan.","我也祝你生日快樂！","https://klokah.tw/extension/con_data/sound/39/sentence/39c10s9.mp3"
"salranganata karapule’em zi munayuna ta dalikedik.","我們一起互相祝福，永遠健康幸福。","https://klokah.tw/extension/con_data/sound/39/sentence/39c10s10.mp3"
"papida mu maruwadiyadi?","你有幾個兄弟姐妹？","https://klokah.tw/extension/con_data/sound/39/sentence/39c11s1.mp3"
"ulra i valri na ma’inay a sasa, ulra ku maralrak a zazuwa, sasa ma’inay zi sasa vavayan.","我有一個哥哥、兩個比我小的一個弟弟和一個妹妹。","https://klokah.tw/extension/con_data/sound/39/sentence/39c11s2.mp3"
"kiyakarun za eman nanzu nanu wadadiyan?","你的兄弟姐妹從事什麼行業？","https://klokah.tw/extension/con_data/sound/39/sentence/39c11s3.mp3"
"i valri na ma’inay mu sinsi, i wadilri na ma’inay mu ising, i wadilri na vavayan mu daigaksē ziya, inu mu?","我哥哥是老師，我弟弟是醫生，我妹妹目前還是大學生，你們呢？","https://klokah.tw/extension/con_data/sound/39/sentence/39c11s4.mp3"
"mituruma’an ku lra.","我結婚了。","https://klokah.tw/extension/con_data/sound/39/sentence/39c11s5.mp3"
"kemuda mu markazalram kannu turuma’an?","你和你太太是怎麼認識的？","https://klokah.tw/extension/con_data/sound/39/sentence/39c11s6.mp3"
"mukasa mi kana daigak na kunkuwan.","我們是大學同學。","https://klokah.tw/extension/con_data/sound/39/sentence/39c11s7.mp3"
"mialrak mu lra?","你們有小孩了嗎？","https://klokah.tw/extension/con_data/sound/39/sentence/39c11s8.mp3"
"ulra naniyam alrak a sasa, harem mu nintaw lra kazazuwa ’ami.","我們有一個小孩，今年已兩歲了。","https://klokah.tw/extension/con_data/sound/39/sentence/39c11s9.mp3"
"mukasa mu kanmu temama taina?","你們和父母住在一起嗎？","https://klokah.tw/extension/con_data/sound/39/sentence/39c11s10.mp3"
"’azi, kaazu i zekalr nanzu, nu katalaulepan kana wari mu marayas mupana i Taihok.","沒有，他們住在部落。但是假日他們常常到臺北我們這來。","https://klokah.tw/extension/con_data/sound/39/sentence/39c11s11.mp3"
"’inava i wadiyu na vavayan?","你妹妹好嗎？","https://klokah.tw/extension/con_data/sound/39/sentence/39c12s1.mp3"
"’inavayan ziya, atrevung lra za kiyakarunan za vekal.","很好，她找到新的工作了。","https://klokah.tw/extension/con_data/sound/39/sentence/39c12s2.mp3"
"ai! kiyakarun za eman kinadamanan i intaw ?","是喔！她原本是在做什麼的？","https://klokah.tw/extension/con_data/sound/39/sentence/39c12s3.mp3"
"kiyakarun kana maidap aziyuziyan i intaw.","他原本負責的工作是打掃。","https://klokah.tw/extension/con_data/sound/39/sentence/39c12s4.mp3"
"mazu maranger paasalr za tu kiyakarunan i intaw?","那他為什麼想換工作？","https://klokah.tw/extension/con_data/sound/39/sentence/39c12s5.mp3"
"intaw mu maranger maya’ kana purusazu nu muvales kana kiyakarunan.","因為他想找薪水比較高的工作。","https://klokah.tw/extension/con_data/sound/39/sentence/39c12s6.mp3"
"sahar kanantu kiyakarunan na vekalan?","他喜歡她的新工作嗎？","https://klokah.tw/extension/con_data/sound/39/sentence/39c12s7.mp3"
"ai, harem ini na kiyakarunan mu kirpauwa ku kema i intaw.","是的，他覺得這份工作很適合她。","https://klokah.tw/extension/con_data/sound/39/sentence/39c12s8.mp3"
"nu kemazu mu, eman na tu kiniyakarun harem i intaw?","那麼，他現在負責的工作內容是什麼？","https://klokah.tw/extension/con_data/sound/39/sentence/39c12s9.mp3"
"pulralrang kanantu kiyakarunan na tawki.","幫老闆管理資料。","https://klokah.tw/extension/con_data/sound/39/sentence/39c12s10.mp3"
"kinger ta mu kasa kana kaaulep.","聽起來很辛苦。","https://klokah.tw/extension/con_data/sound/39/sentence/39c12s11.mp3"
"ai, maw mu, sahar kanizu nantu kiyakarunan harem.","是的。但是，他覺得很有趣。","https://klokah.tw/extension/con_data/sound/39/sentence/39c12s12.mp3"
"semangalan za mu izazuwa, kiumalra ku ziya pakangaway mu marengay za mu zazuwayan?","歡迎光臨，請問有預約嗎？","https://klokah.tw/extension/con_data/sound/39/sentence/39c13s1.mp3"
"’azi, muketrep mi pinitrauwan zi, ulra ziyan a kakayanan?","沒有，我們有10個人，還有空位嗎？","https://klokah.tw/extension/con_data/sound/39/sentence/39c13s2.mp3"
"ulra ziya kakayanan, zi kiumalra ta kaninmu temamaku mu?","還有空位，請問你們有抽菸嗎？","https://klokah.tw/extension/con_data/sound/39/sentence/39c13s3.mp3"
"’azi mi temaamaku, iniyam mu maranger mi kemayan kana ’azi temaamaku na kakayanan.","沒有，我們想坐禁煙區。","https://klokah.tw/extension/con_data/sound/39/sentence/39c13s4.mp3"
"ai, kunu adayaw kananmu kakayanan zi kurlrangay ku, ini a mu maw naniyam tiyam na tinusaasiyaw na valray zi, alra na’uwi.","沒問題，我來為你帶位，請跟我來。這是本店的菜單，請看。","https://klokah.tw/extension/con_data/sound/39/sentence/39c13s5.mp3"
"maranger ku kana siniyan na kulang, ulra a eman kulangan?","我想點炒青菜，你們有哪些青菜？","https://klokah.tw/extension/con_data/sound/39/sentence/39c13s6.mp3"
"harem kana wari mu ulra tamana, takungkung, lraputr, zi tu ludus na hayatu.","今天有高麗菜，空心菜，地瓜葉跟龍鬚菜。","https://klokah.tw/extension/con_data/sound/39/sentence/39c13s7.mp3"
"’ay za sasaya lraputr zi tu ludus na hayatu saya.","地瓜葉跟龍鬚菜，各一盤。","https://klokah.tw/extension/con_data/sound/39/sentence/39c13s8.mp3"
"ai, na maderu mu maranger mu?","好。需要白飯嗎?","https://klokah.tw/extension/con_data/sound/39/sentence/39c13s9.mp3"
"ai, avakanay mi za muketrep kisiyan za maderu","是的，需要10碗白飯。","https://klokah.tw/extension/con_data/sound/39/sentence/39c13s10.mp3"
"ai, zi maranger mu ziya za eman?","好。還需要點些什麼嗎？","https://klokah.tw/extension/con_data/sound/39/sentence/39c13s11.mp3"
"aruwa, nu ’azi pauwa mu marengaya mi lra puwapuwa.","先這樣，不夠的話再加點。","https://klokah.tw/extension/con_data/sound/39/sentence/39c13s12.mp3"
"kakuda ta mukuwa i Taihok? waitras ta za hikoki?","我們該怎麼去臺北呢？坐飛機嗎？","https://klokah.tw/extension/con_data/sound/39/sentence/39c14s1.mp3"
"dika ta kana hikoki, maw na padangal.","飛機是很快，但是太貴了。","https://klokah.tw/extension/con_data/sound/39/sentence/39c14s2.mp3"
"nu kemazu mu maranger u muitras za kissiya?","那你比較想搭火車囉？","https://klokah.tw/extension/con_data/sound/39/sentence/39c14s3.mp3"
"’inava na kissiya, patelre’ay ta kemayan.","火車好了，坐起來比較舒服。","https://klokah.tw/extension/con_data/sound/39/sentence/39c14s4.mp3"
"kay ku na’uway tu zikang na kissiya.","那我來查一下火車時刻表。","https://klokah.tw/extension/con_data/sound/39/sentence/39c14s5.mp3"
"emh, maylra ziya, munueman adawilr kemay  ēyki meredek kananta kinaazuwan i daihantēn?","唔，等一下，火車站離我們住的飯店有多遠？","https://klokah.tw/extension/con_data/sound/39/sentence/39c14s6.mp3"
"kananta kinazuwan na daihantēn ulra tu valray pakazalram, nu muitras ta kana dusiya mu aruwa muketrep punkang.","飯店的交通簡介有提到，車程大概10分鐘。","https://klokah.tw/extension/con_data/sound/39/sentence/39c14s7.mp3"
"nu kuazu mu, kaazu ta i ēyki mu pakarun ta za haiya?","所以，我們要在火車站叫計程車嗎?","https://klokah.tw/extension/con_data/sound/39/sentence/39c14s8.mp3"
"kararuwa ta, kazu i ēyki kivulas za otobay zi dinsiya, temawatawar ta pakawang mukuwa, kurvalivali ta ziya.","也可以，在火車站租機車或腳踏車，慢慢騎過去，順便兜風。","https://klokah.tw/extension/con_data/sound/39/sentence/39c14s9.mp3"
"nu azu lra mu ta na’uway lra!","也好，到時候再看看吧！","https://klokah.tw/extension/con_data/sound/39/sentence/39c14s10.mp3"
"tu kualengan ni turuma’anu sawariyan lra?","你的妻子病了多久？","https://klokah.tw/extension/con_data/sound/39/sentence/39c15s1.mp3"
"sa’ilras lra. tu kualengan mu ulra nu eman mu ’inava nu eman mu muvasuk.","一個月了。但她的病時好時壞。","https://klokah.tw/extension/con_data/sound/39/sentence/39c15s2.mp3"
"eman na tu kualengan ziya maw?","是什麼病呢？","https://klokah.tw/extension/con_data/sound/39/sentence/39c15s3.mp3"
"marayas nana tu tranguru’ zi nu eman mautra’ zi nana tu tiyalr.","她常常頭疼，還會嘔吐、肚子疼。","https://klokah.tw/extension/con_data/sound/39/sentence/39c15s4.mp3"
"nu uwayaw lra pana’uwanay i biyoing?","有去醫院檢查嗎？","https://klokah.tw/extension/con_data/sound/39/sentence/39c15s5.mp3"
"ai, ulra kaazu i biyoing kinana’u harem.","有，現在正在住院檢查。","https://klokah.tw/extension/con_data/sound/39/sentence/39c15s6.mp3"
"kaazu pida wariyan i biyoing?","需要住院多久？","https://klokah.tw/extension/con_data/sound/39/sentence/39c15s7.mp3"
"saliyusan. nu masalr lra saliyusan kararuwa lra mupatraran zi uwaruma’ lra.","一星期。下星期她就可以出院回家了。","https://klokah.tw/extension/con_data/sound/39/sentence/39c15s8.mp3"
"nu kuazu mu, ini na saliyusan mu i eman na uri nana’u kanan mu alrak.","那麼，這個星期，誰來照顧小孩？","https://klokah.tw/extension/con_data/sound/39/sentence/39c15s9.mp3"
"inku na uri nana’u. nu semavalr mu ku atedanay na lralrak mukuwa i takesiyan, nu kara’alriyan mu demeru ku, inku na temama mu kamawan ku za kana taina.","由我照顧，早上送小孩上學，中午煮飯，我這做爸爸的身兼母職。","https://klokah.tw/extension/con_data/sound/39/sentence/39c15s10.mp3"
"nannu ikakuda mu tatena’ lra tu turuma’an ni turuma’anu.","你的作為真是稱職的丈夫。","https://klokah.tw/extension/con_data/sound/39/sentence/39c15s11.mp3"
"’inavayan, i Pilang ku. kiumalra ku ziya i Risem mu ulra nay?","喂，你好，我是Pilang。請問Risem在嗎？","https://klokah.tw/extension/con_data/sound/39/sentence/39c16s1.mp3"
"uniyan kanantu kakayanan, i Risem ulra kaygi harem.","他不在位置上，Risem他現在在開會。","https://klokah.tw/extension/con_data/sound/39/sentence/39c16s2.mp3"
"nu kemazu mu kararuwa u paredek kanaku ngangay?","那可以幫我傳話嗎？","https://klokah.tw/extension/con_data/sound/39/sentence/39c16s3.mp3"
"ai, alra zi rengai.","好的，請說。","https://klokah.tw/extension/con_data/sound/39/sentence/39c16s4.mp3"
"i kani a mu maw na palrivak na takesiyan i Katratripulr, kani kana niyam takesiyan nu masalr kana ’ilras mu uri panana’u mi kana niyam kakuwayan na Yuēncumin.","我這裡是知本國小，我們學校在下個月要舉辦原住民文化祭。","https://klokah.tw/extension/con_data/sound/39/sentence/39c16s5.mp3"
"inmu mu maranger mu pakurlrang kaniniyam?","你希望我們參加嗎？","https://klokah.tw/extension/con_data/sound/39/sentence/39c16s6.mp3"
"ai, maranger mi pazuwa kanmu na pantatiti zuwa kaniyam kungkuwan pantitiya.","是，想邀請貴劇團到我們學校演出。","https://klokah.tw/extension/con_data/sound/39/sentence/39c16s7.mp3"
"kairayan, inku mu ’azi ku kararuwa kemuret, za aruwa mi mukuwa za ’azi mi pakaawa.","不好意思，我不能做主，決定我們可以去或是不能去。","https://klokah.tw/extension/con_data/sound/39/sentence/39c16s8.mp3"
"nu kemazu mu vilinu nu ngadan zi maw nu dēngwa, ku rengayaw lra naniyam kemakezeng tuwa kimadayaraw u lra.","可以留下你的姓名和電話，我請團長再跟你連絡。","https://klokah.tw/extension/con_data/sound/39/sentence/39c16s9.mp3"
"ai, inku mu maw ku na kungkuwan i Katratripulr i Pilang ku, niyam dēngwa mu 089-512234, lrayuan!","好的，我是知本國小的老師Pilang，電話是089-512234，謝謝你。","https://klokah.tw/extension/con_data/sound/39/sentence/39c16s10.mp3"
"savelaw ku wa, kay ta mekana.","我餓了，我們一起去吃飯吧。","https://klokah.tw/extension/con_data/sound/39/sentence/39c17s1.mp3"
"eman ta akanen awa? inu mu maranger u mekan za eman?","不知道要吃什麼？你有想到要吃什麼嗎？","https://klokah.tw/extension/con_data/sound/39/sentence/39c17s2.mp3"
"maranger ku mekan kananta i ruma’ na ta inaakan kinaziyuziyan.","我很想吃我們家的傳統料理。","https://klokah.tw/extension/con_data/sound/39/sentence/39c17s3.mp3"
"i kani mu ulra vekalan a maw ziya tuatiyam, maw nanta mawan na temtatiyam, kay ta talramay mekan.","這裡有一家新開的店，是我們族人開的，去吃吃看吧！","https://klokah.tw/extension/con_data/sound/39/sentence/39c17s4.mp3"
"ini na tiyam tu sinaemay mu kamawan kana tu dinaway i nani tu liwlran, tavu’ zi imaran.","這家店的糯米飯跟我媽媽做的味道很像，甜甜的，很好吃。","https://klokah.tw/extension/con_data/sound/39/sentence/39c17s5.mp3"
"nantu linungun na ’alum mu kamawan kanantu linungun ni nani tu liwlran, tu  ’asilran mu penauwa kanaku inaekan.","醃肉也跟我媽媽做的味道一樣，夠鹹，很合我的胃口。","https://klokah.tw/extension/con_data/sound/39/sentence/39c17s6.mp3"
"kinaziyuziyan nanta tinusasiyaw salaw imaran.","我們的傳統料理真的很美味。","https://klokah.tw/extension/con_data/sound/39/sentence/39c17s7.mp3"
"sare’ez ku kanantu tinusasiyaw ni nani wa.","我開始想念媽媽做的菜了。","https://klokah.tw/extension/con_data/sound/39/sentence/39c17s8.mp3"
"ai inku kemazu ku, aruwa parkazuwa lra ’ami ’azi ku muruma’, inu mu?","我也是，我已經半年沒有回老家了，你呢？","https://klokah.tw/extension/con_data/sound/39/sentence/39c17s9.mp3"
"inku mu mavangavang ku kanaku kiyakarunan, sa’ami ku lra ’azi muruma’ i zekalr.","我也忙著工作，一年沒有回部落了。","https://klokah.tw/extension/con_data/sound/39/sentence/39c17s10.mp3"
"kanini na katalaulepan mu salrangana ta lra muruma’.","我們這個假日一起回去吧！","https://klokah.tw/extension/con_data/sound/39/sentence/39c17s11.mp3"
"nu muruma’ ta lra mu, ’azi maw maw na sinaemay, na linungun, maranger ku ziya mekan kana makazenan na kulang, ’alum za vavuy zi maw na dinukel.","回家之後，除了糯米飯、醃肉之外，我希望還能吃到山菜、山豬肉還有麻糬。","https://klokah.tw/extension/con_data/sound/39/sentence/39c17s12.mp3"
"a eman nanu kinasaharan kemudakuda?","你的興趣是什麼？","https://klokah.tw/extension/con_data/sound/39/sentence/39c18s1.mp3"
"sahar ku pasekiseki i zenan.","我的興趣是爬山。","https://klokah.tw/extension/con_data/sound/39/sentence/39c18s2.mp3"
"nu pasekiseki ta i zenan mu sazu tu ka’inanavayan.","爬山有很多好處。","https://klokah.tw/extension/con_data/sound/39/sentence/39c18s3.mp3"
"ai, melri maw maw pakadalikdik kana ta zazek, mudalrep ta kana tu inudawayan na zenan.","是的，除了可以使身體健康，也能親近山林。","https://klokah.tw/extension/con_data/sound/39/sentence/39c18s4.mp3"
"nu patrepa ta kana derun zi vi’as mu, penauwa ta mukuwa i zenan kisasuleva, salaw kana talrektek.","炎熱的夏天，正好到山裡避暑，非常涼快。","https://klokah.tw/extension/con_data/sound/39/sentence/39c18s5.mp3"
"inu mu eman nanu kinasaharan kemudakuda?","那你的興趣呢？","https://klokah.tw/extension/con_data/sound/39/sentence/39c18s6.mp3"
"nanku kinasaharan kemudakuda mu maw na semasasisasing.","我的興趣是攝影。","https://klokah.tw/extension/con_data/sound/39/sentence/39c18s7.mp3"
"kani Taiwan tu inudawayan na zenan mu salaw kana vulay. nu masalr mu salrangana ta lra pasekisekiya i zenan.","臺灣的山景其實非常美麗，下回我們可以一起爬山。","https://klokah.tw/extension/con_data/sound/39/sentence/39c18s8.mp3"
"nu kuazu mu karuwa ku mada kana ku kamēra, semasinga ku i zenan kana salaw pazangal izu natu inudawayan.","這樣我可以帶著相機，拍到山中許多非常珍貴的畫面。","https://klokah.tw/extension/con_data/sound/39/sentence/39c18s9.mp3"
"nannu sinasisasing na dinaway nu kemakuda i zekalr mu kararuwa u pana’u kana ta zinekalranan.","你的作品可以在部落的活動中給族人欣賞。","https://klokah.tw/extension/con_data/sound/39/sentence/39c18s10.mp3"
"kana kinasa’amiyanan mu sahar u kana kaseveran? maw na derun? maw na ventratreli? maw na vetreliyan?","一年之中你最喜歡春季、夏季、秋季還是冬季？","https://klokah.tw/extension/con_data/sound/39/sentence/39c19s1.mp3"
"na derun mu maw na ku kinasaharan.","我最喜歡夏季了。","https://klokah.tw/extension/con_data/sound/39/sentence/39c19s2.mp3"
"kemazu ziya maw?","為什麼？","https://klokah.tw/extension/con_data/sound/39/sentence/39c19s3.mp3"
"kemazu nu kemata mu, nu derun mu aruwa ta pakulimaya, mekana za kuli. i inu mu?","因為夏季是游泳、吃冰的好季節。那你呢？","https://klokah.tw/extension/con_data/sound/39/sentence/39c19s4.mp3"
"sahar ku kana ventratreli, kemazu nu kakuwa ta mu ’azi aretid ’azi vi’as, penauwa za ta sadadeku.","我喜歡秋季，因為秋天不冷不熱，很舒服。","https://klokah.tw/extension/con_data/sound/39/sentence/39c19s5.mp3"
"na wari mu makaaretid lra.","天氣漸漸冷了起來。","https://klokah.tw/extension/con_data/sound/39/sentence/39c19s6.mp3"
"ai, nu meredek kana vetreliyan mu dika lra ’aremeng.","是啊！一到冬季，天就黑的很快。","https://klokah.tw/extension/con_data/sound/39/sentence/39c19s7.mp3"
"nu kaseveran mu ’inava, i iyan ziya mu mena’u ta kana mi’a’aputr ziya na ’aputr.","春天也不錯啊！到處開滿了花。","https://klokah.tw/extension/con_data/sound/39/sentence/39c19s8.mp3"
"ai, ini na kaseveran mu maw nanta awayan pakumawa mena’u kana ’aputr.","對啊！春季正是賞花的好季節。","https://klokah.tw/extension/con_data/sound/39/sentence/39c19s9.mp3"
"iniyan za ’inavayan nu vetreliyan kema u?","妳認為冬天沒有一點好處嗎？","https://klokah.tw/extension/con_data/sound/39/sentence/39c19s10.mp3"
"kemazu, nu vetreliyan mu karuwa ta mekan za sekiyaki.","怎麼會，冬天我們可以吃火鍋啊！","https://klokah.tw/extension/con_data/sound/39/sentence/39c19s11.mp3"
"maw mu kedemel na kavang nu rarames ta mu sazu zi ’aluzun!","但是衣服，我們要洗衣服就覺得又多又重呢！","https://klokah.tw/extension/con_data/sound/39/sentence/39c19s12.mp3"
"kemaya ta ziyan kaninu kasemangalan kana vekalan na ’ami!","祝你新年快樂！","https://klokah.tw/extension/con_data/sound/39/sentence/39c20s1.mp3"
"lrayuan, kakuwa ta kaninu kasemangalan kana vekalan na ’ami!","謝謝，也祝你新年快樂！","https://klokah.tw/extension/con_data/sound/39/sentence/39c20s2.mp3"
"maranger u muruma’ pavilung?","你打算回家過年嗎？","https://klokah.tw/extension/con_data/sound/39/sentence/39c20s3.mp3"
"ai, kuy adayaw i turuma’anlri zi maw nanku alrak salrangan mi muruma’.","是的，我會帶著太太和小孩一起回去。","https://klokah.tw/extension/con_data/sound/39/sentence/39c20s4.mp3"
"nanmu zekalr nu pavilung kemudakuda mu semasaharan?","你們家鄉都怎麼慶祝過年呢？","https://klokah.tw/extension/con_data/sound/39/sentence/39c20s5.mp3"
"nu martrevutrevung mi saruma’enan mu, salrangan mi semungal kana niyam temuwamuwan, zi mulitrulitrung mi lra mekan.","我們全家人會祭拜祖先，團聚在一起吃吃飯。","https://klokah.tw/extension/con_data/sound/39/sentence/39c20s6.mp3"
"nu kinger ta mu kasahasahar, zi inu mu sahar u kana pavilung?","聽起來很有趣，那你喜歡過年嗎？","https://klokah.tw/extension/con_data/sound/39/sentence/39c20s7.mp3"
"salaw ku sahar, kana maruwa ta martrevutrevung  zi muwazuwazuk ta.","我很喜歡，因為全家人難得可以聚在一起。","https://klokah.tw/extension/con_data/sound/39/sentence/39c20s8.mp3"
"sahar ku kana kapavilungan, kana aruwa ta martrevutrevung salaw sadeku ta anger.","我很喜歡過年的團聚，很溫馨。","https://klokah.tw/extension/con_data/sound/39/sentence/39c20s9.mp3"
"sahar ku kana kapavilung salaw kana kazuwazuwan na semasaharan.","我也喜歡過年的氣氛，很熱鬧。","https://klokah.tw/extension/con_data/sound/39/sentence/39c20s10.mp3"
"nu mena’u u kanintaw tu kakuwayanan mu kemudakuda?","你覺得他的個性是怎樣的？","https://klokah.tw/extension/con_data/sound/39/sentence/39c21s1.mp3"
"intaw mu maw na salaw ra’emetr na trau.","他是一個很努力的人。","https://klokah.tw/extension/con_data/sound/39/sentence/39c21s2.mp3"
"kemay iyan anu inana’u kanintaw zi mazalram u?","從哪些地方可以得知呢？","https://klokah.tw/extension/con_data/sound/39/sentence/39c21s3.mp3"
"intaw mu salaw pa’etreng kanan tu kiniyakarun ziya zi tu telre’ayaw kikarun peniya.","他總是很認真的把每一件事情做好。","https://klokah.tw/extension/con_data/sound/39/sentence/39c21s4.mp3"
"intaw mu ’azi kiatraatras?","他會不會很驕傲呢？","https://klokah.tw/extension/con_data/sound/39/sentence/39c21s5.mp3"
"intaw ’azi kemazu kiatraatras, nu menadaanadam mu ’azi kitusayhuyhu.","他從來都不驕傲，而且不會自以為是。","https://klokah.tw/extension/con_data/sound/39/sentence/39c21s6.mp3"
"sahar u kana kemani na trau?","你喜歡這樣的人嗎？","https://klokah.tw/extension/con_data/sound/39/sentence/39c21s7.mp3"
"ai, sahar ku, maw mu inku mu maw ku na ’azi mutelre’ay nu kemudaakuda ku.","當然喜歡啊！但是我是一個很粗心的人。","https://klokah.tw/extension/con_data/sound/39/sentence/39c21s8.mp3"
"nanku ’inana’u kana nu kakuwayanan mu salaw u ’inava nu ikakuda.","我覺得你的個性很善良。","https://klokah.tw/extension/con_data/sound/39/sentence/39c21s9.mp3"
"ai, lrayuan za nu ipakavavulay kaninku.","謝謝你的讚美。","https://klokah.tw/extension/con_data/sound/39/sentence/39c21s10.mp3"
"lrayan, kararuwa ku kipulralrang kaninu nay?","對不起，可以請你幫個忙嗎？","https://klokah.tw/extension/con_data/sound/39/sentence/39c22s1.mp3"
"kemazu ’azi ta pulralrang kaninu ziya maw, alra rengay.","為什麼不能幫你呢，請說。","https://klokah.tw/extension/con_data/sound/39/sentence/39c22s2.mp3"
"nanku susi mu ulra kana ku kaazuwan.","我的鑰匙留在房間裡。","https://klokah.tw/extension/con_data/sound/39/sentence/39c22s3.mp3"
"ulra ku i patraran zi tina’tra’an a ku kaazuwan.","我把自己鎖在外面了。","https://klokah.tw/extension/con_data/sound/39/sentence/39c22s4.mp3"
"karuwa u veray kaninku kana pinadulu na susi?","可以借給我備用的鑰匙嗎？","https://klokah.tw/extension/con_data/sound/39/sentence/39c22s5.mp3"
"kemazu ziya maw, kiumalra ku ziya kana nu kaazuwan za pukapapida?","當然，請問你的房間號碼是幾號？","https://klokah.tw/extension/con_data/sound/39/sentence/39c22s6.mp3"
"kaazu ku kana pitu leman misama’ za lruwatr.","我住705號房。","https://klokah.tw/extension/con_data/sound/39/sentence/39c22s7.mp3"
"anzinia na pinadulu na susi.","這是你的備用鑰匙。","https://klokah.tw/extension/con_data/sound/39/sentence/39c22s8.mp3"
"lrayuan, ulra ku kiyaumalren ziyan, ulra tu ipaated a eman kaninku?","謝謝，另外再請問一下，有誰寄放什麼給我的嗎？","https://klokah.tw/extension/con_data/sound/39/sentence/39c22s9.mp3"
"ngarayu ku ziya, kayku aya’aw. ku atrevungay lra, ulra sasaya travu tu ipaated a trau.","請稍等，我找一下。查到了，有人寄一件包裹。","https://klokah.tw/extension/con_data/sound/39/sentence/39c22s10.mp3"
"lrayuan kemaya ku kannu.","謝謝。","https://klokah.tw/extension/con_data/sound/39/sentence/39c22s11.mp3"
"temakesi u i iyan kana takesiyan?","你在哪一所學校讀書呢？","https://klokah.tw/extension/con_data/sound/39/sentence/39c23s1.mp3"
"temakesi ku kana palrivak na takesiyan i Katripulr.","我在知本國民小學讀書。","https://klokah.tw/extension/con_data/sound/39/sentence/39c23s2.mp3"
"kapapida ’amiyan?","是幾年級呢？","https://klokah.tw/extension/con_data/sound/39/sentence/39c23s3.mp3"
"nu lemavat kana katalaulepan nu derun, awa ku lra temakesiya i kuwocung.","暑假過後，就上國中了。","https://klokah.tw/extension/con_data/sound/39/sentence/39c23s4.mp3"
"i kuwocung mu kasaazu lra nanmu naanadaman temakesi.","國中要學習的課程很多。","https://klokah.tw/extension/con_data/sound/39/sentence/39c23s5.mp3"
"marsahasahar u kana eman izu na naanadaman?","你最喜歡哪一門課？","https://klokah.tw/extension/con_data/sound/39/sentence/39c23s6.mp3"
"sahar ku kana naanadaman za paruniruniyan na sasenayan.","我最喜歡學習音樂課。","https://klokah.tw/extension/con_data/sound/39/sentence/39c23s7.mp3"
"maresan ku kaninu, sahar menadama kana paruniruniyan na sasenayan.","我跟你一樣，也喜歡學習音樂課。","https://klokah.tw/extension/con_data/sound/39/sentence/39c23s8.mp3"
"nu mukuwa ta menadama kana paruniruniyan mu maruwa ta semenay, maruwa ta menadanadam kana markamelrimelri na salihuwan.","我認為上音樂課可以唱歌，還可以學習各種樂器。","https://klokah.tw/extension/con_data/sound/39/sentence/39c23s9.mp3"
"ai, inia na naanadaman mu kararuwa pakaatra’alr za ta piniangeran, sahar ta mapiya","是啊！讓人放鬆心情的課，大家都喜歡。","https://klokah.tw/extension/con_data/sound/39/sentence/39c23s10.mp3"
"sayhu u marengay kana pinuyumayan na tinarkatratripulr na ngai?","你會說知本卑南語嗎？","https://klokah.tw/extension/con_data/sound/39/sentence/39c24s1.mp3"
"ai, harem mu purmazalram ku kana apana na ngai na kimitratruvung.","是的，現在我稍微懂，會說簡單的對話。","https://klokah.tw/extension/con_data/sound/39/sentence/39c24s2.mp3"
"kemudakuda u menadanadam?","你是怎麼學的？","https://klokah.tw/extension/con_data/sound/39/sentence/39c24s3.mp3"
"kazu ku i ruma’ munadanadam kana ta piningaiyan i Katripulr zi kimazayazayar ku kananku rinuma’enan.","我在家裡練習用知本族語和家人交談。","https://klokah.tw/extension/con_data/sound/39/sentence/39c24s4.mp3"
"misaharan ku kananta piningaiyan i Katratripulr, harem lra mu maraanger ku za mukuwa tremima’ za valray temakesiya ku.","我對知本卑南語很有興趣，最近在考慮要去買書來自修。","https://klokah.tw/extension/con_data/sound/39/sentence/39c24s5.mp3"
"maw na eman valrayan mu penauwa awa?","有什麼適合的書籍嗎？","https://klokah.tw/extension/con_data/sound/39/sentence/39c24s6.mp3"
"ulra a valray a panaanadam kana tinarkatratripulr na piningaiyan, ulra tu ipakurlrang a CD maruwa ta kinger.","我推薦知本卑南語教材，他還附贈可以練習聽力的CD。","https://klokah.tw/extension/con_data/sound/39/sentence/39c24s7.mp3"
"ulra ziya a zuma?","還有別的嗎？","https://klokah.tw/extension/con_data/sound/39/sentence/39c24s8.mp3"
"na zuma mu ulra ziya kana wanglu ta naanadaman temakesi, kararuwa ta mena’uwa.","另外還有一些網路上提供的線上學習課程，都可以參考。","https://klokah.tw/extension/con_data/sound/39/sentence/39c24s9.mp3"
"kemazu yawlra salaw sazu ta ’aya’an za ta naanadaman. tatena’ lra lrayuan kakuwa ku kaninu.","原來是這樣，我們有那麼多可找的資源學習，真是謝謝你。","https://klokah.tw/extension/con_data/sound/39/sentence/39c24s10.mp3"
"kaeman lra, nu menadanadam ta mu ulra nu eman patrepa ta za ta ’azi kinazalram mu, karuwa u kiumalr kaninku.","不客氣，學習中遇到問題，都可以問我。","https://klokah.tw/extension/con_data/sound/39/sentence/39c24s11.mp3"
"irayan, maranger ku mukuwa kivangavanga i iyan ziya wa, alra zi kuretanay ku za ku awayan kivangavanga.","不好意思，我想去旅行，要請你安排旅遊的事。","https://klokah.tw/extension/con_data/sound/39/sentence/39c25s1.mp3"
"ai, nu kemazu kiumalra ku za maranger u mukuwa i iyan?","好的。請問想去哪裡呢？","https://klokah.tw/extension/con_data/sound/39/sentence/39c25s2.mp3"
"maranger ku mukuwa i Dipung i hokkaydo mena’uwa kana urlra.","想去日本的北海道賞雪。","https://klokah.tw/extension/con_data/sound/39/sentence/39c25s3.mp3"
"kiumalra ku ziya papida mu?","請問一共有幾位呢？","https://klokah.tw/extension/con_data/sound/39/sentence/39c25s4.mp3"
"lralruwatr mi. ’azi mi ziya salrangalrangan saruma’enan mukuwa kivangavanga.","五位。這次是難得的家族旅行呢！","https://klokah.tw/extension/con_data/sound/39/sentence/39c25s5.mp3"
"mukuwa u i iyan kivangavanga adaman kana saliyusan?","上星期你去哪裡玩？","https://klokah.tw/extension/con_data/sound/39/sentence/39c25s6.mp3"
"salrangan ku kana ku rinuma’enan mukuwa i Hokkaydo kivangavanga.","和家人到北海道旅行。","https://klokah.tw/extension/con_data/sound/39/sentence/39c25s7.mp3"
"maw na iyan izu nanu ina’uwan na maruwa pakaasavak kananu piniangeran.","最讓你印象深刻的景點是哪裡呢？","https://klokah.tw/extension/con_data/sound/39/sentence/39c25s8.mp3"
"i Hangkangsi nu ’aremeng nu mena’u ta mu salaw vulay, salrangan ku kana ku rinuma’enan kisasisasing semama’ za niyam papuangeran.","函館的夜景非常美麗，也和家人在那裏拍了許多照片留念。","https://klokah.tw/extension/con_data/sound/39/sentence/39c25s9.mp3"
"salaw ta ’emilring wa, nu kararuwa ku mukuwa mu uri raaranger ku mukuwa mena’uwa.","真令人羨慕，有機會我也希望去看看。","https://klokah.tw/extension/con_data/sound/39/sentence/39c25s10.mp3"
"alra zi pakazalramay ta ziyan za nu ngadan, zi nannu inlrangan.","請簡單的自我介紹及你的經歷。","https://klokah.tw/extension/con_data/sound/39/sentence/39c26s1.mp3"
"’inavayan, inku mu i Ikung a ku ngadan, zi puludus ku lra temakesi i Taiwan daygak kana menana’u kana paysu.","你好，我是Ikung，臺灣大學會計系畢業的。","https://klokah.tw/extension/con_data/sound/39/sentence/39c26s2.mp3"
"kararuwa u marengay kananu inlrangan za nu kinikarunan?","可以談談你的工作經驗嗎？","https://klokah.tw/extension/con_data/sound/39/sentence/39c26s3.mp3"
"inku kazu ku kana demadaway kana valray na kaysiya zi kazu ku kana demadaway kana walru na kaysiya, tu putrepayay ku kana pulraalrang, parkudakuda mena’u kantu paysu. inku kazu ku i kaysiya muparkudakuda kanizu na musasavak na paysu, zi maw na mupatratraran.","我曾經在造紙工廠跟糖果工廠擔任助理，負責處理公司的各項收入與支出，包括員工的薪水。","https://klokah.tw/extension/con_data/sound/39/sentence/39c26s4.mp3"
"kemazu maranger u zuwa maya’a kanini na kiyakarunan?","你為什麼應徵這份工作？","https://klokah.tw/extension/con_data/sound/39/sentence/39c26s5.mp3"
"mazu nu kakuwa u mu, inku mu kemay i Valangaw ku pasalr ku i Tayhok. maw izu na aaya’ ku za kiyakarunan i kani i Tayhok.","因為我從臺東搬到臺北，所以要在臺北找工作。","https://klokah.tw/extension/con_data/sound/39/sentence/39c26s6.mp3"
"iniyam mu mazalram mi lra kana nu ikakuda zi, nu aidan kararuwa lra zuwa mulivun?","我們大概知道你的狀況了。你什麼時候可以開始上班？","https://klokah.tw/extension/con_data/sound/39/sentence/39c26s7.mp3"
"nu aidan nu kema u mu zuwaya ku nu azu.","隨時都可以。","https://klokah.tw/extension/con_data/sound/39/sentence/39c26s8.mp3"
"ai, ta ngarayaw ini na ikiaumalr kaninu, zi mi pakazalramay u lra.","好，等面試結果出來以後，我們會再通知你。","https://klokah.tw/extension/con_data/sound/39/sentence/39c26s9.mp3"
"ai, lrayuan kemaya ku kaninu.","好，謝謝你。","https://klokah.tw/extension/con_data/sound/39/sentence/39c26s10.mp3"
"kamawan u za mikinisaharan lra wa.","你好像談戀愛了。","https://klokah.tw/extension/con_data/sound/39/sentence/39c27s1.mp3"
"kemazu? mazu mazalram u?","是嗎？你怎麼知道？","https://klokah.tw/extension/con_data/sound/39/sentence/39c27s2.mp3"
"maw izu na kana wariwari puwadēngwa u.","因為你每天都在講電話。","https://klokah.tw/extension/con_data/sound/39/sentence/39c27s3.mp3"
"nu pudēngwa ku mu, tratrawan melri ku puwadēngwa kanaku rinuma’enan ziya maw?","難道就不會是跟家人通通電話嗎？","https://klokah.tw/extension/con_data/sound/39/sentence/39c27s4.mp3"
"nu kitulud u ziya kana dēngwa mu laliked u zi salaw muvakar nu anger, kamaw na nu kinisaharan na padēngwa.","你每次接到電話都笑得好開心，應該是女朋友(喜歡的)打來的。","https://klokah.tw/extension/con_data/sound/39/sentence/39c27s5.mp3"
"nu kuwazuwaw ku temarna’u!","你那麼注意我啊！","https://klokah.tw/extension/con_data/sound/39/sentence/39c27s6.mp3"
"i ai! nu aidan mu nu adayaw lra nanu kinisaharan zuwa pakanadanadama.","當然啊！看哪天帶女朋友(喜歡的)來認識認識。","https://klokah.tw/extension/con_data/sound/39/sentence/39c27s7.mp3"
"salaw vulay nanu kinisaharan.","好的，你的女朋友(喜歡的)很漂亮。","https://klokah.tw/extension/con_data/sound/39/sentence/39c27s8.mp3"
"lrayuan! nanu kinisaharan mu?","謝謝，那你的女朋友(喜歡的)呢？","https://klokah.tw/extension/con_data/sound/39/sentence/39c27s9.mp3"
"iniyan ku za kinisaharan harem. karuwa u pulralrang kaninku maya’?","我現在沒有女朋友(喜歡的)，你能夠；可以幫我介紹嗎？","https://klokah.tw/extension/con_data/sound/39/sentence/39c27s10.mp3"
"amanan na mianger, tuludan kaninku!","沒問題，交給我！","https://klokah.tw/extension/con_data/sound/39/sentence/39c27s11.mp3"
"vulay nanu pinikavang kana wari harem. vulay a nu kameling.","你今天穿得好美，配鈴很漂亮。","https://klokah.tw/extension/con_data/sound/39/sentence/39c28s1.mp3"
"niniyam kavang na awatranan, awa ku kurlranga kana palalisiyan.","這是我們的傳統服飾，我要去參加祭典。","https://klokah.tw/extension/con_data/sound/39/sentence/39c28s2.mp3"
"nu kazu u i kana kapalisiyan mu semenay u zi muwarak u?","你會在祭典中唱歌跳舞嗎？","https://klokah.tw/extension/con_data/sound/39/sentence/39c28s3.mp3"
"ai, inia na sasenayan na waarakan mu mawu marpukasa kana niyam palalisiyan.","會(是的)，那歌曲和舞蹈是祭典的一部份。","https://klokah.tw/extension/con_data/sound/39/sentence/39c28s4.mp3"
"kemudakuda menadanadam zi sayhu u kanizu na senay zi waarakan.","你是怎麼學會唱歌和跳舞的？","https://klokah.tw/extension/con_data/sound/39/sentence/39c28s5.mp3"
"na ma’izangan nu kazu mi mazayazayar mu sahar semenay, nu marayas ta kimazayazayar kana ma’izangan mu, sayhu ta semenay. kinamakitengan mu miturus ku kana ma’izangan kurlrang kana palalisiyan, maw na sayhu ku lra kanizu na waarakan.","長輩喜歡在聊天時唱歌，如果常常陪長輩聊天，就會唱歌。從小跟著長輩一起參加祭典，就學會了跳傳統舞。","https://klokah.tw/extension/con_data/sound/39/sentence/39c28s6.mp3"
"namu waarakan mu pazangal nu muwarak ta?","你們的舞步很難跳嗎？","https://klokah.tw/extension/con_data/sound/39/sentence/39c28s7.mp3"
"ulra na waarakan mu  kana purpadangal, ulra na  madulu, nu muwayar ta zi madikedikes ta lima mu karuwa ta lra muwarak.","有些舞步很難，有些很簡單，手牽起來就可以跳了。","https://klokah.tw/extension/con_data/sound/39/sentence/39c28s8.mp3"
"marayas u menadanadam?","你常常練習嗎？","https://klokah.tw/extension/con_data/sound/39/sentence/39c28s9.mp3"
"ai, munu malalup u kana senay zi maw na tu lrengaw, kuazu u malalup kana waarakan.","對，否則你會忘記歌詞跟旋律(聲音)，也記不起來舞步。","https://klokah.tw/extension/con_data/sound/39/sentence/39c28s10.mp3"
"salaw u sahar kana senay zi sahar u kana waarakan?","你很喜歡唱歌與跳舞嗎？","https://klokah.tw/extension/con_data/sound/39/sentence/39c28s11.mp3"
"salaw ku sahar, alra kana salaw vulay izu na kakuwayanan.","我很喜歡，因為那是很美麗的習俗，(文化)。","https://klokah.tw/extension/con_data/sound/39/sentence/39c28s12.mp3"
"na pinuyumayan mu ulra tu pinakapazangal na palalisiyan?","卑南族有特別重要的祭典嗎？","https://klokah.tw/extension/con_data/sound/39/sentence/39c29s1.mp3"
"ulra, nu pulaludus kana ’amiyan mu, mukuwa mi mangayawa.","有的，在每年年底的時候，我們會舉行大獵祭。","https://klokah.tw/extension/con_data/sound/39/sentence/39c29s2.mp3"
"inia mu maw iniyam na ma’inayan mukaitrasan, mutu tatena’ za ma’inay, niniyam wakepelan zi trualrtrulran za nanniyam kakuwayanan.","這是我們族群男人階級儀式、勇士的產生、族人凝聚與傳統習俗的延續。","https://klokah.tw/extension/con_data/sound/39/sentence/39c29s3.mp3"
"uri awa mu mukuwa mutraluna? nu aidan mu mukuwa mu? kasawariyan mu?","你們會去打獵嗎？什麼時候去？去多久？","https://klokah.tw/extension/con_data/sound/39/sentence/39c29s4.mp3"
"ai! nu pulaludus kana ’amiyan mu na ma’inayan mu mukuwa i zenan mutraluna. aziw ziya mu ulra nu sa’ilras, ulra nu zuwa ’ilras, harem lra mu, pat wariyan, ulra nu lruwatr wariyan.","會啊！在年底時男人要上山打獵。早期(以前..)要一、兩個月，現在大約要四、五天。","https://klokah.tw/extension/con_data/sound/39/sentence/39c29s5.mp3"
"na ma’inayan nu kazu kaziyua i tralun mu ulra tu kakuwayanan za tu palalisiyan?","男人在獵場會舉行儀式嗎？","https://klokah.tw/extension/con_data/sound/39/sentence/39c29s6.mp3"
"ai, na utuvangsaran mu uri kipatatalram za tu ikaa’inay, na kavangsaranan zi na musavasavak mu mukuwa mutraluna, na dawdawan mu kazu semenaasenay kana senay na awatranan na palalisiyan na senay.","會，準青年接受考驗，青壯年去打獵，老人唱傳統祭典歌謠。","https://klokah.tw/extension/con_data/sound/39/sentence/39c29s7.mp3"
"na vavayan kazu i ruma’ mu kemaakuda?","女人在家做什麼？","https://klokah.tw/extension/con_data/sound/39/sentence/39c29s8.mp3"
"demadaway kana awatran na ta kavang zi ma’upid kana ’aputr, ’ema’avay, tremukakutra. na ma’inayan kemay tralun tu waruma’an nu semavalr mu, na vavayan awa i salikiz kana laluwanan mengangaraya kanantu rinuma’enan na tu wadadiyan.","製作傳統服、編花、作’avay糯米粿、釀酒。男人從獵場回來的當天早晨，婦女要在部落的入口處的凱旋門來等待及歡迎親人及兄弟朋友。","https://klokah.tw/extension/con_data/sound/39/sentence/39c29s9.mp3"
"nu meredek i zekalr mu ulra ziya tu kakudayan? kiumalra ku ziya kararuwa ku kurlrang?","回部落後還有活動嗎？請問我可以參加嗎？","https://klokah.tw/extension/con_data/sound/39/sentence/39c29s10.mp3"
"ulra, mukuwa ta lemapusa kana lralrivuwanan, muwarak ta kana kinawatranan na waarakan ta puwarakaw, palru kani namu lrhalrivuwanan maruwa mu lra kurlrang kana semasaharan.","有，去為喪家舉行除喪，我們一起跳除喪傳統舞，從此喪家便可以參與歡慶的活動。","https://klokah.tw/extension/con_data/sound/39/sentence/39c29s11.mp3"
"nu semanueman u nanu ikakuda, zi paturus u kananiyam ipalalisi mu, salaw mi semangal kaninu za nu zazuwayan ikuwarlrangan.","只要抱著尊重的態度，遵守我們的禁忌，很歡迎你來參加。","https://klokah.tw/extension/con_data/sound/39/sentence/39c29s12.mp3"
"’inavayan, maranger ku kipanadam kaninmu na yuēncumin i Taiwan ulra ku kiaumalran, harem kiumalra ku inmu na yuēncumin ulra papidaya zi emaeman mu mawan?","你好，想請教有關臺灣原住民族的問題，請問現在原住民族有哪幾族呢？","https://klokah.tw/extension/con_data/sound/39/sentence/39c30s1.mp3"
"harem mu ulra na Taiyar, na Amis, na Saysiya, na Bunun, na Pinuyumayan, na Rukay, na Paywan, na Vutrulr, na Cow, na Saw, na Kavalan, na Taluku, na Sakizaya, na Sēdēk, muketrep misama’ za papata niym mawan.","現在有泰雅族、阿美族、賽夏族、布農族、卑南族、魯凱族、排灣族、雅美族、鄒族，以及邵族、噶瑪蘭族、太魯閣族、撒奇萊雅族、賽德克族共有十四族。","https://klokah.tw/extension/con_data/sound/39/sentence/39c30s2.mp3"
"maw nay iyan izu na mawan na markazuwazuwan tu pinitrauwan zi maw nay iyan izu na mawan na markaytaytayan tu pinitrauwan? maw na iyan na mawan na salaw alaway tu inupatepi’an?","人數最多的的是哪一族？人數最少的是哪一族？哪一個民族分布最廣？","https://klokah.tw/extension/con_data/sound/39/sentence/39c30s3.mp3"
"na markazuwazuwan tu pinitrauwan mu maw na Amis, na markaytaytayan tu pinitrauwan mu maw na Saw; na salaw alaway tu inupatepi’an mu maw na Tayar.","人數最多的的是是阿美族，人數最少的是邵族；分布最廣的是泰雅族。","https://klokah.tw/extension/con_data/sound/39/sentence/39c30s4.mp3"
"nazu na kitiktik i mudingan izu natu kakuwayanan mu maw  i emaeman?","有紋面傳統的民族主要有哪些？","https://klokah.tw/extension/con_data/sound/39/sentence/39c30s5.mp3"
"maw na Tayar, na Taluku, na Sēdēk.","泰雅族、太魯閣族、賽德克族等。","https://klokah.tw/extension/con_data/sound/39/sentence/39c30s6.mp3"
"maw na iyaiyan na mawan maw na vavayan na demadikes kana rumaruma’?","哪些民族是母系社會呢？","https://klokah.tw/extension/con_data/sound/39/sentence/39c30s7.mp3"
"maw na Amis, maw na Pinuyumayan zi maw na Sakizaya.","阿美族、卑南族、撒奇萊雅族。","https://klokah.tw/extension/con_data/sound/39/sentence/39c30s8.mp3"
"maw na iyaiyan nanta mawan na ulra tu mukaitraitrasan za tu ikakuda i punapunan?","哪些民族是階級社會呢？","https://klokah.tw/extension/con_data/sound/39/sentence/39c30s9.mp3"
"maw na Pinuyumayan, na Rukay, na Paywan.","卑南族、魯凱族、排灣族。","https://klokah.tw/extension/con_data/sound/39/sentence/39c30s10.mp3"
"mazalram ku lra, lrayuan za nu itatuvang, salaw ku lra mazalram kaninmu na Taiwan yuēncumin nanu ipakazalram kaninku.","我知道了，謝謝你的回答，讓我更認識臺灣的原住民族。","https://klokah.tw/extension/con_data/sound/39/sentence/39c30s11.mp3"
"semavalran","早安","https://klokah.tw/extension/con_data/sound/39/word/39c1w1.mp3"
"awa","要去","https://klokah.tw/extension/con_data/sound/39/word/39c1w2.mp3"
"mena’uwa","去看","https://klokah.tw/extension/con_data/sound/39/word/39c1w3.mp3"
"maza’izangan","父母親","https://klokah.tw/extension/con_data/sound/39/word/39c1w4.mp3"
"mukuwa","去","https://klokah.tw/extension/con_data/sound/39/word/39c1w5.mp3"
"sawariyan","很久","https://klokah.tw/extension/con_data/sound/39/word/39c1w6.mp3"
"semavalr","早晨","https://klokah.tw/extension/con_data/sound/39/word/39c1w7.mp3"
"kinadaman","最近","https://klokah.tw/extension/con_data/sound/39/word/39c1w8.mp3"
"kamavangavangan","正忙","https://klokah.tw/extension/con_data/sound/39/word/39c1w9.mp3"
"nu ’emanan","明天","https://klokah.tw/extension/con_data/sound/39/word/39c1w10.mp3"
"salrangana","一起來；一起去","https://klokah.tw/extension/con_data/sound/39/word/39c1w11.mp3"
"kara’alriya","去吃午餐","https://klokah.tw/extension/con_data/sound/39/word/39c1w12.mp3"
"miwari","有空","https://klokah.tw/extension/con_data/sound/39/word/39c1w13.mp3"
"alamu","來","https://klokah.tw/extension/con_data/sound/39/word/39c1w14.mp3"
"kaniyam","我家","https://klokah.tw/extension/con_data/sound/39/word/39c1w15.mp3"
"Yamamoto","山本先生(日本人名)","https://klokah.tw/extension/con_data/sound/39/word/39c2w1.mp3"
"ali’u","你的朋友","https://klokah.tw/extension/con_data/sound/39/word/39c2w2.mp3"
"Dipung","日本","https://klokah.tw/extension/con_data/sound/39/word/39c2w3.mp3"
"menadanadama","學習","https://klokah.tw/extension/con_data/sound/39/word/39c2w4.mp3"
"piningaiyan","語言","https://klokah.tw/extension/con_data/sound/39/word/39c2w5.mp3"
"ma’uliz","不會；不懂","https://klokah.tw/extension/con_data/sound/39/word/39c2w6.mp3"
"kakuwayanan","文化；習俗","https://klokah.tw/extension/con_data/sound/39/word/39c2w7.mp3"
"semangal","高興；歡喜","https://klokah.tw/extension/con_data/sound/39/word/39c2w8.mp3"
"salaw","很；非常","https://klokah.tw/extension/con_data/sound/39/word/39c2w9.mp3"
"mazalram","知道；懂","https://klokah.tw/extension/con_data/sound/39/word/39c2w10.mp3"
"kaninu","你(受詞)","https://klokah.tw/extension/con_data/sound/39/word/39c2w11.mp3"
"kananta(kaninta)","我們(受詞)","https://klokah.tw/extension/con_data/sound/39/word/39c2w12.mp3"
"dalrep","附近","https://klokah.tw/extension/con_data/sound/39/word/39c2w13.mp3"
"savelaw","飢餓","https://klokah.tw/extension/con_data/sound/39/word/39c3w1.mp3"
"vi’as","熱","https://klokah.tw/extension/con_data/sound/39/word/39c3w2.mp3"
"kadaw","太陽","https://klokah.tw/extension/con_data/sound/39/word/39c3w3.mp3"
"pusaring","流汗","https://klokah.tw/extension/con_data/sound/39/word/39c3w4.mp3"
"kemalrawalrawa","大量的","https://klokah.tw/extension/con_data/sound/39/word/39c3w5.mp3"
"itruli","擦掉","https://klokah.tw/extension/con_data/sound/39/word/39c3w6.mp3"
"saringan","汗水","https://klokah.tw/extension/con_data/sound/39/word/39c3w7.mp3"
"himpu","毛巾","https://klokah.tw/extension/con_data/sound/39/word/39c3w8.mp3"
"’aw","口渴(形容詞)；喝(動詞)","https://klokah.tw/extension/con_data/sound/39/word/39c3w9.mp3"
"rapi’","累","https://klokah.tw/extension/con_data/sound/39/word/39c3w10.mp3"
"temalaulepa","去休息","https://klokah.tw/extension/con_data/sound/39/word/39c3w11.mp3"
"kakayanan","椅子；可以坐的地方","https://klokah.tw/extension/con_data/sound/39/word/39c3w12.mp3"
"kemayana","去坐下","https://klokah.tw/extension/con_data/sound/39/word/39c3w13.mp3"
"pakakuwa","有辦法；有能力","https://klokah.tw/extension/con_data/sound/39/word/39c3w14.mp3"
"arekerekedaw","加緊","https://klokah.tw/extension/con_data/sound/39/word/39c3w15.mp3"
"semiyana","煎；炒","https://klokah.tw/extension/con_data/sound/39/word/39c3w16.mp3"
"kemakadaw","晴天；出太陽","https://klokah.tw/extension/con_data/sound/39/word/39c4w1.mp3"
"papana","會來","https://klokah.tw/extension/con_data/sound/39/word/39c4w2.mp3"
"kemazu","那樣","https://klokah.tw/extension/con_data/sound/39/word/39c4w3.mp3"
"pakunamuna","趕快","https://klokah.tw/extension/con_data/sound/39/word/39c4w4.mp3"
"padulu","準備","https://klokah.tw/extension/con_data/sound/39/word/39c4w5.mp3"
"emaziya","所有的事物","https://klokah.tw/extension/con_data/sound/39/word/39c4w6.mp3"
"’umudalr","下了雨","https://klokah.tw/extension/con_data/sound/39/word/39c4w7.mp3"
"’esunganan","深夜","https://klokah.tw/extension/con_data/sound/39/word/39c4w8.mp3"
"lremamelramek","毛毛雨","https://klokah.tw/extension/con_data/sound/39/word/39c4w9.mp3"
"sinbung","新聞；報紙","https://klokah.tw/extension/con_data/sound/39/word/39c4w10.mp3"
"a’udalr","要下雨","https://klokah.tw/extension/con_data/sound/39/word/39c4w11.mp3"
"mikinengeran","聽說","https://klokah.tw/extension/con_data/sound/39/word/39c4w12.mp3"
"palru","直到","https://klokah.tw/extension/con_data/sound/39/word/39c4w13.mp3"
"pukapida","第幾","https://klokah.tw/extension/con_data/sound/39/word/39c5w1.mp3"
"pukaanem","第六","https://klokah.tw/extension/con_data/sound/39/word/39c5w2.mp3"
"liyusan nem","星期六","https://klokah.tw/extension/con_data/sound/39/word/39c5w3.mp3"
"semalaw","超過","https://klokah.tw/extension/con_data/sound/39/word/39c5w4.mp3"
"makapetelr","四十","https://klokah.tw/extension/con_data/sound/39/word/39c5w5.mp3"
"pungkang","分鐘","https://klokah.tw/extension/con_data/sound/39/word/39c5w6.mp3"
"penauwa","剛好；很準","https://klokah.tw/extension/con_data/sound/39/word/39c5w7.mp3"
"purudika","稍快些","https://klokah.tw/extension/con_data/sound/39/word/39c5w8.mp3"
"misama’","有餘；剩下","https://klokah.tw/extension/con_data/sound/39/word/39c5w9.mp3"
"’inava lra","還好；幸好","https://klokah.tw/extension/con_data/sound/39/word/39c5w10.mp3"
"muketrep misama’ za sasaya","十一","https://klokah.tw/extension/con_data/sound/39/word/39c5w11.mp3"
"waluwaluwa tuki","八點鐘","https://klokah.tw/extension/con_data/sound/39/word/39c5w12.mp3"
"nay","呢(疑問詞)","https://klokah.tw/extension/con_data/sound/39/word/39c5w13.mp3"
"tusukuwan","圖書館","https://klokah.tw/extension/con_data/sound/39/word/39c6w1.mp3"
"ngidiran","旁邊","https://klokah.tw/extension/con_data/sound/39/word/39c6w2.mp3"
"tarawiri","左邊","https://klokah.tw/extension/con_data/sound/39/word/39c6w3.mp3"
"tarawalran","右邊","https://klokah.tw/extension/con_data/sound/39/word/39c6w4.mp3"
"nana’uwan kana valray","閱覽室","https://klokah.tw/extension/con_data/sound/39/word/39c6w5.mp3"
"sulray","門口","https://klokah.tw/extension/con_data/sound/39/word/39c6w6.mp3"
"uliyus","(你)轉","https://klokah.tw/extension/con_data/sound/39/word/39c6w7.mp3"
"midadikesan","有扶手","https://klokah.tw/extension/con_data/sound/39/word/39c6w8.mp3"
"sekayan","梯子","https://klokah.tw/extension/con_data/sound/39/word/39c6w9.mp3"
"masalra","要再一次","https://klokah.tw/extension/con_data/sound/39/word/39c6w10.mp3"
"tavavunanan","廁所","https://klokah.tw/extension/con_data/sound/39/word/39c6w11.mp3"
"patrepa","遇到；剛好","https://klokah.tw/extension/con_data/sound/39/word/39c6w12.mp3"
"muredek","到達","https://klokah.tw/extension/con_data/sound/39/word/39c6w13.mp3"
"Atung","人名","https://klokah.tw/extension/con_data/sound/39/word/39c6w14.mp3"
"Kileng","人名","https://klokah.tw/extension/con_data/sound/39/word/39c6w15.mp3"
"Misa","人名","https://klokah.tw/extension/con_data/sound/39/word/39c6w16.mp3"
"rawangan","間；樓層","https://klokah.tw/extension/con_data/sound/39/word/39c7w1.mp3"
"nanmu","你們的","https://klokah.tw/extension/con_data/sound/39/word/39c7w2.mp3"
"rimekan","家具","https://klokah.tw/extension/con_data/sound/39/word/39c7w3.mp3"
"tremima’","買","https://klokah.tw/extension/con_data/sound/39/word/39c7w4.mp3"
"pinivalrayan","顏色","https://klokah.tw/extension/con_data/sound/39/word/39c7w5.mp3"
"malulu’","黃色","https://klokah.tw/extension/con_data/sound/39/word/39c7w6.mp3"
"aruwa","大約","https://klokah.tw/extension/con_data/sound/39/word/39c7w7.mp3"
"munueman","多少","https://klokah.tw/extension/con_data/sound/39/word/39c7w8.mp3"
"kinisa’amiyan","一週年","https://klokah.tw/extension/con_data/sound/39/word/39c7w9.mp3"
"linhetran","打折","https://klokah.tw/extension/con_data/sound/39/word/39c7w10.mp3"
"verayay","給","https://klokah.tw/extension/con_data/sound/39/word/39c7w11.mp3"
"sakuzulr","一千","https://klokah.tw/extension/con_data/sound/39/word/39c7w12.mp3"
"menaniwan","店員","https://klokah.tw/extension/con_data/sound/39/word/39c7w13.mp3"
"Uliw","女名","https://klokah.tw/extension/con_data/sound/39/word/39c7w14.mp3"
"lremepus","結束","https://klokah.tw/extension/con_data/sound/39/word/39c8w1.mp3"
"pinadayadayaran","討論會","https://klokah.tw/extension/con_data/sound/39/word/39c8w2.mp3"
"kiyavangangavangan","遊玩","https://klokah.tw/extension/con_data/sound/39/word/39c8w3.mp3"
"kurpuwazuka","來相聚","https://klokah.tw/extension/con_data/sound/39/word/39c8w4.mp3"
"lramalraman","可惜","https://klokah.tw/extension/con_data/sound/39/word/39c8w5.mp3"
"Kairayan","很抱歉","https://klokah.tw/extension/con_data/sound/39/word/39c8w6.mp3"
"papiya","全部；所有","https://klokah.tw/extension/con_data/sound/39/word/39c8w7.mp3"
"ta kudayaw","沒辦法","https://klokah.tw/extension/con_data/sound/39/word/39c8w8.mp3"
"pakavangavang","麻煩","https://klokah.tw/extension/con_data/sound/39/word/39c8w9.mp3"
"zuma","其他","https://klokah.tw/extension/con_data/sound/39/word/39c8w10.mp3"
"kurpuwazuka mekan","來聚餐","https://klokah.tw/extension/con_data/sound/39/word/39c8w11.mp3"
"awayan","去的地方；別的行程","https://klokah.tw/extension/con_data/sound/39/word/39c8w12.mp3"
"liyusan lruwatr","週五；星期五","https://klokah.tw/extension/con_data/sound/39/word/39c8w13.mp3"
"Pungiya","男名","https://klokah.tw/extension/con_data/sound/39/word/39c8w14.mp3"
"Inciw","男名","https://klokah.tw/extension/con_data/sound/39/word/39c8w15.mp3"
"kapenauwayan","標準","https://klokah.tw/extension/con_data/sound/39/word/39c9w1.mp3"
"panaanadam","教...","https://klokah.tw/extension/con_data/sound/39/word/39c9w2.mp3"
"iniyan","沒有","https://klokah.tw/extension/con_data/sound/39/word/39c9w3.mp3"
"mulri","我的祖父(母)","https://klokah.tw/extension/con_data/sound/39/word/39c9w4.mp3"
"marengarengay","一直說","https://klokah.tw/extension/con_data/sound/39/word/39c9w5.mp3"
"kimadayadayar","談話","https://klokah.tw/extension/con_data/sound/39/word/39c9w6.mp3"
"mingadan","有名","https://klokah.tw/extension/con_data/sound/39/word/39c9w7.mp3"
"rinaangeanger","最想...","https://klokah.tw/extension/con_data/sound/39/word/39c9w8.mp3"
"ateday","送","https://klokah.tw/extension/con_data/sound/39/word/39c9w9.mp3"
"de’er","盤纏；禮物","https://klokah.tw/extension/con_data/sound/39/word/39c9w10.mp3"
"ka’inavayan","會很好","https://klokah.tw/extension/con_data/sound/39/word/39c9w11.mp3"
"kaeman","不必","https://klokah.tw/extension/con_data/sound/39/word/39c9w12.mp3"
"maira","不好意思；害羞","https://klokah.tw/extension/con_data/sound/39/word/39c9w13.mp3"
"Uyang","男名","https://klokah.tw/extension/con_data/sound/39/word/39c9w14.mp3"
"Arong","男名","https://klokah.tw/extension/con_data/sound/39/word/39c9w15.mp3"
"pinialrakan","生日","https://klokah.tw/extension/con_data/sound/39/word/39c10w1.mp3"
"minkok","民國","https://klokah.tw/extension/con_data/sound/39/word/39c10w2.mp3"
"makapitun misama’ za telu","七十三","https://klokah.tw/extension/con_data/sound/39/word/39c10w3.mp3"
"pukapitu","第七","https://klokah.tw/extension/con_data/sound/39/word/39c10w4.mp3"
"semasaharan","慶祝","https://klokah.tw/extension/con_data/sound/39/word/39c10w5.mp3"
"nu dadaman lra","後天","https://klokah.tw/extension/con_data/sound/39/word/39c10w6.mp3"
"makavetra’an","二十","https://klokah.tw/extension/con_data/sound/39/word/39c10w7.mp3"
"ziya za eman","難怪","https://klokah.tw/extension/con_data/sound/39/word/39c10w8.mp3"
"kananu","你(受詞)","https://klokah.tw/extension/con_data/sound/39/word/39c10w9.mp3"
"munayuna","永遠的","https://klokah.tw/extension/con_data/sound/39/word/39c10w10.mp3"
"kuazu","也那樣","https://klokah.tw/extension/con_data/sound/39/word/39c10w11.mp3"
"karapule’em","互相祝福","https://klokah.tw/extension/con_data/sound/39/word/39c10w12.mp3"
"maralrak","比( 誰 )小的","https://klokah.tw/extension/con_data/sound/39/word/39c11w1.mp3"
"daigaksē","大學生","https://klokah.tw/extension/con_data/sound/39/word/39c11w2.mp3"
"mituruma’an","有丈夫(太太)；結婚了","https://klokah.tw/extension/con_data/sound/39/word/39c11w3.mp3"
"mialrak","有孩子","https://klokah.tw/extension/con_data/sound/39/word/39c11w4.mp3"
"naniyam","我們的(受詞)","https://klokah.tw/extension/con_data/sound/39/word/39c11w5.mp3"
"markazalram","互相認識","https://klokah.tw/extension/con_data/sound/39/word/39c11w6.mp3"
"kazazuwa ’ami","兩歲；第二年","https://klokah.tw/extension/con_data/sound/39/word/39c11w7.mp3"
"mukasa","在一起","https://klokah.tw/extension/con_data/sound/39/word/39c11w8.mp3"
"kanmu","你們(受詞)","https://klokah.tw/extension/con_data/sound/39/word/39c11w9.mp3"
"nintaw","他的","https://klokah.tw/extension/con_data/sound/39/word/39c11w10.mp3"
"temama","你爸爸","https://klokah.tw/extension/con_data/sound/39/word/39c11w11.mp3"
"taina","你媽媽","https://klokah.tw/extension/con_data/sound/39/word/39c11w12.mp3"
"nanzu","他們","https://klokah.tw/extension/con_data/sound/39/word/39c11w13.mp3"
"katalaulepan","休假；休息","https://klokah.tw/extension/con_data/sound/39/word/39c11w14.mp3"
"mupana","過來；出來","https://klokah.tw/extension/con_data/sound/39/word/39c11w15.mp3"
"Alimek","男名","https://klokah.tw/extension/con_data/sound/39/word/39c11w16.mp3"
"Trulay","男名","https://klokah.tw/extension/con_data/sound/39/word/39c11w17.mp3"
"kiniyakarun","工作的內容","https://klokah.tw/extension/con_data/sound/39/word/39c12w1.mp3"
"atrevung","遇到","https://klokah.tw/extension/con_data/sound/39/word/39c12w2.mp3"
"kiyakarunan","職業","https://klokah.tw/extension/con_data/sound/39/word/39c12w3.mp3"
"purusazu","稍多的","https://klokah.tw/extension/con_data/sound/39/word/39c12w4.mp3"
"muvales","薪酬","https://klokah.tw/extension/con_data/sound/39/word/39c12w5.mp3"
"kanantu","...他的","https://klokah.tw/extension/con_data/sound/39/word/39c12w6.mp3"
"vekalan","新的","https://klokah.tw/extension/con_data/sound/39/word/39c12w7.mp3"
"kirpauwa","適合；合適","https://klokah.tw/extension/con_data/sound/39/word/39c12w8.mp3"
"nu kemazu mu","那麼","https://klokah.tw/extension/con_data/sound/39/word/39c12w9.mp3"
"pulralrang","幫忙","https://klokah.tw/extension/con_data/sound/39/word/39c12w10.mp3"
"tawki","老闆；有錢的人","https://klokah.tw/extension/con_data/sound/39/word/39c12w11.mp3"
"kaaulep","會很辛苦","https://klokah.tw/extension/con_data/sound/39/word/39c12w12.mp3"
"kanizu","...那些","https://klokah.tw/extension/con_data/sound/39/word/39c12w13.mp3"
"semangalan","歡迎","https://klokah.tw/extension/con_data/sound/39/word/39c13w1.mp3"
"izazuwa","到來；蒞臨","https://klokah.tw/extension/con_data/sound/39/word/39c13w2.mp3"
"muketrep","十個","https://klokah.tw/extension/con_data/sound/39/word/39c13w3.mp3"
"pinitrauwan","人數","https://klokah.tw/extension/con_data/sound/39/word/39c13w4.mp3"
"temamaku","吸菸；抽菸","https://klokah.tw/extension/con_data/sound/39/word/39c13w5.mp3"
"siniyan","炒的","https://klokah.tw/extension/con_data/sound/39/word/39c13w6.mp3"
"kulang","蔬菜","https://klokah.tw/extension/con_data/sound/39/word/39c13w7.mp3"
"tamana","高麗菜","https://klokah.tw/extension/con_data/sound/39/word/39c13w8.mp3"
"lraputr","地瓜葉；藤蔓","https://klokah.tw/extension/con_data/sound/39/word/39c13w9.mp3"
"ludus","植物的嫩芽部份；末梢","https://klokah.tw/extension/con_data/sound/39/word/39c13w10.mp3"
"hayatu","佛手瓜","https://klokah.tw/extension/con_data/sound/39/word/39c13w11.mp3"
"avakanay","盛裝給...","https://klokah.tw/extension/con_data/sound/39/word/39c13w12.mp3"
"kisiyan","...碗","https://klokah.tw/extension/con_data/sound/39/word/39c13w13.mp3"
"puwapuwa","增加；再加","https://klokah.tw/extension/con_data/sound/39/word/39c13w14.mp3"
"Pawa","男名","https://klokah.tw/extension/con_data/sound/39/word/39c13w15.mp3"
"Salreng","女名","https://klokah.tw/extension/con_data/sound/39/word/39c13w16.mp3"
"kakuda","要如何","https://klokah.tw/extension/con_data/sound/39/word/39c14w1.mp3"
"padangal","貴；不容易","https://klokah.tw/extension/con_data/sound/39/word/39c14w2.mp3"
"muitras","搭乘","https://klokah.tw/extension/con_data/sound/39/word/39c14w3.mp3"
"zikang","時刻表","https://klokah.tw/extension/con_data/sound/39/word/39c14w4.mp3"
"emh","唔","https://klokah.tw/extension/con_data/sound/39/word/39c14w5.mp3"
"patelre’ay","舒服","https://klokah.tw/extension/con_data/sound/39/word/39c14w6.mp3"
"kivulas","借","https://klokah.tw/extension/con_data/sound/39/word/39c14w7.mp3"
"kurvalivali","兜風","https://klokah.tw/extension/con_data/sound/39/word/39c14w8.mp3"
"temawatawar","慢慢地","https://klokah.tw/extension/con_data/sound/39/word/39c14w9.mp3"
"pakawang","駕駛；行駛","https://klokah.tw/extension/con_data/sound/39/word/39c14w10.mp3"
"nu azu lra mu","到那時候","https://klokah.tw/extension/con_data/sound/39/word/39c14w11.mp3"
"kararuwa","可以","https://klokah.tw/extension/con_data/sound/39/word/39c14w12.mp3"
"ēyki","火車站；車站","https://klokah.tw/extension/con_data/sound/39/word/39c14w13.mp3"
"na’uway","看...","https://klokah.tw/extension/con_data/sound/39/word/39c14w14.mp3"
"pakarun","使...工作","https://klokah.tw/extension/con_data/sound/39/word/39c14w15.mp3"
"haiya","轎車；計程車","https://klokah.tw/extension/con_data/sound/39/word/39c14w16.mp3"
"biyoing","醫院","https://klokah.tw/extension/con_data/sound/39/word/39c15w1.mp3"
"kualengan","生病","https://klokah.tw/extension/con_data/sound/39/word/39c15w2.mp3"
"turuma’anu","你的妻子；你的丈夫","https://klokah.tw/extension/con_data/sound/39/word/39c15w3.mp3"
"kinana’u","接受檢查","https://klokah.tw/extension/con_data/sound/39/word/39c15w4.mp3"
"pida wariyan","多久；幾天","https://klokah.tw/extension/con_data/sound/39/word/39c15w5.mp3"
"saliyusan","一星期；一週","https://klokah.tw/extension/con_data/sound/39/word/39c15w6.mp3"
"nu kuazu mu","那麼","https://klokah.tw/extension/con_data/sound/39/word/39c15w7.mp3"
"nana’u","照顧；看顧","https://klokah.tw/extension/con_data/sound/39/word/39c15w8.mp3"
"alrak","小孩","https://klokah.tw/extension/con_data/sound/39/word/39c15w9.mp3"
"atedanay","送","https://klokah.tw/extension/con_data/sound/39/word/39c15w10.mp3"
"lralrak","小孩子們","https://klokah.tw/extension/con_data/sound/39/word/39c15w11.mp3"
"kara’alriyan","中午","https://klokah.tw/extension/con_data/sound/39/word/39c15w12.mp3"
"demeru","煮飯","https://klokah.tw/extension/con_data/sound/39/word/39c15w13.mp3"
"ikakuda","作為","https://klokah.tw/extension/con_data/sound/39/word/39c15w14.mp3"
"tatena’","真正；真的","https://klokah.tw/extension/con_data/sound/39/word/39c15w15.mp3"
"turuma’an","妻子；丈夫","https://klokah.tw/extension/con_data/sound/39/word/39c15w16.mp3"
"Ngiliw","男名","https://klokah.tw/extension/con_data/sound/39/word/39c15w17.mp3"
"pudēngwa","打電話","https://klokah.tw/extension/con_data/sound/39/word/39c16w1.mp3"
"uniyan","不在；沒有","https://klokah.tw/extension/con_data/sound/39/word/39c16w2.mp3"
"kaygi","開會","https://klokah.tw/extension/con_data/sound/39/word/39c16w3.mp3"
"paredek","傳達","https://klokah.tw/extension/con_data/sound/39/word/39c16w4.mp3"
"Katratripulr","知本","https://klokah.tw/extension/con_data/sound/39/word/39c16w5.mp3"
"pakurlrang","讓...參加","https://klokah.tw/extension/con_data/sound/39/word/39c16w6.mp3"
"pazuwa","邀請","https://klokah.tw/extension/con_data/sound/39/word/39c16w7.mp3"
"pantatiti","劇團","https://klokah.tw/extension/con_data/sound/39/word/39c16w8.mp3"
"kemuret","做主","https://klokah.tw/extension/con_data/sound/39/word/39c16w9.mp3"
"vilinu","留下","https://klokah.tw/extension/con_data/sound/39/word/39c16w10.mp3"
"rengayaw","說出","https://klokah.tw/extension/con_data/sound/39/word/39c16w11.mp3"
"kemakezeng","團長；帶領者","https://klokah.tw/extension/con_data/sound/39/word/39c16w12.mp3"
"tuwa","他會","https://klokah.tw/extension/con_data/sound/39/word/39c16w13.mp3"
"Pilang","男名","https://klokah.tw/extension/con_data/sound/39/word/39c16w14.mp3"
"Risem","男名","https://klokah.tw/extension/con_data/sound/39/word/39c16w15.mp3"
"Sinayhan","女名","https://klokah.tw/extension/con_data/sound/39/word/39c16w16.mp3"
"kay ta","我們去","https://klokah.tw/extension/con_data/sound/39/word/39c17w1.mp3"
"mekana","去吃","https://klokah.tw/extension/con_data/sound/39/word/39c17w2.mp3"
"akanen","食物","https://klokah.tw/extension/con_data/sound/39/word/39c17w3.mp3"
"mekan","吃","https://klokah.tw/extension/con_data/sound/39/word/39c17w4.mp3"
"sinaemay","糯米飯","https://klokah.tw/extension/con_data/sound/39/word/39c17w5.mp3"
"linungun","醃肉","https://klokah.tw/extension/con_data/sound/39/word/39c17w6.mp3"
"’asilran","鹹度","https://klokah.tw/extension/con_data/sound/39/word/39c17w7.mp3"
"inaekan","口味","https://klokah.tw/extension/con_data/sound/39/word/39c17w8.mp3"
"tinusasiyaw","做的菜","https://klokah.tw/extension/con_data/sound/39/word/39c17w9.mp3"
"sare’ez","想念","https://klokah.tw/extension/con_data/sound/39/word/39c17w10.mp3"
"parkazuwa lra ’ami","半年","https://klokah.tw/extension/con_data/sound/39/word/39c17w11.mp3"
"mavangavang","忙","https://klokah.tw/extension/con_data/sound/39/word/39c17w12.mp3"
"imakazenan na kulang","山裡的蔬菜","https://klokah.tw/extension/con_data/sound/39/word/39c17w13.mp3"
"alum za vavuy","山豬肉","https://klokah.tw/extension/con_data/sound/39/word/39c17w14.mp3"
"dinukel","麻糬","https://klokah.tw/extension/con_data/sound/39/word/39c17w15.mp3"
"Silong","男名","https://klokah.tw/extension/con_data/sound/39/word/39c17w16.mp3"
"Piyawan","男名","https://klokah.tw/extension/con_data/sound/39/word/39c17w17.mp3"
"kinasaharan kemudakuda","興趣；喜歡做的","https://klokah.tw/extension/con_data/sound/39/word/39c18w1.mp3"
"pasekiseki i zenan","爬山","https://klokah.tw/extension/con_data/sound/39/word/39c18w2.mp3"
"ka’inanavayan","好處","https://klokah.tw/extension/con_data/sound/39/word/39c18w3.mp3"
"mudalrep","親近；靠近","https://klokah.tw/extension/con_data/sound/39/word/39c18w4.mp3"
"inudawayan na zenan","山林","https://klokah.tw/extension/con_data/sound/39/word/39c18w5.mp3"
"semasasisasing","攝影","https://klokah.tw/extension/con_data/sound/39/word/39c18w6.mp3"
"Taiwan","臺灣","https://klokah.tw/extension/con_data/sound/39/word/39c18w7.mp3"
"nu masalr mu","下一回；再一次","https://klokah.tw/extension/con_data/sound/39/word/39c18w8.mp3"
"kamēra","相機","https://klokah.tw/extension/con_data/sound/39/word/39c18w9.mp3"
"salaw pazangal","非常珍貴","https://klokah.tw/extension/con_data/sound/39/word/39c18w10.mp3"
"sinasisasing","拍照","https://klokah.tw/extension/con_data/sound/39/word/39c18w11.mp3"
"pana’u","給...看","https://klokah.tw/extension/con_data/sound/39/word/39c18w12.mp3"
"zinekalranan","族人","https://klokah.tw/extension/con_data/sound/39/word/39c18w13.mp3"
"Sirung","男名","https://klokah.tw/extension/con_data/sound/39/word/39c18w14.mp3"
"Cincung","男名","https://klokah.tw/extension/con_data/sound/39/word/39c18w15.mp3"
"derun","夏天","https://klokah.tw/extension/con_data/sound/39/word/39c19w1.mp3"
"kinasaharan","最喜歡的","https://klokah.tw/extension/con_data/sound/39/word/39c19w2.mp3"
"kinasa’amiyanan","一年中","https://klokah.tw/extension/con_data/sound/39/word/39c19w3.mp3"
"sahar","喜歡","https://klokah.tw/extension/con_data/sound/39/word/39c19w4.mp3"
"kaseveran","春天","https://klokah.tw/extension/con_data/sound/39/word/39c19w5.mp3"
"ventratreli","冬天","https://klokah.tw/extension/con_data/sound/39/word/39c19w6.mp3"
"vetreliyan","到了","https://klokah.tw/extension/con_data/sound/39/word/39c19w7.mp3"
"pakulimaya","去游泳","https://klokah.tw/extension/con_data/sound/39/word/39c19w8.mp3"
"aretid","冷","https://klokah.tw/extension/con_data/sound/39/word/39c19w9.mp3"
"makaaretid","越來越冷","https://klokah.tw/extension/con_data/sound/39/word/39c19w10.mp3"
"meredek","到了","https://klokah.tw/extension/con_data/sound/39/word/39c19w11.mp3"
"dika","快","https://klokah.tw/extension/con_data/sound/39/word/39c19w12.mp3"
"pakumawa mena’u","欣賞","https://klokah.tw/extension/con_data/sound/39/word/39c19w13.mp3"
"sekiyaki","火鍋","https://klokah.tw/extension/con_data/sound/39/word/39c19w14.mp3"
"kedemel","厚","https://klokah.tw/extension/con_data/sound/39/word/39c19w15.mp3"
"rarames","要洗衣服","https://klokah.tw/extension/con_data/sound/39/word/39c19w16.mp3"
"kemaya","祝；這樣說","https://klokah.tw/extension/con_data/sound/39/word/39c20w1.mp3"
"kasemangalan","快樂；高興","https://klokah.tw/extension/con_data/sound/39/word/39c20w2.mp3"
"vekalan na ’ami","新年","https://klokah.tw/extension/con_data/sound/39/word/39c20w3.mp3"
"lrayuan","謝謝","https://klokah.tw/extension/con_data/sound/39/word/39c20w4.mp3"
"pavilung","過年","https://klokah.tw/extension/con_data/sound/39/word/39c20w5.mp3"
"kuy","我會","https://klokah.tw/extension/con_data/sound/39/word/39c20w6.mp3"
"martrevutrevung","相見；相逢","https://klokah.tw/extension/con_data/sound/39/word/39c20w7.mp3"
"semungal","鞠躬禮","https://klokah.tw/extension/con_data/sound/39/word/39c20w8.mp3"
"temuwamuwan","祖先","https://klokah.tw/extension/con_data/sound/39/word/39c20w9.mp3"
"mulitrulitrung","圍起來","https://klokah.tw/extension/con_data/sound/39/word/39c20w10.mp3"
"kasahasahar","有趣","https://klokah.tw/extension/con_data/sound/39/word/39c20w11.mp3"
"muwazuwazuk","聚","https://klokah.tw/extension/con_data/sound/39/word/39c20w12.mp3"
"sadeku","溫馨","https://klokah.tw/extension/con_data/sound/39/word/39c20w13.mp3"
"anger","心裡；內心；想法","https://klokah.tw/extension/con_data/sound/39/word/39c20w14.mp3"
"kazuwazuwan","熱鬧","https://klokah.tw/extension/con_data/sound/39/word/39c20w15.mp3"
"trau","人","https://klokah.tw/extension/con_data/sound/39/word/39c21w1.mp3"
"kemudakuda","如何；怎麼樣","https://klokah.tw/extension/con_data/sound/39/word/39c21w2.mp3"
"ra’emetr","認真","https://klokah.tw/extension/con_data/sound/39/word/39c21w3.mp3"
"kemay iyan","從哪些；從哪裡","https://klokah.tw/extension/con_data/sound/39/word/39c21w4.mp3"
"inana’u","觀察","https://klokah.tw/extension/con_data/sound/39/word/39c21w5.mp3"
"pa’etreng","持續","https://klokah.tw/extension/con_data/sound/39/word/39c21w6.mp3"
"telre’ayaw","完善 ；做好","https://klokah.tw/extension/con_data/sound/39/word/39c21w7.mp3"
"kiatraatras","驕傲 ；傲慢","https://klokah.tw/extension/con_data/sound/39/word/39c21w8.mp3"
"menadaanadam","學習","https://klokah.tw/extension/con_data/sound/39/word/39c21w9.mp3"
"kitusayhuyhu","不會裝會；自以為是","https://klokah.tw/extension/con_data/sound/39/word/39c21w10.mp3"
"kemani","如此","https://klokah.tw/extension/con_data/sound/39/word/39c21w11.mp3"
"mutelre’ay","完美","https://klokah.tw/extension/con_data/sound/39/word/39c21w12.mp3"
"’inana’u","觀察所知","https://klokah.tw/extension/con_data/sound/39/word/39c21w13.mp3"
"ipakavavulay","讚美","https://klokah.tw/extension/con_data/sound/39/word/39c21w14.mp3"
"kipulralrang","麻煩；接受幫忙","https://klokah.tw/extension/con_data/sound/39/word/39c22w1.mp3"
"irayan","對不起；不好意思","https://klokah.tw/extension/con_data/sound/39/word/39c22w2.mp3"
"kaazuwan","房間","https://klokah.tw/extension/con_data/sound/39/word/39c22w3.mp3"
"pinadulu","備用的","https://klokah.tw/extension/con_data/sound/39/word/39c22w4.mp3"
"pitu leman misama’ za lruwatr","705","https://klokah.tw/extension/con_data/sound/39/word/39c22w5.mp3"
"anzinia","這個是","https://klokah.tw/extension/con_data/sound/39/word/39c22w6.mp3"
"susi","鑰匙","https://klokah.tw/extension/con_data/sound/39/word/39c22w7.mp3"
"kiyaumalren","問題","https://klokah.tw/extension/con_data/sound/39/word/39c22w8.mp3"
"ipaated","寄來的","https://klokah.tw/extension/con_data/sound/39/word/39c22w9.mp3"
"ngarayu ku ziya","等我一下","https://klokah.tw/extension/con_data/sound/39/word/39c22w10.mp3"
"kayku","讓我...；我來...","https://klokah.tw/extension/con_data/sound/39/word/39c22w11.mp3"
"atrevungay","找到","https://klokah.tw/extension/con_data/sound/39/word/39c22w12.mp3"
"sasaya","一個；一件","https://klokah.tw/extension/con_data/sound/39/word/39c22w13.mp3"
"travu","包裹","https://klokah.tw/extension/con_data/sound/39/word/39c22w14.mp3"
"temakesi","讀書","https://klokah.tw/extension/con_data/sound/39/word/39c23w1.mp3"
"takesiyan","學校","https://klokah.tw/extension/con_data/sound/39/word/39c23w2.mp3"
"palrivak na takesiyan","國民小學","https://klokah.tw/extension/con_data/sound/39/word/39c23w3.mp3"
"kapapida ’amiyan","幾年級","https://klokah.tw/extension/con_data/sound/39/word/39c23w4.mp3"
"lemavat","過了","https://klokah.tw/extension/con_data/sound/39/word/39c23w5.mp3"
"katalaulepan nu derun","暑假","https://klokah.tw/extension/con_data/sound/39/word/39c23w6.mp3"
"kuwocung","國中","https://klokah.tw/extension/con_data/sound/39/word/39c23w7.mp3"
"kasaazu","會很多","https://klokah.tw/extension/con_data/sound/39/word/39c23w8.mp3"
"naanadaman","學習的課程","https://klokah.tw/extension/con_data/sound/39/word/39c23w9.mp3"
"marsahasahar","最喜歡","https://klokah.tw/extension/con_data/sound/39/word/39c23w10.mp3"
"paruniruniyan","樂器","https://klokah.tw/extension/con_data/sound/39/word/39c23w11.mp3"
"sasenayan","音樂課","https://klokah.tw/extension/con_data/sound/39/word/39c23w12.mp3"
"maresan","一樣；相同","https://klokah.tw/extension/con_data/sound/39/word/39c23w13.mp3"
"menadama","(去/來)學習","https://klokah.tw/extension/con_data/sound/39/word/39c23w14.mp3"
"markamelrimelri","各式各樣的","https://klokah.tw/extension/con_data/sound/39/word/39c23w15.mp3"
"salihuwan","樂器","https://klokah.tw/extension/con_data/sound/39/word/39c23w16.mp3"
"pakaatra’alr","輕鬆","https://klokah.tw/extension/con_data/sound/39/word/39c23w17.mp3"
"piniangeran","心情","https://klokah.tw/extension/con_data/sound/39/word/39c23w18.mp3"
"pinuyumayan","卑南族","https://klokah.tw/extension/con_data/sound/39/word/39c24w1.mp3"
"tinarkatratripulr","說知本語言","https://klokah.tw/extension/con_data/sound/39/word/39c24w2.mp3"
"purmazalram","略懂","https://klokah.tw/extension/con_data/sound/39/word/39c24w3.mp3"
"apana","簡單的；淺顯的","https://klokah.tw/extension/con_data/sound/39/word/39c24w4.mp3"
"munadanadam","練習","https://klokah.tw/extension/con_data/sound/39/word/39c24w5.mp3"
"kimazayazayar","交談","https://klokah.tw/extension/con_data/sound/39/word/39c24w6.mp3"
"maraanger","考慮","https://klokah.tw/extension/con_data/sound/39/word/39c24w7.mp3"
"ipakurlrang","附贈；附帶","https://klokah.tw/extension/con_data/sound/39/word/39c24w8.mp3"
"maruwa","可以；夠","https://klokah.tw/extension/con_data/sound/39/word/39c24w9.mp3"
"ulra ziya","還有","https://klokah.tw/extension/con_data/sound/39/word/39c24w10.mp3"
"wanglu","網路","https://klokah.tw/extension/con_data/sound/39/word/39c24w11.mp3"
"kemazu yawlra","原來是這樣","https://klokah.tw/extension/con_data/sound/39/word/39c24w12.mp3"
"yawlra","也許","https://klokah.tw/extension/con_data/sound/39/word/39c24w13.mp3"
"’aya’an","可找的","https://klokah.tw/extension/con_data/sound/39/word/39c24w14.mp3"
"kivangavanga","去旅遊；去玩","https://klokah.tw/extension/con_data/sound/39/word/39c25w1.mp3"
"adaman kana saliyusan","上個星期","https://klokah.tw/extension/con_data/sound/39/word/39c25w2.mp3"
"kuretanay","安排","https://klokah.tw/extension/con_data/sound/39/word/39c25w3.mp3"
"Hokkaydo","北海道","https://klokah.tw/extension/con_data/sound/39/word/39c25w4.mp3"
"urlra","雪","https://klokah.tw/extension/con_data/sound/39/word/39c25w5.mp3"
"papida","幾人","https://klokah.tw/extension/con_data/sound/39/word/39c25w6.mp3"
"salrangalrangan","一起","https://klokah.tw/extension/con_data/sound/39/word/39c25w7.mp3"
"saruma’enan","家人","https://klokah.tw/extension/con_data/sound/39/word/39c25w8.mp3"
"pakaasavak","深刻","https://klokah.tw/extension/con_data/sound/39/word/39c25w9.mp3"
"Hangkangsi","函館","https://klokah.tw/extension/con_data/sound/39/word/39c25w10.mp3"
"kisasisasing","拍照","https://klokah.tw/extension/con_data/sound/39/word/39c25w11.mp3"
"semama’ papuangeran","留念","https://klokah.tw/extension/con_data/sound/39/word/39c25w12.mp3"
"’emilring","羨慕","https://klokah.tw/extension/con_data/sound/39/word/39c25w13.mp3"
"raaranger","會想...；也希望","https://klokah.tw/extension/con_data/sound/39/word/39c25w14.mp3"
"pakazalramay","介紹","https://klokah.tw/extension/con_data/sound/39/word/39c26w1.mp3"
"inlrangan","經驗；經歷","https://klokah.tw/extension/con_data/sound/39/word/39c26w2.mp3"
"puludus","畢業；結束","https://klokah.tw/extension/con_data/sound/39/word/39c26w3.mp3"
"daygak","大學(外來語)","https://klokah.tw/extension/con_data/sound/39/word/39c26w4.mp3"
"demadaway","製造；製作","https://klokah.tw/extension/con_data/sound/39/word/39c26w5.mp3"
"kaysiya","公司(外來語)","https://klokah.tw/extension/con_data/sound/39/word/39c26w6.mp3"
"putrepayay","擔任","https://klokah.tw/extension/con_data/sound/39/word/39c26w7.mp3"
"muparkudakuda","處理","https://klokah.tw/extension/con_data/sound/39/word/39c26w8.mp3"
"musasavak","收入","https://klokah.tw/extension/con_data/sound/39/word/39c26w9.mp3"
"mupatratraran","支出","https://klokah.tw/extension/con_data/sound/39/word/39c26w10.mp3"
"pasalr","搬遷","https://klokah.tw/extension/con_data/sound/39/word/39c26w11.mp3"
"mulivun","上班","https://klokah.tw/extension/con_data/sound/39/word/39c26w12.mp3"
"aidan","何時","https://klokah.tw/extension/con_data/sound/39/word/39c26w13.mp3"
"ngarayaw","等...","https://klokah.tw/extension/con_data/sound/39/word/39c26w14.mp3"
"kamawan","好像","https://klokah.tw/extension/con_data/sound/39/word/39c27w1.mp3"
"mikinisaharan","有喜歡的人；戀愛","https://klokah.tw/extension/con_data/sound/39/word/39c27w2.mp3"
"mazu","怎麼","https://klokah.tw/extension/con_data/sound/39/word/39c27w3.mp3"
"puwadēngwa","打電話","https://klokah.tw/extension/con_data/sound/39/word/39c27w4.mp3"
"tratrawan","難道","https://klokah.tw/extension/con_data/sound/39/word/39c27w5.mp3"
"kitulud","接到","https://klokah.tw/extension/con_data/sound/39/word/39c27w6.mp3"
"laliked","有笑容","https://klokah.tw/extension/con_data/sound/39/word/39c27w7.mp3"
"muvakar","展開","https://klokah.tw/extension/con_data/sound/39/word/39c27w8.mp3"
"temarna’u","注意","https://klokah.tw/extension/con_data/sound/39/word/39c27w9.mp3"
"karuwa","能夠；可以","https://klokah.tw/extension/con_data/sound/39/word/39c27w10.mp3"
"maya’","尋找","https://klokah.tw/extension/con_data/sound/39/word/39c27w11.mp3"
"tuludan","交給...","https://klokah.tw/extension/con_data/sound/39/word/39c27w12.mp3"
"kameling","配鈴","https://klokah.tw/extension/con_data/sound/39/word/39c28w1.mp3"
"niniyam","我們的","https://klokah.tw/extension/con_data/sound/39/word/39c28w2.mp3"
"awatranan","古代的；傳統的","https://klokah.tw/extension/con_data/sound/39/word/39c28w3.mp3"
"muwarak","跳傳統舞","https://klokah.tw/extension/con_data/sound/39/word/39c28w4.mp3"
"menadanadam","練習；學習","https://klokah.tw/extension/con_data/sound/39/word/39c28w5.mp3"
"senay","唱歌；歌曲","https://klokah.tw/extension/con_data/sound/39/word/39c28w6.mp3"
"mazayazayar","討論；聊天","https://klokah.tw/extension/con_data/sound/39/word/39c28w7.mp3"
"marayas","常常；經常","https://klokah.tw/extension/con_data/sound/39/word/39c28w8.mp3"
"kinamakitengan","從小","https://klokah.tw/extension/con_data/sound/39/word/39c28w9.mp3"
"pazangal","很難；貴重的","https://klokah.tw/extension/con_data/sound/39/word/39c28w10.mp3"
"purpadangal","有些難","https://klokah.tw/extension/con_data/sound/39/word/39c28w11.mp3"
"madulu","簡單；便宜的","https://klokah.tw/extension/con_data/sound/39/word/39c28w12.mp3"
"malalup","忘記","https://klokah.tw/extension/con_data/sound/39/word/39c28w13.mp3"
"lrengaw","旋律；聲音","https://klokah.tw/extension/con_data/sound/39/word/39c28w14.mp3"
"alra kana","因為","https://klokah.tw/extension/con_data/sound/39/word/39c28w15.mp3"
"pinakapazangal","最重視的","https://klokah.tw/extension/con_data/sound/39/word/39c29w1.mp3"
"palalisiyan","祭典","https://klokah.tw/extension/con_data/sound/39/word/39c29w2.mp3"
"pulaludus","即將結束","https://klokah.tw/extension/con_data/sound/39/word/39c29w3.mp3"
"’amiyan","年度","https://klokah.tw/extension/con_data/sound/39/word/39c29w4.mp3"
"mukaitrasan","階級","https://klokah.tw/extension/con_data/sound/39/word/39c29w5.mp3"
"wakepelan","凝聚","https://klokah.tw/extension/con_data/sound/39/word/39c29w6.mp3"
"trualrtrulran","延續","https://klokah.tw/extension/con_data/sound/39/word/39c29w7.mp3"
"mutraluna","打獵","https://klokah.tw/extension/con_data/sound/39/word/39c29w8.mp3"
"utuvangsaran","將成為青年","https://klokah.tw/extension/con_data/sound/39/word/39c29w9.mp3"
"kipatatalram","接受考驗","https://klokah.tw/extension/con_data/sound/39/word/39c29w10.mp3"
"kavangsaranan","真正的青年","https://klokah.tw/extension/con_data/sound/39/word/39c29w11.mp3"
"awatran","古代的；傳統的","https://klokah.tw/extension/con_data/sound/39/word/39c29w12.mp3"
"ma’upid","編(花)","https://klokah.tw/extension/con_data/sound/39/word/39c29w13.mp3"
"’ema’avay","做糯米粿","https://klokah.tw/extension/con_data/sound/39/word/39c29w14.mp3"
"tremukakutra","釀酒","https://klokah.tw/extension/con_data/sound/39/word/39c29w15.mp3"
"laluwanan","迎獵門","https://klokah.tw/extension/con_data/sound/39/word/39c29w16.mp3"
"lemapusa","去解除","https://klokah.tw/extension/con_data/sound/39/word/39c29w17.mp3"
"lralrivuwanan","守喪者","https://klokah.tw/extension/con_data/sound/39/word/39c29w18.mp3"
"yuēncumin","原住民","https://klokah.tw/extension/con_data/sound/39/word/39c30w1.mp3"
"mawan","種族","https://klokah.tw/extension/con_data/sound/39/word/39c30w2.mp3"
"sinbun kisiya","新聞記者","https://klokah.tw/extension/con_data/sound/39/word/39c30w3.mp3"
"kipanadam","請教","https://klokah.tw/extension/con_data/sound/39/word/39c30w4.mp3"
"kiaumalran","問題","https://klokah.tw/extension/con_data/sound/39/word/39c30w5.mp3"
"emaeman","哪些","https://klokah.tw/extension/con_data/sound/39/word/39c30w6.mp3"
"Taiyar","泰雅族","https://klokah.tw/extension/con_data/sound/39/word/39c30w7.mp3"
"Amis","阿美族","https://klokah.tw/extension/con_data/sound/39/word/39c30w8.mp3"
"Bunun","布農族","https://klokah.tw/extension/con_data/sound/39/word/39c30w9.mp3"
"Rukay","魯凱族","https://klokah.tw/extension/con_data/sound/39/word/39c30w10.mp3"
"Paywan","排灣族","https://klokah.tw/extension/con_data/sound/39/word/39c30w11.mp3"
"Saw","邵族","https://klokah.tw/extension/con_data/sound/39/word/39c30w12.mp3"
"Taluku","太魯閣族","https://klokah.tw/extension/con_data/sound/39/word/39c30w13.mp3"
"Sakizaya","撒奇萊雅族","https://klokah.tw/extension/con_data/sound/39/word/39c30w14.mp3"
"Sēdēk","賽德克族","https://klokah.tw/extension/con_data/sound/39/word/39c30w15.mp3"
"markaytaytayan","最少人的","https://klokah.tw/extension/con_data/sound/39/word/39c30w16.mp3"
"inupatepi’an","分布","https://klokah.tw/extension/con_data/sound/39/word/39c30w17.mp3"
"iyaiyan","哪一個","https://klokah.tw/extension/con_data/sound/39/word/39c30w18.mp3"
"mukaitraitrasan","階級","https://klokah.tw/extension/con_data/sound/39/word/39c30w19.mp3"
