"jiyax sayang dhuq ku empitu patas hidaw sapah pyasan ka yaku.","I arrived at school at seven today.","我今天七點到學校。","https://web.klokah.tw/text/sound/34717/540408.mp3"
"Prajing sluhay da, mtmay pyasan ka emptgsa, rmngaw ka qbsuran pyasan, “Hiyug! Thmuku!” msa.","It’s time for class , the teacher walked into the classroom, and the monitor said: “Stand up! Salute!”","上課了，老師走進教室，班長說:「起立!敬禮!」","https://web.klokah.tw/text/sound/34717/540409.mp3"
"Paru bi ka hnang nami rmngaw, “emptgsa embiyax su.”","We said loudly, “Hi, teacher.”","我們大聲的說:「老師好。」","https://web.klokah.tw/text/sound/34717/540410.mp3"
"Smluhay nami siida, tmgsa mnan kari seejiq sppgan ka emptgsa.","In class, the teacher taught us the seejiq language of numbers.","我們上課的時候，老師教我們數字的族語。","https://web.klokah.tw/text/sound/34717/540411.mp3"
"Sneegul nami emptgsa smpug, meuyas nami uyas sppgan.","We followed the teacher to read, we sang the number song.","我們跟著老師唸，我們唱了數字歌。","https://web.klokah.tw/text/sound/34717/540412.mp3"
"Egu bi ka snlhayan mu kari seejiq.","I have learned many seejiq languages.","我學會好多族語。","https://web.klokah.tw/text/sound/34717/540413.mp3"
"Musa ku sapah pyasan kdjiyax, smluhay ku kari seejiq kdjiyax, skari ku kari Seejiq qbhangun mu bubu.","I go to school every day, I learn the seejiq language every day, and I want to tell my mother.","我天天上學，我天天學族語，我要說族語給媽媽聽。","https://web.klokah.tw/text/sound/34717/540414.mp3"
"Tumun ka hangan mu.","My name is Tumun.","我的名字是Tumun。","https://web.klokah.tw/text/sound/34721/540462.mp3"
"Walis ka hangan tama mu.","My dad’s name is Walis.","我爸爸的名字是Walis。","https://web.klokah.tw/text/sound/34721/540463.mp3"
"Iwan ka hangan bubu mu.","My mother’s name is Iwan.","我媽媽的名字是Iwan。","https://web.klokah.tw/text/sound/34721/540464.mp3"
"Maxal ka hngkwasan mu hngkawas nii.","I am 10 years old.","我今年10歲。","https://web.klokah.tw/text/sound/34721/540465.mp3"
"Niqan ku Kingal qbsuran snaw, Kuras ka hangan na, maxal kingal ka hngkwasan na hngkawas nii.","I have a brother, his name is kuras, he is 11 years old.","我有一個哥哥，他叫kuras，他今年11歲。","https://web.klokah.tw/text/sound/34721/540466.mp3"
"Seupu nami meuyas patas kingal sapah pyasan ka yami.","We study in the same school.","我們在同一間學校讀書。","https://web.klokah.tw/text/sound/34721/540467.mp3"
"Smkuxul meuyas uyas ka yaku ni qbsuran snaw.","Both my brother and I like to sing.","我和哥哥都喜歡唱歌。","https://web.klokah.tw/text/sound/34721/540468.mp3"
"Smkuxul ku tmapaq qsiya ka yaku, msangay o seupu nami musa tmapaq qsiya ka tnsapah.","I like swimming. During the holidays, our whole family go swimming together.","我喜歡游泳，放假的時候，我們全家會一起去游泳。","https://web.klokah.tw/text/sound/34721/540469.mp3"
"Smkuxul ku pkkla bgurah dangi ka yaku, tduwa nami seupu musa meuyas uyas ni tmapaq qsiya.","I love meeting new people, we can sing and swim together.","我喜歡交新朋友，我們可以一起唱歌和游泳。","https://web.klokah.tw/text/sound/34721/540470.mp3"
"Laqi ku Seejiq Balay ka yaku.","I am an Seejiq child.","我是賽德克族的小孩。","https://web.klokah.tw/text/sound/34725/540514.mp3"
"Ga nami mniqa Hori.","Our family lives in Hori.","我們家住在埔里。","https://web.klokah.tw/text/sound/34725/540515.mp3"
"Niqan rima hiyi ka tnsapah mu.","There are five people in our family.","我們家共有五個人。","https://web.klokah.tw/text/sound/34725/540516.mp3"
"Niqan tru ka mnswayi nami.","There are three brothers and sisters in our family.","我們有三個兄弟姊妹。","https://web.klokah.tw/text/sound/34725/540517.mp3"
"Gisu ku tuhuy mniq tama, bubu, qbsuran snaw ni qbsuran qrijil.","I live with my father, mother, brother and sister.","我跟爸爸、媽媽、哥哥和姊姊住在一起。","https://web.klokah.tw/text/sound/34725/540518.mp3"
"Bowqax bi ka tama mu, key-sa-cu ka tama mu.","My father is tall and he is a policeman.","我的爸爸很高，我的爸爸是警察。","https://web.klokah.tw/text/sound/34725/540519.mp3"
"Hlawax ka bubu mu, empsapuh ka bubu mu.","My mother is thin and my mom is a doctor.","我的媽媽很瘦，我的媽媽是醫生。","https://web.klokah.tw/text/sound/34725/540520.mp3"
"Mniq sapah o skari kari Seejiq rmngaw mnan ka tama.","My father speaks the ethnic language with us at home.","爸爸在家會和我們說族語。","https://web.klokah.tw/text/sound/34725/540521.mp3"
"Msangay rbagan o ida nami musa alang.","We will all go back to the tribe during the summer vacation.","我們暑假都會回部落。","https://web.klokah.tw/text/sound/34725/540522.mp3"
"Yaku ni qbsuran o tuhuy qmraq qpatur.","My brothers and sisters and I will catch frogs together.","我和兄姊會一起抓青蛙。","https://web.klokah.tw/text/sound/34725/540523.mp3"
"Kuxul mu bi ka tnsapah mu.","I like our family very much.","我很喜歡我們家的人。","https://web.klokah.tw/text/sound/34725/540524.mp3"
"Tuhuy ku bubu mu musa rmigaw.","I went out with my mother today.","今天我和媽媽出去玩。","https://web.klokah.tw/text/sound/34729/540572.mp3"
"Mgkarac bi ka karac baraw, ini kskuy ni ini ktalux uri, ltu ka bgihur.","The sky is blue during the day, the weather is neither cold nor hot, and the wind is cool.","白天的天空很藍，天氣不冷也不熱，風很涼爽。","https://web.klokah.tw/text/sound/34729/540573.mp3"
"Tluung nami babaw sspriq mkan meyn-paw, smbu qbubur ka rdax hidaw, muxul balay.","We ate bread on the grass, the sun was shining on us, and it was very warm.","我們在草地上吃著麵包，陽光灑在身上，非常溫暖。","https://web.klokah.tw/text/sound/34729/540574.mp3"
"Babaw ska hidaw do, maa embanah ka karac da.","In the afternoon, the sky turned red.","下午，天空變紅了。","https://web.klokah.tw/text/sound/34729/540575.mp3"
"Smiling ku bubu mu, ma embanah ka karac baraw hug?","I asked my mother why the sky is red.","我問媽媽，為甚麼天空是紅色的?","https://web.klokah.tw/text/sound/34729/540576.mp3"
"Yabi meiyah ka bgihur paru da, msa ka bubu.","Mom said, maybe the typhoon is coming.","媽媽說，可能是颱風要來了。","https://web.klokah.tw/text/sound/34729/540577.mp3"
"Keeman ungac rulung ka karac baraw, smriyu ka ppngrah da.","There were no clouds in the sky at night, and the stars came out.","晚上天上沒有雲，星星出來了。","https://web.klokah.tw/text/sound/34729/540578.mp3"
"Mmowsa nami sapah uri da.","We were going home too.","我們也要回家了。","https://web.klokah.tw/text/sound/34729/540579.mp3"
"Mniq ku kska elug seusa sapah, smulu ku ppngrah.","On the way home, I made a wish with the stars,","在回家的路上，我跟星星許願。","https://web.klokah.tw/text/sound/34729/540580.mp3"
"Tay saw uxay meiyah ka bgihur paru, mkmusa ku bi rmigaw nganguc na.","I hope the typhoon doesn't come, I still want to go out to play again.","希望颱風不要來，我還想再出去玩。","https://web.klokah.tw/text/sound/34729/540581.mp3"
"Gaga siyaw sapah nami ka sapah pyasan mu, mksa ku musa sapah pyasan kdjiyax, mksa ku meiyah sapah uri.","My school is next to our house, I walk to school every day, and I also walk home.","我的學校在我們家旁邊，我天天走路去學校，也走路回家。","https://web.klokah.tw/text/sound/34733/540628.mp3"
"Uxay ka paru ka sapah pyasan nami, ini khbaraw ka empeuyas patas mttkla nami kana.","Our school is not big, there are not many students, everyone knows each other.","我們學校不大，沒有很多學生，大家互相認識。","https://web.klokah.tw/text/sound/34733/540629.mp3"
"Mssli tlaman kana ka lqlaqi, tuhuy hmrapas boru, tuhuy pprngaw kari.","All the children will gather in the playground, play ball and chat together.","所有小朋友會聚在操場，一起玩球、一起聊天。","https://web.klokah.tw/text/sound/34733/540630.mp3"
"Ida tuhuy mnan mhrapas uri ka emptgsa, saw bi kingal tnsapah ka sapah pyasan.","The teachers also play with us, the school is one big family.","老師們也會和我們一起玩，學校是個大家庭。","https://web.klokah.tw/text/sound/34733/540631.mp3"
"Smsik nami kdjiyax ka yami, asi ka bliqun smsik ka pyasan nami.","We have to clean every day, and everyone has to clean the classroom.","我們每天都要打掃，大家要把教室打掃乾淨。","https://web.klokah.tw/text/sound/34733/540632.mp3"
"Duma seejiq o musa smrus gagi bling, duma seejiq o musa smsik dxgal.","Some people clean the windows, some sweep the floor.","有些人去擦窗戶，有些人去掃地。","https://web.klokah.tw/text/sound/34733/540633.mp3"
"Ssikun nami kana ka kkmuhing sapah pyasan, mseasug ni mddayaw nami, ida bgurah bi kdjiyax ka sapah pyasan.","We will also clean every corner of the school. Everyone works together, and the school is very clean every day.","我們還會打掃學校的各個角落，大家分工合作，學校每天都很乾淨。","https://web.klokah.tw/text/sound/34733/540634.mp3"
"Shiga Mnusa ku alang qmita tama rudan.","Yesterday, I went to visit my grandpa in the tribe.","昨天，我去部落拜訪爺爺。","https://web.klokah.tw/text/sound/34737/540677.mp3"
"Bsiyaq nami ini tqita da, lnglungun mu bi ka hiya.","We haven’t seen each other for a long time and I miss him a lot.","我們很久沒有見面了，我很想念他。","https://web.klokah.tw/text/sound/34737/540678.mp3"
"Qmita bi knan ka tama rudan do, qlalun ku na sikwa, pmahun ku na ocya.","As soon as grandpa saw me, he invited me to eat watermelon and drink tea.","爺爺一看到我，就請我吃西瓜，請我喝茶。","https://web.klokah.tw/text/sound/34737/540679.mp3"
"Shiya bi ka hnuma sikwa tama rudan, malu bi uqun.","The watermelon grown by grandpa is very sweet and really delicious.","爺爺種的西瓜很甜，真的很好吃。","https://web.klokah.tw/text/sound/34737/540680.mp3"
"Kuxul mu bi ka ocya tama rudan uri, malu bi mahun uri.","I also like grandpa’s tea, it’s tasted good too.","我也喜歡爺爺的茶，也很好喝。","https://web.klokah.tw/text/sound/34737/540681.mp3"
"Ska hidaw do yaku ni bubu rudan o seupu nami hmapuy uqun ska hidaw.","At noon, I cooked lunch with my grandma.","中午的時候，我和奶奶一起煮午餐。","https://web.klokah.tw/text/sound/34737/540682.mp3"
"Hnapuy egu bi uqun ska hidaw ka bubu rudan, niqan qsurux, niqan rudux, niqan baun, niqan ka pngusul uri.","Grandma cooked a big lunch, including fish, chicken, pumpkin, and snails.","奶奶煮了很豐盛的午餐，有魚、有雞、有南瓜、還有蝸牛。","https://web.klokah.tw/text/sound/34737/540683.mp3"
"Mnkan nami uqun ska hidaw do, musa nami mabal sama smaan.","After lunch, we went to the vegetable garden to pick vegetables.","吃完午餐後，我們去菜園摘菜。","https://web.klokah.tw/text/sound/34737/540684.mp3"
"Mangal egu bi bunga, sari ni qusul sbgay na knan ka bubu rudan, pdsun na knan musa sapah.","Grandma brought me a lot of sweet potatoes, taro and buckwheat, and asked me to take them home.","奶奶拿了很多地瓜、芋頭和蕗蕎給我，要我帶回家。","https://web.klokah.tw/text/sound/34737/540685.mp3"
"Mswayay ku dhyaan ni rngagan mu, “yahun namu qmita babaw duri.”","I said goodbye to them and said I’d see them next time.","我跟他們道別，說下次再去看他們。","https://web.klokah.tw/text/sound/34737/540686.mp3"
"Jiyax sayang madas mnan musa qlangan ssamac ka emptgsa, msbkug nami rhngun marig kipu.","Today the teacher took us to the zoo, and we lined up at the gate to buy tickets.","今天老師帶我們去動物園，我們在門口排隊買票。","https://web.klokah.tw/text/sound/34741/540746.mp3"
"Mtmay nami qnalang ssamac do, rmngaw ka emptgsa, “brah o dqduda, bukuy o dquyu, usa nanaq qmita.”","After entering the zoo, the teacher said, "There are birds in the front and snakes in the back, so you can visit them yourself."","進入動物園後，老師說:「前面是鳥類，後面是蛇類，大家自己參觀。」","https://web.klokah.tw/text/sound/34741/540747.mp3"
"Ksugun mu bi ka quyu, uxay ku musa qmita quyu ka yaku.","I'm afraid of snakes, so I don't look at snakes.","我會怕蛇，所以我不看蛇類。","https://web.klokah.tw/text/sound/34741/540748.mp3"
"Egu bi ka qduda gaga skkaya babaw pusu qhuni.","I saw a lot of birds flying around in the trees and saw owls sleeping in tree hollows.","我看到了很多鳥，他們在樹上飛來飛去。","https://web.klokah.tw/text/sound/34741/540749.mp3"
"Ruwan qnalang ssamac ga, niqan dapa wiwil muhing, dmai ni rklic, ini mu bi qtai na ka ssamac nii, mqaras ku balay qtaan mu sayang da.","There are elephants, horses and tigers in the zoo. I have never seen these animals before. I was really happy to see them today.","動物園裡有大象、馬和老虎，我從前沒有看過這些動物，今天看到了真的很開心。","https://web.klokah.tw/text/sound/34741/540750.mp3"
"Egu bi ka pnsingan mu sasing, saun mu pqita tama mu ni bubu mu.","I took a lot of pictures and showed them to my parents.","我拍了很多照片，給爸爸媽媽看。","https://web.klokah.tw/text/sound/34741/540751.mp3"
"Babaw do tuhuy ku tama ni bubu miyah ku duri.","Next time I will come with my parents.","下次要跟爸爸媽媽一起來。","https://web.klokah.tw/text/sound/34741/540752.mp3"
"Jiyax sngayan nii ga, yaku ni qbsuran qrijil musa nami Taytung qmita swayi snaw tama.","This holiday, my sister and I went to Taitung to visit my uncle.","這個假日，我和姊姊去台東拜訪叔叔。","https://web.klokah.tw/text/sound/34745/540794.mp3"
"Kndadax nami Taypey teapa rulu qrngul musa Taytung.","We took the train from Taipei to Taitung.","我們從台北搭火車去臺東。","https://web.klokah.tw/text/sound/34745/540795.mp3"
"Dhuq nami Taytung do pgriq rulu miyah smtrung mnan ka swayi snaw tama.","When we arrived in Taitung, my uncle drove to the station to pick us up.","到了台東，叔叔開車來接我們。","https://web.klokah.tw/text/sound/34745/540796.mp3"
"Sapah swayi snaw tama sdalih tgaan rulu, mgriq rulu o ini biyaw dhuq.","The station is not far from my uncle's house, and it's just a short drive away.","車站離叔叔家很近，開車一下子就到了。","https://web.klokah.tw/text/sound/34745/540797.mp3"
"Kiyig sapah swayi snaw tama o niqan llabang bi qnalang tbugan, seupu nami teapa ddeynsya musa tbugan.","There is a big ranch near my uncle's house, and we rode bicycles to the ranch together.","叔叔家附近有個很大的牧場，我們一起騎腳踏車到牧場。","https://web.klokah.tw/text/sound/34745/540798.mp3"
"Mniq nami ruwan qnalang tbugan hini, madas mnan musa tmabug miric ni teapa dmai ka swayi snaw tama.","In the ranch, my uncle took us to feed the sheep and ride horses.","在牧場，叔叔帶我們餵羊和騎馬。","https://web.klokah.tw/text/sound/34745/540799.mp3"
"Keeman do seupu nami musa mkan nhapuy sapah uqan.","In the evening, we went to the city to have dinner together.","晚上，我們一起去餐廳吃飯。","https://web.klokah.tw/text/sound/34745/540800.mp3"
"Ida egu bi rulu ka s-cyu, kiya ni teapa nami utubay musa hiya.","There are a lot of cars in the city, so we go there by motorcycle.","市區車子很多，所以我們騎摩托車去那裡。","https://web.klokah.tw/text/sound/34745/540801.mp3"
"Mmiyah nami sapah siida, wada guyun da utubay, kiya ni teapa nami basu meiyah sapah da.","When we were about to leave, we found that the motorcycle had been stolen, so we had to leave by bus.","我們要的時返家時，摩托車被偷了，我們只好搭公車回家。","https://web.klokah.tw/text/sound/34745/540802.mp3"
"Sayang do gaga nami dhuq Taypey da, ya wada slayun ka utubay swayi snaw tama dhug?","Now that we are back in Taipei, I don't know if my uncle's motorcycle has been found.","現在我們回到台北了，不知道叔叔的摩托車找到了沒有。","https://web.klokah.tw/text/sound/34745/540803.mp3"
"Slaqi ku siida mniq nami Holi, meuyas patas do thjil Taycung da, bitaq sayang gisu nami mniq alang paru na.","When we were young, our family lived in Puli. After I started school, we moved to Taichung and have been living in the city ever since.","小時候我們家住在埔里，上學以後，就搬到了台中，一直在都市裡生活。","https://web.klokah.tw/text/sound/34749/540857.mp3"
"Meuyas ku pyasan paru do, mnegaaw ku kingal quri knkla kndusan seejiq tnpusu slhayan, klaan saw seejiq tnpusu Taywan ga niqan egu kleegan ka knkla kndusan.","After I went to college, I took a course on aboriginal culture and learned that the aboriginal people in Taiwan have various and rich cultures.","上了大學以後，我修了一堂關於原住民文化的課程，瞭解到臺灣原住民族有各式各樣豐富的文化。","https://web.klokah.tw/text/sound/34749/540858.mp3"
"Kiya ni, sngayan rbagan nii do, yaku ni qbsuran snaw ga musa nami alang smiling rudan, mkmkla quri kndusan mnan nanaq.","So this summer, my brother and I went back to our tribe to visit the elderly, hoping to understand the culture of our own ethnic group.","因此，今年暑假時，我和哥哥回到部落訪問老人家，想要瞭解自己族群的文化。","https://web.klokah.tw/text/sound/34749/540859.mp3"
"Kingal wada mspac kmxalan hngkwasan na rudan, ida mbiyax bi qtaan na.","The old man is already eighty years old, but he still looks like a middle-aged man.","老人家已經八十歲了，但是看起來還像中年人。","https://web.klokah.tw/text/sound/34749/540860.mp3"
"Smiling ku hyaan, piya ka klaun su rmngaw kari hug? Ida mkla bi rmngaw kari Seejiq, mkla rmngaw kari Tayal, kari Tanah Tunux uri ka hiya.","I asked him which languages he knew, and he was fluent in Seejiq, as well as Atayal and Japanese.","我問他會哪些語言，他的賽德克語說得很流利，也會說泰雅語與日本話。","https://web.klokah.tw/text/sound/34749/540861.mp3"
"Kla kndadax slaqi siida, smnluhay kari Tanah Tunux, Tayal ka qrijil na, qpqhan na hiya o hbaraw bi ka klaan na seejiq Khilang, kiya ni egu bi ka klaan na rmngaw kari.","I asked him to find out that he learned Japanese when he was a child, his wife is an Atayal, and he knows many Hakkas at work, so he can speak so many languages.","我問他才知道，原來他小時候就學日本話，太太是泰雅族人，而他工作上認識許多客家人，所以他會說這麼多語言。","https://web.klokah.tw/text/sound/34749/540862.mp3"
"Smiling nami siida, smnru egu bi quri knklaan rdrudan sbiyaw ka rudan nii.","During our interview, the old man talked about a lot of traditional knowledge about hunting.","我們訪談的時候，老人家談論了許多關於狩獵的傳統知識。","https://web.klokah.tw/text/sound/34749/540863.mp3"
"Ana nanaq ini lxani mkla qmbahang o, ida nami wada sru-ing ruwan qnawal baga, tduwa saun qmbahang duri.","Although we could’t fully understand it, we could record it on our cell phones and listen to it more.","雖然我們沒有辦法完全聽懂，但是我們有用手機錄影，可以再仔細聆聽。","https://web.klokah.tw/text/sound/34749/540864.mp3"
"Slaqi ku siida, ini ku kla kndusan rudan sbiyaw, sqaun mu saw pneiyah ku seejiq tnpusu ka yaku.","When I was young, I didn’t understand the culture of my ethnic group, and I was a little embarrassed that I was an aborigine.","小時候我不瞭解自己族群的文化，對於自己是原住民有點不好意思。","https://web.klokah.tw/text/sound/34749/540865.mp3"
"Egu ka klaun do pqniqan nanaq lnglungan da, mqaras ku balay, yasa Seejiq ku Balay ka yaku.","The more I know, the more I feel that being a Seejiq is unique and something to be proud of.","瞭解愈多以後，愈覺得自己身為賽德克族，是很獨特的，也很值得驕傲。","https://web.klokah.tw/text/sound/34749/540866.mp3"
"Meiyah sapah gbiyan kiya da swayi snaw.","My younger brother is going home this evening.","今天傍晚，弟弟就要回家了。","https://web.klokah.tw/text/sound/34753/540927.mp3"
"Yaku ni bubu rudan o musa nami marig hiyi rudux brigan damac, sramal swayi snaw mhapuy uqun keeman.","My grandma and I went to the market to buy chickens and prepared a delicious dinner for my younger brother.","我和奶奶去市場買雞，準備煮好吃的晚餐給弟弟。","https://web.klokah.tw/text/sound/34753/540928.mp3"
"Mnuda nami bbrigan sama, niqan egu bi klgan sama ka bbrigan sama hiya.","We passed the vegetable stand, which had a lot of fresh green vegetables.","我們經過了菜攤，那裏有好多新鮮的青菜。","https://web.klokah.tw/text/sound/34753/540929.mp3"
"Bnarig nami eyncay, lmbay ni ningjing.","We bought water spinach, yams and carrots.","我們買了空心菜、山藥和胡蘿蔔。","https://web.klokah.tw/text/sound/34753/540930.mp3"
"Rmngaw ka gaga mniq siyaw bbrigan hiyi qhuni embbarig, “Shiya bi uqun ka kalac mu ni qlupas mu, brigi cikuh hug!” msa.","The owner of the nearby fruit stand said: “My pineapples and peaches are very sweet. Buy some!”","在旁邊水果攤的老闆說:「我的鳳梨和桃子很甜。買一些吧!」","https://web.klokah.tw/text/sound/34753/540931.mp3"
"Bnarig nami kalac ni qlupas.","We bought pineapples and peaches.","我們買了鳳梨和桃子。","https://web.klokah.tw/text/sound/34753/540932.mp3"
"Muda nami bbrigan hiyi rudux siida, rmngaw ka embbarig, “Marig su manu hug? Paru ni msiyang ka hiyi rudux nii, kingal o tru kbkuy brigan.” msa.","We passed the meat stall, and the boss said, “What do you want to buy? Today’s chickens are big and fat, and one is 300 NTD.”","我們經過了肉攤，老闆說:「你要買什麼?今天的雞又大又肥，一隻300元。」","https://web.klokah.tw/text/sound/34753/540933.mp3"
"Sihan mkray bi brigan bubu rudan, kiya ni smiling embbarig, “Ya tduwa mhnuk hari brigan hug?”","Grandma thought it was too expensive and asked the boss if it could be cheaper.","奶奶覺得太貴了，問老闆:「可不可以便宜一點？」","https://web.klokah.tw/text/sound/34753/540934.mp3"
"Kiya ka kiya ni embbarig o suqi mhnuk da! msa rmngaw ka embbarig, uxay tduwa blihun da.","But the boss said that it is already very cheap and cannot be reduced any further.","但老闆說已經很便宜，不能再減了。","https://web.klokah.tw/text/sound/34753/540935.mp3"
"Siyaw na embbarig o, “Aguh marig qsurux mu, paru ni mhnuk brigan ka qsurux mu.” msa.","The boss next door said, come and buy my fish, my fish is big and cheap.","隔壁的老闆說，來買我的魚，我的魚又大又便宜。","https://web.klokah.tw/text/sound/34753/540936.mp3"
"Hici do bnarig nami hiyi rudux ni hiyi qsurux, musa nami sapah do egu ka hnapuy nami damac.","In the end we bought chicken and fish, and went home to cook a table of food.","最後我們買了雞也買了魚，回家煮了一桌子的菜。","https://web.klokah.tw/text/sound/34753/540937.mp3"
"Bsiyaq ka tnaga do, mkuung ka karac da.","After waiting for a long time, it was already dark.","等了好久，天已經黑了。","https://web.klokah.tw/text/sound/34753/540938.mp3"
"Miyah ka qnawal swayi snaw rmngaw, “ini tduwa msangay ka hey-tay, asi ka babaw jiyax sngayan do kika miyah ku da.” msa.","The younger brother called back and said that the army suddenly couldn’t take a vacation and would not be back until the next Sunday.","弟弟打電話回來說，軍隊突然不能放假了，要下一個禮拜日才回來。","https://web.klokah.tw/text/sound/34753/540939.mp3"
"Rmngaw ka bubu rudan, “Egu balay ka hnapuy damac, lwani kana ka dhiya, aguh mkan” ksa.","Grandma said that she has cooked so much, so let’s eat together!","奶奶說:「已經煮了這麼多，叫大家一起來吃吧!」","https://web.klokah.tw/text/sound/34753/540940.mp3"
"Lwanun nami ka lupung ni dangi, aguh seupu mkan egu nhapuy keeman.","We invited friends and family to have a great dinner together.","我們邀請了親朋好友，一起來享用豐盛的晚餐。","https://web.klokah.tw/text/sound/34753/540941.mp3"
"Niqan kingal ka tnhiyan mu muyas patas, Basaw ka hangan na, ida smhungi madas qyqaya kjiyax.","I have a classmate named Basaw, he often forgets to bring things.","我有一個同學叫Basaw，他常常忘記帶東西。","https://web.klokah.tw/text/sound/34757/540998.mp3"
"Smluhay siida, kmbarux ppatas, ssrus uxay uri o klabuy spatas gnexalan ka hiya.","During class, he borrowed pencils, erasers or notebooks from his classmates.","上課的時候，他跟同學借鉛筆、橡皮擦或是筆記本。","https://web.klokah.tw/text/sound/34757/540999.mp3"
"Enkingal, endha, entru, srwaun dha kmbarux qyqaya ka hiya.","Once, twice, three times, everyone would lend him something.","一次、兩次、三次，大家會借東西給他。","https://web.klokah.tw/text/sound/34757/541000.mp3"
"Kiya ka kiya ni mluhay kmbarux do ini na bqani ka knbrxan na da.","But he has a bad habit of often borrowing things but not returning them.","但是他有個壞習慣，經常借了東西卻不還。","https://web.klokah.tw/text/sound/34757/541001.mp3"
"Hici do ini nami srwai kmbarux qyqaya da.","In the end, no one wanted to borrow anything from him.","最後大家都不想借他東西了。","https://web.klokah.tw/text/sound/34757/541002.mp3"
"Niqan kingal jiyax, seupu nami musa mkksa nganguc.","One day, we all went on an outing together.","有一天，我們大家一起去郊遊。","https://web.klokah.tw/text/sound/34757/541003.mp3"
"Mkksa ni mkmusa saan psnganguc ka Basaw, ida ini adas klabuy ssrus ka hiya.","On the way, Basaw wanted to go to the bathroom, but he forgot to bring toilet paper.","路途中，Basaw想上廁所，但他忘記帶衛生紙。","https://web.klokah.tw/text/sound/34757/541004.mp3"
"Kiya ni kmbarux klabuy ssrus gnexalan ka hiya, ida smiyuk rmngaw hyaan ini ku adas uri msa.","He borrowed toilet paper from his classmates, but everyone told him that I didn’t bring them either.","他跟同學借衛生紙，可是大家都回他說，我也沒有帶耶。","https://web.klokah.tw/text/sound/34757/541005.mp3"
"Basaw o tbiyax mlingis da, msaang rmngaw ni, “Ma namu ini sruwa kmbarux klabuy ssrus knan kana!”","Basaw burst into tears. He said angrily, why don’t everyone lend me toilet paper!","Basaw急的哭了出來。他生氣的說:「為什麼大家都不借我衛生紙!!」","https://web.klokah.tw/text/sound/34757/541006.mp3"
"Rmngaw hyaan ka gnexalan, yasa ini su nanaq adas ni kbrxun su o ini su bqani da!","The classmate told him, because you didn’t bring it yourself, and you wouldn’t return the things lent to you!","同學告訴他，因為你都不自己帶，而且借給你的東西，你都不會還!","https://web.klokah.tw/text/sound/34757/541007.mp3"
"Kusun do, mgrbu bi miyah sapah pyasan ka Basaw, bqanan na gnexalan kana ka knbrxan na qyqaya.","The next day at school, Basaw arrived at school early and returned everything he had borrowed from his classmates.","隔天上學，Basaw很早就到學校了，把跟同Basaw學借的東西都還給同學們。","https://web.klokah.tw/text/sound/34757/541008.mp3"
"Msiqa ni rmngaw gnexalan na ka Basaw, kiya ni rmngaw, “peadas ku nanaq qyqaya babaw da, mhuway namu balay knbarux qyqaya knan.”","Basaw aw apologized to the students and said that he would definitely bring his own things in the future, and thanked the classmates for their willingness to lend him things before.","Basaw向同學們道歉，並說:「他以後一定會自己帶東西，也謝謝同學們之前願意借他東西。」","https://web.klokah.tw/text/sound/34757/541009.mp3"
"Emptsamac alang ka tama mu.","My dad is a hunter of the tribe.","我的爸爸是部落的獵人。","https://web.klokah.tw/text/sound/34761/541081.mp3"
"Slaqi ku siida, tama ni swayi snaw tama ga keeman do madas pucing ni puniq wada lmiqu.","When I was little, my dad and uncle would go out at night with hunting knives and guns.","我小的時候，爸爸和叔叔會在晚上出門，帶著獵刀和獵槍。","https://web.klokah.tw/text/sound/34761/541082.mp3"
"Mrdax ka karac do madas nangal dha samac miyah da.","At daybreak, they returned with their prey.","天亮時，他們就會帶著獵到的獵物回來。","https://web.klokah.tw/text/sound/34761/541083.mp3"
"Mnsuwil madas bowyak, mnsuwil madas rapic, mnsuwil niqan ka glaqung uri.","Sometimes it was a boar, sometimes a flying squirrel, and occasionally a pheasant.","有時候是山豬、有時候是飛鼠，偶爾也會有雉雞。","https://web.klokah.tw/text/sound/34761/541084.mp3"
"Qhduun dha measug rhngun nganguc han, kika seasug seejiq tnealang da.","They would divide the prey at the entrance of the village and share it with the tribe.","他們會在村口將獵物分好，分享給族人。","https://web.klokah.tw/text/sound/34761/541085.mp3"
"Rngagun mu kjiyax ka tama, mkmusa ku snegul tama musa tmsamac.","Every time I quarreled with my father, I wanted to go hunting with my father.","我每次都會吵著爸爸，要跟著爸爸去打獵。","https://web.klokah.tw/text/sound/34761/541086.mp3"
"“Paru su do dsun misu lmiqu da.” msa ka tama.","Dad said that he would take me with me when I grew up.","爸爸說:「等我長大了他再帶我一起去。」","https://web.klokah.tw/text/sound/34761/541087.mp3"
"Ida mduuy durang qmraq ssamac uri ka dsnaw alang, mkla smalu durang ni dangar ka dhiya.","The men of the tribe also trap their prey, making lasso traps and rock traps.","部落的男人也會用陷阱抓獵物，他們會製作套索陷阱和石壓式陷阱。","https://web.klokah.tw/text/sound/34761/541088.mp3"
"Ida mkla bi smalu durang ka tama mu, “Sqraq glaqung ka nii, bliqun nami kmuruy ka daping qaqay ssamac, bsaun elug daun ssamac ka durang.” msa ka tama.","My dad is very good at making lasso traps. Dad said that this is used to catch pheasants. We have to carefully observe the footprints of the prey, and the traps should be placed on the path of the prey.","我的爸爸很會製作套索陷阱，爸爸說，這是用來捕抓雉雞的，我們要仔細觀察獵物的腳印，陷阱要放在獵物走的路上。","https://web.klokah.tw/text/sound/34761/541089.mp3"
"Iyux bi knhari seupu drudan musa tmsamac, kiya ni sluhay ku smalu durang kdjiyax, ini biyaw tduwan qmraq samac ka durang mu da.","In order to go hunting with adults as soon as possible, I practiced making traps every day, and soon my traps can really catch prey.","為了可以趕快和大人一起去打獵，我每天練習製作陷阱，很快地我的陷阱就真的可以抓到獵物了。","https://web.klokah.tw/text/sound/34761/541090.mp3"
"Qmita ka tama do rmngaw knan, “isu ka musa mkla bi tmsamac hici da” msa.","Dad saw it and told me that I will be a very good hunter in the future.","爸爸看到後對我說我以後一定很會打獵。","https://web.klokah.tw/text/sound/34761/541091.mp3"
"Sayang do paru ku da, meapa ku bhniq ni buji mu, sneegul ku tama musa tmsamac.","Now that I have grown up, I carry my bow and arrows and go hunting with my father.","現在我長大了，我背起我的弓和箭矢，跟著爸爸一起去打獵。","https://web.klokah.tw/text/sound/34761/541092.mp3"
"Dhuq alang do seasug mu seejiq tnealang ka nangal mu ssamac.","When returning to the village, share the hunted prey with the tribe.","回村時將獵到的獵物和族人們分享。","https://web.klokah.tw/text/sound/34761/541093.mp3"
"“Ida gnealu utux rudan ka nii, seangal ta na egu bi ssamac.” msa ka tama.","Dad said, we want to thank the ancestors for their blessings, so that we have a lot of prey to harvest.","爸爸說，我們要感謝祖靈賜福，讓我們有很多獵物收穫。","https://web.klokah.tw/text/sound/34761/541094.mp3"
"Msuqi ku musa sapah pyasan ka mrbu da.","I was late for school this morning.","我早上上學遲到了。","https://web.klokah.tw/text/sound/64143/901294.mp3"
"Shungi ku madas lubuy patas ka musa sapah pyasan da.","When I was going to school, I forgot to bring my backpack.","去學校的時候，我忘了帶書包。","https://web.klokah.tw/text/sound/64143/901295.mp3"
"Ini ku adas ana manu.","I didn't bring anything with me.","我什麼東西都沒有帶。","https://web.klokah.tw/text/sound/64143/901296.mp3"
"Meuyas patas siida, mseupu nami qmita patas ka thiyan mu muyas patas.","During class, I and my classmates read the textbook together.","上課的時候，我和同學一起看課本。","https://web.klokah.tw/text/sound/64143/901297.mp3"
"Pnspungan siida, kbxan ku na ppatas ni ssrus ka thiyan mu muyas patas.","During the exam, a classmate lent me a pen and an eraser.","考試的時候，同學借我筆和橡皮擦。","https://web.klokah.tw/text/sound/64143/901298.mp3"
"Rngagan ku na ka emptgsa, “nhari tutuy ka babaw na da, iya hari msuqi da!”","The teacher told me, "Wake up earlier next time and don't be late again!"","老師跟我說：「下次早點起床，不要再遲到了!」","https://web.klokah.tw/text/sound/64143/901299.mp3"
"Dangi mu ka Tusan, laqi seejiq balay ka hiya uri.","My good friend’s name is Tusan, and he is also an Seejiq child.","我的好朋友叫Tusan，他也是賽德克族的小孩。","https://web.klokah.tw/text/sound/64147/901343.mp3"
"Mseupu nami muyas patas alang Truku.","We study together in the Truku tribe.","我們一起在德鹿谷部落讀書。","https://web.klokah.tw/text/sound/64147/901344.mp3"
"Qbahang nami snruan kari ka rudan sbiyaw kdjiyax, mkla nami balay rmngaw kari seejiq balay.","We often listen to the elders telling stories together, and we both can speak the seejiq proficiently.","我們常常一起聽耆老說故事，我們都很會說賽德克語。","https://web.klokah.tw/text/sound/64147/901345.mp3"
"Bowqax ni qthur ka yaku, llbu ni mliwang ka Tusan.","I am tall and overweight, while Tusan is short and thin.","我很高也很胖，Tusan很矮也很瘦。","https://web.klokah.tw/text/sound/64147/901346.mp3"
"Niqan bi bbiyax ka Tusan, smkuxul hiya kana ka seejiq.","Tusan is very energetic, and everyone likes him a lot.","Tusan很有活力，大家都很喜歡他。","https://web.klokah.tw/text/sound/64147/901347.mp3"
"Yun-tung-kay sapah pyasan ka sayang, mowda egu bi pspung ka sapah pyasan.","Today was the school's sports day, and the school organized many competitions.","今天是學校的運動會，學校舉辦了許多競賽。","https://web.klokah.tw/text/sound/64151/901379.mp3"
"NIqan brbil wasil, boru qqahan, tmalang, rmgrig ni smbu buji.","There were tug of war, soccer, running, dancing, and archery.","有拔河、足球、跑步、跳舞和射箭。","https://web.klokah.tw/text/sound/64151/901380.mp3"
"Pspung ku tmalang ka yaku.","I participated in the running competition.","我比賽跑步。","https://web.klokah.tw/text/sound/64151/901381.mp3"
"Tmalang ku siida o, mtakur ku da msdara egu bi ka pungu qaqay mu.","When I was running, I fell down, and my knees were bleeding.","當我跑步的時候，我跌倒了，膝蓋流了很多血。","https://web.klokah.tw/text/sound/64151/901382.mp3"
"Ida ku tutuy, tmalang ku musa brah duri.","But I stood up and continued running forward.","但我站起來，繼續向前跑。","https://web.klokah.tw/text/sound/64151/901383.mp3"
"Dhuq ku siida mqaras bi kana ka dhiya.","Everyone was happy when I reached the finish line.","我到終點時所有人都很開心。","https://web.klokah.tw/text/sound/64151/901384.mp3"
"Ana ku ini angal kaci, ida ku mqaras bi, yasa wada ku mnhdu pspung da.","Although I didn't get first place, I'm glad because I completed the race.","雖然沒有獲得第一名，但我很高興，因為我完成了比賽。","https://web.klokah.tw/text/sound/64151/901385.mp3"
"Shiga, Mnusa nami qmita swayi snaw Tama mu ka dha nami Tama mu.","Yesterday, my father and I visited my uncle.","昨天我和爸爸去拜訪我的叔叔。","https://web.klokah.tw/text/sound/64155/901429.mp3"
"Gaga mangal luqih ka qaqay swayi snaw Tama mu.","My uncle injured his foot.","叔叔的腳受傷了。","https://web.klokah.tw/text/sound/64155/901430.mp3"
"Rmngaw yami ka hiya, gaga mbling ka babaw dnamux.","He told us that there was a hole in the roof of his house.","他告訴我們，房子的屋頂破了一個洞。","https://web.klokah.tw/text/sound/64155/901431.mp3"
"Smalu dnamux siida ka hiya o, dburuq knnadax dnamux da.","He fell off the roof while repairing it.","他在修理屋頂時，從屋頂摔下來了。","https://web.klokah.tw/text/sound/64155/901432.mp3"
"Madas wawa dapa ni pinglang ka Tama mu, bqana na swayi na snaw.","My father brought beef and betel nuts for my uncle.","爸爸帶了牛肉和檳榔給叔叔。","https://web.klokah.tw/text/sound/64155/901433.mp3"
"Pprngaw nami tqiyan ka dha nami swayi snaw Tama mu, egubi ka snluan kari niya.","My uncle and I chatted in the room, and he shared many stories.","我和叔叔在房間裡聊天，他分享了很多故事。","https://web.klokah.tw/text/sound/64155/901434.mp3"
"Mmusa ku siida, rngagan ku na masu wada mdakil bi hnigan ni mseejiq bi ka swayi snaw Tama mu.","Before I left, my uncle praised me for growing taller and becoming more handsome.","我要離開前，叔叔誇我長高了，也變得更帥氣了。","https://web.klokah.tw/text/sound/64155/901435.mp3"
"Smiyuk ku rnngaw, “tay malu ka qaqay su da o, iyax bi mseupu tuhuy sapah.”","I said, "When your foot gets better, come to our house next time and visit us."","我說：「等叔叔腳好了，下次也來我們家玩。」","https://web.klokah.tw/text/sound/64155/901436.mp3"
"Hngkawas empusal kbkuy empusal dha siida, mneuda pprngaw ka klwaan tduwa burux powsa hangan kari ta nanaq ka patas hnyigan Seejiq Tnpusu.","In 2022, the government announced that indigenous identification cards can include tribal names separately.","在2022年，政府召開了原住民身分證可單列族名的會議。","https://web.klokah.tw/text/sound/64159/901481.mp3"
"Smniling ku risaw alang Walis Huwac, hiya o bsiyaq balay mquri klwaan embiyax meysa patas hnyigan “ burux powsa hangan kari ta nanaq.","I interviewed Walis Huwac, a young tribal member who has long been advocating for the inclusion of tribal names on identification cards.","我訪問了長期向政府爭取身分證「單列族名」的部落青年Walis Huwac。","https://web.klokah.tw/text/sound/64159/901482.mp3"
"Mnhdu nami pprngaw , jiyax sngayan nii musa sapah na smiling hyaan.","We had arranged to visit his home this holiday for the interview.","我和他約定好這個假日到他家訪問他。","https://web.klokah.tw/text/sound/64159/901483.mp3"
"Saw mniq sniling siida, pgkla knan pnyahan hangan na, dsun ku na pgkla kingal ruwan sapah na ni alang na uri.","During the interview, he introduced to me the origin of his name and also introduced me to his family and tribe.","在訪問的過程中，他向我介紹了他的名字的由來，也帶我認識了他的家人、他的部落。","https://web.klokah.tw/text/sound/64159/901484.mp3"
"Smiling ku hyaan, hmuya ma su ida mkray lnglungan priyux hangan, uda powsa patas seuxal o naqih kiya hug?","I asked him why he insisted on changing his name. Wasn’t the old registration method sufficient?","我問他為什麼堅持要改名，舊的登記方式不好嗎?","https://web.klokah.tw/text/sound/64159/901485.mp3"
"Rngagan ku na, yaasa dmuuy kari Tlu o ini sleexan balay pgkla hanagan na, duma seejiq “瓦先生” msa mlawa hyaan uri, kiya ni saw bi smhulis.","He told me that using Chinese characters could not accurately convey his name, and others would still call him \"Wa Xian Sheng,\" which resulted in many jokes being made.","他對我說，因為用中文字並不能準確的傳達他的名字，其他人還會叫他「瓦先生」，也因此鬧出不少笑話。","https://web.klokah.tw/text/sound/64159/901486.mp3"
"Rmngaw ka Walis Huwac, “Hangan bnatas kari Seejiq Tnpusu o kika balay bi hangan ta. Hangan mu o ririh saw pgkla klgan seejiq ta, tnsapah ta, hnyigan ta, tay saw emphbaraw balay ka seejiq dhuq hmlay hangan dha nanaq.”","Walis Huwac said, \"The names written in indigenous languages are our true names. My name represents our ethnic group, our family, our identity. I hope more fellow tribespeople can reclaim their own names.\"","Walis Huwac說：「原住民語書寫的名字才是我們真正的名字。我的名字代表了我們的族群、我們的家族、我們的身分，希望能有更多族人找回自己的名字。」","https://web.klokah.tw/text/sound/64159/901487.mp3"
"Shiga o musa sbrigan smbarig ka yaku ni bubu rudan, madas egu bi ssama nhuma na nanaq ka bubu rudan, smmalu uuqun Seejiq Tnpusu uri biqan na ana ima.","Yesterday, I went to the market with my grandmother to set up a stall. My grandmother brought a lot of vegetables that she grew herself and also prepared indigenous cuisine for everyone.","昨天我跟奶奶去市集擺攤，奶奶帶了許多自己種的蔬菜去，也製作了原住民美食給大家。","https://web.klokah.tw/text/sound/64163/901548.mp3"
"Smkuxul bi sbrigan bubu rudan ka kana seejiq, hbaraw bi seejiq marig usik ni bunga, hbaraw bi seejiq miyah mkan nhapuy hnpuyan na.","Everyone loved my grandmother’s stall. Many people bought the chilis and sweet potato, and many people came to taste the dishes she cooked.","大家很喜歡奶奶的攤位，辣椒和地瓜很多人買，許多人來品嘗她煮的菜餚。","https://web.klokah.tw/text/sound/64163/901549.mp3"
"Lmala ni hlama dhquy hnpuyan na o malu balay uqan, niqan muduh hiyi bowyak uri, hmguc hbaraw lupung mniyah ka knux na, miyah tqnay sbrigan nami kana.","The ferns and sticky rice she cooked were delicious, as well as the braised pork with maqaw pepper and wild boar meat. The flavors attracted many customers, and everyone lined up at our stall.","她煮的過貓和糯米飯非常好吃，還有用山豬肉煮的馬告滷肉，味道吸引了很多客人，大家都來我們攤位排隊。","https://web.klokah.tw/text/sound/64163/901550.mp3"
"Mhapuy siida ka bubu rudan, mniq ku siyaw kmeaguh lupung ka yaku, mjiras ku mlawa siyaw, “Hmaan nanaq kana ka ssama, ini rusi sapuh, iyah marig nhari wah!”","While my grandmother was cooking, I was on the side attracting customers. I shouted, \"The vegetables are self-grown, all-natural and organic! Come and buy now!\"","奶奶煮東西的時候，我在旁邊招攬客人。我在一旁大喊著：「蔬菜都是自己種的，天然有機，趕快來買喔!」","https://web.klokah.tw/text/sound/64163/901551.mp3"
"Ini biyaw qduun smbarig kana ka qyqaya nami da, “Nuxay bi jiyagan su” msa ka bubu rudan.","Our goods sold out quickly, and my grandmother said, \"It’s all thanks to your help.\"","我們的東西很快就賣完了，奶奶說：「都是因為有你的幫忙。」","https://web.klokah.tw/text/sound/64163/901552.mp3"
"Euda nii, wada ku smluhay pnegluban quri knkla pnhmaan ni uqun Seejiq Tnpusu, duri ni mkrbuk muda smbarig.","Through this event, I learned about indigenous plants and food and experienced the hard work of running a stall.","這個活動，我學到了有關原住民植物和食品的知識，並且體驗到了擺攤的辛苦。","https://web.klokah.tw/text/sound/64163/901553.mp3"
"Qmita ku bubu rudan smkuxul bi uuqun Seejiq Tnpusu smparu ni mqaras bi lnglungan mu.","Seeing my grandmother’s passion for traditional food, I feel very proud and honored.","看到了奶奶對傳統食物的熱愛，我感到非常驕傲和榮幸。","https://web.klokah.tw/text/sound/64163/901554.mp3"
