"abi kiy abi kiy yabut maku abi kiy abi kiy yabut maku laxiy kngungu abi kiy! laxiy kngungu yabut maku laxiy kngungu yabut maku rasaw misu pinspiyan ni kinbkisan rasaw misu pinspiyan ni kinbkisan","睡吧 睡吧 我的寶貝 睡吧 睡吧 我的寶貝 不要怕 睡吧 不要怕 我的寶貝 不要怕 我的寶貝 讓我帶你到美麗的夢鄉 讓我帶你到美麗的夢鄉","https://web.klokah.tw/text/sound/19232/321516.mp3"
"abi kiy abi kiy yabut maku abi kiy abi kiy yabut maku laxiy kngungu abi kiy! laxiy kngungu yabut maku laxiy kngungu yabut maku rasaw misu betunux na cinbwanan rasaw misu betunux na cinbwanan","睡吧 睡吧 我的寶貝 睡吧 睡吧 我的寶貝 不要怕 睡吧 不要怕 我的寶貝 不要怕 我的寶貝 讓我帶你到美麗的家園 讓我帶你到美麗的家園","https://web.klokah.tw/text/sound/19232/321517.mp3"
"abi kiy abi kiy yabut maku abi kiy abi kiy yabut maku laxiy kngungu abi kiy! laxiy kngungu yabut maku laxiy kngungu yabut maku rasaw misu betunux na pinspyan rasaw misu betunux na pinspyan","睡吧 睡吧 我的寶貝 睡吧 睡吧 我的寶貝 不要怕 睡吧 不要怕 我的寶貝 不要怕 我的寶貝 讓我帶你到美麗的世界 讓我帶你到美麗的世界","https://web.klokah.tw/text/sound/19232/321518.mp3"
"Rimuy yata: ke sparasan uwah msli myugi pslyan, mlahang ru slokah hi. sbiru ki ryax: Losing te qutux byacin cyugal ryax","姓名 Rimuy yata： 事由 ： 邀請參加運動會事宜。 發送日期 署名：Losing 日期：1月3日","https://web.klokah.tw/text/sound/19233/321519.mp3"
"pinlawa hiya ga, nyux ps’ubuy ki pslhaw qsliq ru, mbbiq kkyalan, mkayan knita ki mtzyaw qu zyaw, ana qu bnrwan na msblaq ki matas ta nanaq ga; qutux mhbuyaw msqasuw hngyang ki msbiran na qsliq inlungan, tehuk soni lga, mkrayas kwara qu kinbaqan ru innuruw na zyaw mbiran.","書信，是人際聯絡感情、互通消息、表達意見、洽辦事務、敦睦邦交等之公、私文字；也是一種傳遞音訊、表達情意的應用文書。","https://web.klokah.tw/text/sound/19233/321520.mp3"
"ana kwara msqun mqyanux na ssquliq ga. maki squ twahiq qu msgayan nha ga, baqun nha skahun qmuyut hray knalay ryax misuw ga, maki ppkyalan nha, spiyang balay qu spuwah nha bnrwan qani qu ps’atu qu qsliq ki pinkyalan inlungan nha.","在今天，文明進步、工商發達，人際交往日趨頻繁，當人在彼此分隔兩地的情況下， 雖然可以利用電話等現代科技產品，以言語直接溝通；但一般人仍是以書信當作敘事達意的主要工具。","https://web.klokah.tw/text/sound/19233/321521.mp3"
"ssoya sami balay maki sa kara’oke ru ini qlu blihun na qalang hogan hiya, nanu yasa qsliq sami spwah pqwsan, tmasoq smru qu mintkari na msgaliq sban mhngan.","在卡拉OK，受歡呼的不夜城，我們用歌聲和情緒撐起迷離易碎的帷幕，","https://web.klokah.tw/text/sound/19234/321522.mp3"
"si sami glgiy inkyasan qnxan kinbahin ki sm’atun pinsbuyan qnxan raral. msqnyatan balay qu qsliq na sheriq lingay qalang ay! sami hiya ga giwan qqulih musa ssoman nha qu rqyas nya.","我們各自擁抱相沿成習的主題生活的淐桑、淪落的血淚離鄉背井的孤單啊，我們都是都會裡失去臉龐的魚群，","https://web.klokah.tw/text/sound/19234/321523.mp3"
"ini ga, giwan sami qqulih lhun, nyux nha si qutux qutux mlata mlngiq. maki qutux ryax ga. sbiq sami bsilung qu kwara msbas, t’ltu ki mmutang na qqsya. musa mgluw nwahan nha puqin sbqiy lozi.","也許我們是一條條放牧的鮭魚，哪一天把洶湧的、冰冷的和黑暗的浪潮統統還給大海，沿來時的路回到最初的源頭。","https://web.klokah.tw/text/sound/19234/321524.mp3"
"minkahun: 1993. 11. 15 walis nokan (Tayal. laqi. inlungan Taywang)","出處：1993.11.15 walis nokan 《泰雅•孩子•臺灣心》","https://web.klokah.tw/text/sound/19234/321525.mp3"
"Pqzwan na raral raral mha: ita Tayal ga, kahun btunux hmtuw qu qutux knerin ki mlikuy ma, yasa balay puqin na sazing squliq cinbwanan ma, yasa qu lkotas Tayal ma.","據很久以前的傳說：泰雅族人，是由巨石崩裂出一對男女，這是宇宙最早出現在地上的兩個人，也就是泰雅族的祖先。","https://web.klokah.tw/text/sound/19235/321526.mp3"
"Suruw n_gyut wayan ryax lga, n_gyut mrkyas qu mtswe mlikuy ki knerin qani, ungat ana qutux squliq hmtuw, usuw inlungan qu sswe kneril mnglung muci, mha ta muci sqani lga, musa ingat giqas na squliq mhtuw. nanu qu smsun inlungan na sswe knerin muci, si ta psqun qsuyan muci, ana ga ngungu balay baqun qsuyan zyaw qani ru iyat swayan msqun la.","隨著時間過去，這對兄妹日漸長大成人，但一直沒有其他的人類出現，妹妹很擔心再這樣下去就無法有新的人類出生。於是決定要和哥哥結婚，但是又怕被哥哥認出來而不願意和她結婚。","https://web.klokah.tw/text/sound/19235/321527.mp3"
"mnglung mha si ta qmasi qalux qbuli ptasan rqyas ta ru iyat baqun qsuyan la. maki ryax kyalun ni sswe qu qsuyan mlikuy mha: maki qutux mkrakis knerin ay! mhngan ga, musa mnaga isu magan hiya bih blin qasa, trang suruw qu wayan qmalup qsuyan lga, tqwoh smulin qara qhoniq ru msli qbuli bagah, giran na bagah ru msiloh la, yasa qu qmasun nya sazing lban rqyas ki lihuy nya, ini balay baqi qsuyan la.","她想到用黑炭灰塗在臉上，哥哥就認不出是她，有一天妹妹告訴哥哥有一位女孩子啊！在天黑的時候會在山洞等他去娶回來，於是妹妹趁哥哥去打獵時，趕快燒樹枝做成木炭，又磨成炭灰塗畫在前額與兩頰，讓哥哥認不出她。","https://web.klokah.tw/text/sound/19235/321528.mp3"
"mhngan lga, mwah tehok bling hlahuy ru ktan nya knerin mkrakis, ini baqi qu qsuyan nya msqun lru hmtuw cingay qu llaqi nha, aring kya lga n_gyut hbuyaw qu squliq rhzyal qani lma.","天黑了，哥哥果然來到山洞，看到他的新娘。哥哥並沒有認出這個臉上塗炭灰的女孩子，兩人就結婚並且生下許多孩子。從此地上就開始有越來越多的人類了。","https://web.klokah.tw/text/sound/19235/321529.mp3"
"skahun mita qu ke ta ita Tayal ga, Tayal ta mha ta; qasa hiya ga squliq na Tayal ma. son muci squliq qani ga Tayal son nha. kwara squliq ga Tayal muci.","在泰雅語來看，Tayal（泰雅語）的意思；指涉族人的稱呼，可是他真正的意思有講到：「人」，所有的人都叫泰雅，都是人。","https://web.klokah.tw/text/sound/19236/321530.mp3"
"nanu yasa skayal maku ga, ita ga kahul ta pinsbkan t’aring mqasuw ta musa maki Taycyu, Byorit, Nahuy, Toyeng, Bnka, Karinko, Girang, spat keng, mpuw sazing gow, qeru pgan tzyu qalang;","因此我要講，我們泰雅語從南投賓斯博幹發祥地散居到臺中、苗栗、 新竹、桃園、臺北、花蓮、宜蘭等…八個縣12個鄉96個部落；延續生存著；","https://web.klokah.tw/text/sound/19236/321531.mp3"
"hbuyaw mgayang mqyanux kya; qani qu hknyan na rapan snbin bnkis ta mrhuw raral. baha hmswa twahiq ryax na kawas wayan lga, qutux qutux qalang ga, maki kwara qu ini ptnaq qu gaga qu ke nha ru inkyasan na qnxan cinbwanan nha uzi la.","都有在那裡生活發展，因為年代的更迭，各地區部落的族人孕育了不同地區特殊語言文化及自然生態的特色，使得臺灣的多元文化的社會發展更族群，呈現文化生命活現的生態樣貌，","https://web.klokah.tw/text/sound/19236/321532.mp3"
"mcingay ki minanaq qu qbuci na inrkyas na gaga qnxan uzi la. yasa balay qu tninun rapan na Tayal.","這就是，泰雅爾腳蹤，泰雅爾的生命力。","https://web.klokah.tw/text/sound/19236/321533.mp3"
"mlahang qalang hmka seki, wayan mhngaw qu yaba Pasang yaba Pasang hiya ga, qutux na squliq mtzyaw m’uruw cinbwanan ki sokyo spiyang balay mgalu rhzyal na Taywang qani.","巴義慈神父一位熱愛臺灣這塊土地的社會與宗教發展的工作者，","https://web.klokah.tw/text/sound/19237/321534.mp3"
"si uci smka seki qnahang nya Pyasan, ini balay k’guy rmraw zyaw Tayal. abas mshriq qalang nya Itari ru mwah ’zik na hlahuy rmaw qnxan na hlahuy pitu pgan payat kawas.","近半世紀守候復興為原住民服務無怨無悔，離鄉背井在臺灣偏僻山區服務的74 歲的義大利籍神父巴義慈。","https://web.klokah.tw/text/sound/19237/321535.mp3"
"maki toyeng keng Pyasan qalang Tayal Sanmin qasa. hiya ga laqi na pkalay ngasan. ana ga ini ptzyaw syunaw yaba nya. si giway mtzyaw pcbaq gaga na yaba utux kayal.","近半世紀守護桃園縣復興鄉三民的原住民部落，親為原住民服務無怨無悔。巴義慈神父是泥水匠的兒子，不打石頭、也不鋪地板，卻從事神職。","https://web.klokah.tw/text/sound/19237/321536.mp3"
"minkoku miman sazing kawas ga. sheriq ngasan ru mgluw mrhuw Lancmi ki yaba Sto sinxu ru aki musa Cyukoku, ru ini nha swali lga, mwah cinbwanan Taywang ru maki hlahuy na Pyasan betak patun tzyu kawas, si klokah mtzyaw muruw mcbaq ke Tayal qu llaqi na ita Tayal.","民國52年隻身離鄉背井跟隨總主教藍澤民和石德神父，原計畫到中國傳教，被拒後，因緣際會從義大利飛抵臺灣，在偏遠的復興山區奉獻長達46 年，並專為臺灣泰雅族的孩子打下母語基礎。","https://web.klokah.tw/text/sound/19237/321537.mp3"
"Rimuy. Aki, lalu nya theluw ga Censyome, htgan nya bkawas 1962, squliq na Nahuy qalang Klapay, kinbahan Tayal.","里慕伊．阿紀，漢名曾修媚，一九六二年生，新竹縣尖石鄉嘉樂村嘉樂部落（klapay）人，泰雅族。","https://web.klokah.tw/text/sound/19238/321538.mp3"
"bbsyaq balay ryax qu pincwagan nya pcbaq qwasan laqi cikuy, hiya ga spiyang sinsiy gaga pcbaq montosori, ru galan sinsiy pcbaq ke Tayal na qwasan Sansya.","長期投入學前教育，為蒙特梭利學前教育專業教師，亦擔任三峽國小鄉土教學的泰雅語教師。","https://web.klokah.tw/text/sound/19238/321539.mp3"
"magan squ krahu na qinnabu’ te qutux mmatas miru pspung nrwan qu Tayal. ru pspngan te qutux conxwa koba turuy mmatas nrwan Tayal te gleng qutux lalu ki te sazing gleng lalu ru te cyugan gleng lalu lozi.","曾獲第一屆山海文學獎散文組第一名、第一屆中華汽車原住民文學獎小說組第三名、第二屆中華汽車原住民文學獎小說組第三名等。","https://web.klokah.tw/text/sound/19238/321540.mp3"
"Maki nrwan “hngzyang tlubuw beh rgyax”, binrwan ptasan na lkke qalang “spngang na hongu utux”.","著有《山野笛聲》、部落故事採集繪本書《彩虹橋的審判》。","https://web.klokah.tw/text/sound/19238/321541.mp3"
"Rimuy. Aki hiya ga zinaw na bnrwan tuqiy ga, smoya balay pqzyu zyaw na kryasan na rgyax, hlahuy, llyung, inlungan qbaqan na lkotas, gaga ta ita Tayal. skahun qnxan Tayal tkura qalang hogan lga.","里慕伊．阿紀作品的主題面向，包括山卅城之間的身體移動、記憶流動，對原住民面臨都市發展所遭遇的窘境之反思，","https://web.klokah.tw/text/sound/19238/321542.mp3"
"nanu qu kssyuk ki ini baqi m’ubuy mnglung qu zyaw ru kwara zyaw na mqbaq laqi kinbahan. maki balay knita nya.","對兒童教育問題的思考等，社會關懷面向明確，","https://web.klokah.tw/text/sound/19238/321543.mp3"
"nanu yasa niru brwan ga maki balay mtasaw, mshgway, lhrhun memaw qsahuy na qnxan cinbwanan tayal, maki inanaq krhu nya.","而清新、溫馨、幽默、生活化的風格則是她的文學特質。","https://web.klokah.tw/text/sound/19238/321544.mp3"
"Kmayal Utux kayal, ru mha sqaniy pcbaq; mha:","神吩咐這一切的話說：我是你的神，曾將你從埃及地為奴之家領出來。","https://web.klokah.tw/text/sound/19239/321545.mp3"
"1. kuzing ga Mrhuw Wagiq, Utux kayal su, wal misu sgleng mshriq Eziputo kahun squ minqnyatan su kya. rehay knan laxiy hokung Utux binah na utux.","（一）除了我以外，你不可有別的神。","https://web.klokah.tw/text/sound/19239/321546.mp3"
"2. laxiy skbalay ana nanu hukung qu sunan nanq, laxiy psulung ana nanu inkyasan nqu cyux babaw kayal, hiyal, ini ga qsya zik na hiyal kbalay laxiy skura ana nanu hukung kintari rehay, baha hmswa kuzing ga Mrhuw Wagiq Utux kayal su; iyat saku nbah smwal squ ’utux mssungus ki knan. kya qu smyaqih knan ga, phogun maku, tehok squ tecyugal ini ga te payat lpgan na kinbahan. ana ga kya qu smi inlungan knan, ru ’mubuy gaga maku, musa maku sgalu tehuk squ pira seng lpgan na kinbahan nha.","（二）不可為自己雕刻偶像，也不可作甚麼形像，彷彿上天、下地、和地底下，水中的百物，不可跪拜那些像，也不可事奉他，因為我耶和華你的神是忌邪的神，恨我的，我必追討他的罪，自父及子，直到萬代。","https://web.klokah.tw/text/sound/19239/321547.mp3"
"3. laxiy s’urux lalu maku; kya qu s’urux lalu maku ga, kuzing ka Yahwey Utux Kayal su musa phaw squ hiya balay. tsagiy ru bleqiy mlahang qu ryax hngwan. maki tzyu ryax su huyay mtzyuwaw; te pitu ryax ga hngawan ryax rya ka sqtuxan nlungan amu stama knan. ryax qaniy ana isu, llaqi, inyatan, sin’anan su, ini ga ssquliq tmnwang maki squ kinhangan su ga, laxiy ptzyaw kwara.","（三）不可妄稱耶和華你神的名，因為妄稱耶和華名的，耶和華必不以他為無罪。","https://web.klokah.tw/text/sound/19239/321548.mp3"
"4. kuzing, Mrhuw balay kayal, hyal, bsilung, ki kwara maki cinbwanan squ tzyu ryax, ana ga mhngaw saku squ te pitu ryax. nanu yasa, kuzing Mrhuw Wagiq wal pqoyat squ hngawan ryax, ru ptsagan maku.","（四）當記念安息日守為聖日，六日勞碌作你一切的工，但第七日是向耶和華你神當守的安息日，這一日你和你的兒女、僕婢、牲畜，並你城裡寄居的客旅，無論何工都不可作，因為六日之內，耶和華造天、地、海，和其中的萬物，第七日便安息，所以耶和華賜福安息日，定為聖日。","https://web.klokah.tw/text/sound/19239/321549.mp3"
"5. sbleqiy mita yaba yaya su, teta su bsyaq mqyanux squ hyal bniq maku sunan.","（五）當孝敬父母，使你的日子在耶和華你神所賜你的地上，得以長久。","https://web.klokah.tw/text/sound/19239/321550.mp3"
"6. laxiy phuqil squliq.","（六）不可殺人。","https://web.klokah.tw/text/sound/19239/321551.mp3"
"7. laxiy apal.","（七）不可姦淫。","https://web.klokah.tw/text/sound/19239/321552.mp3"
"8. laxiy quriq.","（八）不可偷盜。","https://web.klokah.tw/text/sound/19239/321553.mp3"
"9. laxiy kbrus kmayal pcyaqeh squliq.","（九）不可作假見證陷害人。","https://web.klokah.tw/text/sound/19239/321554.mp3"
"10. laxiy s’ariy ngasal na squliq; laxiy s’ariy kneril, qinyatan, kacing, roba na squliq, ini ga ana nanu.","（十）不可貪戀人的房屋，也不可貪戀別人的妻子、僕婢、牛驢，並他一切所有的。 

（摘錄於舊約聖經中出埃及記21章1-17節）","https://web.klokah.tw/text/sound/19239/321555.mp3"
"laqi squliq na Tayal maku. iyat ta skkwa maki sqani, si lgluw llyung musa, karaw wagiq rgyax qasa, si ki kya blaq na rhzyal ki’an, si usa maki kya. bblaq mqyanux. laqi squliq na Tayal maku.","孩子，我的泰雅族人，這裡不夠我們居住，順著河流走，爬上那座高山，如果有美好的地方，就在那裡住下去，好好生活。","https://web.klokah.tw/text/sound/19240/321556.mp3"
"ana simu musa inu, laxi balay yungi sami. laxi balay zngiy kki’an kinholan raral (pinsbkan) ru sblaq mqyanux, prraw ki msqun qutux inlungan mqyanux, ru agan gaga ki qinbaqan na snbin lkotas,","孩子，我的泰雅族人，不管你們去那裡，不要忘記我們，不要忘記了曾經居住的地方 （pinsbkan），要好好的生活，要互相幫助，要同心協力的生活在一起，並且要將祖先遺留的智慧，","https://web.klokah.tw/text/sound/19240/321557.mp3"
"ana su kawas knwan qutux qutux kawas ptzyu ga pssun balay smbil ru pbaqiy llaqi mamu, tay ta ini pskyut qu qbuci na gaga ta ita Tayal, iyat ta nbah kongat qu tninun gaga na Tayal.","代代傳承及教育我們的下一代，使我們泰雅族的歷史文化命脈。","https://web.klokah.tw/text/sound/19240/321558.mp3"
"lalu na Tayal mrhuw raral ga, skahun nha sqasan pslyan smi, mlikuy ga lgan nya lalu yaba, ini ga bnkis s’ubuy nha mbiq qu lalu qani.","泰雅族傳統命名，普通是由男性家長或宗族之族長在慶祝生子之祝典時，為之命名。一般命名皆用父子（親子）連名法。","https://web.klokah.tw/text/sound/19241/321559.mp3"
"krryax ga yaba ki laqi mgluw. suruw lalu na llaqi ga syan nha lalu yaba, ini ga lalu ni yaya.","多選自固有之名譜，但只有名無姓，為父子，父女或母子，母女連名制。","https://web.klokah.tw/text/sound/19241/321560.mp3"
"qani nyux pkita ubuy puqin ramu nya, ru tay nha ini yungi kahun puqin lkotas nha uzi. lalu na mlikuy ga s’agan nha motu kinlokah ru kblak nya, kneril ga mhuway ki betunux.","取名時將嬰兒本名連父名，以示血統關係。由於連名制，使每一位泰雅族人更方便記憶其袓先名字。泰雅族命名時，泰雅族男性的名字皆喻壯大驍勇，女性的名字則喻美麗纖巧之意義。","https://web.klokah.tw/text/sound/19241/321561.mp3"
"inkryasan lalu qu sbayan na Tayal:","泰雅族族名譜之寓意：","https://web.klokah.tw/text/sound/19241/321562.mp3"
"sn galu qsinuw: hozil, qoli, mit, qulih, kwali …","吉祥動物：狗、鼠、山羊、魚、鷹…等。","https://web.klokah.tw/text/sound/19241/321563.mp3"
"pinbahuw: parung utux, rima, agiq …","美好植物：檜木、杉木、竹桂、茅草…等。","https://web.klokah.tw/text/sound/19241/321564.mp3"
"nniqun: ali, wasiq, tana, yahu …","食物：竹旬、蘢葵菜、刺蔥、山萵苣…等。","https://web.klokah.tw/text/sound/19241/321565.mp3"
"Cibwanan: wagi, byacing, sasan, bengah …","日月星辰：太陽、月亮、早晨、星星…等。","https://web.klokah.tw/text/sound/19241/321566.mp3"
"krapan bnkis: mgaga, lkbuta …","袓先事跡：獵頭、泰雅先袓哥部大…等。","https://web.klokah.tw/text/sound/19241/321567.mp3"
"Knalayan: hongu, tatak …","建築物：橋…等。","https://web.klokah.tw/text/sound/19241/321568.mp3"
"mqyanux ta babaw na cinbwanan ga panga ta tokan musa ta rgyax","我們生活在世上 背著背框 要到山上","https://web.klokah.tw/text/sound/19242/321569.mp3"
"panga ta qsinuw musa ta ngasan rasun ta msqun tmalam sbiq ta qsuyan ki sswe","背著獵物 要回家去 帶去分享 給兄弟姊","https://web.klokah.tw/text/sound/19242/321570.mp3"
"mgalu ta balay tlingay mqyanux ta ga maki qu qoyat msrangi ta balay tlingay mqyanux ta ga maki kinhboyaw","友愛鄰舍 活著有意義 友愛鄰舍 活著有意義","https://web.klokah.tw/text/sound/19242/321571.mp3"
"ana ta maki inu msblaq ta ru ini ta pyungi mqyanux ta babaw na cinbwanan ga","不論在何處 要合睦 不可遺忘 老人的教導","https://web.klokah.tw/text/sound/19242/321572.mp3"
"panga ta tokan musa ta rgyax panga ta qsinuw musa ta ngasan","","https://web.klokah.tw/text/sound/19242/321573.mp3"
"rasun ta msqun tmalam sbiq ta qsuyan ki sswe mgalu ta balay tlingay mqyanux ta ga maki ruyay","","https://web.klokah.tw/text/sound/19242/321574.mp3"
"mgalu ta balay tlingay mqyanux ta ga maki ruyay ana ta maki inu msblaq ta ru ini ta pyungi","","https://web.klokah.tw/text/sound/19242/321575.mp3"
"smsun ta inlungan pincbaqan na lkotas psbilun llaqi kibahan ta ay","","https://web.klokah.tw/text/sound/19242/321576.mp3"
"Yukan sinsiy: lokah su","Yukan老師：您好！","https://web.klokah.tw/text/sound/19243/321577.mp3"
"te 15 ryax byacing qani ga, qsuyan maku mlikuy Maray, musa ku smbes smze rangi nya kneril Sayun qasa. aki nya galan bes laqi’ ni Hayung, nanu zyaw qani, aki saku psina cikay qutux hngawan ryax, swali saku cikay mhngaw ma.","10月15日將要陪伴哥哥提親，需要請事假一週，請准予請假。","https://web.klokah.tw/text/sound/19243/321578.mp3"
"snatu yaya ni Maray","Maray的媽媽敬上","https://web.klokah.tw/text/sound/19243/321579.mp3"
"msra rhzyal snbilan na mrhuw raral","眺望~~祖先遺留的大地","https://web.klokah.tw/text/sound/19244/321580.mp3"
"Mariqwang, Ulay, Yuraw, Batu, Tayyaw, Lmwan, Basu, Name, Toruy, Ripo mqeru qalang.","馬里闊灣 烏來、宇老、Batoru、抬耀、留茂安、巴蘇、馬美、石磊、李埔 （Ripo）等九社","https://web.klokah.tw/text/sound/19244/321581.mp3"
"llaqi kinbahan na lkbuta ms’urux beh rgyax Litosan","哥布塔子孫 站在李棟山上","https://web.klokah.tw/text/sound/19244/321582.mp3"
"mnaq wagi mlahang lingay hlahuy","守著陽光 守著大地山林","https://web.klokah.tw/text/sound/19244/321583.mp3"
"ungat nanu qu kngngun nya, motux na mrhuw hlahuy","哪裡曾懼怕過 兇猛的森林之王","https://web.klokah.tw/text/sound/19244/321584.mp3"
"ungat nanu qu kngngun nya, msluhiy uraw ki btunux na hlahuy","哪裡曾懼怕過 山崩地裂的土石流","https://web.klokah.tw/text/sound/19244/321585.mp3"
"nanaq qu snbilan na cinbaqan mrhuw raran ssun ta","我們只要謹守先祖的教誨","https://web.klokah.tw/text/sound/19244/321586.mp3"
"pqbaqay ta pinqbaqan na bnkis ta","只要領略長者的智慧","https://web.klokah.tw/text/sound/19244/321587.mp3"
"rapan na smras hlahuy kwara krahu ktan qu motux tayal ga,","那些可敬畏的勇士縱橫山林的腳蹤","https://web.klokah.tw/text/sound/19244/321588.mp3"
"hngyang khongu na kwara cinnun krahu na kneril Tayal","那些可愛的泰雅女子穿梭的織機聲","https://web.klokah.tw/text/sound/19244/321589.mp3"
"nyux ta nya spzyu sahuy na qroyux ki ini phngaw na ryax kawas.","在歲月長河流竄中 向我們傾訴","https://web.klokah.tw/text/sound/19244/321590.mp3"
"ana su knwan ga, kwara pinsrxan qnahan na lkotas ta ga,","在時光隧道飛逝中 向我們歌詠","https://web.klokah.tw/text/sound/19244/321591.mp3"
"iyat nba pskyut qu sahuy na hhlahuy,","無奈大和民族誤解欺壓 摧慘了我們的大地","https://web.klokah.tw/text/sound/19244/321592.mp3"
"ru musa si kaki inlungan nya llaqi ta kbahan ita Tayal.","蹂躪我們祖先的英魂","https://web.klokah.tw/text/sound/19244/321593.mp3"
"mrhuw raral ga, siki musa su mblaq ki ql’ux na ’tuxan tninun su ga, nanu si ga thoyay su hminas qu qutux hongu utux, ungat ana qutux squliq musa thoyay hmut hminas mhkangi hongu qasa. baha hmswa cyux si klahang kya utux na mrhuw lgleng na hongu, ungat squliq mstoput ana qutux qara kakay, spiyang na zyaw pcyogun pklahang squliq qasa ga. musa pspngan na kwara hknyan su ru inlungan su, maki su babaw rhzyal.","泰雅的先輩如果要旅向永生的靈魂世界，每一個人都需要通過一座彩虹橋的。沒有任何一個人能夠任意地越過此橋，因為在橋頭的地方有祖靈日夜鎮守把關，無人能越雷池一步。把關者的任務就是要審斷你在世上一 切的行為與心機。","https://web.klokah.tw/text/sound/19245/321594.mp3"
"Hongu utux qani ga spiyang krahu balay, cyux mu balay ru si yasa balay mtehok llyu na kayal, betunux balay, giwan balay mtumaw na slqiy nyux squzi beh babaw kayal. Kyahu na hongu utux ga maki qutux msbas na bsilung hminas, sahuy na bsilung ga, cyux kya kwara kngngun na bibil ki kngngun na hopa mqu utux.","這一座雄偉的彩虹橋，高而壯觀的幾乎與天之頂端接觸，而且非常亮麗的高掛天空猶如弧型的弓箭一般。彩虹橋的深淵底下有一條怒濤澎湃的大河穿越其中，那麼大河裡面佈滿了窮兇惡極的鱷魚和巨蟒生存著。","https://web.klokah.tw/text/sound/19245/321595.mp3"
"kya qu smoya musa ql’ux na ’tuxan ga, hminas hongu utux lga baqun nha blaq na mlikuy ini ga kneril, ru si blaq hminas mhkangi hongu tehuk blaq cinwbanan. kya qu myaqih na squliq ga, mhoq qu iluh qbaq nya, pson nha syaw na hongu utux ru mhotaw sahuy na bsilung cyux ki’an kngngun na bibil ki kngngun na hopa mqu utux qasa m’guy qnxan nha ana si tehuk knwan.","凡要旅向永生靈界的人，經過這裡一看便知道他們究竟是好男人或者是好女人，他們就毫不猶豫地讓他們通過彩虹橋。若有讓審判者覺得懷疑的人，手指上的炭灰脫落了，那判定他是頑劣的惡人，會讓他們走在神靈橋之旁邊向著前方前進，直落到有惡極的鱷魚和巨蟒之的永遠受苦。","https://web.klokah.tw/text/sound/19245/321596.mp3"
"Suruw saku mzyup msqroyux na ’rzin tuqiy na rgyax lga, mstnaq saku qutux minanak na iyat kntan qalang, lkusan ki nniqan ru hknyan ki pzi’an ru kki’an qu squliq qasa ga muci’ balay. mtbah saku mbasaw qsliq mu mha ku: ki’a saku nyux mnuqu myup ku qalang na iyat kntan mha saku.","我在進入一個森林長廊走道的幽靜之後，撞見一個現代文明社區中未 曾見過的景象，那裡的人事物，呈現出不同的面貌，頓時，我猶如覺醒的 自忖：是不是誤入了一個未曾見過的世界。","https://web.klokah.tw/text/sound/19246/321597.mp3"
"kwara kntan maku ga. ini saku thoyay mnglung. kahun tunux ki inlungan mu, iwan saku balay nyux mwah maki squ iyat qnbaq na cinbwanan. rhzyal na qnxan cinbwanan qasa ga, qalang maku nuci kwara squliq cyux mqyanux kya.","那裡的人穿的、吃的、行的、住的以及玩的，一切的一切無法在我的 腦海中找到類似的經驗，好比闖入一個另ㄧ個未知的世界。有一個村落， 那裡的人稱它為卡朗•馬谷。","https://web.klokah.tw/text/sound/19246/321598.mp3"
"ini bsyaq lga, ktan maku qutux mlukus lukus ki’an patas latan tninun nha kgiy, sqisan nha tumaw na quzi ngayan. glen skutaw uzi ga mtoyax. wan ru nyan mkhangi, mrhuw balay bnkis Tayal ktan. ana ima squliq qalang sa ga, pongaw nha ke ru struhu nha balay.","我看見一個，頭圍者有圖騰的布帶，身上披著苧麻線織成的無袖長衣 ，長衣鑲著貝珠與銅片的飾品，胸前掛著兜擋，來去自如神采非凡氣勢龐然的老先生，人人都擁戴他的領導和愛護。在那裡的人都稱他為馬拉乎• 哥拉候！","https://web.klokah.tw/text/sound/19246/321599.mp3"
"baqun nya kwara zywaw sraran ki ryax uwah. qani hiya, cingay qu squliq smoya mlahuy mung pinqzwan nya ru. maqut qu hiya uzi.","他通曉那個世界的過去現在和未來，人人都喜愛他親近他，常常向他問東道西的。","https://web.klokah.tw/text/sound/19246/321600.mp3"
"twahiq na Taywang ga qsliq maku balay na kki’an. kwara bblaq na ryax mrkyas saku ga mnaki ku kya. kwara qsliq maku bleqan na qnxan ga. mutu kya uzi.","遙遠的臺灣是我所喜愛的地方。我最好的年月是在該島上消磨了的，我的生活興趣也集中於該處。","https://web.klokah.tw/text/sound/19247/321602.mp3"
"smoya saku balay m’ra kinwagiq na ’bu rgyax. mromun mita qu zzik ki mlabang na gong. mslata mluw qasu babaw na sbas bsilung.","我喜歡仰望它的巍峨的山峯，俯視它的深廣的溪壑，泛舟於它的波濤洶湧的海上。","https://web.klokah.tw/text/sound/19247/321603.mp3"
"msoya ku mqalux kyahin na squliq –kmukan, pinpo zoku ki Tayal, mhkangi saku ska nha pusan kawas. pqzyu saku xukuyin na Yesu.","我喜愛它的黑皮膚的人民—漢人、平埔和生番—我在他們中間走了20 年，宣傳耶穌的福音。","https://web.klokah.tw/text/sound/19247/321604.mp3"
"aki saku spcbaq xukuyin qu nha ga, baqaw ta obeh qutux seng ryax, smwan saku tgiwan sheriq tninun mu. zik na lmpuw bnrwan mu ga, aki saku musa qalang htgan wagi. malu utux kayal ru musa saku tayheyo qasa cuyx kya qsliq maku ngasan kinholan Taywang. smoya saku sqrut maki kya tmasoq ryax kawas mu. masoq saku mgluw zyaw na bniq mrhuw utux lga, musa saku si sbes hngayang na msbas bsilung na Tawang qani ga, maki ku kyahu sasaw na mslubay rima ru siy saku mkmi ana su knwan la.","為了要以福音教導他們，我不止一千次，情願犧牲我的生命。在我所寫的文章為人閱讀以前，我將再往遠東，蒙上帝的指導，再到太平洋那邊我所愛的臺灣之家。我希望在那裡消磨我的餘年，我為主服務的時日完了之後，我將在臺灣的海浪之聲所及之處，在搖擺的竹蔭下得一永眠之所。","https://web.klokah.tw/text/sound/19247/321605.mp3"
"Walis.Nokan ga mlikuy, squliq na Tayal, kwas 1961 htgan nya beh qalang Mihwo.","瓦歷斯•諾幹 (Walis • Norgan) ，男，泰雅族人，1961年出生於Mihuo部落。","https://web.klokah.tw/text/sound/19248/321606.mp3"
"raran ga Walis. Yukan son nha, babaw na mzyup qalang lga, baqun na mha, nyux nha mnuqu smi lalu nya ru syun nha Walis. Nokan muci la. lalu nya thelu ga Uwcyunce. sraral ga Ryu’aw lalu nya.","早期曾用瓦歷斯•尤幹為族名，後於返回部落從事田野調查時發現名字拼音上的錯誤，因而正名為瓦歷斯•諾幹。漢名吳俊傑，早期曾以柳翱為筆名。","https://web.klokah.tw/text/sound/19248/321607.mp3"
"mnqwas sihang qwasan beh Taycyu, masoq mqwas lga mincbaq biru beh Taycyu Ziyu qwasan cikuy.","省立臺中師院畢業，目前任教於臺中自由國小。","https://web.klokah.tw/text/sound/19248/321608.mp3"
"hiya ga kahun ryax mqwas biru lga t’aring matas brwan ru mzyup “pslyan mtasaw bengah”, blequn nya lmpuw bnrwan na Comontye, Yukawngcon, Roxu, Yangmu.","師專時期，瓦歷斯即開始創作，並加入「彗星詩社」，熟讀周夢蝶、余光中、洛夫、楊牧等詩家之作品，","https://web.klokah.tw/text/sound/19248/321609.mp3"
"kinsuruw na lga, tmring cikay natas nrwan na Uwcen, yasa qu maki balay mtyugan nya ru tbah muluw mita squ qnxan na m’guy qnxan qu kwara squliq.","後來因接觸吳晟的詩，對詩的基本觀點，有了極大的變化，開始注意到勞苦大眾的生活。","https://web.klokah.tw/text/sound/19248/321610.mp3"
"kawas1984 ga lmpuw “sbagan pinbrwan", mqbaq balay cinbwanan Tayal beh Taywang.","1984 年，閱讀《夏潮雜誌》，進一步認識臺灣原住民族的社會處境，他成了民族的作家。","https://web.klokah.tw/text/sound/19248/321611.mp3"
"ita son muciy laqi Tayal ga, baqun ta gaga mrhuw raral, ana ga gaga tuqiy na utux kayal ga spiyang ta balay, smku qsahuy ta ki! snhyun ku utux kayal, mrhuw na knalay kayal ki rhzyal. snhyun ku mrhuw Yesu Kiristo, qutux snalu na laqi utux kayal.","泰雅子孫本著祖先遺留的生活規範（gaga）以後，對天主的信仰我衷心於內。","https://web.klokah.tw/text/sound/19249/321612.mp3"
"spwah na sere minki’an, slaqi’ na krakis qu Mariya. m’guy ru magan kibahing sahuy qba na Pirate, ru sbnu nha zyuzika hmoqin, mblun, mbziq mnkung zikoku, te cyugan ryax mqyanux lozi ska na hinqilan squliq, mtma syaw llaw na rngu na yaba kayal. snhyun ku sere, snhyun ku mtasaw ki shzyu na kyokay, snhyun ku mslahaw sinzya, snhyun ku qnqihan snwalan, snhyun ku ptuliq na qabak, snhyun ku ql’ux na qnxan tninun, Amen.","祂因聖神由童貞瑪利亞取得肉軀，而成為人。祂在般雀比拉多執政時，為我們被釘在十字架上，受難而被埋葬。祂正如聖經所載，第三日復活了。祂升了天，坐在聖父的右邊。祂還要光榮地降來，審判生者死者，祂的神國萬世無疆。我信聖神，祂是主及賦予生命者，由聖父聖子所共發。和聖父聖子，同受欽崇，同享光榮，祂曾藉先知們發言。我信唯一、至聖、至公、從宗徒傳下來的教會。我承認赦罪的聖洗，只有一個。我期待死人的復活，及來世的生命。","https://web.klokah.tw/text/sound/19249/321613.mp3"
"qwas na ita Tayal ga, mgluw squ tyugan na ryax ru pslyan, pqzyu ki sngayan nha qu krkyasan qsliq nha. nanu yasa qu mbalay ki kintasaw na hngzyang ga thuyay mshlah smyang bih kwara ska na kayal.","原住民的歌謠，長伴著季節的變換及節令與慶典的到來而抒發的自然情緒，因此，天真質樸的音韻長響徹雲霄。","https://web.klokah.tw/text/sound/19250/321614.mp3"
"ryax soni ga trang qu ryax na kmloh, trakis ki pagay mma’ mhoqin la. kwara yutas, yaki mqas balay inlungan nha, mlabang qu skutaw nha kwara uzi. kwara squliq na Tayal ga, ktan nha mlabang qu skutaw nha qsliq ga, memaw msboq roziq nha kanro inlungan, ru si yabux kwara turu nha panga kinluxan nha trakis ki pagay mma’. mqnzyat balay kwara kmloh, ru wiy myugi guy mqwas qu mtzyaw kmloh.","今天是收割的季節，小米與旱稻那樣成熟，所有的祖父、祖母非常高興，心胸也開朗。所有的族人看到他們收割，感動的流淚，又汗流浹背的背著收割的小米與旱稻。所有的族人努力收割，他們又跳又唱的歡樂的 努力收割。","https://web.klokah.tw/text/sound/19250/321615.mp3"
"Tayal na ita Taywang ga msblaq mqyanux qu rhzyal ki rgyax qani si kita pira seng kawas, mskuhun squ hbuyaw na hlahuy ga maki qu cingay inanaq na gaga qnxan na squliq, ana mha kya ga iyat sheriq qu zyaw na “muruw mqyanux ru hbuyang”. abas i mqyanux ga, maki qu spiyang na kmloh, tqulih, mnayang. gaga qalang nha uzi ga maki qu tuqiy nha nanaq.","臺灣原住民與這塊山林土地相處幾千年，他們面對鬱鬱蒼蒼的山林，也發展出多樣的族群文化，為了生存，他們有的獨特的採集、狩（漁）獵、燒耕文化。而為了發展，他們有不同的社會制度與社會組織。即使為了 捍衛生存權而有獨特的戰爭與和解機制。","https://web.klokah.tw/text/sound/19251/321616.mp3"
"ana musa mciriq ru mkayal zyaw ga, cyux nanaq qu gaga s’agan nha ana muci kya qu ini ptnaq gaga qutux gluw ga, maki qu tnaqan nha psbuyan nha, skahun nha ke utux ki snbin kkyalan lkotas, ini ga qwas lhuyan, gaga pslyan pkzwan nha qani ga spkita na snhyan na utux lkotas ki utux rgyax, psbilun nha laqi kinbahan. nanu yasa ga hzi’an hbuyan nha ga giwan qu qnxan cinriqan qu sintrahu nha mrhuw raral.","雖然有不同族群的文化差異，但是共同的文化傳遞方式都是靠著：神話、傳說、歌謠、祭儀等的口傳歷史，將族人的祖靈信仰、山林信仰傳遞給後代。所以，他們的歷史觀是祖先光榮的奮戰史。 因此，原住民的族群發展與山、水、林等資源的使用都是採取最低限度的使用，而不損及後代子孫的生存權。","https://web.klokah.tw/text/sound/19251/321617.mp3"
"wah wah wah kwara llaqi kinbahan na Tayal","來呀！來呀！來呀！泰雅族人的子孫們","https://web.klokah.tw/text/sound/19252/321618.mp3"
"llokah ta mqbaq ke na ita Tayal","大家努力來學習泰雅語","https://web.klokah.tw/text/sound/19252/321619.mp3"
"spwah ta inlungan mqbaq kena ita Tayal","用我們的心思來學習泰雅語","https://web.klokah.tw/text/sound/19252/321620.mp3"
"ana knwan ga ana knwan ga pkal ta ke na ita Tayal","無論何時，無論何時學泰雅語","https://web.klokah.tw/text/sound/19252/321621.mp3"
"ana knwan ana inu ga si ta pkal ta ke na Tayal","無論何時，無論何處一直學泰雅語","https://web.klokah.tw/text/sound/19252/321622.mp3"
"wah wah wah kwara llaqi cikuy na ita Tayal","來呀！來呀！來呀！泰雅族人的小孩們","https://web.klokah.tw/text/sound/19252/321623.mp3"
"mblaq balay mqwas ta qwas ita Tayal","讓我們好好的唱出我們的歌聲","https://web.klokah.tw/text/sound/19252/321624.mp3"
"spwah ta inlungan mqaws qwas na ita Tayal","用我們的心思來唱出泰雅歌聲","https://web.klokah.tw/text/sound/19252/321625.mp3"
"ana knwan ana knwan ga bleqaw ta mqwas qwas na ita Tayal","無論何時，無論何時唱好泰雅的歌","https://web.klokah.tw/text/sound/19252/321626.mp3"
"ana knwan ana knwan ga llokah ta mqwas qwas na ita Tayal","無論何時，無論何處唱好泰雅的歌","https://web.klokah.tw/text/sound/19252/321627.mp3"
"ana ta musa inu, ini ga psgagay ta qqalng na rgyax ga, iyat ta balay pyungi ke na Tayal; ke na ita Tayal.","無論聚或散 ，決不能忘記我們歌及我們的語言","https://web.klokah.tw/text/sound/19252/321628.mp3"
"qutux ryax, m’utu kya kwara qqsinuw ru qqbhniq, ngayun nha mita krahu na tunux qasa. kmayal mha qbhniq: kya qu ima musa thoyay maqux muruw, tmuruy tunux qani ga, hiya balay spngaw ta ru slxay ta mrhuw. ini kbsyaq lga, kwara qqsinuw si pssyuw tqutux qutux m’yuw, tmalam mruru sa krahu tunux. ini nba’ mzuy tunux qasa. mbinah kwara qqsinuw la.","傳說中，遠古的世界哩，只有萬種生物生存在大地上，沒有人類。有一巨大的石塊，在山頂石塊群力的平坦處，巨石沉重，在石林間穩坐不搖。有一天，山頂上飛來許許多多的鳥群與野獸，大家睜看著巨石。並議論紛紛後。鳥群議定:誰能將持巨石移動，並推落到谷底我們將她封她為動物群中的領導者。","https://web.klokah.tw/text/sound/19253/321629.mp3"
"ini kbsyaq lga, mutu’ qqbhniq qutux ga cyaqun, qutux ga siliq. Ktan cyaqung squ siliq kmyal mha; tlamay maku muciy cyaqung, labang ru khmay kpali nya uzi. kura mlaka qu krahu tunux qasa. glgan ngatoq ru kuzih nya, aki nya tmalam muruw tunux qasa. ana ga ini balay pzuy squ tunux qasa, memaw moyay ru tha’ malax ru mzinah uzi la. ktan qu siliq zyaw qani, mnglung mha, tlamay maku tmuruy tunux qani. kwara mbbes na qqhhniq ru qqsinuw, cyux cqeri ru psyaqan nha. cikuy balay ktan siliq qani.","不一會兒，獸群們先後一個一個的輪流嘗試移動這塊巨石。巨石太重，動 也不動的，都沒有哪種動物有辦法滾動那塊大石頭而紛紛退出。有兩種鳥也來到山頂，一種叫烏鴉；另一種叫（綠繡眼）希利克鳥。烏鴉對（綠繡眼）希利克鳥說：我來試試吧！於是，她展出那寬厚的翅膀，飛向巨石用她堅實的尖嘴及粗狀的腳爪，不停用力的啄推石塊。可是巨石扔就沒有絲毫的搖晃，最後也精疲力竭的敗退下來。（綠繡眼）西利鳥在一旁觀看後起身欲試在周邊觀的鳥獸群，小小個頭兒，弱不禁風的樣子，引來不停的嘲笑與諷刺。","https://web.klokah.tw/text/sound/19253/321630.mp3"
"ini nya ppongi kwara kinkyalan nha, siy kthi mtumoh kura mlaka krahu tunux. ini kbsyaq lga, mwah mutu kwara lahuy qbhniq siliq la, cqunan nha qpzing ru sruruw nha tunux. thwayun nha muruw tunux, mzuy ru tmuruy tunux uzi. wayal nha cyayun tmuruy tunux ru siy uci “pang” mha mhotaw ru mbka tunux. aring zik na mbka tunux. mhtuw sazing squliq. qutux ga kneril qutux ga mlikuy. hgan ga cinholan na ita tayal ma.","（綠繡眼）西利克鳥在一旁觀看後起身欲試在周邊觀的鳥獸群，小小個頭兒，弱不禁風的樣子，引來不停的嘲笑與諷刺。卻毫不在意穩健的緩緩的飛進巨石，瞬時間飛來成千上萬的綠繡眼一同齊力推動巨石巨大的石 塊終於被移動到山崖邊，並推到山谷下，落地的巨石時繃的一聲迸裂成兩塊，從裂開的石縫間，走出一男一女二人她們就是泰雅族人的創生始祖。","https://web.klokah.tw/text/sound/19253/321631.mp3"
"maki qutux krahu na kotas ta Tayal","","https://web.klokah.tw/text/sound/19254/321633.mp3"
"aring raran ga, maki sa bnux hlahuy","","https://web.klokah.tw/text/sound/19254/321634.mp3"
"mlahang balay qalang na Tayal","","https://web.klokah.tw/text/sound/19254/321635.mp3"
"mlokah qu inlungan nya","","https://web.klokah.tw/text/sound/19254/321636.mp3"
"mtasaw qu tunux nya","","https://web.klokah.tw/text/sound/19254/321637.mp3"
"hhuway balay inlungan nya","","https://web.klokah.tw/text/sound/19254/321638.mp3"
"ana nanu qu zyaw ga baqun nya smbun","","https://web.klokah.tw/text/sound/19254/321639.mp3"
"ana nanu paris ga slaqux nya. memaw tgtuw rhzyal","","https://web.klokah.tw/text/sound/19254/321640.mp3"
"ana nanu qsinuw ga qlupan nya uzi","","https://web.klokah.tw/text/sound/19254/321641.mp3"
"ungant nanu zyaw ga ini nya thyazi","","https://web.klokah.tw/text/sound/19254/321642.mp3"
"syan balay inlugan squliq na Tayal","","https://web.klokah.tw/text/sound/19254/321643.mp3"
"ana laqi kinbahan ga lungun nha kwara","","https://web.klokah.tw/text/sound/19254/321644.mp3"
"hiya ga giwan balay yaba na squliq Tayal","","https://web.klokah.tw/text/sound/19254/321645.mp3"
"ana su knwan ga, iyat sami zngyan","","https://web.klokah.tw/text/sound/19254/321646.mp3"
"ah! krahu na kotas Tayal-lkbuta lkbuta","","https://web.klokah.tw/text/sound/19254/321647.mp3"
"bnrwan qani ga nyux s’inu qu mrhu krahu na lkotas ta lkbuta,","","https://web.klokah.tw/text/sound/19254/321648.mp3"
"ana knwan ga, sblian ta pqzyu laqi na kinbahan ta ita Tayal.","","https://web.klokah.tw/text/sound/19254/321649.mp3"
"pongan myan mha, sraral ma ga, babaw rhzyal maki qutux hopa na ksunu, mrhuw ta Tayal lengun nya kwara squliq Tayal, musa karaw squ papaq waqa mtlqin ksunu. ana ga ini nbah qlih qsya ksunu qani. pqutan nha utux nha mha: nanu si ga yagun simu qutux mrkyas na mlikuy ki kneril ru sbuling sahuy na qsya ksunu tngsa nha utux lga musa thuyay masaw qsya ksunu. ana ga ungat ana qutux yaya ki yaba nha sahuy qalang ki smwayan pngsa qu llaqi nha. si ktay pucing lga mrhuw qu si pngsa llaqi nya nanaq mwah pshtoq tninun squliq qalang.","據說在很久以前地上發生大洪水，大頭目帶領泰雅族人到大霸尖山去躲避洪水。但是洪水卻一直無法退去。最後問神的結果，必須將一對年輕男女丟入水中奉獻給神，才能退去洪水。但是部落裡面根本沒有一位父母願意犧牲自己的孩子。最後頭目只好犧牲自己的兒女來救部落的人。","https://web.klokah.tw/text/sound/19255/321650.mp3"
"mrhuw Tayal ga sbuling nya laqi mlikuy beh llaw, sbuling nya laqi kneril beh ’zil. suruw lga, bziq kwara qsyaq qutux gong msthay. gong qani ga, suruw qu squliq ga gong Mtalah son nha la. syaw na Papa. Waqa sga maki sazing krahu na btunux, sra ta mita ga, giwan balay tunux squliq ru sazing papak nya.","大頭目將兒子丟向山的右邊，將女兒丟往山的左邊。然後，洪水立刻退去，只剩下一條水流。這條水流就是後來的馬達拉溪。大霸尖山的兩邊多了兩塊大石頭，看上去就像人頭上的兩片耳朵。","https://web.klokah.tw/text/sound/19255/321651.mp3"
"mlpaw na mpuw sazing byacing ga, hzyaq mtlaka qu kayal. mhebung mkzyay abaw qhuniq. srkyas na rgyax ga maki pira qu intasan nya. aring uruw tehuk bbu rgyax. intrasan ga kahun qalux ru n_gyut n_gyut kahun mhebung ru mzyu plquy ga. miya balay qutux ngayan kkyalan. ingat snruyut nya pkalay nrwan, ana na hazi mhmut kntan. maki nanak qu betunux nya squnan ngayan ga, strahuw balaby squliq na qalang.","十二月的清晨，氣候凍寒，樹葉枯黃，山坡多了幾種色彩。由山谷到山峯，顏色由漆黑漸漸棕黃而亮白，像一幅童話，沒有整齊劃一的設計，看來雜亂，但卻令部落的人不得不稱讚它們美妙的組合。","https://web.klokah.tw/text/sound/19256/321652.mp3"
"kayal beh htagan wagi ga huway mtalah ru n_gyut mslabang plquy Pisuy los! los! mqinah sa tuqi. hiya ga wagiq balay inkyasan nya, rqyas nya ga maki qruyux na ngurus, miya mqlangan na squliq mtzyaw slaq nyux kmaroh k’man rhzyal. zzik ki labang qu roziq nya. syaw nguhu nya ga maki sazing sltan uku, khmay qu bukin roziq ga lmluw sliqan mzyu krryax. si kaki m’usuw qsliq kryax.","東方的天空由粉紅漸漸泛白，比素伊在小路上穿梭。他個子高大，臉上長了一臉鬍子，像懶惰的農夫整理的草地—高低不平；眼窩深且寬、鼻 樑兩側淺淺兩道溝痕，濃密的眉毛常隨著表情而變形，往往停在憂愁的形狀。","https://web.klokah.tw/text/sound/19256/321653.mp3"
"maki pitu qu mcswe nya kneril, nanak hiya ga mlikuy. hbuyaw balay minshot kahun hi yaya nya blaq eyo, mlokah qu qba qzyang misu qani ga nanak hga sazing hi nha maki ngasan.","他有七個姐妹，他是唯一的男丁。從他母親身上吸取最多的營養、胳臂堅強，現在家裡只有他們夫婦。他身穿著寬大天藍色的長袖毛衣、墨綠色長褲、黃色的長雨鞋，褲子上半部到處是縫縫補補的痕跡，他繼續加快 車速，毫不在意冷風的吹襲。","https://web.klokah.tw/text/sound/19256/321654.mp3"
"Wilang‧Taya hiya ga, krahu mrhuw qalang Nan’o Pyahaw pucing knahang zipun qu Taywang qani (’aing kawas 1910ru tehuk kawas1945qani)","瑋浪•塔亞（Wilang•Taya）是日本統治臺灣後期（約1910〜1945間 ）南澳流域碧候社部落的大頭目。","https://web.klokah.tw/text/sound/19257/321655.mp3"
"suruw pinciriqan Nan’o, thoki Zipun aki nya qqolan magan qu rhzyal ubuy na llyung Nan’o, rmuruw sazing turing pcwagan: qutux ga lhlahuy ta Tayal sbiq na thoki mlahang, qutux lozi ga squliq Tayal na Nan’o ga, pslyun maki sqalang. ryax nasa ga, kesat zipun ga, mslahang qalang na Tayal Pyahaw, skahun na msnga mnaga mrhuw ta Willang‧Taya ki mrkyas Tayal mwah mkal squ zipun qnxan nha beh hogan, lman nha kmal Tayal mha laxiy aras nanu i lalaw, tehuk qu Nan’o lga si nha kyupi sahuy na egakang ru kl’an nha kwara Tayal kya la.","二戰後期，日本政府為了要把南澳流域的山林佔有己有，實施了二個政策：一個是山林國有化政策，另一個則是南澳流域泰雅爾族的集團移住政策。當時的日本警察對計誘碧候社的族人，表面邀請煒浪•塔玡頭目及大部份的泰雅勇士下山到南澳平原參觀日本人的生活方式，而且不准帶任何刀械，卻在頭目及勇士到達南澳時，把他們全押到南澳電影院關起來。","https://web.klokah.tw/text/sound/19257/321656.mp3"
"trang ryax qasa ga, maki qutux kneril ga, galun nya lqingan nya qutux lalaw sbiq nya Wilang‧Taya. tehuk ska bingi lga, s’agan nya lalaw ru qhoyun nya being egakang qasa, Wilang‧Taya mgyay ru musa qalang Pyahaw, ru plawa na kwara mrkyas Tayal, musa pshut naga squliq na Tayan bih egakang qasa. Kutan nha kwara kesat ska tuqi, ru wal qalang Pyahaw kwara nha lozi, babaw nya lga mngungu qu zipun ru, babaw lga skahun nha sinsiy mwah mkayal la. Wilang‧Tayal lga, hiya balay pucing na krahu mrhuw qalang Nan’o la.","那時正好有一位隨行的泰雅婦人在披風裡藏了一把番刀，並交給煒浪• 塔玡頭目。到了深夜，煒浪•塔玡就用番刀在電影院一角挖了一個洞，趁著夜色逃出去要回到碧候社召集部落及南澳流域各部落的勇士，再下山救人。瑋浪•塔亞一路上晝伏夜出，把沿路站崗警戒的軍警都一一殺掉而回到碧候社。日本警察見情勢不妙，知道用武嚇的手段不能完成集團移住的政策，就把所有關在電影院的碧候社族人都放出來。日本警察改以學者老師進住老碧候社，以溫和的方式介紹日本人的一切生活方式，成功的利誘碧候社的族人移住到山下。煒浪•塔玡大頭目因此成了碧候社的末代頭目。","https://web.klokah.tw/text/sound/19257/321657.mp3"
"Losin‧Watan ga, krahu mrhuw balay qu lalu nya maki ibuyan na ryax raral qu Tayal. hiya ga maki syogi-in, ana ga suruw zyaw na 228 lga, slokah muruw “ttuliq cinbwanan Taywang, ptuliq qalang Tayal” nanu i mzyup qu squliq na ptqihan kokminto, kawas 1954 sbu’ nha patus hiya qasa. yasa qu tmasoq minanaq qu qnxan na phgup pkita nbwan squliq. suruw na zyaw pintnuxun na kokminto lga, mlokah balay cingasan nya mhkangi mrhuw musa sbinah tmumaw zyaw pincwagan nya.","樂信．瓦旦，在原住民歷史中赫赫有名，他曾擔任省參議員，但228事件後，因鼓吹「光復臺灣，原住民也應光復故鄉」，成為當時國民黨政權的迫害對象，1954年槍決聲響，為這名醫師的傳奇一生劃下句點。","https://web.klokah.tw/text/sound/19258/321658.mp3"
"pucing lga, maki kawas 2004 qu sswalan mrhuw Taywang na Censwepen, ru biqan nya bnrwan lalu na sintrhuw, ru skalay nya inkyasan nya baliq msrux koyen ngayan, toyen keng gokosyo pyasan uzi ga, skbalayun na qutux inkyasan nya baliq qu Losin‧Watan, ru kbalay qutux koyeng, tay ta llungun pincwagan nya mslokah muruw zyaw na r’nu’ gaga na ita Tayal.","家族後代積極為他平反，終於在2004年獲前總統陳水扁頒發回復名譽證書，也為他豎立銅像紀念，桃園縣復興鄉公所更在銅像旁闢建公園，追思他為泰雅族人權益的努力。","https://web.klokah.tw/text/sound/19258/321659.mp3"
"Smbil qoyat pinbaqan beh rgyax Kmal Yesu mha:","耶穌說 :","https://web.klokah.tw/text/sound/19259/321660.mp3"
"1. kya qu tngsa mha mqzinut tninun nha ga talagay mqoyat la; squliq na kinhangan kayal qu lhga!","1.虛心的人有福了，因為天國是他們的。","https://web.klokah.tw/text/sound/19259/321661.mp3"
"2. kya qu mbahing nqu kinqehan nha ga talagay mqoyat la; Utux Kayal musa slhaw squ lhga!","2.哀慟的人有福了，因為他們必得安慰。","https://web.klokah.tw/text/sound/19259/321662.mp3"
"3. kya qu mkrroq inlungan ga talagay mqoyat la; musa magal sinnonan na Utux Kayal lhga!","3.溫柔的人有福了，因為他們必承受地土。","https://web.klokah.tw/text/sound/19259/321663.mp3"
"4. kya qu smoya ’mubuy qsahuy inlungan na Utux Kayal ga talagay mqoyat la; Utux Kayal musa ps’un miq squ sinnoya nha!","4.飢渴慕義的人有福了，因為他們必得飽足。","https://web.klokah.tw/text/sound/19259/321664.mp3"
"5. kya qu mgalu squliq ga talagay mqoyat la; Utux Kayal musa mgalu squ lhga uziy!","5.憐恤人的人有福了，因為他們必得憐恤。","https://web.klokah.tw/text/sound/19259/321665.mp3"
"6. kya qu mtasaw inlungan ga talagay mqoya la;musa mita Utux Kayal lhga!","6.清心的人有福了，因為他們必得見神。","https://web.klokah.tw/text/sound/19259/321666.mp3"
"7. kya qu psbalay ssquliq ga talagay mqoyat la; Utux Kayal musa mha laqi’ maku qu lhga!","7.使人和睦的人是有福了，因為他們必稱為上帝的兒子女。","https://web.klokah.tw/text/sound/19259/321667.mp3"
"8. kya qu psqzinut m’ubuy qsahuy na Utux Kayal ga talagay mqoyat la; squliq na kinhangan kayal qu lhga!","8.為義而受迫害的人是有福了，因為天國是他們的。","https://web.klokah.tw/text/sound/19259/321668.mp3"
"mpanga saku waya, mpanga saku waya, musa saku sahuy hlahuy, tehuk mhngan lga ini saku usa mita rusa sni’ maku, ini maku baqi’ nanu qu sqoyat ku kahun utux kayal? mpanga saku waya, mkaraw ku rgyax, mkryas saku qsya llyung, utux kayal ki cingasan maku ga syun saku balay inlungan. kuzing hiya ga motux myungay na hlahuy; kuzing hiya ga, mrhuw saku nya qalang Tayal.","我背著籃子，我背著籃子，走到山林，到夜晚時沒有去看所放的陷阱，不知道神的恩典，所放的陷阱是否會抓到什麼？我背著籃子，爬山涉水，神與家庭我常放在心裡。我是森林的裡的勇士；我是部落裡的領導者。","https://web.klokah.tw/text/sound/19260/321669.mp3"
"kuzing hiya ga slakux maku kwara myuhum na qsinuw. lkhngun saku betunux qalang rrgyax. ana mha nanu msbehuy ki mhgwah kwalax ru ana mha nanu ms’unu msluhi ki mkbka rhzyal ga. musa saku si sthay lkmlahang btasaw na cinbwnan qani.","我要征服山野中的猛獸；我要保衛美麗的山水家園。不管暴風報雨，不管天崩地裂，我仍要廝守這片淨土。","https://web.klokah.tw/text/sound/19260/321670.mp3"
"hngyaw na ’bagan ga kwara kinbahan na Tayal ga trang kbablay mluw gaga “slmkotas”. kwara mlikuy ga siy yaw musa qmalup rgyax, smi rlusa, silay, lnga’, ttu’ ru rangay. mciriq qsinuw leqan nha balay syukan ru rasun nha nagasal. kneril hiya lga, mkbalay qwaw trakis, ini ga mtninun pala’ lkusan na cinngasal.","每年七、八月份泛泰雅各縣市都會舉行祖靈祭，過去此時為農閒時期，於八月月圓時，男子結伴進入深山打獵，放置陷阱，並帶回獵物回家。女子則趕在祖靈祭前編織布匹、利用收割小米、旱稻糯米製作米酒，供祭典時食用。","https://web.klokah.tw/text/sound/19261/321671.mp3"
"mwani lga ini balay ptnaq qu qnxan. wayal rima mheriq ru ini snizyaw sinsbilan ni kinbkisan ta gaga qani, nyux siy mhmut tkali’ uzi la. qoyat ta balay, giway nyux mrmaw qu sehu qani, nyux tbah mkbalay zyaw na “smlkotas”qani, mha ni mkbalay “slmkotas” ga.","由於傳統社會組織及宗教信仰的瓦解，目前泰雅族在各縣市政府支持下，祖靈祭還如期舉行。傳統舉行祖靈祭的季節是小米收割以後（大約在七月），由頭目或長老開會商議時間，全社男子都要參加，在天未亮時，到達祭場，每人手持 背籃，裡面有小米、地瓜、芋頭、農作物及所獵得野獸鳥禽；山羊、山羌、山豬 肉、山雞等，作為獻給祖靈之供品，並分享與會成員。祖靈祭的祭品不能帶回部落，必須在祭祀地吃完。沿途回家時要越過火堆，以示與祖靈分隔。","https://web.klokah.tw/text/sound/19261/321672.mp3"
"mrhuw na qalang ga plawa ru psllyun nya kwara mlikuy. ppkayal ru leqan nha mspung. pssyuw mrraw kbalay zyaw qani, ryax te byacing mpitu, rima suqun kmloh kwara qu kinbahuw uzi la. aring slwan sasan mziboq lga, msli’ kwara mrhuw ru klyasan llaqi mlikuy, mpanga waya maras kinluhan nha squ trakis, ngahi, sehuy… ru nmu’ nha hi qsinuw, mit, para, yapit, hi na bzywaq nhyun, kuhex uzi. tngsa nha kinholan ta Tayal.","祖靈祭當日早上，年青族人在耆老帶靈下，聚集於部落廣場載歌載舞一 起歡慶，頭目長老三五成群，以泰雅吟唱方式，輪流對唱述說年來種種事務，舉凡結婚生子、對家族親人的思念、作物收成、打獵都是吟唱元素。 同時頭目宣告將恩愛的男女青年即將成婚，嚴守泰雅GAGA的精神，其他年青人則不得再追求，以成全他們。日落前活動即將結束時，由頭目唸祭詞感謝祖靈保佑，期望明年豐收。然而在泰雅族傳統中，狩獵祭與收割祭的活動，二者合而為一即為目 前所稱祖靈祭活動。整個傳統的祖靈祭活動中，進行的活動約有：傳統舞 蹈、搗米、負重、射箭、越野賽跑、摔角等，呈現早期泰雅族傳統中生活有關的活動。","https://web.klokah.tw/text/sound/19261/321673.mp3"
"abi","睡覺","https://web.klokah.tw/extension/rd_data/audio/6/6_1_V1.mp3"
"kiy","吧","https://web.klokah.tw/extension/rd_data/audio/6/6_1_V2.mp3"
"yabut","嬰兒","https://web.klokah.tw/extension/rd_data/audio/6/6_1_V3.mp3"
"laxiy","不要","https://web.klokah.tw/extension/rd_data/audio/6/6_1_V4.mp3"
"kngungu","害怕；懼怕","https://web.klokah.tw/extension/rd_data/audio/6/6_1_V5.mp3"
"rasaw","帶領；引領","https://web.klokah.tw/extension/rd_data/audio/6/6_1_V6.mp3"
"pinspiyan","夢鄉；夢境","https://web.klokah.tw/extension/rd_data/audio/6/6_1_V7.mp3"
"kinbkisan","祖先；境域","https://web.klokah.tw/extension/rd_data/audio/6/6_1_V8.mp3"
"betunux","美麗的；壯觀的","https://web.klokah.tw/extension/rd_data/audio/6/6_1_V9.mp3"
"cinbwanan","故鄉；現代；世代；土地；世界","https://web.klokah.tw/extension/rd_data/audio/6/6_1_V10.mp3"
"uwah","歡迎；參與","https://web.klokah.tw/extension/rd_data/audio/6/6_2_V1.mp3"
"msli","集合；集中","https://web.klokah.tw/extension/rd_data/audio/6/6_2_V2.mp3"
"myugi","樂舞；舞蹈","https://web.klokah.tw/extension/rd_data/audio/6/6_2_V3.mp3"
"pslyan","聚會","https://web.klokah.tw/extension/rd_data/audio/6/6_2_V4.mp3"
"mlahang","保護；維護","https://web.klokah.tw/extension/rd_data/audio/6/6_2_V5.mp3"
"slokah","健康","https://web.klokah.tw/extension/rd_data/audio/6/6_2_V6.mp3"
"sbiru","邀請函；信件","https://web.klokah.tw/extension/rd_data/audio/6/6_2_V7.mp3"
"pinlawan","邀請","https://web.klokah.tw/extension/rd_data/audio/6/6_2_V8.mp3"
"ps’ubuy","召集","https://web.klokah.tw/extension/rd_data/audio/6/6_2_V9.mp3"
"pslhaw qsliq","鼓勵","https://web.klokah.tw/extension/rd_data/audio/6/6_2_V10.mp3"
"mkayan","談論；討論","https://web.klokah.tw/extension/rd_data/audio/6/6_2_V11.mp3"
"mhbuyaw","豐富","https://web.klokah.tw/extension/rd_data/audio/6/6_2_V12.mp3"
"msqasuw","分享","https://web.klokah.tw/extension/rd_data/audio/6/6_2_V13.mp3"
"mkrayas","傳遞；傳達","https://web.klokah.tw/extension/rd_data/audio/6/6_2_V14.mp3"
"ssoya","喜歡","https://web.klokah.tw/extension/rd_data/audio/6/6_3_V1.mp3"
"mintkari","流離失所","https://web.klokah.tw/extension/rd_data/audio/6/6_3_V2.mp3"
"kara’oke","卡拉OK(外來語)","https://web.klokah.tw/extension/rd_data/audio/6/6_3_V3.mp3"
"qlu","關門","https://web.klokah.tw/extension/rd_data/audio/6/6_3_V4.mp3"
"spwah pqwsan","來唱歌","https://web.klokah.tw/extension/rd_data/audio/6/6_3_V5.mp3"
"msgaliq","破碎；撕裂","https://web.klokah.tw/extension/rd_data/audio/6/6_3_V6.mp3"
"mlata mlngiq","射漁","https://web.klokah.tw/extension/rd_data/audio/6/6_3_V7.mp3"
"bsilung","海","https://web.klokah.tw/extension/rd_data/audio/6/6_3_V8.mp3"
"msbas","洶湧的","https://web.klokah.tw/extension/rd_data/audio/6/6_3_V9.mp3"
"t’ltu","冰冷的","https://web.klokah.tw/extension/rd_data/audio/6/6_3_V10.mp3"
"mmutang","黑暗的；混濁的","https://web.klokah.tw/extension/rd_data/audio/6/6_3_V11.mp3"
"ptasan","紋面","https://web.klokah.tw/extension/rd_data/audio/6/6_4_V1.mp3"
"knerin","女人","https://web.klokah.tw/extension/rd_data/audio/6/6_4_V2.mp3"
"mlikuy","男人","https://web.klokah.tw/extension/rd_data/audio/6/6_4_V3.mp3"
"lkotas","祖先；祖靈","https://web.klokah.tw/extension/rd_data/audio/6/6_4_V4.mp3"
"n_gyut","逐漸的","https://web.klokah.tw/extension/rd_data/audio/6/6_4_V5.mp3"
"mnglung","思想","https://web.klokah.tw/extension/rd_data/audio/6/6_4_V6.mp3"
"muci","如此","https://web.klokah.tw/extension/rd_data/audio/6/6_4_V7.mp3"
"mhtuw","生出","https://web.klokah.tw/extension/rd_data/audio/6/6_4_V8.mp3"
"baqun","知道","https://web.klokah.tw/extension/rd_data/audio/6/6_4_V9.mp3"
"swayan","允許","https://web.klokah.tw/extension/rd_data/audio/6/6_4_V10.mp3"
"qmasi","塗上","https://web.klokah.tw/extension/rd_data/audio/6/6_4_V11.mp3"
"qbuli","土灰","https://web.klokah.tw/extension/rd_data/audio/6/6_4_V12.mp3"
"rqyas","臉","https://web.klokah.tw/extension/rd_data/audio/6/6_4_V13.mp3"
"rapan","腳印","https://web.klokah.tw/extension/rd_data/audio/6/6_5_V1.mp3"
"hkngyan","行蹤；蹤跡","https://web.klokah.tw/extension/rd_data/audio/6/6_5_V2.mp3"
"skayal","談論","https://web.klokah.tw/extension/rd_data/audio/6/6_5_V3.mp3"
"pinsbkan","石頭裂縫處（泰雅石生說）","https://web.klokah.tw/extension/rd_data/audio/6/6_5_V4.mp3"
"t’aring","起源","https://web.klokah.tw/extension/rd_data/audio/6/6_5_V5.mp3"
"mqasuw","分開","https://web.klokah.tw/extension/rd_data/audio/6/6_5_V6.mp3"
"Taycyu","臺中","https://web.klokah.tw/extension/rd_data/audio/6/6_5_V7.mp3"
"Byorit","苗栗","https://web.klokah.tw/extension/rd_data/audio/6/6_5_V8.mp3"
"Nahuy","新竹","https://web.klokah.tw/extension/rd_data/audio/6/6_5_V9.mp3"
"Toyeng","桃園","https://web.klokah.tw/extension/rd_data/audio/6/6_5_V10.mp3"
"Bnka","臺北","https://web.klokah.tw/extension/rd_data/audio/6/6_5_V11.mp3"
"Karinko","花蓮","https://web.klokah.tw/extension/rd_data/audio/6/6_5_V12.mp3"
"Girang","宜蘭","https://web.klokah.tw/extension/rd_data/audio/6/6_5_V13.mp3"
"gow","鄉鎮（外來語）","https://web.klokah.tw/extension/rd_data/audio/6/6_5_V14.mp3"
"mgayang","擴散；散播","https://web.klokah.tw/extension/rd_data/audio/6/6_5_V15.mp3"
"wayan","久遠","https://web.klokah.tw/extension/rd_data/audio/6/6_5_V16.mp3"
"yaba","父親（也是神父的尊稱）","https://web.klokah.tw/extension/rd_data/audio/6/6_6_V1.mp3"
"Pasang","男子名","https://web.klokah.tw/extension/rd_data/audio/6/6_6_V2.mp3"
"wayan mhngaw","退休","https://web.klokah.tw/extension/rd_data/audio/6/6_6_V3.mp3"
"smka seki","半世紀","https://web.klokah.tw/extension/rd_data/audio/6/6_6_V4.mp3"
"qnahang","耕耘","https://web.klokah.tw/extension/rd_data/audio/6/6_6_V5.mp3"
"Pyasan","桃園三民","https://web.klokah.tw/extension/rd_data/audio/6/6_6_V6.mp3"
"k’guy","倦怠；無怨無悔","https://web.klokah.tw/extension/rd_data/audio/6/6_6_V7.mp3"
"syunaw","繼承","https://web.klokah.tw/extension/rd_data/audio/6/6_6_V8.mp3"
"Itari","義大利","https://web.klokah.tw/extension/rd_data/audio/6/6_6_V9.mp3"
"mshriq","離鄉背井","https://web.klokah.tw/extension/rd_data/audio/6/6_6_V10.mp3"
"minkoku","民國…","https://web.klokah.tw/extension/rd_data/audio/6/6_6_V11.mp3"
"miman","五十","https://web.klokah.tw/extension/rd_data/audio/6/6_6_V12.mp3"
"Lancmi","人名","https://web.klokah.tw/extension/rd_data/audio/6/6_6_V13.mp3"
"Sto","人名","https://web.klokah.tw/extension/rd_data/audio/6/6_6_V14.mp3"
"Cyukoku","中國","https://web.klokah.tw/extension/rd_data/audio/6/6_6_V15.mp3"
"swali","同意","https://web.klokah.tw/extension/rd_data/audio/6/6_6_V16.mp3"
"betak","連續","https://web.klokah.tw/extension/rd_data/audio/6/6_6_V17.mp3"
"patun","四十","https://web.klokah.tw/extension/rd_data/audio/6/6_6_V18.mp3"
"muruw","傳揚；推動","https://web.klokah.tw/extension/rd_data/audio/6/6_6_V19.mp3"
"theluw","中文","https://web.klokah.tw/extension/rd_data/audio/6/6_7_V1.mp3"
"Censyome","作家中文譯名","https://web.klokah.tw/extension/rd_data/audio/6/6_7_V2.mp3"
"htgan","生於","https://web.klokah.tw/extension/rd_data/audio/6/6_7_V3.mp3"
"klapay","地名","https://web.klokah.tw/extension/rd_data/audio/6/6_7_V4.mp3"
"bbsyaq","許久","https://web.klokah.tw/extension/rd_data/audio/6/6_7_V5.mp3"
"pincwagan","職業；從事…","https://web.klokah.tw/extension/rd_data/audio/6/6_7_V6.mp3"
"conxwa koba turuy","中華汽車公司","https://web.klokah.tw/extension/rd_data/audio/6/6_7_V7.mp3"
"kryasan","成長","https://web.klokah.tw/extension/rd_data/audio/6/6_7_V8.mp3"
"llyung","溪流；河川","https://web.klokah.tw/extension/rd_data/audio/6/6_7_V9.mp3"
"tkura","傾向；導向","https://web.klokah.tw/extension/rd_data/audio/6/6_7_V10.mp3"
"hogan","都會","https://web.klokah.tw/extension/rd_data/audio/6/6_7_V11.mp3"
"mtasaw","清新；亮麗；聰明","https://web.klokah.tw/extension/rd_data/audio/6/6_7_V12.mp3"
"mshgway","溫柔","https://web.klokah.tw/extension/rd_data/audio/6/6_7_V13.mp3"
"lhrhun","溫暖；溫馨","https://web.klokah.tw/extension/rd_data/audio/6/6_7_V14.mp3"
"Utux kayal","神","https://web.klokah.tw/extension/rd_data/audio/6/6_8_V1.mp3"
"sgleng mshriq","引領","https://web.klokah.tw/extension/rd_data/audio/6/6_8_V2.mp3"
"Eziputo","埃及","https://web.klokah.tw/extension/rd_data/audio/6/6_8_V3.mp3"
"minqnyatan","被奴役","https://web.klokah.tw/extension/rd_data/audio/6/6_8_V4.mp3"
"rehay","朝拜；敬拜","https://web.klokah.tw/extension/rd_data/audio/6/6_8_V5.mp3"
"hukung","膜拜","https://web.klokah.tw/extension/rd_data/audio/6/6_8_V6.mp3"
"psulung","跟隨；學習","https://web.klokah.tw/extension/rd_data/audio/6/6_8_V7.mp3"
"skura","傾向","https://web.klokah.tw/extension/rd_data/audio/6/6_8_V8.mp3"
"kintari","跪拜","https://web.klokah.tw/extension/rd_data/audio/6/6_8_V9.mp3"
"nbah","絕不","https://web.klokah.tw/extension/rd_data/audio/6/6_8_V10.mp3"
"smwal","允許","https://web.klokah.tw/extension/rd_data/audio/6/6_8_V11.mp3"
"mssungus","忌邪","https://web.klokah.tw/extension/rd_data/audio/6/6_8_V12.mp3"
"smyaqih","相互懷恨","https://web.klokah.tw/extension/rd_data/audio/6/6_8_V13.mp3"
"phogun","懲罰","https://web.klokah.tw/extension/rd_data/audio/6/6_8_V14.mp3"
"’mubuy","遵循","https://web.klokah.tw/extension/rd_data/audio/6/6_8_V15.mp3"
"qinyatan","牲畜","https://web.klokah.tw/extension/rd_data/audio/6/6_8_V16.mp3"
"sin’anan","餵養","https://web.klokah.tw/extension/rd_data/audio/6/6_8_V17.mp3"
"apal","姦淫","https://web.klokah.tw/extension/rd_data/audio/6/6_8_V18.mp3"
"skkwa","足夠","https://web.klokah.tw/extension/rd_data/audio/6/6_9_V1.mp3"
"lgluw","順著","https://web.klokah.tw/extension/rd_data/audio/6/6_9_V2.mp3"
"rhzyal","土地","https://web.klokah.tw/extension/rd_data/audio/6/6_9_V3.mp3"
"ki’an","居所","https://web.klokah.tw/extension/rd_data/audio/6/6_9_V4.mp3"
"yungi","遺忘","https://web.klokah.tw/extension/rd_data/audio/6/6_9_V5.mp3"
"kinholan","祖先","https://web.klokah.tw/extension/rd_data/audio/6/6_9_V6.mp3"
"prraw","互助","https://web.klokah.tw/extension/rd_data/audio/6/6_9_V7.mp3"
"qinbaqan","智慧；知識","https://web.klokah.tw/extension/rd_data/audio/6/6_9_V8.mp3"
"snbin","遺留","https://web.klokah.tw/extension/rd_data/audio/6/6_9_V9.mp3"
"pssun","整理","https://web.klokah.tw/extension/rd_data/audio/6/6_9_V10.mp3"
"pbaqiy","教導","https://web.klokah.tw/extension/rd_data/audio/6/6_9_V11.mp3"
"pskyut","中斷","https://web.klokah.tw/extension/rd_data/audio/6/6_9_V12.mp3"
"qbuci","根；血緣","https://web.klokah.tw/extension/rd_data/audio/6/6_9_V13.mp3"
"kongat","消失","https://web.klokah.tw/extension/rd_data/audio/6/6_9_V14.mp3"
"tninun","精神","https://web.klokah.tw/extension/rd_data/audio/6/6_9_V15.mp3"
"skahun ","由來","https://web.klokah.tw/extension/rd_data/audio/6/6_10_V1.mp3"
"sqasan","慶祝；慶典","https://web.klokah.tw/extension/rd_data/audio/6/6_10_V2.mp3"
"s’ubuy","使銜接；連結","https://web.klokah.tw/extension/rd_data/audio/6/6_10_V3.mp3"
"mbiq","給予；賦予","https://web.klokah.tw/extension/rd_data/audio/6/6_10_V4.mp3"
"suruw","後面；於...之後","https://web.klokah.tw/extension/rd_data/audio/6/6_10_V5.mp3"
"ramu","血緣；血統","https://web.klokah.tw/extension/rd_data/audio/6/6_10_V6.mp3"
"puqin","根本","https://web.klokah.tw/extension/rd_data/audio/6/6_10_V7.mp3"
"s’agan","取自","https://web.klokah.tw/extension/rd_data/audio/6/6_10_V8.mp3"
"pinbahuw","農作物","https://web.klokah.tw/extension/rd_data/audio/6/6_10_V9.mp3"
"parung","松柏","https://web.klokah.tw/extension/rd_data/audio/6/6_10_V10.mp3"
"agiq","小芒草","https://web.klokah.tw/extension/rd_data/audio/6/6_10_V11.mp3"
"tana","刺蔥","https://web.klokah.tw/extension/rd_data/audio/6/6_10_V12.mp3"
"sasan","黎明；早晨","https://web.klokah.tw/extension/rd_data/audio/6/6_10_V13.mp3"
"hongu","橋梁","https://web.klokah.tw/extension/rd_data/audio/6/6_10_V14.mp3"
"mqyanux","生活","https://web.klokah.tw/extension/rd_data/audio/6/6_11_V1.mp3"
"babaw","在…之上","https://web.klokah.tw/extension/rd_data/audio/6/6_11_V2.mp3"
"panga ","背負","https://web.klokah.tw/extension/rd_data/audio/6/6_11_V3.mp3"
"tokan","背籃","https://web.klokah.tw/extension/rd_data/audio/6/6_11_V4.mp3"
"qsinuw","野獸","https://web.klokah.tw/extension/rd_data/audio/6/6_11_V5.mp3"
"rasun ","帶來","https://web.klokah.tw/extension/rd_data/audio/6/6_11_V6.mp3"
"msqun","聚集","https://web.klokah.tw/extension/rd_data/audio/6/6_11_V7.mp3"
"tmalam","品嚐","https://web.klokah.tw/extension/rd_data/audio/6/6_11_V8.mp3"
"sbiq","給予","https://web.klokah.tw/extension/rd_data/audio/6/6_11_V9.mp3"
"mgalu","仁慈","https://web.klokah.tw/extension/rd_data/audio/6/6_11_V10.mp3"
"tlingay","鄰居","https://web.klokah.tw/extension/rd_data/audio/6/6_11_V11.mp3"
"qoyat","幸運","https://web.klokah.tw/extension/rd_data/audio/6/6_11_V12.mp3"
"kinhboyaw","豐富","https://web.klokah.tw/extension/rd_data/audio/6/6_11_V13.mp3"
"msqun","集合","https://web.klokah.tw/extension/rd_data/audio/6/6_11_V14.mp3"
"Yukan","男子名","https://web.klokah.tw/extension/rd_data/audio/6/6_12_V1.mp3"
"Maray","男子名","https://web.klokah.tw/extension/rd_data/audio/6/6_12_V2.mp3"
"smbes ","陪伴","https://web.klokah.tw/extension/rd_data/audio/6/6_12_V3.mp3"
"smze","提親","https://web.klokah.tw/extension/rd_data/audio/6/6_12_V4.mp3"
"Sayun","女子名","https://web.klokah.tw/extension/rd_data/audio/6/6_12_V5.mp3"
"Hayung","男子名","https://web.klokah.tw/extension/rd_data/audio/6/6_12_V6.mp3"
"psina","要求；請求","https://web.klokah.tw/extension/rd_data/audio/6/6_12_V7.mp3"
"hngawan","假期","https://web.klokah.tw/extension/rd_data/audio/6/6_12_V8.mp3"
"mhngaw","休假","https://web.klokah.tw/extension/rd_data/audio/6/6_12_V9.mp3"
"p’aras","請託運送","https://web.klokah.tw/extension/rd_data/audio/6/6_12_V10.mp3"
"sgsgya","開啟","https://web.klokah.tw/extension/rd_data/audio/6/6_12_V11.mp3"
"snatu","寄送","https://web.klokah.tw/extension/rd_data/audio/6/6_12_V12.mp3"
"msra","威武；雄偉","https://web.klokah.tw/extension/rd_data/audio/6/6_13_V1.mp3"
"pinsrxan","所建立","https://web.klokah.tw/extension/rd_data/audio/6/6_13_V2.mp3"
"snbilan ","遺留","https://web.klokah.tw/extension/rd_data/audio/6/6_13_V3.mp3"
"Mariqwang","馬里闊灣 ","https://web.klokah.tw/extension/rd_data/audio/6/6_13_V4.mp3"
"Ulay","烏來","https://web.klokah.tw/extension/rd_data/audio/6/6_13_V5.mp3"
"Yuraw","宇老","https://web.klokah.tw/extension/rd_data/audio/6/6_13_V6.mp3"
"Batu","人名","https://web.klokah.tw/extension/rd_data/audio/6/6_13_V7.mp3"
"Tayyaw","抬耀","https://web.klokah.tw/extension/rd_data/audio/6/6_13_V8.mp3"
"Lmwan","留茂安","https://web.klokah.tw/extension/rd_data/audio/6/6_13_V9.mp3"
"Basu","巴蘇","https://web.klokah.tw/extension/rd_data/audio/6/6_13_V10.mp3"
"Name","馬美","https://web.klokah.tw/extension/rd_data/audio/6/6_13_V11.mp3"
"Toruy","石磊","https://web.klokah.tw/extension/rd_data/audio/6/6_13_V12.mp3"
"Ripo ","李埔","https://web.klokah.tw/extension/rd_data/audio/6/6_13_V13.mp3"
"Lkbuta ","泰雅移民史頭目之一","https://web.klokah.tw/extension/rd_data/audio/6/6_13_V14.mp3"
"ms’urux","建立；樹立","https://web.klokah.tw/extension/rd_data/audio/6/6_13_V15.mp3"
"Litozan","李棟山","https://web.klokah.tw/extension/rd_data/audio/6/6_13_V16.mp3"
"kngngun","害怕；恐懼","https://web.klokah.tw/extension/rd_data/audio/6/6_13_V17.mp3"
"msluhiy","崩山","https://web.klokah.tw/extension/rd_data/audio/6/6_13_V18.mp3"
"hngyang","聲音","https://web.klokah.tw/extension/rd_data/audio/6/6_13_V19.mp3"
"siki","必須","https://web.klokah.tw/extension/rd_data/audio/6/6_14_V1.mp3"
"ql’ux","長壽","https://web.klokah.tw/extension/rd_data/audio/6/6_14_V2.mp3"
"’tuxan","永生","https://web.klokah.tw/extension/rd_data/audio/6/6_14_V3.mp3"
"nanu si ga","這樣","https://web.klokah.tw/extension/rd_data/audio/6/6_14_V4.mp3"
"thoyay ","成功","https://web.klokah.tw/extension/rd_data/audio/6/6_14_V5.mp3"
"hminas","超越；越過","https://web.klokah.tw/extension/rd_data/audio/6/6_14_V6.mp3"
"hmut ","隨意；任意","https://web.klokah.tw/extension/rd_data/audio/6/6_14_V7.mp3"
"klahang","保護；守衛","https://web.klokah.tw/extension/rd_data/audio/6/6_14_V8.mp3"
"lgleng","在…之前","https://web.klokah.tw/extension/rd_data/audio/6/6_14_V9.mp3"
"pklahang","護衛","https://web.klokah.tw/extension/rd_data/audio/6/6_14_V10.mp3"
"pspngan","審斷；規範；準則","https://web.klokah.tw/extension/rd_data/audio/6/6_14_V11.mp3"
"hknyan","行為","https://web.klokah.tw/extension/rd_data/audio/6/6_14_V12.mp3"
"iluh","炭灰","https://web.klokah.tw/extension/rd_data/audio/6/6_14_V13.mp3"
"mhotaw","墜落","https://web.klokah.tw/extension/rd_data/audio/6/6_14_V14.mp3"
"bibil ","眼鏡蛇","https://web.klokah.tw/extension/rd_data/audio/6/6_14_V15.mp3"
"mqu","巨蟒","https://web.klokah.tw/extension/rd_data/audio/6/6_14_V16.mp3"
"suruw ","之後","https://web.klokah.tw/extension/rd_data/audio/6/6_15_V1.mp3"
"mzyup","進入","https://web.klokah.tw/extension/rd_data/audio/6/6_15_V2.mp3"
"msqroyux","深邃","https://web.klokah.tw/extension/rd_data/audio/6/6_15_V3.mp3"
"’rzin","左邊","https://web.klokah.tw/extension/rd_data/audio/6/6_15_V4.mp3"
"mstnaq","遇見","https://web.klokah.tw/extension/rd_data/audio/6/6_15_V5.mp3"
"minanak","特殊；不一樣","https://web.klokah.tw/extension/rd_data/audio/6/6_15_V6.mp3"
"lkusan","衣著","https://web.klokah.tw/extension/rd_data/audio/6/6_15_V7.mp3"
"pzi’an","玩具","https://web.klokah.tw/extension/rd_data/audio/6/6_15_V8.mp3"
"kki’an","居所","https://web.klokah.tw/extension/rd_data/audio/6/6_15_V9.mp3"
"muci’","不同","https://web.klokah.tw/extension/rd_data/audio/6/6_15_V10.mp3"
"mtbah ","臨時","https://web.klokah.tw/extension/rd_data/audio/6/6_15_V11.mp3"
"mbasaw","舒暢","https://web.klokah.tw/extension/rd_data/audio/6/6_15_V12.mp3"
"ki’a","也許；或許","https://web.klokah.tw/extension/rd_data/audio/6/6_15_V13.mp3"
"mnuqu","錯誤","https://web.klokah.tw/extension/rd_data/audio/6/6_15_V14.mp3"
"qnbaq ","認知；認識","https://web.klokah.tw/extension/rd_data/audio/6/6_15_V15.mp3"
"nuci ","就這樣","https://web.klokah.tw/extension/rd_data/audio/6/6_15_V16.mp3"
"mlukus","穿著","https://web.klokah.tw/extension/rd_data/audio/6/6_15_V17.mp3"
"latan ","大圍巾（手工）","https://web.klokah.tw/extension/rd_data/audio/6/6_15_V18.mp3"
"kgiy","苧蔴","https://web.klokah.tw/extension/rd_data/audio/6/6_15_V19.mp3"
"pinqzwan","述說","https://web.klokah.tw/extension/rd_data/audio/6/6_15_V20.mp3"
"twahiq","搖遠","https://web.klokah.tw/extension/rd_data/audio/6/6_16_V1.mp3"
"mrkyas","成長","https://web.klokah.tw/extension/rd_data/audio/6/6_16_V2.mp3"
"mnaki","住居","https://web.klokah.tw/extension/rd_data/audio/6/6_16_V3.mp3"
"mutu","聚集","https://web.klokah.tw/extension/rd_data/audio/6/6_16_V4.mp3"
"m’ra","仰望","https://web.klokah.tw/extension/rd_data/audio/6/6_16_V5.mp3"
"kinwagiq na ’bu","巍峨的山峯","https://web.klokah.tw/extension/rd_data/audio/6/6_16_V6.mp3"
"mromun","俯視","https://web.klokah.tw/extension/rd_data/audio/6/6_16_V7.mp3"
"mlabang","寬廣","https://web.klokah.tw/extension/rd_data/audio/6/6_16_V8.mp3"
"Tayal","原住民","https://web.klokah.tw/extension/rd_data/audio/6/6_16_V9.mp3"
"pusan","二十","https://web.klokah.tw/extension/rd_data/audio/6/6_16_V10.mp3"
"xukuyin","福音","https://web.klokah.tw/extension/rd_data/audio/6/6_16_V11.mp3"
"seng","千","https://web.klokah.tw/extension/rd_data/audio/6/6_16_V12.mp3"
"smwan","同意；允許","https://web.klokah.tw/extension/rd_data/audio/6/6_16_V13.mp3"
"tgiwan ","開啟；啟蒙","https://web.klokah.tw/extension/rd_data/audio/6/6_16_V14.mp3"
"shriq","離開","https://web.klokah.tw/extension/rd_data/audio/6/6_16_V15.mp3"
"tmasoq","完成；結束","https://web.klokah.tw/extension/rd_data/audio/6/6_16_V16.mp3"
"Walis.nokan","瓦歷斯‧諾幹","https://web.klokah.tw/extension/rd_data/audio/6/6_17_V1.mp3"
"Mihwo","地名","https://web.klokah.tw/extension/rd_data/audio/6/6_17_V2.mp3"
"syun","取名","https://web.klokah.tw/extension/rd_data/audio/6/6_17_V3.mp3"
"Ryu’aw","柳翱（筆名）","https://web.klokah.tw/extension/rd_data/audio/6/6_17_V4.mp3"
"mincbaq","任教；教學","https://web.klokah.tw/extension/rd_data/audio/6/6_17_V5.mp3"
"Ziyu","學校名（譯音）","https://web.klokah.tw/extension/rd_data/audio/6/6_17_V6.mp3"
"matas brwan","寫作","https://web.klokah.tw/extension/rd_data/audio/6/6_17_V7.mp3"
"Comontye","周夢蝶","https://web.klokah.tw/extension/rd_data/audio/6/6_17_V8.mp3"
"Yukawngcon","余光中","https://web.klokah.tw/extension/rd_data/audio/6/6_17_V9.mp3"
"Roxu","洛夫","https://web.klokah.tw/extension/rd_data/audio/6/6_17_V10.mp3"
"Yangmu","楊牧","https://web.klokah.tw/extension/rd_data/audio/6/6_17_V11.mp3"
"tbah muluw ","關注；意識","https://web.klokah.tw/extension/rd_data/audio/6/6_17_V12.mp3"
"sbagan pinbrwan","彗星詩社（譯名）","https://web.klokah.tw/extension/rd_data/audio/6/6_17_V13.mp3"
"spiyang ","特殊格外","https://web.klokah.tw/extension/rd_data/audio/6/6_18_V1.mp3"
"smku","存心儲存","https://web.klokah.tw/extension/rd_data/audio/6/6_18_V2.mp3"
"snhyun","信仰","https://web.klokah.tw/extension/rd_data/audio/6/6_18_V3.mp3"
"Yesu Kiristo","耶穌基督（譯音）","https://web.klokah.tw/extension/rd_data/audio/6/6_18_V4.mp3"
"snalu","仁慈；慈愛","https://web.klokah.tw/extension/rd_data/audio/6/6_18_V5.mp3"
"sere","洗禮","https://web.klokah.tw/extension/rd_data/audio/6/6_18_V6.mp3"
"minki’an","已存在","https://web.klokah.tw/extension/rd_data/audio/6/6_18_V7.mp3"
"slaqi’","生育","https://web.klokah.tw/extension/rd_data/audio/6/6_18_V8.mp3"
"krakis","少女","https://web.klokah.tw/extension/rd_data/audio/6/6_18_V9.mp3"
"kibahing","傷痛","https://web.klokah.tw/extension/rd_data/audio/6/6_18_V10.mp3"
"Pirate","比拉多（譯音）","https://web.klokah.tw/extension/rd_data/audio/6/6_18_V11.mp3"
"sbnu","被釘","https://web.klokah.tw/extension/rd_data/audio/6/6_18_V12.mp3"
"zyuzika","十字架","https://web.klokah.tw/extension/rd_data/audio/6/6_18_V13.mp3"
"hmoqin","死亡","https://web.klokah.tw/extension/rd_data/audio/6/6_18_V14.mp3"
"mbziq","降生；誕生","https://web.klokah.tw/extension/rd_data/audio/6/6_18_V15.mp3"
"mnkung","黑暗","https://web.klokah.tw/extension/rd_data/audio/6/6_18_V16.mp3"
"zikoku","地獄","https://web.klokah.tw/extension/rd_data/audio/6/6_18_V17.mp3"
"snwalan","允許","https://web.klokah.tw/extension/rd_data/audio/6/6_18_V18.mp3"
"tyugan","交替","https://web.klokah.tw/extension/rd_data/audio/6/6_19_V1.mp3"
"pqzyu ","敘述；傳說","https://web.klokah.tw/extension/rd_data/audio/6/6_19_V2.mp3"
"sngayan ","流傳","https://web.klokah.tw/extension/rd_data/audio/6/6_19_V3.mp3"
"mbalay ","天真","https://web.klokah.tw/extension/rd_data/audio/6/6_19_V4.mp3"
"kintasaw","青翠","https://web.klokah.tw/extension/rd_data/audio/6/6_19_V5.mp3"
"mshlah","輕鬆；自在","https://web.klokah.tw/extension/rd_data/audio/6/6_19_V6.mp3"
"smyang","猶如","https://web.klokah.tw/extension/rd_data/audio/6/6_19_V7.mp3"
"trang","正在","https://web.klokah.tw/extension/rd_data/audio/6/6_19_V8.mp3"
"kmloh","收割","https://web.klokah.tw/extension/rd_data/audio/6/6_19_V9.mp3"
"trakis ","小米","https://web.klokah.tw/extension/rd_data/audio/6/6_19_V10.mp3"
"pagay ","稻米","https://web.klokah.tw/extension/rd_data/audio/6/6_19_V11.mp3"
"mma’ ","當令；時令","https://web.klokah.tw/extension/rd_data/audio/6/6_19_V12.mp3"
"mhoqin","成熟","https://web.klokah.tw/extension/rd_data/audio/6/6_19_V13.mp3"
"mlabang ","照顧","https://web.klokah.tw/extension/rd_data/audio/6/6_19_V14.mp3"
"skutaw","心胸","https://web.klokah.tw/extension/rd_data/audio/6/6_19_V15.mp3"
"yabux ","流汗","https://web.klokah.tw/extension/rd_data/audio/6/6_19_V16.mp3"
"turu","背部","https://web.klokah.tw/extension/rd_data/audio/6/6_19_V17.mp3"
"wiy","邊…邊","https://web.klokah.tw/extension/rd_data/audio/6/6_19_V18.mp3"
"si ","一直","https://web.klokah.tw/extension/rd_data/audio/6/6_20_V1.mp3"
"kita ","呈現；所見","https://web.klokah.tw/extension/rd_data/audio/6/6_20_V2.mp3"
"inanaq","特殊；不一樣","https://web.klokah.tw/extension/rd_data/audio/6/6_20_V3.mp3"
"abas","遺憾","https://web.klokah.tw/extension/rd_data/audio/6/6_20_V4.mp3"
"mciriq","爭鬥；戰鬥","https://web.klokah.tw/extension/rd_data/audio/6/6_20_V5.mp3"
"psbuyan","銜接；連接","https://web.klokah.tw/extension/rd_data/audio/6/6_20_V6.mp3"
"lhuyan","屬於","https://web.klokah.tw/extension/rd_data/audio/6/6_20_V7.mp3"
"qu zyaw na","故事；陳述之事；訴說","https://web.klokah.tw/extension/rd_data/audio/6/6_20_V8.mp3"
"spkita","所呈現","https://web.klokah.tw/extension/rd_data/audio/6/6_20_V9.mp3"
"psbilun","所流傳","https://web.klokah.tw/extension/rd_data/audio/6/6_20_V10.mp3"
"hzi’an ","遷徙","https://web.klokah.tw/extension/rd_data/audio/6/6_20_V11.mp3"
"cinriqan","戰場","https://web.klokah.tw/extension/rd_data/audio/6/6_20_V12.mp3"
"sintrahu","讚美","https://web.klokah.tw/extension/rd_data/audio/6/6_20_V13.mp3"
"llaqi","孩子們","https://web.klokah.tw/extension/rd_data/audio/6/6_21_V1.mp3"
"kinbahan","子孫","https://web.klokah.tw/extension/rd_data/audio/6/6_21_V2.mp3"
"na","連接詞（的）","https://web.klokah.tw/extension/rd_data/audio/6/6_21_V3.mp3"
"mqbaq","學習","https://web.klokah.tw/extension/rd_data/audio/6/6_21_V4.mp3"
"ita","咱們","https://web.klokah.tw/extension/rd_data/audio/6/6_21_V5.mp3"
"spwah","使...從...","https://web.klokah.tw/extension/rd_data/audio/6/6_21_V6.mp3"
"ana","不管","https://web.klokah.tw/extension/rd_data/audio/6/6_21_V7.mp3"
"knwan","何時","https://web.klokah.tw/extension/rd_data/audio/6/6_21_V8.mp3"
"pkal","互相談話","https://web.klokah.tw/extension/rd_data/audio/6/6_21_V9.mp3"
"cikuy","小的；少的","https://web.klokah.tw/extension/rd_data/audio/6/6_21_V10.mp3"
"qwas","唱歌","https://web.klokah.tw/extension/rd_data/audio/6/6_21_V11.mp3"
"mqwas","使唱歌","https://web.klokah.tw/extension/rd_data/audio/6/6_21_V12.mp3"
"inlungan","心地","https://web.klokah.tw/extension/rd_data/audio/6/6_21_V13.mp3"
"mʼutu","聚集","https://web.klokah.tw/extension/rd_data/audio/6/6_22_V1.mp3"
"qqsinuw ","野生動物","https://web.klokah.tw/extension/rd_data/audio/6/6_22_V2.mp3"
"qqbhniq","鳥類","https://web.klokah.tw/extension/rd_data/audio/6/6_22_V3.mp3"
"maqux ","贏","https://web.klokah.tw/extension/rd_data/audio/6/6_22_V4.mp3"
"tmuruy ","使滾動","https://web.klokah.tw/extension/rd_data/audio/6/6_22_V5.mp3"
"kbsyaq","不久","https://web.klokah.tw/extension/rd_data/audio/6/6_22_V6.mp3"
"pssyuw ","輪流","https://web.klokah.tw/extension/rd_data/audio/6/6_22_V7.mp3"
"nbaʼ ","罕見","https://web.klokah.tw/extension/rd_data/audio/6/6_22_V8.mp3"
"mzuy","玩耍","https://web.klokah.tw/extension/rd_data/audio/6/6_22_V9.mp3"
"mbinah","退出","https://web.klokah.tw/extension/rd_data/audio/6/6_22_V10.mp3"
"siliq","綠繡眼（希利克鳥泰雅語譯音）","https://web.klokah.tw/extension/rd_data/audio/6/6_22_V11.mp3"
"cyaqung","烏鴉","https://web.klokah.tw/extension/rd_data/audio/6/6_22_V12.mp3"
"ngatoq ","尖嘴","https://web.klokah.tw/extension/rd_data/audio/6/6_22_V13.mp3"
"kuzih ","腳爪","https://web.klokah.tw/extension/rd_data/audio/6/6_22_V14.mp3"
"cqeri","諷刺","https://web.klokah.tw/extension/rd_data/audio/6/6_22_V15.mp3"
"psyaqan","譏笑","https://web.klokah.tw/extension/rd_data/audio/6/6_22_V16.mp3"
"mhotaw ","掉落","https://web.klokah.tw/extension/rd_data/audio/6/6_22_V17.mp3"
"mbka","裂開","https://web.klokah.tw/extension/rd_data/audio/6/6_22_V18.mp3"
"krahu","偉大","https://web.klokah.tw/extension/rd_data/audio/6/6_23_V1.mp3"
"kotas","先祖（男性）","https://web.klokah.tw/extension/rd_data/audio/6/6_23_V2.mp3"
"aring","開始","https://web.klokah.tw/extension/rd_data/audio/6/6_23_V3.mp3"
"raran","以前","https://web.klokah.tw/extension/rd_data/audio/6/6_23_V4.mp3"
"bnux","平坦","https://web.klokah.tw/extension/rd_data/audio/6/6_23_V5.mp3"
"hlahuy","山；野地；郊外","https://web.klokah.tw/extension/rd_data/audio/6/6_23_V6.mp3"
"hhuway","非常感激","https://web.klokah.tw/extension/rd_data/audio/6/6_23_V7.mp3"
"memaw","使得","https://web.klokah.tw/extension/rd_data/audio/6/6_23_V8.mp3"
"tgtuw","震動","https://web.klokah.tw/extension/rd_data/audio/6/6_23_V9.mp3"
"giwan","猶如","https://web.klokah.tw/extension/rd_data/audio/6/6_23_V10.mp3"
"zngyan","忘記","https://web.klokah.tw/extension/rd_data/audio/6/6_23_V11.mp3"
"s%27inu","懷念","https://web.klokah.tw/extension/rd_data/audio/6/6_23_V12.mp3"
"lkbuta","哥布塔（泰雅始祖）","https://web.klokah.tw/extension/rd_data/audio/6/6_23_V13.mp3"
"pqzyu","敘述；宣導；宣傳","https://web.klokah.tw/extension/rd_data/audio/6/6_23_V14.mp3"
"sraral","從前","https://web.klokah.tw/extension/rd_data/audio/6/6_24_V1.mp3"
"ksunu","洪水","https://web.klokah.tw/extension/rd_data/audio/6/6_24_V2.mp3"
"lengun","引導","https://web.klokah.tw/extension/rd_data/audio/6/6_24_V3.mp3"
"mtlqin","躲避","https://web.klokah.tw/extension/rd_data/audio/6/6_24_V4.mp3"
"qlih","乾凅","https://web.klokah.tw/extension/rd_data/audio/6/6_24_V5.mp3"
"yagun","淹沒","https://web.klokah.tw/extension/rd_data/audio/6/6_24_V6.mp3"
"sbuling","丟棄","https://web.klokah.tw/extension/rd_data/audio/6/6_24_V7.mp3"
"smwayan","願意","https://web.klokah.tw/extension/rd_data/audio/6/6_24_V8.mp3"
"pucing","隨後","https://web.klokah.tw/extension/rd_data/audio/6/6_24_V9.mp3"
"pshtoq","解救","https://web.klokah.tw/extension/rd_data/audio/6/6_24_V10.mp3"
"llaw","右邊","https://web.klokah.tw/extension/rd_data/audio/6/6_24_V11.mp3"
"’zil","左邊","https://web.klokah.tw/extension/rd_data/audio/6/6_24_V12.mp3"
"msthay","剩餘","https://web.klokah.tw/extension/rd_data/audio/6/6_24_V13.mp3"
"Mtalah","馬達拉溪","https://web.klokah.tw/extension/rd_data/audio/6/6_24_V14.mp3"
"sra","望著","https://web.klokah.tw/extension/rd_data/audio/6/6_24_V15.mp3"
"mlpaw","黎明","https://web.klokah.tw/extension/rd_data/audio/6/6_25_V1.mp3"
"hzyaq ","冷","https://web.klokah.tw/extension/rd_data/audio/6/6_25_V2.mp3"
"mtlaka","下雪","https://web.klokah.tw/extension/rd_data/audio/6/6_25_V3.mp3"
"mhebung ","黃色的","https://web.klokah.tw/extension/rd_data/audio/6/6_25_V4.mp3"
"mkzyay","枯乾","https://web.klokah.tw/extension/rd_data/audio/6/6_25_V5.mp3"
"intasan","色彩","https://web.klokah.tw/extension/rd_data/audio/6/6_25_V6.mp3"
"uruw","溪谷","https://web.klokah.tw/extension/rd_data/audio/6/6_25_V7.mp3"
"bbu","山頂","https://web.klokah.tw/extension/rd_data/audio/6/6_25_V8.mp3"
"n_gyut","漸漸地","https://web.klokah.tw/extension/rd_data/audio/6/6_25_V9.mp3"
"snruyut","整理","https://web.klokah.tw/extension/rd_data/audio/6/6_25_V10.mp3"
"kntan","景觀","https://web.klokah.tw/extension/rd_data/audio/6/6_25_V11.mp3"
"strahuw","高大","https://web.klokah.tw/extension/rd_data/audio/6/6_25_V12.mp3"
"mslabang","擴張","https://web.klokah.tw/extension/rd_data/audio/6/6_25_V13.mp3"
"plquy","白色","https://web.klokah.tw/extension/rd_data/audio/6/6_25_V14.mp3"
"Pisuy","比素伊（人名）","https://web.klokah.tw/extension/rd_data/audio/6/6_25_V15.mp3"
"mqlangan","懶惰","https://web.klokah.tw/extension/rd_data/audio/6/6_25_V16.mp3"
"qalang","關閉","https://web.klokah.tw/extension/rd_data/audio/6/6_26_V1.mp3"
"Nan’o","南澳","https://web.klokah.tw/extension/rd_data/audio/6/6_26_V2.mp3"
"Pyahaw","碧候（村）","https://web.klokah.tw/extension/rd_data/audio/6/6_26_V3.mp3"
"knahang","統治","https://web.klokah.tw/extension/rd_data/audio/6/6_26_V4.mp3"
"Zipun","日本","https://web.klokah.tw/extension/rd_data/audio/6/6_26_V5.mp3"
"qqolan","掠奪；佔有","https://web.klokah.tw/extension/rd_data/audio/6/6_26_V6.mp3"
"rmuruw","進行","https://web.klokah.tw/extension/rd_data/audio/6/6_26_V7.mp3"
"turing pcwagan","政策","https://web.klokah.tw/extension/rd_data/audio/6/6_26_V8.mp3"
"thoki","負責人","https://web.klokah.tw/extension/rd_data/audio/6/6_26_V9.mp3"
"kesat","警察","https://web.klokah.tw/extension/rd_data/audio/6/6_26_V10.mp3"
"msnga","正遇;巧遇","https://web.klokah.tw/extension/rd_data/audio/6/6_26_V11.mp3"
"lman","預先","https://web.klokah.tw/extension/rd_data/audio/6/6_26_V12.mp3"
"kyupi","塞入","https://web.klokah.tw/extension/rd_data/audio/6/6_26_V13.mp3"
"pshut","抽出","https://web.klokah.tw/extension/rd_data/audio/6/6_26_V14.mp3"
"mngungu","害怕；恐懼","https://web.klokah.tw/extension/rd_data/audio/6/6_26_V15.mp3"
"syogi-in","省議員","https://web.klokah.tw/extension/rd_data/audio/6/6_27_V1.mp3"
"ttuliq  ","復振","https://web.klokah.tw/extension/rd_data/audio/6/6_27_V2.mp3"
"ptqihan","得罪；怨惡","https://web.klokah.tw/extension/rd_data/audio/6/6_27_V3.mp3"
"kokminto","國民黨","https://web.klokah.tw/extension/rd_data/audio/6/6_27_V4.mp3"
"sbu’","槍擊；射擊","https://web.klokah.tw/extension/rd_data/audio/6/6_27_V5.mp3"
"patus","槍","https://web.klokah.tw/extension/rd_data/audio/6/6_27_V6.mp3"
"minanaq","特殊的；專業的","https://web.klokah.tw/extension/rd_data/audio/6/6_27_V7.mp3"
"phgup","醫治","https://web.klokah.tw/extension/rd_data/audio/6/6_27_V8.mp3"
"nbwan ","病患","https://web.klokah.tw/extension/rd_data/audio/6/6_27_V9.mp3"
"tmumaw","協調；使圓滿","https://web.klokah.tw/extension/rd_data/audio/6/6_27_V10.mp3"
"sswalan","同意","https://web.klokah.tw/extension/rd_data/audio/6/6_27_V11.mp3"
"Taywang","臺灣","https://web.klokah.tw/extension/rd_data/audio/6/6_27_V12.mp3"
"inkyasan","樣子","https://web.klokah.tw/extension/rd_data/audio/6/6_27_V13.mp3"
"tngsa","獻上","https://web.klokah.tw/extension/rd_data/audio/6/6_28_V1.mp3"
"mqzinut tninun","虛心","https://web.klokah.tw/extension/rd_data/audio/6/6_28_V2.mp3"
"kinhangan","受照顧","https://web.klokah.tw/extension/rd_data/audio/6/6_28_V3.mp3"
"mbahing ","憐憫；哀働","https://web.klokah.tw/extension/rd_data/audio/6/6_28_V4.mp3"
"kinqehan","原罪","https://web.klokah.tw/extension/rd_data/audio/6/6_28_V5.mp3"
"slhaw","關懷","https://web.klokah.tw/extension/rd_data/audio/6/6_28_V6.mp3"
"mkrroq inlungan","溫柔","https://web.klokah.tw/extension/rd_data/audio/6/6_28_V7.mp3"
"sinnonan","應許；承受","https://web.klokah.tw/extension/rd_data/audio/6/6_28_V8.mp3"
"ps’un","預先","https://web.klokah.tw/extension/rd_data/audio/6/6_28_V9.mp3"
"sinnoya","熟","https://web.klokah.tw/extension/rd_data/audio/6/6_28_V10.mp3"
"psbalay ","調和","https://web.klokah.tw/extension/rd_data/audio/6/6_28_V11.mp3"
"ssquliq","人類","https://web.klokah.tw/extension/rd_data/audio/6/6_28_V12.mp3"
"psqzinut","將受苦","https://web.klokah.tw/extension/rd_data/audio/6/6_28_V13.mp3"
"m’ubuy ","延繫","https://web.klokah.tw/extension/rd_data/audio/6/6_28_V14.mp3"
"qsahuy","內心","https://web.klokah.tw/extension/rd_data/audio/6/6_28_V15.mp3"
"qmalup","打獵","https://web.klokah.tw/extension/rd_data/audio/6/6_29_V1.mp3"
"mpanga ","背著","https://web.klokah.tw/extension/rd_data/audio/6/6_29_V2.mp3"
"sahuy","內容","https://web.klokah.tw/extension/rd_data/audio/6/6_29_V3.mp3"
"waya","繩索","https://web.klokah.tw/extension/rd_data/audio/6/6_29_V4.mp3"
"mhngan","夜晚","https://web.klokah.tw/extension/rd_data/audio/6/6_29_V5.mp3"
"rusa","陷阱","https://web.klokah.tw/extension/rd_data/audio/6/6_29_V6.mp3"
"motux","勇猛","https://web.klokah.tw/extension/rd_data/audio/6/6_29_V7.mp3"
"myungay","勇敢的","https://web.klokah.tw/extension/rd_data/audio/6/6_29_V8.mp3"
"slakux","勝過","https://web.klokah.tw/extension/rd_data/audio/6/6_29_V9.mp3"
"myuhum","很兇","https://web.klokah.tw/extension/rd_data/audio/6/6_29_V10.mp3"
"lkhngun","懼怕","https://web.klokah.tw/extension/rd_data/audio/6/6_29_V11.mp3"
"msbehuy","風吹","https://web.klokah.tw/extension/rd_data/audio/6/6_29_V12.mp3"
"mhgwah","散播","https://web.klokah.tw/extension/rd_data/audio/6/6_29_V13.mp3"
"ms’unu ","震動","https://web.klokah.tw/extension/rd_data/audio/6/6_29_V14.mp3"
"msluhi","崩塌","https://web.klokah.tw/extension/rd_data/audio/6/6_29_V15.mp3"
"sthay ","剩餘","https://web.klokah.tw/extension/rd_data/audio/6/6_29_V16.mp3"
"lkmeahang ","照料","https://web.klokah.tw/extension/rd_data/audio/6/6_29_V17.mp3"
"btasaw","清晰","https://web.klokah.tw/extension/rd_data/audio/6/6_29_V18.mp3"
"hngyaw","假期","https://web.klokah.tw/extension/rd_data/audio/6/6_30_V1.mp3"
"rlusa","陷阱（捕中大型動物）","https://web.klokah.tw/extension/rd_data/audio/6/6_30_V2.mp3"
"silay","陷阱（捕飛鼠…動物）","https://web.klokah.tw/extension/rd_data/audio/6/6_30_V3.mp3"
"lnga","陷阱（捕山雞…動物）","https://web.klokah.tw/extension/rd_data/audio/6/6_30_V4.mp3"
"ttu%27","陷阱（捕山羌,羊…動物）","https://web.klokah.tw/extension/rd_data/audio/6/6_30_V5.mp3"
"rangay","陷阱（捕山鼠…動物）","https://web.klokah.tw/extension/rd_data/audio/6/6_30_V6.mp3"
"syukan","燒烤","https://web.klokah.tw/extension/rd_data/audio/6/6_30_V7.mp3"
"mkbalay","釀造","https://web.klokah.tw/extension/rd_data/audio/6/6_30_V8.mp3"
"qwaw trakis","小米酒","https://web.klokah.tw/extension/rd_data/audio/6/6_30_V9.mp3"
"mwani ","現今","https://web.klokah.tw/extension/rd_data/audio/6/6_30_V10.mp3"
"mheriq","被破壞","https://web.klokah.tw/extension/rd_data/audio/6/6_30_V11.mp3"
"snizyaw","不相信","https://web.klokah.tw/extension/rd_data/audio/6/6_30_V12.mp3"
"sinsbilan","傳承；遺留","https://web.klokah.tw/extension/rd_data/audio/6/6_30_V13.mp3"
"kinbkisan ","祖先","https://web.klokah.tw/extension/rd_data/audio/6/6_30_V14.mp3"
"mhmut ","迷失","https://web.klokah.tw/extension/rd_data/audio/6/6_30_V15.mp3"
"tkali’","流落；流浪","https://web.klokah.tw/extension/rd_data/audio/6/6_30_V16.mp3"
"mrmaw","協助","https://web.klokah.tw/extension/rd_data/audio/6/6_30_V17.mp3"
"sehu","政府（外來語）","https://web.klokah.tw/extension/rd_data/audio/6/6_30_V18.mp3"
