"drusa ka lrikulau drusa ka lrikulau mahidahe mahidahe","兩隻老虎 兩隻老虎 跑得快 跑得快","https://web.klokah.tw/text/sound/26740/437952.mp3"
"kadruwa ku calringa kadruwa ku tauthu","一隻沒有耳朵 一隻沒有尾巴","https://web.klokah.tw/text/sound/26740/437953.mp3"
"matiyalrupi matiyalrupi umu kaingu ama ina ta mukyukai ta mukyukai","真奇怪 真奇怪 爺爺　奶奶　 爸爸　媽媽 到教會　 到教會","https://web.klokah.tw/text/sound/26740/437954.mp3"
"kai kalrupilrupi kai kasalrasalrai ta kisamula ta kisamula","不要懶惰　 不要軟弱 我們一起努力 我們一起努力","https://web.klokah.tw/text/sound/26740/437955.mp3"
"kusu ka alita ka Manenge： maulaingata kai macaceele. mabahengehenganaku musuwa, mwadringadringaisu?","Maneng吾友：好久不見，很想念妳，妳好嗎？","https://web.klokah.tw/text/sound/26742/437958.mp3"
"ki mwasaka valru ka dramahe si mangeale ka vai, amani ku taielrelrea tu kalabecenga ki swa Vudavudai ka nyangivaavaala ki caicaili.","八月十日為本鄉一年一度聯合豐年祭，活動內容非常精彩，","https://web.klokah.tw/text/sound/26742/437959.mp3"
"ku akakadranenai matiyadadalame, yakai ku syalribu, walraili, walivalivi, palailai, wasenai ku sidruadrumana.","有搗米、射箭、爬繩、報戰功、傳統歌謠。","https://web.klokah.tw/text/sound/26742/437960.mp3"
"swapacengecenge ka taibalribalriva ki kaladrangedranga, ka makucingalre kipacengecenge ka zikange.","適逢暑假，機會難逢。","https://web.klokah.tw/text/sound/26742/437961.mp3"
"idra vaivai, ai pathagili ki valru ka tuki si pahahamau ki myalrealre, lu tulrepenge ai dulrwanata kahedele avaevaehe kivaevange ikai mathahihi ka cekele Vudai,","當天早上八點半開始，結束還可同遊美麗的霧臺部落，","https://web.klokah.tw/text/sound/26742/437962.mp3"
"kadrwa ka wathingale tumana luiya ku kidremedremesu?","不知意下如何？","https://web.klokah.tw/text/sound/26742/437963.mp3"
"mwasakenaku subulrubulru ku aka sulivalivatanenumi ka wacekecekele. alisu ka Mwakai pasiyangikidremedreme ila idai si drusa ka caili pitu ka dramahe matulrulu ka vai","敬祝 闔家平安 友Mwakai 敬邀 102.07.30","https://web.klokah.tw/text/sound/26742/437964.mp3"
"ikai adaili idra maielrelre ka lregelrege, ku acilai twalai ki balrulrange ki lregelrege kainangai tetemese.","在遙遠的群山中 水從山腳縫隙中涓涓滲出","https://web.klokah.tw/text/sound/26743/437972.mp3"
"ngypipipikungu ka lranaa myaki alrunaini ki lregelrege, ku tangukaiya wa lribate ku makalra ku lregelrege, la hau padrimadrima mai elreelre si adrakehalenga.","彎彎曲曲的溪流好似腰帶 沿途流經許多山脈逐漸增加 匯集成河流","https://web.klokah.tw/text/sound/26743/437973.mp3"
"sana ikai ku lregelrege yakai ku lranaa, sana ikai ku lranaa yakai ku drakehale, sana ikai ku drakehale yakai ku lakaange.","有山林就有溪水 有小溪就有河流 有河流就有魚群","https://web.klokah.tw/text/sound/26743/437974.mp3"
"angatungatu ki lregelrege, lranaa, drakehale, amani ku nyake sana akacalrisiya.","山林 溪水 河流 是原住民族人的命脈","https://web.klokah.tw/text/sound/26743/437975.mp3"
"kuta ka kacalrisiya kyaelreta ikai kai sakuikai ka bekace ki Twaumase.","原住民族人 融合在大自然中","https://web.klokah.tw/text/sound/26743/437976.mp3"
"ku latumuita amiyanga ikai: anatuma kuta ka mwabalribalrithi ka lalaalake ka lagagane, la apalralrauthuta ilebe ki vai, panyaniyake ikai ki alrivilrivi ka lranaa.","我們的祖先曾說 願我們後代子孫 永遠在陽光底下 活在清澈的溪水間 長流而下的河水啊","https://web.klokah.tw/text/sound/26743/437977.mp3"
"kusu ka pa pulraulraudru mwaludru ka mathangelra ka drakehale. naukai thingale ki bibilrilanenga ai papiyasu inu mwaludru, ielrelre numi ika inu.","不知最後妳流向何處 匯集在哪裡呢","https://web.klokah.tw/text/sound/26743/437978.mp3"
"kau saseveha si vai kyadremedreme ku amakakalrumala cele lu saneanea ku mahaahakace.","北風和太陽想比一比看誰比較厲害。","https://web.klokah.tw/text/sound/26744/437980.mp3"
"kau vai laiyaikai：ku aswalala pamukipingi ku yakaelrea ka umase akacii.","太陽說：「誰能先讓路人脫掉衣服，就算贏了。」","https://web.klokah.tw/text/sound/26744/437981.mp3"
"idra yasasana la icengcenge ikai ku tangea ku umase ku walribalribate, kau saseveha la kisamula papiya iniya umase iipi pakasasevehe, ani mwalra mukipingi miya.","正巧有一位路人經過，北風連忙對著路人吹風，想把路人的衣服吹下來。","https://web.klokah.tw/text/sound/26744/437982.mp3"
"la apapelaela putaluvaivai ku makecelre ku saseveha, kwani ya kaelrea ka umase la patana kecelre, la alra idra kipingi bilibili pakalritheethe,","一次一次將冷風吹來，路人覺得好冷，於是把衣服拉得緊些，","https://web.klokah.tw/text/sound/26744/437983.mp3"
"kau saseveha la cele inya umase, kadrwa ka kyasana mukipingi si kathaa, ngyabalrelringa bilibili hau pakalritheethe ki kipingi, la hau pangicaeme iipi.","北風一看路人不只沒有脫衣服而已，反而把衣服拉得更緊，","https://web.klokah.tw/text/sound/26744/437984.mp3"
"kwani yakelrea ka umase la kisamula malra ku samelemela ki lree si melemele. ku kinaumasa la hau kalrithethe ngiukucu.","就更用力地吹，路人連忙把圍巾裹上，身體縮得更緊了。","https://web.klokah.tw/text/sound/26744/437985.mp3"
"kau vai la macicacava miya ikai ki saseveha: tanau palalava!","太陽笑著對北風說：「讓我來試試吧！」","https://web.klokah.tw/text/sound/26744/437986.mp3"
"la putaluvaivai ku macuculu ku macicacava ka lringau, kwani yakaelrea ka umase, lu dadavace hau tadrangedrange,","太陽露出溫暖的笑容，路人愈走愈熱，","https://web.klokah.tw/text/sound/26744/437987.mp3"
"la aku ea aku ea mu kipingi, sabilrilanenga, maesaesainga mukipingi demedeme la iya, si ituku mwa ki drakehale lwangui.","就一件一件地把衣服脫掉，最後，乾脆把衣服脫光，跳進河裡游泳了。","https://web.klokah.tw/text/sound/26744/437988.mp3"
"ki mingkuku masupatele ka caili, ikai ki cekelenai, kwadra lasasyakaulu ki Twaumase, ngwalai ku apakahidaha pathingale ki Yisusama ki mapapangale,","民國四十年間在我們的部落裏的神職人員，為了要讓族人更快認識耶穌，","https://web.klokah.tw/text/sound/26745/437991.mp3"
"papiya ki maelana ka cekele kibabaai ku lamanema, sana ka adulrudulrua kwane, sikahingalai, sana ikai ku paluluda ka lamanema, kya kadalame ki la singziya.","向海外募集物資，只要是能吃、能穿、有用的，都受教友們的歡迎。","https://web.klokah.tw/text/sound/26745/437992.mp3"
"kwadra nikibabadha ka lamanema, twa ea cwabu swapiti pikai idra cucubungu ki kyukai, ku la singziya la twalai ki dadana tahumaha idra haikiyu,","將募來的物品一包一包地排列在教堂廣場，教友以一戶一包的方式來領救濟品；","https://web.klokah.tw/text/sound/26745/437993.mp3"
"kwadra ea ka tacabuwa ka haikiyu, maki amani kwadra tinu kucingalra ka lamanema, la baai ku maadrau ku sasyadrama ki umase,","每一包救濟品，就像是豐富的寶藏，令人寄予厚望。","https://web.klokah.tw/text/sound/26745/437994.mp3"
"kwani tasidrama, kathatha kwadra atahumaha ku kadalamelini ka mauwa sudalepe ki kinaumasa ka kahingalai, kece, sahakaikaiyaneana ka lamanema.","其實這個期待，僅僅是希望能獲得自己喜歡又適合穿的衣服、鞋子，或是一些實用的東西。","https://web.klokah.tw/text/sound/26745/437995.mp3"
"kai haikiyu ku taka adrava ku puku, wa daulu idra kadrwa ka thingathingalemadu ka umase.","救濟品的威力，引來許多不速之客。","https://web.klokah.tw/text/sound/26745/437996.mp3"
"kwani laumase kadrwa ka nasingziya ki tingsukiyu, ai ngwalai idra akibadha ku haikiyu, amalrana idra takisuswanelini swahahe pithiili, paswalana kiyadili pakela ku takihaikiva si la paulikainga.","這些人原本不是天主教徒，為了得到救濟品，暫且把自己的信仰擺一邊，先熬到能領救濟品為止。","https://web.klokah.tw/text/sound/26745/437997.mp3"
"kai asasaa, mapadulrungata lwangai ku lamanema, ai apalralrauthu kadruanga ka ai ikai ku pahamiya ku sakiahagai, ikaidra zidai idraa, eene yamula pangukai ki lamanema,","今天我們很容易買到東西，但永遠也不會有相同的喜悅，在那個時代裏，物資雖然困乏，","https://web.klokah.tw/text/sound/26745/437998.mp3"
"ai kwadra adringi ki kidremedreme ki laumase amani ku maesaesai, lu apauwata kai asasaa kai ngangeheca ki kidremedreme, ala kaita daange si animiya iniya miya.","但人們的心靈卻是富裕，相較於今世的世間冷漠，怎不喟嘆唏噓呢！","https://web.klokah.tw/text/sound/26745/437999.mp3"
"kai bangabangale ikai Taiwang yakai ki kabeceaceaka ki lregelrege, mapadulrumadu cele ka wacebecebe ka ubulu.","百合花是臺灣中海拔地區常見的植物。","https://web.klokah.tw/text/sound/26746/438006.mp3"
"ngukai ki kakuakudhaneta, kai bangabangale lu ngukai ki sauwalai.","傳統上，百合花對男性而言，","https://web.klokah.tw/text/sound/26746/438007.mp3"
"lu amani kwadra saniange ka mahakace ka tahaalupu, la pana paukesa ku valisa,","必須是一位優秀的獵人，狩獵到一定數目的獵物，","https://web.klokah.tw/text/sound/26746/438008.mp3"
"si pakisupilri ki sakacekele ka taka sauwaladha, ai dulru sicivahe ku bangabangale.","並分享給部落，才有權配戴百合。","https://web.klokah.tw/text/sound/26746/438009.mp3"
"pangukai ki ababai. kai syabengelrai ku bangabangale pangukai ki bengka, masilryalribate ku pathahethaheva.","女性配戴百合更深具統文化意義，","https://web.klokah.tw/text/sound/26746/438010.mp3"
"kai bangabangale lu sibengelrai ikai ki tangihagelana, sapatuthignala ku takakucingalraneini si taka bulaneini.","百合花配戴在女人的頭飾上，是代表女人高貴和純潔，","https://web.klokah.tw/text/sound/26746/438011.mp3"
"kuta ka ngudradrekai lu celeta ki ababai ku taka bulaneini, makuciyacingalre ki niyake.","族人視女人的貞操貴於生命，","https://web.klokah.tw/text/sound/26746/438012.mp3"
"kai cekele twakucingalre tukakuakudhaa, lu ngipapakilibake lu kai kahudrangeana,","部落嚴格規定，婚前守真，","https://web.klokah.tw/text/sound/26746/438013.mp3"
"lu kahudrangenga lapacungucungulu pangimiya ku kakuakudha ki ababai, ai dulru apalralrauthu sibengelrai ku bangabangale.","婚後又守婦道的女人，才能終生配戴百合。","https://web.klokah.tw/text/sound/26746/438014.mp3"
"twalai lregelrege kela drataa, kai niyaketa ai kai niyaketa, kathatha ki tahakingkingkiyu pangukai ki umase ka iyakaita yadringi, yakai ku takitukucingalra takicela si takikilibaka.","從山地到平地 我們的命運，唉！我們的命運 只有在人類學的調查報告裡 受到鄭重的","https://web.klokah.tw/text/sound/26747/438019.mp3"
"kwadra mahakace sapukuwa myaki lriyau, amalranga tuliyapai idra lrigu ki cucungulaneta.","對待與關懷 強權的洪流啊","https://web.klokah.tw/text/sound/26747/438020.mp3"
"kwadra alalingu ki tangikakukuhuwa, yakai ki paipalidi ki zidai hibicinga ki takidremedrema ki sakacekeleta, kai naganeta, twalai ki atapacasa iyadringi ki nibungsiyu kaulrau.","已沖淡了祖先的榮耀 自卑的陰影 在社會的邊緣侵佔了族人的心靈 我們的姓名 在身分證的表格裡沈沒了","https://web.klokah.tw/text/sound/26747/438021.mp3"
"alaiya si ikai ku vaivai, kunuta lu kaita palraingi ikai ki lrikisita masasaulryulri amamama, tapaswalana pulringau ku abubulruta si sidrumana ka kakudhaa.","如果有一天 我們拒絕在歷史裡流浪 請先記下我們的神話與傳統","https://web.klokah.tw/text/sound/26747/438022.mp3"
"alaiya si ikai ku vaivai, kunuta lai idrengeheta ikai ki daedaeta apasaulryulri amamama, paswalana pasiyulri ikai naganeta si lrumalaneta.","如果有一天 我們要停止在自己的土地上流浪 請先恢復我們的姓名與尊嚴","https://web.klokah.tw/text/sound/26747/438023.mp3"
"kai sakiyalibake maka kyaadili palralrauthu, yakai ku thalradha, kai sakiyalibake kadrwa ku pathalraa, kadrwa ka ngyalralriilrigu, kadrwa ka ngyakadyadyadihaca, kadrwa ka pyaiyaiya ku akiahubwana ku kakudha.","愛是恆久忍耐，又有恩慈；愛是不嫉妒；愛是不自誇，不張狂。","https://web.klokah.tw/text/sound/26748/438024.mp3"
"kadrwa ka ngyapapakaesai, kadrwa ka maalisilisi cwacapange, kadrwa ka pya kidremedremedreme ku tapasalriva ki umase, malrase idra kadrwa ka makalecege, madalame ki patengaa ka sabulrwa sikathaa.","不做害羞的事，不求自己的益處，不輕易發怒，不計算人的惡。","https://web.klokah.tw/text/sound/26748/438025.mp3"
"kai sakiyalibake wadulru paacepe demedeme, papiya ki manemanenga yakai ku salruwa, papiya ki manemanenga yakai ku sasiyadradrama, papiya ki manemanenga yakai ku sakiyadiadili.","不喜歡不義，只喜歡真理。 凡事包容，凡事相信，凡事盼望，凡事忍耐。","https://web.klokah.tw/text/sound/26748/438026.mp3"
"kai sakiyalibake aiapalralrauthu kai kahetehetege.","愛是永不止息。","https://web.klokah.tw/text/sound/26748/438027.mp3"
"kai tahudraudrange ki tai Labuwa ku taiyanelini amiya ikai : kwadra aswalalanga ku cucunganelini ladrusa ka twalai adaili ka daedae,","根據大武部落的長老的說法是：他們最早的祖先是來自遙遠地方的一對夫婦，","https://web.klokah.tw/text/sound/26749/438028.mp3"
"kwani ladrusa ku pathagila yakai idra adethe Kahamumudisa ka sya Samiaca ka daedae, sabilrila lahau ngimiyaiya acekele.","這對夫婦最初定居在佳暮附近一處叫沙米阿站地方，後來也逐漸形成了一個部落。","https://web.klokah.tw/text/sound/26749/438029.mp3"
"yasasana idra ,ngwalai ku akilepenga idra ngwalralringulu kisanu tusinalreme liniya ka badha, kai cekele kai, la papiya idra adethe Baiyuki ka sya Dadele iziyu.","當時為了迴避周圍其他敵人的侵襲，這個部落便遷往巴油池附近的達得樂。","https://web.klokah.tw/text/sound/26749/438030.mp3"
"kwani daedae ku taikaiya yaadringi ki lregelrege, ku tangukaiya ku kaelrea wadethenga ki kyatelenge, makucingalre cekecekele,","此地因位居於深山，交通幾近封閉且謀生困難，","https://web.klokah.tw/text/sound/26749/438031.mp3"
"lakuni sa saulringata ikai Taiwang, kai cekele kai peaelanga iziyu, ku takakalra ku umase, waiziyu mwa ikai Labuwa niyaa kai asasaa.","因此在臺灣光復之後，此部落又再次遷移，大部分的部落居民遷移到現在的大武部落，","https://web.klokah.tw/text/sound/26749/438032.mp3"
"ku drumana la iziyu mwa ki Hituking Timuhu ka Auba.","另一部分則遷移到現在的屏東縣三地門鄉的青葉村。","https://web.klokah.tw/text/sound/26749/438033.mp3"
"yakai kwadra tahatukakaange, la mailaila mwaki baiyu tukaange, la ikai ki baiyu twatuma makavaale, la kadrua ku alralini ku namanemanenga,","有一群漁夫相約出海打魚，在海上工作一整天，一點收獲也沒有。","https://web.klokah.tw/text/sound/26751/438036.mp3"
"kwani taha tukakaange, lamahamahamau kasamadre, twakaenene ikai ki gengkang si daange.","漁夫們個個頹喪的坐在船裡嘆氣。","https://web.klokah.tw/text/sound/26751/438037.mp3"
"yasasana, twahanau ikai ku ea ku kyasaladhaladha ka walikalikathe myaki kuange ka kaange, lakai caceceele si la ituku mwadringi ki gengkang,","這時，突然有一條被追趕的金槍魚，不小心跳進船裡。","https://web.klokah.tw/text/sound/26751/438038.mp3"
"kwani taha tukakaange la mapalribilribulu pwalra iniya, la iluku mwaki takilangalangadha ki lalacenge kilangai, si kibalrithi ku makala ku paisu.","漁夫們合力把牠們捉住，高興的把牠拿到市場去賣，換了許多錢。","https://web.klokah.tw/text/sound/26751/438039.mp3"
"la madrekadrekase ki samakapusale, ku aingusiela mwa idra taikaiya tukaange, laicecele lu ai maka dulrwana kipadradresenge ku amuesadha.","他們相約第二天，還要一起到原來的地方捕魚，看還能不能碰到好運氣。","https://web.klokah.tw/text/sound/26751/438040.mp3"
"sa samakapusale, sanakataangea la kisiete ku sasyadradrama ku kidremedreme, pakela ku taulebea ki vai, kwadra ki adringi ki ami, la kadruwana ku namanema,","第二天，每個人都充滿了期待的心情。可是，一直到大陽下山，漁網裡還是空無一物。","https://web.klokah.tw/text/sound/26751/438041.mp3"
"la mapelaela ta ngivavalenga latadavacenga utauwana, kai nyangivala kai, nai pudringainga sa iya iniya ami la katielrege, kadrwa ka makawatumanenga bilibili,","他們決定再放最後一次網，就要回家了。這次的漁網很沈重，幾乎拉不起來。","https://web.klokah.tw/text/sound/26751/438042.mp3"
"kwani tahatukakaange la kihagai tuhamuhu, la masyasilange pwalriyu iniya gengkang papiya babiyabila.","漁夫高興極了，他們合力把船划回海岸，準備到岸上，才把網子收起來。","https://web.klokah.tw/text/sound/26751/438043.mp3"
"la kelanga babiyabila, la alra bilibili iniya ami, kwani ya adringi ki ami sika lrenege si ubulu, kadruwa ku pathaheva ku takiahagadhanelini.","等到回到岸邊，把漁網拉起來一看，網裡竟然都石頭和垃圾，沒有半條魚的踪影，使他們空歡喜一場。","https://web.klokah.tw/text/sound/26751/438044.mp3"
"takitulalakanesu kai vai kai asaa takihahagai takitulalakanesu ani kisenai musuwa ku Twaumase ku amudringadringadhanesu apalralrauthu","祝你生日快樂 今日是你生日 我們一起慶賀 祝你生日快樂 願上帝賜福你 願上帝賜福你 讓你健健康康 直到永永遠遠","https://web.klokah.tw/text/sound/26752/438046.mp3"
"kunaku ki eneme ka dramahe si mangeale ka vai, pacilriyaku ku ea ka taupungu, ai ikai ku tahasupate ka dramahe ku takaadrava,","本人於6月10日，遺失一隻土狗，大約四個月大，","https://web.klokah.tw/text/sound/26753/438049.mp3"
"icecelrenge ku ubaleini, idra babiyabila ki ngudui malreva ku pupuli ku ngisangisi, kudra lreeini kya pakehenge ku diheheele ku calrisi,","黑色的毛，嘴邊有些許白色的嘴鬚，脖子繫著一條紅色的項圈，","https://web.klokah.tw/text/sound/26753/438050.mp3"
"la pakelrai ku drusa ku tikiya ka kikilringi, alaiya si ikai ku saneanea ku wacele, la alra iniya taupungu swaulri, ai ki baai ku sapasilapa ku paisu ku lrima ka kudrulu.","掛著兩顆小鈴鐺，如果有任何人發現，並將牠送回，可得懸賞新臺幣5,000元整。","https://web.klokah.tw/text/sound/26753/438051.mp3"
"kai pa silape：Pehesange Takivalrithi idai si drusa ka caili eneme ka dramahe mangeale si eneme ka vai.","敬啟者Pehesange 102年6月15日","https://web.klokah.tw/text/sound/26753/438052.mp3"
"ea si ea ka silu,ea ka inamai ea ka calrisi kwadra tapusilua, amani ku ina ka pya vaiya pya maungu apadaudahuhu,","一顆顆琉璃 一針一線繡線路 是母親日日夜夜","https://web.klokah.tw/text/sound/26754/438056.mp3"
"sasyadradrama si sasubulrubulruwa ki ina, sacuuna si sakiyalibake ki ina, amani kwadra kadrwa ka nipailrepenganeana ki kidremedremeini.","串成的琉璃 是母親的心願與祝福 是母親的叮嚀與關懷","https://web.klokah.tw/text/sound/26754/438057.mp3"
"amalraku silalrange kebehe pikai ki kidremedremeli, lu kebehaku sakamyaneana kasulrapele si kaculu.","是母親 未了的心願 我拾起 緩緩抱在心懷","https://web.klokah.tw/text/sound/26754/438058.mp3"
"kwani ea si ea ka sisilu, amani ku ina ka ahakai ku lrese dwahepe tulrepenge, amani ku ina ka ahakai ku drangedrange pwacilai ka sipi,","卻是一樣溫暖溫熱 那一顆顆 琉璃珠子 是母親用淚水 交織而成 是母親用汗水","https://web.klokah.tw/text/sound/26754/438059.mp3"
"lu visivisa idra kilrikilringi, sakamaniyaneana siyasiyange, maki lingau ki senai ki ina, pakela kai asaa akuaesaiyana.","灌溉的夢 抖開那鈴鐺 依然響徹 如同母親的歌聲 至今依然悅耳","https://web.klokah.tw/text/sound/26754/438060.mp3"
"maki amani idra sacuna ki ina, maki amani kwadra lamu ka yakai ki biya ki tai, pakela kai asaa sakamyaneana ku kucingalra.","如同母親的叮嚀 如同山竽葉的露水 至今依然珍貴","https://web.klokah.tw/text/sound/26754/438061.mp3"
"kau usagi maelaa ki lelemethe ki cukucuku ki lalranga lu lailai, tangikadyadihaca myaikai ki cukucuku :","兔子很瞧不起烏龜走路的速度，常常很驕傲地對烏龜說：","https://web.klokah.tw/text/sound/26755/438064.mp3"
"ku tathana ki mwadaila lu ngivalaku pudrapale, lau ai ngutulrusu ki tuki lu kapasu. kau cukucuku kadrwa ka amiya inya kidremedreme.","「我跑一步的距離，你大概要爬上三個小時吧！」","https://web.klokah.tw/text/sound/26755/438065.mp3"
"magalrimegeme ku amakakalrumala ki usagi, si cele ku saneanea aswalala kela idra atatakela.","烏龜很不以為然，牠決定要和兔子比賽，看誰先跑到終點。","https://web.klokah.tw/text/sound/26755/438066.mp3"
"sa pathagili makakalrumale, kau usagi kyasamula papucucubungu lrwabwale, kau cukucuku la ikai lrilrikudru lwalrange kwapa,","比賽一開始，兔子努力地往前跑，烏龜在後面慢慢地爬。","https://web.klokah.tw/text/sound/26755/438067.mp3"
"kau usagi patenga ka mahidahe lu lailai, kadrwa ka tahathainu, wacilringa pilrilrikudru ki cukucuku, kau usagi sa masualrikudru la kai makacelenga ki cukucuku,","兔子真的跑得很快，不久就把烏龜甩在後頭，當兔子回頭看不見烏龜時，","https://web.klokah.tw/text/sound/26755/438068.mp3"
"la kidremedreme, nau apeceana, kau cukucuku kadrwa ka ai makakisilange ki hidahaneli, kau usagi la pai sahahe ku kidremdedreme si sutalu ki lrenege wapece sunguangu.","牠心想：我先睡一覺，這隻烏龜一定趕不上我的速度！兔子就放心地靠在石頭邊呼呼大睡。","https://web.klokah.tw/text/sound/26755/438069.mp3"
"kau cukucuku eene walalrange, ai kadruwa ku salradha, kya samula kwapa kwapa, sa bilrila la dahuhu idra kisyuting,","烏龜雖然慢，但一點也不偷懶，牠努力地爬呀爬，終於到達終點。","https://web.klokah.tw/text/sound/26755/438070.mp3"
"sa pacuunu alrigilrigi kau usagi, si kela ki kisyutingi, kau cukucuku yakainga iniya si kilrikilriyu ki usagi.","當兔子一覺醒來，趕到終點時，烏龜早已站在終點向兔子打招呼呢！","https://web.klokah.tw/text/sound/26755/438071.mp3"
"lu papiyamadu ki dane ki umu si kaingu, wa lribate madu ku taikalra ku lregelrege si drakahale, wa kelamadu ku cekele ki umu si kaingu.","要去外公外婆的家，要經過好幾座山和好幾個溪流才會到外公外婆的部落。","https://web.klokah.tw/text/sound/26756/438072.mp3"
"ikai kaelrelrea taikalra ku adulruanemadu ikai isadra, swahahe ku amece, kunai yakai ku watakainene ikai idra yababyabila ki kaelrea ka lrenege, yakai ku watakainene ibelenge ki angatu,","一路上有很多可以休息的地方，可以先將行李放下。我們有的坐在路邊的大石頭上，","https://web.klokah.tw/text/sound/26756/438073.mp3"
"syavava idra tangimiyaiya ki lregelrege si taku kisupisupilri idra mangangengehece ka saseveha, kwadra vangevanga demedeme twapapalranga ki saseveha kaulrau.","有的坐到大樹上欣賞山裡的景色並享受清涼的風，一切的煩惱隨風消逝。","https://web.klokah.tw/text/sound/26756/438074.mp3"
"lu ubaisinga kai bahangenai, ku ina la patwalai ki kahadrahe malra idra padulrungaini ka akanea, yakai ku nyakama ka buhasi, yakai ku cinabuwa.","當我們肚子餓了，媽媽會從她的竹籃裡面拿出她事先準備好的食物，有烤地瓜、有芋頭、有奇拿富。","https://web.klokah.tw/text/sound/26756/438075.mp3"
"ku ina pwaelaela naiya ku taulrisiya pangukai lregelrege, amiya ikai:","媽會告訴我們山林裡的一些禁忌，她說：","https://web.klokah.tw/text/sound/26756/438076.mp3"
"lu asaa lu kelakelangata idra tatulrisilrisiya, kai kauhivahivanga, palalranga lu pudrapalenumi, kai paikaii ku wa sihasihahe ku lingau,","「等一下快到禁地的時候，就不能說話了，腳步要放輕，不可以有踩在樹葉發出稀哩嘩啦的聲音，","https://web.klokah.tw/text/sound/26756/438077.mp3"
"la kaimadu dukudukulru sana amanema pauwa inya daedae tatulrisilrisiya, mababitingimadu lribate, ku tahudraudrange amiya ikai, lu kadruwa ku sausausakenemadu kyapusumadu laiya.","也不可以丟任何東西到禁地，要很安靜的走過去。」老人家說：如果沒有敬畏的心，是會被詛咒的。","https://web.klokah.tw/text/sound/26756/438078.mp3"
"ngukai ki talualupa yakai ku lrisi si ku apaluluda.","關於狩獵，有一些狩獵的禁忌和要求。","https://web.klokah.tw/text/sound/26759/438083.mp3"
"lu ai alupa ku apaswalaa, ku apadulruwa sana amanema, ka sahukukudru ai ngikakamanisu ka tangeangea ngipapadulru,","出獵前所有的準備事物都必須由個人全權準備，","https://web.klokah.tw/text/sound/26759/438084.mp3"
"kadruwasu ka ai maka kisalru ku alrima ki umase, pahamuhu kai ababai kadruwa ka ai maka hecenge inya salwalupu.","不能借他人之手，尤其女性絕對不能碰觸獵具。","https://web.klokah.tw/text/sound/26759/438085.mp3"
"lu ai alupu, wadavace lu lusivasivana, yacengcenge sutelrai ku tapeca ki umase.","出獵時都是利用凌晨三四點左右；大家正好是在熟睡時刻出發。","https://web.klokah.tw/text/sound/26759/438086.mp3"
"lakamani, lu ai alupu, taulrisiya kilalra ku wabasenge, lu pathagili ngivelevele, sana ikai ku wabasenge, sanaka angivelevela, yasasana idrengehe.","因為狩獵之前最忌諱聽到有人打噴嚏，出門前只要有人打噴嚏，一切行動將立即停止。","https://web.klokah.tw/text/sound/26759/438087.mp3"
"sana mu lebe ki saeleleba si mu latadre, kwadra lingau ki tahapwadhame, wa thingalemadu paswala ku tadavaca walupu, lu kathahihi lu kalisi. ku pana lu ai kakalra lu ai abekela ka sapatuthingala.","出了門一路上報信的鳥叫聲，便可預測此次狩獵是凶是吉獵物多寡的指標。","https://web.klokah.tw/text/sound/26759/438088.mp3"
"kai tahaalupu lu ai davace walupu, ai taha pelaela ki wacekecekeleini, ku atatakelaneini ku talupa, si ata syulriyanelini ku zikange.","獵人出獵前一定會跟親人說明所要到達的獵區及回來時間。","https://web.klokah.tw/text/sound/26759/438089.mp3"
"sana atalupaa, taha yakai ku nipadulruwa ku uhuwa, ikai iniya uhuwa iyadringi, taha wasahahe ku becenge, kuhai, haucu si palungu,","每個獵區都設有簡單的寮舍，寮舍內一定放置一些乾糧如小米、芋頭乾、火柴及鍋以備意外之用，","https://web.klokah.tw/text/sound/26759/438090.mp3"
"padulrudulru ku sahakaiya lu ikai ku swatatuatuma, lu sedresedreke si sakalrepenge ku akanea.","如山難、颱風或糧食用盡。","https://web.klokah.tw/text/sound/26759/438091.mp3"
"kwani sana amanisu kwadra tahaalualupu, amani ku apaluludanesu.","這是身為獵人必須遵守的規定。","https://web.klokah.tw/text/sound/26759/438092.mp3"
"ku maca ki ina eene kyasyete ki sakiahagai, ai ngualai idra sapathuthua nakuwa ka thuthu ku alrivilriva myaki singi lregelrege ka acilai.","母親的眼神雖然充滿了喜悅，但是為了哺育我的奶水能潔淨如泉水，","https://web.klokah.tw/text/sound/26761/438108.mp3"
"ai tahapaluludu idra sidruadrumana ka “lrisi pangukai ki akanea”.","必須嚴守古老的「食物禁忌」。","https://web.klokah.tw/text/sound/26761/438109.mp3"
"iyadringi ki nitahatulruwa ka dramahe kadruwa ka aimakakane ku duhai. buhasi. butulu, taai si lacenge,","三個月之內，不能食用糯米、地瓜、豬肉、芋頭及青菜，","https://web.klokah.tw/text/sound/26761/438110.mp3"
"ku maelana ka umase laikai makakane ku tedraa ki ina, kwani ai alra kivala ku puku ki ina idra salapuwa ki tikiyaneana ka niyake,","外人亦不得食用母親吃剩的食物，這會分食了母親養育小生命的能力，","https://web.klokah.tw/text/sound/26761/438111.mp3"
"lai pacungulu tulisi idra amudringadringadha ki kinaumasaneli, lu bilrilanenga laikainaku dulrunga kidrikisi idra pusu ki caema,","間接損害了我的健康，最後我將無法抵抗病魔的詛咒，","https://web.klokah.tw/text/sound/26761/438112.mp3"
"kunaku laingibuale ku makalra ku caema, pakela ku tapacadhaneli.","導致我百病叢生，直到死亡。","https://web.klokah.tw/text/sound/26761/438113.mp3"
"1.sapathagila kai kaumasa eaea ku vaga, kai laumaumase ahakaykaiyana ku tai eaea ku vaga.","1.起初天下的人只有一種語言，使用一種語言。","https://web.klokah.tw/text/sound/26763/438122.mp3"
"2.sa ikai talitalrauwa acaicaicali lakela iniya drataa babilungu, ikai iniya sutelrai cekecekele.","2.他們在東方一帶流浪的時後，在示拿地遇見一片平原，就住在那裡。","https://web.klokah.tw/text/sound/26763/438123.mp3"
"3.lamadrekadrekase: nyama! ai tulringgata, latwapui inya lringga, la ahakai ku keretange tusahaedra,","3.他們彼此商量說：來吧，我們要做磚，把磚燒透了。他們就拿磚當石頭，又拿石漆當灰泥。","https://web.klokah.tw/text/sound/26763/438124.mp3"
"4.la iya ikai: nyama, ta cegecege ku ea ka cekele, si dhepe ku abelenge ku daane, ku abelenga ani kela ki emeeme subelebelenge, la ta pakithingale ikai naganeta, amanilu kipauvagavagaita swahau mua ki druwanga ikai kaumasa.","4.他們說：來吧，我們要建造一座城和一座塔，塔頂通天，為要傳揚我們的名，免得我們分散在全地上。","https://web.klokah.tw/text/sound/26763/438125.mp3"
"5.sa kela ku Twuamase mulebe, ai cele ikai dahedahepe ki yakaumasa ka cekele si abelenge ka daane.","5.耶和華降臨，要看看世人所建造的城和塔。","https://web.klokah.tw/text/sound/26763/438126.mp3"
"6.la iya ikai: cela, kaivai aiuwanga maelreelre aeaeanga ka zuku, aeaeanga ku vaga lini; kaivai twapathagilinga ikai miyaiyaikai ka aunga, lubiibilrili kadruwanga ka ai susunga ku apiyaa ku takidremedremane lini.","6.耶和華說：看哪！他們成為一樣的人民，都是一樣的言語，如今既做起這事來，以後他們所要做的事就沒有不成就的了。","https://web.klokah.tw/text/sound/26763/438127.mp3"
"7.ilata mulebe! ta uwa pakalrithabulu ki vaga lini, lani kai maka mathingathingale lu makauhivahiva.","7.我們下去，在那裡變亂他們的口音，使他們的言語彼此不通。","https://web.klokah.tw/text/sound/26763/438128.mp3"
"yakai la udale lu makapiyale ka vai kai idrengedrengehe, kadrwamadu ka wathingale ku vaiya ku maungu, kwani lriyau la ahu kadradrau aipadalrunga si nenehe ki cekele.","有一次，大雨連下好幾天，下個不停。分不清是白天還是晚上，洪水慢慢漲起，洪水都快淹沒村莊了。","https://web.klokah.tw/text/sound/26765/438143.mp3"
"la ikai ku mabetake, la alra ku ulahe ku nituapudha, mubehe papiya lregelrege, la kilepenge ikai ki lregelrege pakela la kasuadre kwani lriyau.","有二姊弟，就拿起火把，往山上跑。","https://web.klokah.tw/text/sound/26765/438144.mp3"
"kwani udale sa idrengehenga, la ledranga, ku tapumacanemadu cucubungu, maki pupuli ka acilai kadruwa ku celemadu ku druma ka lregelrege.","躲在山上一直到洪水開始退潮。當雨停了，天色也亮了。眼前都成一片白茫茫的水，没有看到其它的山。","https://web.klokah.tw/text/sound/26765/438145.mp3"
"la kidremedreme, ai tutuatumaneta lai ikai ku akanea, lacele balrealreana la ikai ku waledraledra ku apui, la daulu si sikaulu ki akece palra iniya apui,","想著：「怎樣才能吃到熟食？」就看到對岸有亮亮的火，就叫山羌去取火回來，","https://web.klokah.tw/text/sound/26765/438146.mp3"
"ai kwani laungu ki akece mathangelra si katielrege, lu davace lwangui talubalre, lukela kabiceaka sakaedrepe, si kai maka siiku, la uwa ki salaunga mapapelaela, si mabalrithi ku laungu la sikunga.","但是，因為牠的角太長又太重了，每次過河到了合的中間火就熄滅。就和山鹿互相交換牠們的角就成功了。","https://web.klokah.tw/text/sound/26765/438147.mp3"
"kwani ababai la iya ikai, takyadili ma ikai, latadahepe ku cucungulaneta, la tulalakenga mataka. ku tulalakelini lu kai kabutinga, mapilainga, la kidremedreme: ai tutuatumaneta lai tulalaketa ku yalrepenge ku lalake, lapalalava maikai kwani lamatina si lamatama, la hau kathaithahihi ku tulalakelini.","姊姊跟弟弟說：「我們要勉強在一起，繁衍下一代。」就這樣，二姊弟生了孩子，但不是瞎眼就是跛腳。他們想著：「怎樣才會生正常的孩子。」於是，就試著母子或父女來結合，就比較好了。","https://web.klokah.tw/text/sound/26765/438200.mp3"
"la hautakalranga ku umase, la papiya ki talrauwa talela, lakisilape idra swadrau si ikai ku tatwaladha ku acilai ku daedae, la ikainga iniya cekecekecekele, si ikainga ku sutahumake niya kai asasaa.","人口漸漸變多，便往東方向遷移，找較寛又有水源的地方，居住下來。才有現在的達魯瑪克人。","https://web.klokah.tw/text/sound/26765/438201.mp3"
"yakai ku tangea ku sapaisua ka tatama, la ikai la vaivai, la iluku ki lalakeini ka sauwalai mwaki tahatulravai ka cekele, ani tupatengatengaa kicakua idra tacekecekela ki matiyakukuhu laiya.","一位父親很有錢，有一天，他和家人帶著小兒子到鄉下去參觀。他們立意要讓兒子知道什麼叫做「窮」，要他實地體會一下窮人的生活。","https://web.klokah.tw/text/sound/26771/438218.mp3"
"la ikai idra matiyakukuhu ka wacekecekele maka pusale.","就在一個很窮的農家裡住了兩天。","https://web.klokah.tw/text/sound/26771/438219.mp3"
"sasyulringa mutauwana kwani lrulai, lakitubulru kwani tatama, manema ku celesu, kwani lrulai la tubalre:","他們從農家回來以後，爸爸問孩子：「看到了什麼？」爸爸問。","https://web.klokah.tw/text/sound/26771/438220.mp3"
"kuta eaea ku taupunguta, ai yakai ku supate ku taupungu lini, kwadra supate ka taupungu,","孩子回答說：「我們只有一隻狗，但是他們卻有四隻狗；","https://web.klokah.tw/text/sound/26771/438221.mp3"
"ikai ki tabulruanelini, kyalalra twabake, lu amanimadu ka yakai iniya wacekecekele a lrulai ngya dradrahanemadu.","那四隻狗在他們小孩的指揮之下，聽話又懂事。當他們家的小孩好神氣！」","https://web.klokah.tw/text/sound/26771/438222.mp3"
"kunuta eaea ku talaulangudhaneta ka yakai ki kabeceaka babengelradha, ai yakai ku ea ka drakehale kadrua ku taulikaiya ku talaulangudhanelini,","「我們只有一個游泳池，且是在花園中間；但是他們卻有一整條溪流，沒有盡頭；","https://web.klokah.tw/text/sound/26771/438223.mp3"
"ki dhadhana ai dulru pakaelre ku kidremedreme maububu, ikai ki daaneta tangeangeaku lwaulangui.","他們每天都可以盡情地玩水仗，我們家卻只有我一個人游泳。」","https://web.klokah.tw/text/sound/26771/438224.mp3"
"kwani babengelradha ki daneta kathatha ku malailapiti lu udaneta ku dingki,ai kulini yakai ku salraelre subelebelenge ku tahiyau.","我們家的花園只有一排進口的路燈，可是他們卻有滿天的星星；","https://web.klokah.tw/text/sound/26771/438225.mp3"
"ki maungu ki vaivai aidulru kihahagai kalaelange ,kunuta kadrua ku ai kilaelange nakuna.","他們每天晚上都可以聊天聊得好高興，可是我們家卻沒有人跟我聊天。","https://web.klokah.tw/text/sound/26771/438226.mp3"
"satulrepenge kauhiva kwani lrulai, ngwasaiyaiyaa kwani tamaini.","孩子作了個結論。孩子說完，父親無言以對。","https://web.klokah.tw/text/sound/26771/438227.mp3"
"u a la i i yu hi i ta dra lra dra lra i ta ka pe a pe ha u u a la i i yu hi u a la i i yu hi ngu dra dre ka i lu i ya ta ki tu a lra va u a la i i yu hi u a la i i yu hi ngu dra dre ka i lu i ya ma ha u ha thu du nga u a la i i yu hi u a la i i yu hi ngu dra dre ka i lu i ya ma ki li ya li ba ke nga u a la i i yu hi","同唱歌 同歡樂 魯凱人是好榜樣 魯凱族最合作 魯凱族彼此相愛","https://web.klokah.tw/text/sound/26773/438228.mp3"
"kusu ka kadalemeli ka Dremedrema: patwaladha ku ki hededelaneli kipalrigu, ku tinasu kaivaivai, mwalrevese si kacelra ku drapale, ngyatulukaku tuhamuhu.","親愛的Dremadrema：從同事口中知悉你的母親，最近跌倒骨折，甚感震驚。","https://web.klokah.tw/text/sound/26775/438253.mp3"
"kau tinaita amani ku kyasamula ki tacekecekela.","令堂是勤於家務、","https://web.klokah.tw/text/sound/26775/438254.mp3"
"kyahagai palribulu ki umase, masulrapele mati ngudadeethe ka takaumaumasa.","樂於助人、和藹可親的好婦女，只要是接觸過她的人，","https://web.klokah.tw/text/sound/26775/438255.mp3"
"sanaka ngwadadethenga kisudalru iniya, kadruwa ku kai waseba musakene.","都很親近她，且沒有一個不誇她、尊敬她，","https://web.klokah.tw/text/sound/26775/438256.mp3"
"yakaiyaku ikai pasingi kidremedreme ku kalithaneli.","在這裡誠心的關懷，","https://web.klokah.tw/text/sound/26775/438257.mp3"
"anatuma lasaha mudringai kau timaita, sabau ku sakiyadulrusu.","期待令堂早日康復，辛苦妳了！","https://web.klokah.tw/text/sound/26775/438258.mp3"
"alisu ka Mwakai idai si drusa caili bangate dramahe mapusale vai","好友 Mwakai敬啟 102年9月20日","https://web.klokah.tw/text/sound/26775/438259.mp3"
"yakai idra vaivai, aitaha syulriyaku mwaki cekeleli, syulri mwa idra takaadravaneli ka daedae.","有一天 我總要回到自己的家鄉 回到自己成長的地方","https://web.klokah.tw/text/sound/26779/438295.mp3"
"syulryulri mwa idra yakai ku mathahihi ku sangulriyalringavaneli ka cekele, ai twa hanavaku ceele.","回到這屬於我擁有美好回憶的原鄉 但我卻漠然發現","https://web.klokah.tw/text/sound/26779/438296.mp3"
"kauhivahivasu ku kadruwa ka thingaleli kilalra ka vaga, wa senasenaisu ku kadrwa ka pulringauli ku tatusenadha,","妳說著 我聽不懂的話 妳唱著 我不了解的歌曲 妳穿著 我不熟悉的衣裳","https://web.klokah.tw/text/sound/26779/438297.mp3"
"sya kahingalaisu ku kadrwa ka kisudalruli ka kahingalai, la kasamadresu si isaseleba kai kauhivahiva.","妳難過的 沈默不語 我也說著 妳聽不懂的話","https://web.klokah.tw/text/sound/26779/438298.mp3"
"la miyalriyaku kauhiva ku kadrwa ka thingathingalesu kilalra ka vaga, la miyalriyaku senai ku kadrwa ka pulringausu ka senai.","我也唱著 妳不了解的歌曲 我也穿著 妳不熟悉的衣裳 我慌亂的 失了情緒","https://web.klokah.tw/text/sound/26779/438299.mp3"
"la miyalriyaku sikahingalai ku kadrwa ka kisudalrusu ka kahingalai, la kaupungaku si amama.","是什麼時候 我們已不再相同 是什麼時候 我們離開彼此的生命","https://web.klokah.tw/text/sound/26779/438300.mp3"
"amaninga ku iga, la kaita mahahamaunga, amaninga ku iga, lamadaidailinga kai tamanyanyakaneta, amaninga ku iga, lakai mahahakenga kai alrimata, amaninga ku iga, lakaita makadulrunga maikai.","是什麼時候 我們不再牽著手 是什麼時候 我們不再互相的擁有","https://web.klokah.tw/text/sound/26779/438301.mp3"
"kusu ka kadalameli pasesesu ku samadra ki kidrememesu ku lrese. kusu ka kadalameli kudra nisilribatanenga kadrwa ka aimaka syulringa amiyasu,","親愛的妳流下傷心的眼淚 親愛的妳說著過去不再回","https://web.klokah.tw/text/sound/26779/438302.mp3"
"ai adrauta pakela lu iga, kunuta lai dulruta tupeela syulryulri mwa ku igaiganeana.","到底要等到什麼時候 我們才能再回到從前","https://web.klokah.tw/text/sound/26779/438303.mp3"
"kau thangapulu yakai ki sibasiba wapece ki mulringedele, la ikai ku mapikace ka tulriki ibelenge ki kinaumasa ki thangapulu ititituku.","獅子在草地上睡午覺，一隻頑皮的小老鼠在獅子身上跳上跳下。","https://web.klokah.tw/text/sound/26780/438321.mp3"
"kau thangapulu kwadra lringauini lamiya idra ka gagelape , lapatupalra idra alrima si pwalra ki tulriki.","獅子覺得臉癢癢的，順手一抓，便抓住了小老鼠。","https://web.klokah.tw/text/sound/26780/438322.mp3"
"kau thangapulu la akulisi myaikai, lasu ka amani ka tikiya ka tulriki, ka waaceace nakuwa kainaku makakasipelrenge, ai alraku musuwa kwane.","獅子生氣地說：「原來是你這隻小老鼠，吵得我不能睡午覺，我要把你吃掉。」","https://web.klokah.tw/text/sound/26780/438323.mp3"
"kau tulriki la kisamula kitutubi myaikai: kusu ka talyalalai ka thangapulu, kai kanekane nakuwa, lu bibilrili, ai taha pangibilryaku musuwa!","小老鼠就連忙哀求說：「獅子大王，別吃我，將來我一定會報答你的！」","https://web.klokah.tw/text/sound/26780/438324.mp3"
"kau thangapulu la kidremedreme: kaivai tikiya ka tulriki manema ku adulruwa pangibilri nakuwa, ai ku takitutubiya nakuwa la matiyakuhu, lanau padavace iniya laiya.","獅子心想：「這麼小的老鼠，哪裡能報答我，不過，看牠哀求得這麼可憐，還是放了牠吧！」","https://web.klokah.tw/text/sound/26780/438325.mp3"
"sa ngilribate ku nimakapiyala, la kaicecele kau thangapulu la mulruduka mwa ki lrubange ki tahaalupu, la kihuthuku ikai ki ami, sa icengecenge kyangeange si kidremedreme,","過了幾天，獅子不小心掉進獵人的陷阱，被困在網子裡，獅子正在傷腦筋要如何逃出陷阱時，","https://web.klokah.tw/text/sound/26780/438326.mp3"
"ai tutwatumanaku mubehe ikai lrubange myamiya, kwani tulriki ahakainga idra mahangisi ka valisiini kwace ngetele idra calrisi ki ami, si palribulunga ki thangapulu.","小老鼠已經用尖銳的牙齒咬斷繩子，把獅子救出來。","https://web.klokah.tw/text/sound/26780/438327.mp3"
"twalai iniya, kau thangapulu kadrwanga ka wa lelelemethenga ki tulriki.","從此以後，獅子再也不敢看輕小老鼠了。","https://web.klokah.tw/text/sound/26780/438328.mp3"
"ku igaiganeana idra sidrumana ikai ki cekele, yakai ku kyakadalame ki mapapangale ka taha sangililuku,","在以前傳統的部落裡 有受子民愛戴的領袖","https://web.klokah.tw/text/sound/26783/438356.mp3"
"yakai ku kyasiete ki lrigila ka la tahwahudrange, wa kiyake ku apangimiya ki cekele ku aunga,","有充滿智慧的長老團 在規劃經營部落事物","https://web.klokah.tw/text/sound/26783/438357.mp3"
"la pasutelrai ku tacekecekela si aunga ki mapapangale, ki dadana kwadra tinutakaa ka ababai sauwalai wadulru sikiningi syamece pacungucungulu ku aunga.","使部落子民安居樂業 各家族中的長男長女","https://web.klokah.tw/text/sound/26783/438358.mp3"
"lu utakela ki kalalravadha, twalai ki pa ivai pakela ki kyabecenge,","能擔負承繼家業責任 每逢到了農忙的季節","https://web.klokah.tw/text/sound/26783/438359.mp3"
"twalai ki wa lredreke pakela ki kyatai, ki dadana ki dadana mapalribilribulu masingyalalai,","從撒種子到採收小米 從播種子到採收芋頭","https://web.klokah.tw/text/sound/26783/438360.mp3"
"kwadra pakivaevaevange ku alrima kadrua ku nitumatumana ka umase tabekele.","家家戶戶幫忙或輪工 遊手好閒的人很少見","https://web.klokah.tw/text/sound/26783/438361.mp3"
"ku cekele lu ikai ku aipaka hudrange, ku yakai ku apa kihagadha,","族人結婚喜慶或當兵 包小米糕做美食相贈","https://web.klokah.tw/text/sound/26783/438362.mp3"
"ku akwapingi, twa abai twa akanea la satedre,","過去的族人祖先們啊","https://web.klokah.tw/text/sound/26783/438363.mp3"
"ku igaiganeana ku latumuita cucungulaneta pahamiya iniya ku tama palaladhaa, ku tamulecega sulrapela.","是這麼樣的祥和相助 是這麼樣的敦厚溫柔","https://web.klokah.tw/text/sound/26783/440176.mp3"
"lu lalalalrangemadu ngulryalringau patenga ka wadaulu ku pusamalranemadu ku muhikaiyanemadu.","當我們慢慢的回想時 真是叫人羨慕又嚮往","https://web.klokah.tw/text/sound/26783/438365.mp3"
"kutaka mwabalribalrithi ka lalalake lagagane, tatupatengatenga kaikalrikilriki,","身為後代子孫的我們 真的不要猶豫不決了","https://web.klokah.tw/text/sound/26783/438366.mp3"
"ta kisamula ku tapudrapalaneta kisilape swaulri.","快加緊腳步去找回來","https://web.klokah.tw/text/sound/26783/438367.mp3"
"lu sunagane kai ngudradrekai amani kwdra tinukucingalra ka kakudhaa, lu sunagane ki lrulai, aitaha pasingikai ki talyalalai, mahudrange, si mapapangale, lu pasudalepe aidulru sunagane.","魯凱族命名是被重視的一項活動，小孩的名字必須經過族裡的頭目、長老、族群民眾認可才能取得名字。","https://web.klokah.tw/text/sound/26785/438392.mp3"
"lu sunagane, aitaha pilrii patwalai ku nagane ki cucungulanelini, ku patwalai ki cucungula ki tinaini.","命名的選取必須從自己家族裡的名氏範圍內或小孩母親家族裡的名氏中選取。","https://web.klokah.tw/text/sound/26785/438376.mp3"
"kai lrulai lu kitulalakenga, kai wacekecekele wadaudaulu ki pasyagyagisilini, la tu kabavaa, la padulru ku abai, kwadra tama si tumu la davace walupu.","孩出生後，家族邀請鄰居婦女，釀小米酒，準備米糕，父親或祖父則去狩獵。","https://web.klokah.tw/text/sound/26785/438377.mp3"
"lu syulringa la pilri ku zikange si daudaulu ki la talyalalai si mahudrange lakyacapili lahetetesa, la kela kidane inya lrulai, idra vaivai laculu ku beeke,","回來後，擇日邀請頭目、長老、地方紳士、親朋好友到孩子家，當天殺豬，擺上準備好的酒菜，","https://web.klokah.tw/text/sound/26785/438378.mp3"
"padulru ku bava si damai, lamani ku mahudrange inya cekele ka peaelaela:","由族裡的長老宣布今天活動的目的，","https://web.klokah.tw/text/sound/26785/438379.mp3"
"ku pathaheva idra taihubua, la taku matikai ku tatunagana ikai maheteetese, si kitubulru ki mapapangale ku akipalrainga.","並提出家族提供的名氏，徵求大家認可。","https://web.klokah.tw/text/sound/26785/438380.mp3"
"ku tabadha ki umase ku aswalalanga patuthingale, amani kwadra swaete ki ngudui ka diheheele ka tapuwa. si kwadra maecebe ka makidremelrenga tukabalre ka kapalre.","她給人的第一個印象，就是那滿嘴鮮紅的檳榔汁漬，和一雙長滿厚繭的腳板。","https://web.klokah.tw/text/sound/26787/438697.mp3"
"kudra lavavalake inya cekele lakapyapikace myaikai, kwani wadakipi ikai ki drapale ka kabalre, aidulru dredre pangipikungu ku ea ka sakedrekedre,","部落裡的小孩頑皮地說，附在她腳板上的厚繭，可以將一根鐵釘踩彎，","https://web.klokah.tw/text/sound/26787/438400.mp3"
"kwani umaseini kadruwa ku natikiyanenga ku tapulringava kyangeange, lu kidremedrema taha amani sa kaulainga si twalraunga hwadasi dwadavace ikai ki lalregelrege.","而她本人一點兒痛的感覺都沒有，想來必定是多年來習慣赤腳奔走在山林中所累積出來的吧！","https://web.klokah.tw/text/sound/26787/438401.mp3"
"nyelrelrea swahubu la ngimiya iniya. kau kaingu ku tapuwaneini ku zikange, adravaneini lu alra pwaipai demedeme ki galaugau kadruwa ka wathingalenga wasipi.","至於vuvu嚼檳榔的時間，連他自己扳開所有的手指頭都算不清楚了，","https://web.klokah.tw/text/sound/26787/438402.mp3"
"kudra tasatalua ki sabiki ku tapakelaa, watakelanga idra wadulru kwanekane ku vihi wapwapu ku vanale.","依賴檳榔的程度，更是到了可以左腮吃飯，右腮嚼檳榔的地步，","https://web.klokah.tw/text/sound/26787/438403.mp3"
"adravalu apece kwadra adringi ki alruunu nyahakaiya ku sabiki.","連她睡覺的枕頭都是用檳榔做枕心。","https://web.klokah.tw/text/sound/26787/438404.mp3"
"kau kaingu pacela idra diheehele ka valisi myaikai lukainaku sabalri ku sangwa sasabiki kadrwaka aimaka kasipelrenge.","VuVu露出一嘴紅色的牙齒說：「聞不到檳榔味會睡不著覺呢！」","https://web.klokah.tw/text/sound/26787/438405.mp3"
"1.Twaumase, ngulringava ku takipadradresenganenai, si maka ceele ku taki tusinalremeanenai.","1上主阿，求你記得我們的遭遇，鑒察我們所受的恥辱。","https://web.klokah.tw/text/sound/26809/438701.mp3"
"2.ku lamanemanenai yakainga ki alrima ki kadrwa ka thingalenai ka umase;ku singi maelana ka cekele ka umase wa kelanga ki daanenai.","2我們的產業都落在陌生人手中；外國人住進我們的家。","https://web.klokah.tw/text/sound/26809/438702.mp3"
"3.amaninganai kwadra kadruwa ku tama ka pakulrulrulu, ku la tinanai la ulibaka.","3我們成為無父的孤兒；我們的母親成寡婦","https://web.klokah.tw/text/sound/26809/438703.mp3"
"4.lu baainai ku paisu wa ungulunai ku acilai, adrava ka satwapudha ka angtu miyalri nai lwangai.","4我們得付錢才有水喝，連做燃料的木柴也得購買。","https://web.klokah.tw/text/sound/26809/438704.mp3"
"5.miyanai ki lwange si higi kipadavace, kiyadulrunai kwalrinai, kadruwa ku sadra.","5我們像牛馬被驅趕，勞碌疲乏，不得休息。","https://web.klokah.tw/text/sound/26809/438705.mp3"
"6.ngwalai ku akanea ku aga, akaciacianai papia ki swa izipiti si swa Asiria.","6為了吃一口飯，我們得像埃及人及亞述人乞求。","https://web.klokah.tw/text/sound/26809/438706.mp3"
"7.ku cucungulanenai paasalriyu, kaiasasa la kai ikainga, la ngwalailringanai ku pasalrivane lini si ki pakwalriyalri.","7我們的祖宗犯了罪，如今他們不在了，我們卻因他們的罪受苦。","https://web.klokah.tw/text/sound/26809/438707.mp3"
"8.kiya huthukunai ki paduvauvauvangequ456ot kadruwa ku umase ku wa dulru palribulu naiya patwalai ki alrima lini.","8 我們被奴隸不如人的轄制；沒有人能救我們脫離他們的手。","https://web.klokah.tw/text/sound/26809/438708.mp3"
"9.ku papacapacai ki umase ku la tanganganga siyaete ubulaqu456ot ngwalai ku asilapa ku akanea, ngiapapalrainginai kidrangi ikai niyake.","9殺人兇徒遍布野外；為了覓食，我們得冒生命危險。","https://web.klokah.tw/text/sound/26809/438709.mp3"
"10.ngwalainai ki silrava si kahedame, kai lrangici miya ki kyaakaakame ka culu.","10我們因飢餓而燥熱，皮膚像烤爐一般的發熱。","https://web.klokah.tw/text/sound/26809/438710.mp3"
"kudra nyabubulruwa ku nadruma, kai Ngudradrekai lu dahepe ku talaalibi ku dane, kadruwaka maka wasiku.","傳說，古代魯凱族人建造石板屋，都不能夠成功。","https://web.klokah.tw/text/sound/26811/438725.mp3"
"yakai la avaivai, langibuwale ku ea ku maadrau ku sakaelreta, laseege pangipaipai idra kinaumasaneini.","有一天，出現一隻巨大的百步蛇，牠把身體伸展開起來，","https://web.klokah.tw/text/sound/26811/438726.mp3"
"lacele kwadra sakacekele, la iyasasana pulringau kai kabekabe ki ulaulai lanika singyalebe papubebelenge macacapecape.","讓族人看看鱗片，族人這才恍然大悟，原來蛇的鱗片是由下往上疊的。","https://web.klokah.tw/text/sound/26811/438727.mp3"
"ku syaswalalaa ku mapapangale lu dahepe ku talaalibi ku dane, pasyangadradradha papulraulraudru dwahepe, lakuni lu udale waluludu patupalra ki lrenege si tudru lriyau mwaki daane,","過去族人建造石板屋都是由上往下疊，所以下雨的時候，水就會順著石板滲進去滴到屋內，","https://web.klokah.tw/text/sound/26811/438728.mp3"
"sapatwalraunga ki kabekabe ki sakaelreta, singi lraulraudru papudradradha pacacapecape, twalainga iniya lakai tudrutudrunga,","於是模仿百步蛇鱗片由下往上疊，從此就不會滲水了，","https://web.klokah.tw/text/sound/26811/438729.mp3"
"lu kalakecelra la kaculu, lu kaladrangedranga la kangangehece si kapapedrenge.","而且還冬暖夏涼，非常堅固。","https://web.klokah.tw/text/sound/26811/438730.mp3"
"Twaumase nau kitubi musuwa, kai maililuku iniya papiya ki asutelradha akasulivalivataneini ka kaelrea.","主啊 !我祈求你，不要引導他走上舒適安逸的道路。","https://web.klokah.tw/text/sound/26812/438731.mp3"
"malraa paki padradresenge ku akualriya si akicabiha. ku akipakungdringnga si apasapukuwana.","讓他遭受困難與挑戰的磨練和策勵。","https://web.klokah.tw/text/sound/26812/438732.mp3"
"ani twalai iniya si kicaucakuwa ikai ki tamatiyukuludra, dulrwana lringedela si acegecege, ani dulru kicaucakuwa papiya idra amaki kwadra umase ikai kwadra adulruwaneini kisapalra.","讓他藉此學習在風暴之中挺立起來，讓他藉此學習對失敗的人加以同情。","https://web.klokah.tw/text/sound/26812/438733.mp3"
"amaniya ka wabulru ki lalakeli, kwadra kidremedremeini ani alrivilrivi, ani kabelenge ku tagathima ku talicubunguini.","請陶冶我的兒子，使他的心地純潔，目標高超。","https://web.klokah.tw/text/sound/26812/438734.mp3"
"alaiyasi kidremedreme nau amani kwadra ma iluku ki umase miya, ani paswalana ngiyaungting.","在企圖駕馭他人之前，先能駕馭自己；","https://web.klokah.tw/text/sound/26812/438735.mp3"
"papiya ki talicubunguini ani thingale dwahepe kiyake, ai ani kai kahimuhu ku tangilribatanenga.","對未來善加籌畫，但是永不忘記過去。","https://web.klokah.tw/text/sound/26812/438736.mp3"
"drusa","二","https://web.klokah.tw/extension/rd_data/audio/29/29_1_V1.mp3"
"lrikulau","老虎","https://web.klokah.tw/extension/rd_data/audio/29/29_1_V2.mp3"
"mahidahe","快（速度）","https://web.klokah.tw/extension/rd_data/audio/29/29_1_V3.mp3"
"kadruwa","沒有","https://web.klokah.tw/extension/rd_data/audio/29/29_1_V4.mp3"
"calringa","耳朵","https://web.klokah.tw/extension/rd_data/audio/29/29_1_V5.mp3"
"tauthu","尾巴","https://web.klokah.tw/extension/rd_data/audio/29/29_1_V6.mp3"
"matiyalrupi","有趣","https://web.klokah.tw/extension/rd_data/audio/29/29_1_V7.mp3"
"kyukai","教會","https://web.klokah.tw/extension/rd_data/audio/29/29_1_V8.mp3"
"maulai","很久","https://web.klokah.tw/extension/rd_data/audio/29/29_2_V1.mp3"
"macaceele","相見","https://web.klokah.tw/extension/rd_data/audio/29/29_2_V2.mp3"
"mabahengehe","想念","https://web.klokah.tw/extension/rd_data/audio/29/29_2_V3.mp3"
"valru","八","https://web.klokah.tw/extension/rd_data/audio/29/29_2_V4.mp3"
"mangeale","十","https://web.klokah.tw/extension/rd_data/audio/29/29_2_V5.mp3"
"kalabecenga","豐年祭；小米祭","https://web.klokah.tw/extension/rd_data/audio/29/29_2_V6.mp3"
"akakadra","活動","https://web.klokah.tw/extension/rd_data/audio/29/29_2_V7.mp3"
"syalribu","搗米","https://web.klokah.tw/extension/rd_data/audio/29/29_2_V8.mp3"
"livalivi","爬繩","https://web.klokah.tw/extension/rd_data/audio/29/29_2_V9.mp3"
"palailai","報戰功","https://web.klokah.tw/extension/rd_data/audio/29/29_2_V10.mp3"
"sidruadrumana","傳統的","https://web.klokah.tw/extension/rd_data/audio/29/29_2_V11.mp3"
"taibalribalriva","假期","https://web.klokah.tw/extension/rd_data/audio/29/29_2_V12.mp3"
"pahahamau","半","https://web.klokah.tw/extension/rd_data/audio/29/29_2_V13.mp3"
"myalrealre","早上","https://web.klokah.tw/extension/rd_data/audio/29/29_2_V14.mp3"
"tulrepenge","結束","https://web.klokah.tw/extension/rd_data/audio/29/29_2_V15.mp3"
"mathahihi","美麗","https://web.klokah.tw/extension/rd_data/audio/29/29_2_V16.mp3"
"cekele","部落","https://web.klokah.tw/extension/rd_data/audio/29/29_2_V17.mp3"
"Vudai","霧臺","https://web.klokah.tw/extension/rd_data/audio/29/29_2_V18.mp3"
"drakehale","河流","https://web.klokah.tw/extension/rd_data/audio/29/29_3_V1.mp3"
"lregelrege","山","https://web.klokah.tw/extension/rd_data/audio/29/29_3_V2.mp3"
"adaili","遙遠","https://web.klokah.tw/extension/rd_data/audio/29/29_3_V3.mp3"
"acilai","水","https://web.klokah.tw/extension/rd_data/audio/29/29_3_V4.mp3"
"lranaa","溪水","https://web.klokah.tw/extension/rd_data/audio/29/29_3_V5.mp3"
"myaki","好像","https://web.klokah.tw/extension/rd_data/audio/29/29_3_V6.mp3"
"alrunaini","腰帶","https://web.klokah.tw/extension/rd_data/audio/29/29_3_V7.mp3"
"kaange","魚","https://web.klokah.tw/extension/rd_data/audio/29/29_3_V8.mp3"
"nyake","命脈","https://web.klokah.tw/extension/rd_data/audio/29/29_3_V9.mp3"
"agane","孫子","https://web.klokah.tw/extension/rd_data/audio/29/29_3_V10.mp3"
"apalralrauthu","永遠","https://web.klokah.tw/extension/rd_data/audio/29/29_3_V11.mp3"
"lebe","底下","https://web.klokah.tw/extension/rd_data/audio/29/29_3_V12.mp3"
"vai","陽光","https://web.klokah.tw/extension/rd_data/audio/29/29_3_V13.mp3"
"alrivilrivi","清澈","https://web.klokah.tw/extension/rd_data/audio/29/29_3_V14.mp3"
"mathangelra","長","https://web.klokah.tw/extension/rd_data/audio/29/29_3_V15.mp3"
"mwaludru","流下","https://web.klokah.tw/extension/rd_data/audio/29/29_3_V16.mp3"
"inu","哪裡","https://web.klokah.tw/extension/rd_data/audio/29/29_3_V17.mp3"
"saseveha","風","https://web.klokah.tw/extension/rd_data/audio/29/29_4_V1.mp3"
"makakalrumale","比一比","https://web.klokah.tw/extension/rd_data/audio/29/29_4_V2.mp3"
"aswala","先","https://web.klokah.tw/extension/rd_data/audio/29/29_4_V3.mp3"
"akaci","贏","https://web.klokah.tw/extension/rd_data/audio/29/29_4_V4.mp3"
"makecelre","很冷","https://web.klokah.tw/extension/rd_data/audio/29/29_4_V5.mp3"
"kaelrea","路","https://web.klokah.tw/extension/rd_data/audio/29/29_4_V6.mp3"
"kipingi","衣服（上衣）","https://web.klokah.tw/extension/rd_data/audio/29/29_4_V7.mp3"
"bilibili","拉","https://web.klokah.tw/extension/rd_data/audio/29/29_4_V8.mp3"
"lritheethe","緊","https://web.klokah.tw/extension/rd_data/audio/29/29_4_V9.mp3"
"iipi","吹","https://web.klokah.tw/extension/rd_data/audio/29/29_4_V10.mp3"
"melemele","裹","https://web.klokah.tw/extension/rd_data/audio/29/29_4_V11.mp3"
"ngiukucu","縮","https://web.klokah.tw/extension/rd_data/audio/29/29_4_V12.mp3"
"palalava","試試","https://web.klokah.tw/extension/rd_data/audio/29/29_4_V13.mp3"
"ituku","跳","https://web.klokah.tw/extension/rd_data/audio/29/29_4_V14.mp3"
"lwangui","游泳","https://web.klokah.tw/extension/rd_data/audio/29/29_4_V15.mp3"
"haikiyu","救濟品","https://web.klokah.tw/extension/rd_data/audio/29/29_5_V1.mp3"
"masupatele","四十","https://web.klokah.tw/extension/rd_data/audio/29/29_5_V2.mp3"
"hidahe","快","https://web.klokah.tw/extension/rd_data/audio/29/29_5_V3.mp3"
"thingale","認識","https://web.klokah.tw/extension/rd_data/audio/29/29_5_V4.mp3"
"sana","只要","https://web.klokah.tw/extension/rd_data/audio/29/29_5_V5.mp3"
"singziya","教友","https://web.klokah.tw/extension/rd_data/audio/29/29_5_V6.mp3"
"cabu","包","https://web.klokah.tw/extension/rd_data/audio/29/29_5_V7.mp3"
"sapiti","排列","https://web.klokah.tw/extension/rd_data/audio/29/29_5_V8.mp3"
"syadrama","期待","https://web.klokah.tw/extension/rd_data/audio/29/29_5_V9.mp3"
"swadalepe","適合","https://web.klokah.tw/extension/rd_data/audio/29/29_5_V10.mp3"
"kece","鞋子","https://web.klokah.tw/extension/rd_data/audio/29/29_5_V11.mp3"
"tingsukiyu","天主教","https://web.klokah.tw/extension/rd_data/audio/29/29_5_V12.mp3"
"ngwalai","為了","https://web.klokah.tw/extension/rd_data/audio/29/29_5_V13.mp3"
"mapadulru","容易","https://web.klokah.tw/extension/rd_data/audio/29/29_5_V14.mp3"
"langai","買","https://web.klokah.tw/extension/rd_data/audio/29/29_5_V15.mp3"
"daange","嘆氣","https://web.klokah.tw/extension/rd_data/audio/29/29_5_V16.mp3"
"bangabangale","百合花","https://web.klokah.tw/extension/rd_data/audio/29/29_6_V1.mp3"
"kabeceaka","中間","https://web.klokah.tw/extension/rd_data/audio/29/29_6_V2.mp3"
"wacebecebe ka ubulu","植物","https://web.klokah.tw/extension/rd_data/audio/29/29_6_V3.mp3"
"sauwalai","男性","https://web.klokah.tw/extension/rd_data/audio/29/29_6_V4.mp3"
"mahakace","勇敢","https://web.klokah.tw/extension/rd_data/audio/29/29_6_V5.mp3"
"tahaalupu","獵人","https://web.klokah.tw/extension/rd_data/audio/29/29_6_V6.mp3"
"pana","獵物","https://web.klokah.tw/extension/rd_data/audio/29/29_6_V7.mp3"
"pakisupilri","分享","https://web.klokah.tw/extension/rd_data/audio/29/29_6_V8.mp3"
"bengelrai","花","https://web.klokah.tw/extension/rd_data/audio/29/29_6_V9.mp3"
"ababai","女性","https://web.klokah.tw/extension/rd_data/audio/29/29_6_V10.mp3"
"bengka","文化","https://web.klokah.tw/extension/rd_data/audio/29/29_6_V11.mp3"
"mabula","純潔","https://web.klokah.tw/extension/rd_data/audio/29/29_6_V12.mp3"
"makucyacingalre","貴於","https://web.klokah.tw/extension/rd_data/audio/29/29_6_V13.mp3"
"kahudrange","結婚","https://web.klokah.tw/extension/rd_data/audio/29/29_6_V14.mp3"
"nagane","姓名","https://web.klokah.tw/extension/rd_data/audio/29/29_7_V1.mp3"
"drataa","平地","https://web.klokah.tw/extension/rd_data/audio/29/29_7_V2.mp3"
"umase","人類","https://web.klokah.tw/extension/rd_data/audio/29/29_7_V3.mp3"
"kiyalibake","關懷","https://web.klokah.tw/extension/rd_data/audio/29/29_7_V4.mp3"
"lriyau","洪流","https://web.klokah.tw/extension/rd_data/audio/29/29_7_V5.mp3"
"tuliyapai","沖淡","https://web.klokah.tw/extension/rd_data/audio/29/29_7_V6.mp3"
"lrigu","榮耀","https://web.klokah.tw/extension/rd_data/audio/29/29_7_V7.mp3"
"alalingu","影子","https://web.klokah.tw/extension/rd_data/audio/29/29_7_V8.mp3"
"ngyakakukuhu","自卑","https://web.klokah.tw/extension/rd_data/audio/29/29_7_V9.mp3"
"paipalidi","邊緣","https://web.klokah.tw/extension/rd_data/audio/29/29_7_V10.mp3"
"hibici","侵占（搶）","https://web.klokah.tw/extension/rd_data/audio/29/29_7_V11.mp3"
"kaulrau","消失","https://web.klokah.tw/extension/rd_data/audio/29/29_7_V12.mp3"
"alaiya si","如果","https://web.klokah.tw/extension/rd_data/audio/29/29_7_V13.mp3"
"abubulru","神話","https://web.klokah.tw/extension/rd_data/audio/29/29_7_V14.mp3"
"paswala","先","https://web.klokah.tw/extension/rd_data/audio/29/29_7_V15.mp3"
"pasiyulri","恢復","https://web.klokah.tw/extension/rd_data/audio/29/29_7_V16.mp3"
"lrumala","尊嚴","https://web.klokah.tw/extension/rd_data/audio/29/29_7_V17.mp3"
"sakiyalibake","愛心","https://web.klokah.tw/extension/rd_data/audio/29/29_8_V1.mp3"
"kyadili","忍耐","https://web.klokah.tw/extension/rd_data/audio/29/29_8_V2.mp3"
"thalradha","恩慈","https://web.klokah.tw/extension/rd_data/audio/29/29_8_V3.mp3"
"pathalra","嫉妒","https://web.klokah.tw/extension/rd_data/audio/29/29_8_V4.mp3"
"ngyalralrigu","自誇","https://web.klokah.tw/extension/rd_data/audio/29/29_8_V5.mp3"
"ngyakadyadihaca","張狂","https://web.klokah.tw/extension/rd_data/audio/29/29_8_V6.mp3"
"malisilisi","發怒","https://web.klokah.tw/extension/rd_data/audio/29/29_8_V7.mp3"
"kyapautenga","相信","https://web.klokah.tw/extension/rd_data/audio/29/29_8_V8.mp3"
"paacepe","包容","https://web.klokah.tw/extension/rd_data/audio/29/29_8_V9.mp3"
"sasiyadradrama","盼望","https://web.klokah.tw/extension/rd_data/audio/29/29_8_V10.mp3"
"iziyu","遷移","https://web.klokah.tw/extension/rd_data/audio/29/29_9_V1.mp3"
"tahudraudrange","老人家","https://web.klokah.tw/extension/rd_data/audio/29/29_9_V2.mp3"
"taiyaa","說法","https://web.klokah.tw/extension/rd_data/audio/29/29_9_V3.mp3"
"cucungula","祖先；後代子孫","https://web.klokah.tw/extension/rd_data/audio/29/29_9_V4.mp3"
"daedae","地方","https://web.klokah.tw/extension/rd_data/audio/29/29_9_V5.mp3"
"ladrusa","夫婦","https://web.klokah.tw/extension/rd_data/audio/29/29_9_V6.mp3"
"pathagila","最初","https://web.klokah.tw/extension/rd_data/audio/29/29_9_V7.mp3"
"ngwadadethe","附近；接觸","https://web.klokah.tw/extension/rd_data/audio/29/29_9_V8.mp3"
"Kahamumudisa","佳暮","https://web.klokah.tw/extension/rd_data/audio/29/29_9_V9.mp3"
"kilepenge","迴避","https://web.klokah.tw/extension/rd_data/audio/29/29_9_V10.mp3"
"ngwalralringulu","周圍","https://web.klokah.tw/extension/rd_data/audio/29/29_9_V11.mp3"
"kisanu","打算","https://web.klokah.tw/extension/rd_data/audio/29/29_9_V12.mp3"
"badha","敵人","https://web.klokah.tw/extension/rd_data/audio/29/29_9_V13.mp3"
"Dadele","達得樂（地名）","https://web.klokah.tw/extension/rd_data/audio/29/29_9_V14.mp3"
"lakuni","所以","https://web.klokah.tw/extension/rd_data/audio/29/29_9_V15.mp3"
"takakalra","大部分","https://web.klokah.tw/extension/rd_data/audio/29/29_9_V16.mp3"
"Labuwa","大武","https://web.klokah.tw/extension/rd_data/audio/29/29_9_V17.mp3"
"asasaa","現在","https://web.klokah.tw/extension/rd_data/audio/29/29_9_V18.mp3"
"Auba","青葉","https://web.klokah.tw/extension/rd_data/audio/29/29_9_V19.mp3"
"tahatukakaange","漁夫","https://web.klokah.tw/extension/rd_data/audio/29/29_10_V1.mp3"
"mailaila","相偕","https://web.klokah.tw/extension/rd_data/audio/29/29_10_V2.mp3"
"baiyu","海","https://web.klokah.tw/extension/rd_data/audio/29/29_10_V3.mp3"
"makavaale","整天","https://web.klokah.tw/extension/rd_data/audio/29/29_10_V4.mp3"
"gengkang","船","https://web.klokah.tw/extension/rd_data/audio/29/29_10_V5.mp3"
"tuhanau","突然","https://web.klokah.tw/extension/rd_data/audio/29/29_10_V6.mp3"
"saladha","追","https://web.klokah.tw/extension/rd_data/audio/29/29_10_V7.mp3"
"mapalribilribulu","合力","https://web.klokah.tw/extension/rd_data/audio/29/29_10_V8.mp3"
"pwalra","捉住","https://web.klokah.tw/extension/rd_data/audio/29/29_10_V9.mp3"
"kilangai","賣","https://web.klokah.tw/extension/rd_data/audio/29/29_10_V10.mp3"
"paisu","錢","https://web.klokah.tw/extension/rd_data/audio/29/29_10_V11.mp3"
"pudringai","收起來","https://web.klokah.tw/extension/rd_data/audio/29/29_10_V12.mp3"
"ami","網","https://web.klokah.tw/extension/rd_data/audio/29/29_10_V13.mp3"
"tielrege","沉重","https://web.klokah.tw/extension/rd_data/audio/29/29_10_V14.mp3"
"lrenege","石頭","https://web.klokah.tw/extension/rd_data/audio/29/29_10_V15.mp3"
"ubulu","垃圾（草）","https://web.klokah.tw/extension/rd_data/audio/29/29_10_V16.mp3"
"takitulalaka","生日","https://web.klokah.tw/extension/rd_data/audio/29/29_11_V1.mp3"
"kaiasaa","今日","https://web.klokah.tw/extension/rd_data/audio/29/29_11_V2.mp3"
"kihahagai","歡樂","https://web.klokah.tw/extension/rd_data/audio/29/29_11_V3.mp3"
"musuwa","你（受格）","https://web.klokah.tw/extension/rd_data/audio/29/29_11_V4.mp3"
"mudringadringai","平安","https://web.klokah.tw/extension/rd_data/audio/29/29_11_V5.mp3"
"eneme","六","https://web.klokah.tw/extension/rd_data/audio/29/29_12_V1.mp3"
"pacilri","遺失","https://web.klokah.tw/extension/rd_data/audio/29/29_12_V2.mp3"
"taupungu","狗","https://web.klokah.tw/extension/rd_data/audio/29/29_12_V3.mp3"
"supate","四","https://web.klokah.tw/extension/rd_data/audio/29/29_12_V4.mp3"
"dramahe","月","https://web.klokah.tw/extension/rd_data/audio/29/29_12_V5.mp3"
"icecelrenge","黑色","https://web.klokah.tw/extension/rd_data/audio/29/29_12_V6.mp3"
"ubale","毛","https://web.klokah.tw/extension/rd_data/audio/29/29_12_V7.mp3"
"ngudui","嘴","https://web.klokah.tw/extension/rd_data/audio/29/29_12_V8.mp3"
"malreva","稀疏","https://web.klokah.tw/extension/rd_data/audio/29/29_12_V9.mp3"
"pupuli","白色","https://web.klokah.tw/extension/rd_data/audio/29/29_12_V10.mp3"
"ngisangisi","鬍鬚","https://web.klokah.tw/extension/rd_data/audio/29/29_12_V11.mp3"
"lree","脖子","https://web.klokah.tw/extension/rd_data/audio/29/29_12_V12.mp3"
"kehenge","繫著","https://web.klokah.tw/extension/rd_data/audio/29/29_12_V13.mp3"
"diheheele","紅色","https://web.klokah.tw/extension/rd_data/audio/29/29_12_V14.mp3"
"kelrai","掛著","https://web.klokah.tw/extension/rd_data/audio/29/29_12_V15.mp3"
"kikilringi","鈴鐺","https://web.klokah.tw/extension/rd_data/audio/29/29_12_V16.mp3"
"lrima","五","https://web.klokah.tw/extension/rd_data/audio/29/29_12_V17.mp3"
"kudrulu","千","https://web.klokah.tw/extension/rd_data/audio/29/29_12_V18.mp3"
"silape","找","https://web.klokah.tw/extension/rd_data/audio/29/29_12_V19.mp3"
"inamai","針","https://web.klokah.tw/extension/rd_data/audio/29/29_13_V1.mp3"
"calrisi","線","https://web.klokah.tw/extension/rd_data/audio/29/29_13_V2.mp3"
"ina","母親","https://web.klokah.tw/extension/rd_data/audio/29/29_13_V3.mp3"
"vaiya","白天","https://web.klokah.tw/extension/rd_data/audio/29/29_13_V4.mp3"
"maungu","晚上","https://web.klokah.tw/extension/rd_data/audio/29/29_13_V5.mp3"
"cuunu","叮嚀","https://web.klokah.tw/extension/rd_data/audio/29/29_13_V6.mp3"
"kebehe","抱","https://web.klokah.tw/extension/rd_data/audio/29/29_13_V7.mp3"
"sakamyaneana","依然","https://web.klokah.tw/extension/rd_data/audio/29/29_13_V8.mp3"
"maculu","溫暖","https://web.klokah.tw/extension/rd_data/audio/29/29_13_V9.mp3"
"lrese","淚水","https://web.klokah.tw/extension/rd_data/audio/29/29_13_V10.mp3"
"drangedrange","汗水","https://web.klokah.tw/extension/rd_data/audio/29/29_13_V11.mp3"
"pwacilai","灌溉","https://web.klokah.tw/extension/rd_data/audio/29/29_13_V12.mp3"
"sipi","夢","https://web.klokah.tw/extension/rd_data/audio/29/29_13_V13.mp3"
"akuesai","悅耳","https://web.klokah.tw/extension/rd_data/audio/29/29_13_V14.mp3"
"lamu","露水","https://web.klokah.tw/extension/rd_data/audio/29/29_13_V15.mp3"
"biya","葉子","https://web.klokah.tw/extension/rd_data/audio/29/29_13_V16.mp3"
"tai","芋","https://web.klokah.tw/extension/rd_data/audio/29/29_13_V17.mp3"
"cukucuku","烏龜","https://web.klokah.tw/extension/rd_data/audio/29/29_14_V1.mp3"
"usagi","兔子","https://web.klokah.tw/extension/rd_data/audio/29/29_14_V2.mp3"
"lemethe","瞧不起","https://web.klokah.tw/extension/rd_data/audio/29/29_14_V3.mp3"
"lailai","跑","https://web.klokah.tw/extension/rd_data/audio/29/29_14_V4.mp3"
"ngyakadihaca","驕傲","https://web.klokah.tw/extension/rd_data/audio/29/29_14_V5.mp3"
"tulru","三","https://web.klokah.tw/extension/rd_data/audio/29/29_14_V6.mp3"
"tuki","鐘頭；時鐘","https://web.klokah.tw/extension/rd_data/audio/29/29_14_V7.mp3"
"magalrimegeme","巴不得","https://web.klokah.tw/extension/rd_data/audio/29/29_14_V8.mp3"
"papucucubungu","往前","https://web.klokah.tw/extension/rd_data/audio/29/29_14_V9.mp3"
"lrilrikudru","後面","https://web.klokah.tw/extension/rd_data/audio/29/29_14_V10.mp3"
"masualrikudru","回頭","https://web.klokah.tw/extension/rd_data/audio/29/29_14_V11.mp3"
"lalrange","慢慢","https://web.klokah.tw/extension/rd_data/audio/29/29_14_V12.mp3"
"salradha","偷懶","https://web.klokah.tw/extension/rd_data/audio/29/29_14_V13.mp3"
"kisyuting","終點（日語）","https://web.klokah.tw/extension/rd_data/audio/29/29_14_V14.mp3"
"alrigilrigi","醒來","https://web.klokah.tw/extension/rd_data/audio/29/29_14_V15.mp3"
"kilriyu","招手","https://web.klokah.tw/extension/rd_data/audio/29/29_14_V16.mp3"
"lribate","經過","https://web.klokah.tw/extension/rd_data/audio/29/29_15_V1.mp3"
"swahahe","放下","https://web.klokah.tw/extension/rd_data/audio/29/29_15_V2.mp3"
"amece","行李","https://web.klokah.tw/extension/rd_data/audio/29/29_15_V3.mp3"
"takainene","坐","https://web.klokah.tw/extension/rd_data/audio/29/29_15_V4.mp3"
"babyabila","邊邊","https://web.klokah.tw/extension/rd_data/audio/29/29_15_V5.mp3"
"angatu","樹","https://web.klokah.tw/extension/rd_data/audio/29/29_15_V6.mp3"
"syavava","欣賞","https://web.klokah.tw/extension/rd_data/audio/29/29_15_V7.mp3"
"kisupilri","享受","https://web.klokah.tw/extension/rd_data/audio/29/29_15_V8.mp3"
"demedeme","一切；全部","https://web.klokah.tw/extension/rd_data/audio/29/29_15_V9.mp3"
"twapapalra","跟著","https://web.klokah.tw/extension/rd_data/audio/29/29_15_V10.mp3"
"ubaisi","餓","https://web.klokah.tw/extension/rd_data/audio/29/29_15_V11.mp3"
"bahange","肚子","https://web.klokah.tw/extension/rd_data/audio/29/29_15_V12.mp3"
"nyakama","被烤的","https://web.klokah.tw/extension/rd_data/audio/29/29_15_V13.mp3"
"pwaelaela","告訴","https://web.klokah.tw/extension/rd_data/audio/29/29_15_V14.mp3"
"dukulru","丟","https://web.klokah.tw/extension/rd_data/audio/29/29_15_V15.mp3"
"pusu","咒詛","https://web.klokah.tw/extension/rd_data/audio/29/29_15_V16.mp3"
"padulru","準備","https://web.klokah.tw/extension/rd_data/audio/29/29_16_V1.mp3"
"sana amanema","所有","https://web.klokah.tw/extension/rd_data/audio/29/29_16_V2.mp3"
"ngyakakamani","親自","https://web.klokah.tw/extension/rd_data/audio/29/29_16_V3.mp3"
"kisalru","借","https://web.klokah.tw/extension/rd_data/audio/29/29_16_V4.mp3"
"alrima","手","https://web.klokah.tw/extension/rd_data/audio/29/29_16_V5.mp3"
"hecenge","拿；摸","https://web.klokah.tw/extension/rd_data/audio/29/29_16_V6.mp3"
"salwalupu","獵具","https://web.klokah.tw/extension/rd_data/audio/29/29_16_V7.mp3"
"basenge","噴嚏","https://web.klokah.tw/extension/rd_data/audio/29/29_16_V8.mp3"
"idrengehe","停止","https://web.klokah.tw/extension/rd_data/audio/29/29_16_V9.mp3"
"latadre","外面","https://web.klokah.tw/extension/rd_data/audio/29/29_16_V10.mp3"
"saeleleba","門","https://web.klokah.tw/extension/rd_data/audio/29/29_16_V11.mp3"
"lingau","聲音","https://web.klokah.tw/extension/rd_data/audio/29/29_16_V12.mp3"
"makalra","多","https://web.klokah.tw/extension/rd_data/audio/29/29_16_V13.mp3"
"bekela","寡","https://web.klokah.tw/extension/rd_data/audio/29/29_16_V14.mp3"
"uhuwa","寮舍","https://web.klokah.tw/extension/rd_data/audio/29/29_16_V15.mp3"
"becenge","小米","https://web.klokah.tw/extension/rd_data/audio/29/29_16_V16.mp3"
"kuhai","芋頭乾","https://web.klokah.tw/extension/rd_data/audio/29/29_16_V17.mp3"
"haucu","火柴","https://web.klokah.tw/extension/rd_data/audio/29/29_16_V18.mp3"
"palungu","鍋子","https://web.klokah.tw/extension/rd_data/audio/29/29_16_V19.mp3"
"maca","眼","https://web.klokah.tw/extension/rd_data/audio/29/29_17_V1.mp3"
"kyasyete","被充滿","https://web.klokah.tw/extension/rd_data/audio/29/29_17_V2.mp3"
"thuthu","奶","https://web.klokah.tw/extension/rd_data/audio/29/29_17_V3.mp3"
"kane","食（吃）","https://web.klokah.tw/extension/rd_data/audio/29/29_17_V4.mp3"
"yadringi","在裡面","https://web.klokah.tw/extension/rd_data/audio/29/29_17_V5.mp3"
"adringi","內","https://web.klokah.tw/extension/rd_data/audio/29/29_17_V6.mp3"
"duhai","糯米","https://web.klokah.tw/extension/rd_data/audio/29/29_17_V7.mp3"
"buhasi","地瓜","https://web.klokah.tw/extension/rd_data/audio/29/29_17_V8.mp3"
"butulu","豬肉","https://web.klokah.tw/extension/rd_data/audio/29/29_17_V9.mp3"
"lacenge","青菜","https://web.klokah.tw/extension/rd_data/audio/29/29_17_V10.mp3"
"tedraa","剩","https://web.klokah.tw/extension/rd_data/audio/29/29_17_V11.mp3"
"kivala","分","https://web.klokah.tw/extension/rd_data/audio/29/29_17_V12.mp3"
"lapu","養育","https://web.klokah.tw/extension/rd_data/audio/29/29_17_V13.mp3"
"tulisi","損害","https://web.klokah.tw/extension/rd_data/audio/29/29_17_V14.mp3"
"kidrikisi","抵抗","https://web.klokah.tw/extension/rd_data/audio/29/29_17_V15.mp3"
"caema","病魔","https://web.klokah.tw/extension/rd_data/audio/29/29_17_V16.mp3"
"pacai","死亡","https://web.klokah.tw/extension/rd_data/audio/29/29_17_V17.mp3"
"kaumasa","天下","https://web.klokah.tw/extension/rd_data/audio/29/29_18_V1.mp3"
"vaga","語言","https://web.klokah.tw/extension/rd_data/audio/29/29_18_V2.mp3"
"talrauwa","東方","https://web.klokah.tw/extension/rd_data/audio/29/29_18_V3.mp3"
"madradrekase","商量","https://web.klokah.tw/extension/rd_data/audio/29/29_18_V4.mp3"
"nyama","來","https://web.klokah.tw/extension/rd_data/audio/29/29_18_V5.mp3"
"lringga","磚","https://web.klokah.tw/extension/rd_data/audio/29/29_18_V6.mp3"
"ahakai","使用","https://web.klokah.tw/extension/rd_data/audio/29/29_18_V7.mp3"
"keretange","石漆","https://web.klokah.tw/extension/rd_data/audio/29/29_18_V8.mp3"
"subelebelenge","天","https://web.klokah.tw/extension/rd_data/audio/29/29_18_V9.mp3"
"amanilu","免得","https://web.klokah.tw/extension/rd_data/audio/29/29_18_V10.mp3"
"swahau","分散","https://web.klokah.tw/extension/rd_data/audio/29/29_18_V11.mp3"
"pathagili","開始","https://web.klokah.tw/extension/rd_data/audio/29/29_18_V12.mp3"
"pakalrithabulu","變亂","https://web.klokah.tw/extension/rd_data/audio/29/29_18_V13.mp3"
"mathingathingale","彼此相通","https://web.klokah.tw/extension/rd_data/audio/29/29_18_V14.mp3"
"udale","雨","https://web.klokah.tw/extension/rd_data/audio/29/29_19_V1.mp3"
"makapiyale","多少天","https://web.klokah.tw/extension/rd_data/audio/29/29_19_V2.mp3"
"nenehe","淹","https://web.klokah.tw/extension/rd_data/audio/29/29_19_V3.mp3"
"mabetake","兄弟姊妹","https://web.klokah.tw/extension/rd_data/audio/29/29_19_V4.mp3"
"kasuadre","退潮","https://web.klokah.tw/extension/rd_data/audio/29/29_19_V5.mp3"
"ledra","亮光","https://web.klokah.tw/extension/rd_data/audio/29/29_19_V6.mp3"
"druma","別的","https://web.klokah.tw/extension/rd_data/audio/29/29_19_V7.mp3"
"apui","火","https://web.klokah.tw/extension/rd_data/audio/29/29_19_V8.mp3"
"daulu","叫","https://web.klokah.tw/extension/rd_data/audio/29/29_19_V9.mp3"
"akece","山羌","https://web.klokah.tw/extension/rd_data/audio/29/29_19_V10.mp3"
"laungu","犄角","https://web.klokah.tw/extension/rd_data/audio/29/29_19_V11.mp3"
"matielrege","重","https://web.klokah.tw/extension/rd_data/audio/29/29_19_V12.mp3"
"kabiceaka","中間","https://web.klokah.tw/extension/rd_data/audio/29/29_19_V13.mp3"
"salaunga","鹿","https://web.klokah.tw/extension/rd_data/audio/29/29_19_V14.mp3"
"buti","瞎眼","https://web.klokah.tw/extension/rd_data/audio/29/29_19_V15.mp3"
"pilai","跛腳","https://web.klokah.tw/extension/rd_data/audio/29/29_19_V16.mp3"
"matiyakuhu","窮","https://web.klokah.tw/extension/rd_data/audio/29/29_20_V1.mp3"
"iluku","帶","https://web.klokah.tw/extension/rd_data/audio/29/29_20_V2.mp3"
"lalake","孩子","https://web.klokah.tw/extension/rd_data/audio/29/29_20_V3.mp3"
"tahatulravai","農人","https://web.klokah.tw/extension/rd_data/audio/29/29_20_V4.mp3"
"syulri","回程","https://web.klokah.tw/extension/rd_data/audio/29/29_20_V5.mp3"
"tauwana","家","https://web.klokah.tw/extension/rd_data/audio/29/29_20_V6.mp3"
"kitubulru","問","https://web.klokah.tw/extension/rd_data/audio/29/29_20_V7.mp3"
"tubalre","回答","https://web.klokah.tw/extension/rd_data/audio/29/29_20_V8.mp3"
"kyalalra","聽話","https://web.klokah.tw/extension/rd_data/audio/29/29_20_V9.mp3"
"twabake","懂事","https://web.klokah.tw/extension/rd_data/audio/29/29_20_V10.mp3"
"ngyadradraha","神氣","https://web.klokah.tw/extension/rd_data/audio/29/29_20_V11.mp3"
"babengelradha","花園","https://web.klokah.tw/extension/rd_data/audio/29/29_20_V12.mp3"
"taulikaiya","盡頭","https://web.klokah.tw/extension/rd_data/audio/29/29_20_V13.mp3"
"maububu","相互潑水","https://web.klokah.tw/extension/rd_data/audio/29/29_20_V14.mp3"
"daane","屋子","https://web.klokah.tw/extension/rd_data/audio/29/29_20_V15.mp3"
"malailapiti","排列","https://web.klokah.tw/extension/rd_data/audio/29/29_20_V16.mp3"
"kalaelange","聊天","https://web.klokah.tw/extension/rd_data/audio/29/29_20_V17.mp3"
"ualaiiyuhi","虛詞","https://web.klokah.tw/extension/rd_data/audio/29/29_21_V1.mp3"
"dralrai","傳統四步舞","https://web.klokah.tw/extension/rd_data/audio/29/29_21_V2.mp3"
"kapeapehau","熱鬧","https://web.klokah.tw/extension/rd_data/audio/29/29_21_V3.mp3"
"Ngudradrekai","魯凱族","https://web.klokah.tw/extension/rd_data/audio/29/29_21_V4.mp3"
"takitualrava","榜樣","https://web.klokah.tw/extension/rd_data/audio/29/29_21_V5.mp3"
"mahathudu","合作","https://web.klokah.tw/extension/rd_data/audio/29/29_21_V6.mp3"
"Dremedrema","人名（女）","https://web.klokah.tw/extension/rd_data/audio/29/29_22_V1.mp3"
"hededela","同事；同伴","https://web.klokah.tw/extension/rd_data/audio/29/29_22_V2.mp3"
"kipalrigu","得知","https://web.klokah.tw/extension/rd_data/audio/29/29_22_V3.mp3"
"mwalrevese","跌倒","https://web.klokah.tw/extension/rd_data/audio/29/29_22_V4.mp3"
"kacelra","折斷","https://web.klokah.tw/extension/rd_data/audio/29/29_22_V5.mp3"
"ngyatuluku","驚嚇","https://web.klokah.tw/extension/rd_data/audio/29/29_22_V6.mp3"
"tuhamuhu","非常","https://web.klokah.tw/extension/rd_data/audio/29/29_22_V7.mp3"
"takaumaumasa","為人","https://web.klokah.tw/extension/rd_data/audio/29/29_22_V8.mp3"
"sanaka","只要","https://web.klokah.tw/extension/rd_data/audio/29/29_22_V9.mp3"
"waseba","誇獎","https://web.klokah.tw/extension/rd_data/audio/29/29_22_V10.mp3"
"musakene","尊敬","https://web.klokah.tw/extension/rd_data/audio/29/29_22_V11.mp3"
"pasingikidremedreme","誠心","https://web.klokah.tw/extension/rd_data/audio/29/29_22_V12.mp3"
"kalitha","關懷","https://web.klokah.tw/extension/rd_data/audio/29/29_22_V13.mp3"
"sabau","辛苦","https://web.klokah.tw/extension/rd_data/audio/29/29_22_V14.mp3"
"sakiyadulru","辛勞","https://web.klokah.tw/extension/rd_data/audio/29/29_22_V15.mp3"
"bangate","九","https://web.klokah.tw/extension/rd_data/audio/29/29_22_V16.mp3"
"mapusale","二十","https://web.klokah.tw/extension/rd_data/audio/29/29_22_V17.mp3"
"aitaha","總要","https://web.klokah.tw/extension/rd_data/audio/29/29_23_V1.mp3"
"takaadrava","大的地方","https://web.klokah.tw/extension/rd_data/audio/29/29_23_V2.mp3"
"pulringau","了解","https://web.klokah.tw/extension/rd_data/audio/29/29_23_V3.mp3"
"sya","穿","https://web.klokah.tw/extension/rd_data/audio/29/29_23_V4.mp3"
"kisudalru","熟悉","https://web.klokah.tw/extension/rd_data/audio/29/29_23_V5.mp3"
"kasamadre","難過","https://web.klokah.tw/extension/rd_data/audio/29/29_23_V6.mp3"
"isaseleba","沉默","https://web.klokah.tw/extension/rd_data/audio/29/29_23_V7.mp3"
"miyalri","也","https://web.klokah.tw/extension/rd_data/audio/29/29_23_V8.mp3"
"maupungu","煩亂","https://web.klokah.tw/extension/rd_data/audio/29/29_23_V9.mp3"
"lu iga","什麼時候","https://web.klokah.tw/extension/rd_data/audio/29/29_23_V10.mp3"
"mahahake","相互牽著","https://web.klokah.tw/extension/rd_data/audio/29/29_23_V11.mp3"
"nisilribatanenga","過去的","https://web.klokah.tw/extension/rd_data/audio/29/29_23_V12.mp3"
"tulriki","老鼠","https://web.klokah.tw/extension/rd_data/audio/29/29_24_V1.mp3"
"thangapulu","獅子","https://web.klokah.tw/extension/rd_data/audio/29/29_24_V2.mp3"
"sibasiba","草地","https://web.klokah.tw/extension/rd_data/audio/29/29_24_V3.mp3"
"mulringedele","中午","https://web.klokah.tw/extension/rd_data/audio/29/29_24_V4.mp3"
"mapikace","頑皮","https://web.klokah.tw/extension/rd_data/audio/29/29_24_V5.mp3"
"lringau","臉","https://web.klokah.tw/extension/rd_data/audio/29/29_24_V6.mp3"
"patupalra","順著","https://web.klokah.tw/extension/rd_data/audio/29/29_24_V7.mp3"
"akulisi","怒氣","https://web.klokah.tw/extension/rd_data/audio/29/29_24_V8.mp3"
"kasipelrenge","睡著","https://web.klokah.tw/extension/rd_data/audio/29/29_24_V9.mp3"
"kitubi","求","https://web.klokah.tw/extension/rd_data/audio/29/29_24_V10.mp3"
"manema","什麼","https://web.klokah.tw/extension/rd_data/audio/29/29_24_V11.mp3"
"kace","咬","https://web.klokah.tw/extension/rd_data/audio/29/29_24_V12.mp3"
"mulruduku","落入","https://web.klokah.tw/extension/rd_data/audio/29/29_24_V13.mp3"
"lrubange","陷阱","https://web.klokah.tw/extension/rd_data/audio/29/29_24_V14.mp3"
"angeange","痛","https://web.klokah.tw/extension/rd_data/audio/29/29_24_V15.mp3"
"mahangisi","銳利","https://web.klokah.tw/extension/rd_data/audio/29/29_24_V16.mp3"
"valisi","牙齒","https://web.klokah.tw/extension/rd_data/audio/29/29_24_V17.mp3"
"twalai","從","https://web.klokah.tw/extension/rd_data/audio/29/29_24_V18.mp3"
"kyakadalame","被愛（受人愛戴）","https://web.klokah.tw/extension/rd_data/audio/29/29_25_V1.mp3"
"taha","專門","https://web.klokah.tw/extension/rd_data/audio/29/29_25_V2.mp3"
"sangiiluku","帶領","https://web.klokah.tw/extension/rd_data/audio/29/29_25_V3.mp3"
"lrigila","智慧","https://web.klokah.tw/extension/rd_data/audio/29/29_25_V4.mp3"
"kiyake","計劃","https://web.klokah.tw/extension/rd_data/audio/29/29_25_V5.mp3"
"sutelrai","舒適","https://web.klokah.tw/extension/rd_data/audio/29/29_25_V6.mp3"
"sikiningi","負責","https://web.klokah.tw/extension/rd_data/audio/29/29_25_V7.mp3"
"syamece","擔負","https://web.klokah.tw/extension/rd_data/audio/29/29_25_V8.mp3"
"kalalravadha","農忙季節","https://web.klokah.tw/extension/rd_data/audio/29/29_25_V9.mp3"
"pa ivai","撒種","https://web.klokah.tw/extension/rd_data/audio/29/29_25_V10.mp3"
"lredreke","種","https://web.klokah.tw/extension/rd_data/audio/29/29_25_V11.mp3"
"masingyalalai","輪工","https://web.klokah.tw/extension/rd_data/audio/29/29_25_V12.mp3"
"pakivaevaevange","閒著","https://web.klokah.tw/extension/rd_data/audio/29/29_25_V13.mp3"
"akwapingi","當兵","https://web.klokah.tw/extension/rd_data/audio/29/29_25_V14.mp3"
"abai","小米糕","https://web.klokah.tw/extension/rd_data/audio/29/29_25_V15.mp3"
"satedre","送","https://web.klokah.tw/extension/rd_data/audio/29/29_25_V16.mp3"
"sulrapele","溫柔 ","https://web.klokah.tw/extension/rd_data/audio/29/29_25_V17.mp3"
"patenga","真的","https://web.klokah.tw/extension/rd_data/audio/29/29_25_V18.mp3"
"pusamalra","羨慕","https://web.klokah.tw/extension/rd_data/audio/29/29_25_V19.mp3"
"malrikilriki","猶豫不決 ","https://web.klokah.tw/extension/rd_data/audio/29/29_25_V20.mp3"
"tinukucingalra","重要","https://web.klokah.tw/extension/rd_data/audio/29/29_26_V1.mp3"
"pasingikai","根據","https://web.klokah.tw/extension/rd_data/audio/29/29_26_V2.mp3"
"talyalalai","頭目","https://web.klokah.tw/extension/rd_data/audio/29/29_26_V3.mp3"
"pasudalepe","配得","https://web.klokah.tw/extension/rd_data/audio/29/29_26_V4.mp3"
"pilri","選","https://web.klokah.tw/extension/rd_data/audio/29/29_26_V5.mp3"
"kitulalake","出生","https://web.klokah.tw/extension/rd_data/audio/29/29_26_V6.mp3"
"pasyagisi","鄰居","https://web.klokah.tw/extension/rd_data/audio/29/29_26_V7.mp3"
"kabavaa","小米酒","https://web.klokah.tw/extension/rd_data/audio/29/29_26_V8.mp3"
"kyacapili","幹部","https://web.klokah.tw/extension/rd_data/audio/29/29_26_V9.mp3"
"hetesa","親戚","https://web.klokah.tw/extension/rd_data/audio/29/29_26_V10.mp3"
"culu","殺、宰","https://web.klokah.tw/extension/rd_data/audio/29/29_26_V11.mp3"
"beke","豬","https://web.klokah.tw/extension/rd_data/audio/29/29_26_V12.mp3"
"damai","菜餚","https://web.klokah.tw/extension/rd_data/audio/29/29_26_V13.mp3"
"matikai","提出","https://web.klokah.tw/extension/rd_data/audio/29/29_26_V14.mp3"
"palraingi","同意","https://web.klokah.tw/extension/rd_data/audio/29/29_26_V15.mp3"
"aswalalanga","最先","https://web.klokah.tw/extension/rd_data/audio/29/29_27_V1.mp3"
"maecebe","一雙","https://web.klokah.tw/extension/rd_data/audio/29/29_27_V2.mp3"
"kidremelre","厚","https://web.klokah.tw/extension/rd_data/audio/29/29_27_V3.mp3"
"kapalre","腳板","https://web.klokah.tw/extension/rd_data/audio/29/29_27_V4.mp3"
"dakipi","黏著","https://web.klokah.tw/extension/rd_data/audio/29/29_27_V5.mp3"
"drapale","腳","https://web.klokah.tw/extension/rd_data/audio/29/29_27_V6.mp3"
"kabalre","繭","https://web.klokah.tw/extension/rd_data/audio/29/29_27_V7.mp3"
"dredre","踩","https://web.klokah.tw/extension/rd_data/audio/29/29_27_V8.mp3"
"pangipikungu","使...彎曲","https://web.klokah.tw/extension/rd_data/audio/29/29_27_V9.mp3"
"sakedrekedre","釘子","https://web.klokah.tw/extension/rd_data/audio/29/29_27_V10.mp3"
"twalrau","習慣","https://web.klokah.tw/extension/rd_data/audio/29/29_27_V11.mp3"
"hadasi","赤腳","https://web.klokah.tw/extension/rd_data/audio/29/29_27_V12.mp3"
"nyelrelrea","累積","https://web.klokah.tw/extension/rd_data/audio/29/29_27_V13.mp3"
"paipai","打開（張開）","https://web.klokah.tw/extension/rd_data/audio/29/29_27_V14.mp3"
"galaugau","指頭","https://web.klokah.tw/extension/rd_data/audio/29/29_27_V15.mp3"
"asipi","算 ","https://web.klokah.tw/extension/rd_data/audio/29/29_27_V16.mp3"
"sabiki","檳榔","https://web.klokah.tw/extension/rd_data/audio/29/29_27_V17.mp3"
"vihi","左","https://web.klokah.tw/extension/rd_data/audio/29/29_27_V18.mp3"
"vanale","右","https://web.klokah.tw/extension/rd_data/audio/29/29_27_V19.mp3"
"alruunu","枕","https://web.klokah.tw/extension/rd_data/audio/29/29_27_V20.mp3"
"ngulringau","記得","https://web.klokah.tw/extension/rd_data/audio/29/29_28_V1.mp3"
"kipadradreseng","遭遇","https://web.klokah.tw/extension/rd_data/audio/29/29_28_V2.mp3"
"tusinalreme","恥辱","https://web.klokah.tw/extension/rd_data/audio/29/29_28_V3.mp3"
"pakulrulrulu","孤兒","https://web.klokah.tw/extension/rd_data/audio/29/29_28_V4.mp3"
"ungulu","喝","https://web.klokah.tw/extension/rd_data/audio/29/29_28_V5.mp3"
"adrava","連...","https://web.klokah.tw/extension/rd_data/audio/29/29_28_V6.mp3"
"satwapudha","燃料","https://web.klokah.tw/extension/rd_data/audio/29/29_28_V7.mp3"
"lwange","牛","https://web.klokah.tw/extension/rd_data/audio/29/29_28_V8.mp3"
"higi","馬","https://web.klokah.tw/extension/rd_data/audio/29/29_28_V9.mp3"
"isadra","休息","https://web.klokah.tw/extension/rd_data/audio/29/29_28_V10.mp3"
"kiciacia","乞丐","https://web.klokah.tw/extension/rd_data/audio/29/29_28_V11.mp3"
"pasalriva","罪","https://web.klokah.tw/extension/rd_data/audio/29/29_28_V12.mp3"
"ubula","野外","https://web.klokah.tw/extension/rd_data/audio/29/29_28_V13.mp3"
"kidrangi","冒著危險；自殺","https://web.klokah.tw/extension/rd_data/audio/29/29_28_V14.mp3"
"hedame","乾燥","https://web.klokah.tw/extension/rd_data/audio/29/29_28_V15.mp3"
"lrangici","皮膚","https://web.klokah.tw/extension/rd_data/audio/29/29_28_V16.mp3"
"kya akame","被烤","https://web.klokah.tw/extension/rd_data/audio/29/29_28_V17.mp3"
"talaalibi","石板屋","https://web.klokah.tw/extension/rd_data/audio/29/29_29_V1.mp3"
"nyabulruwa","傳說","https://web.klokah.tw/extension/rd_data/audio/29/29_29_V2.mp3"
"dahepe","建造","https://web.klokah.tw/extension/rd_data/audio/29/29_29_V3.mp3"
"ngibuwale","出現","https://web.klokah.tw/extension/rd_data/audio/29/29_29_V4.mp3"
"ea","一","https://web.klokah.tw/extension/rd_data/audio/29/29_29_V5.mp3"
"sakaelreta","百步蛇","https://web.klokah.tw/extension/rd_data/audio/29/29_29_V6.mp3"
"seege","伸直","https://web.klokah.tw/extension/rd_data/audio/29/29_29_V7.mp3"
"pangipaipai","展開","https://web.klokah.tw/extension/rd_data/audio/29/29_29_V8.mp3"
"yasasana","立刻","https://web.klokah.tw/extension/rd_data/audio/29/29_29_V9.mp3"
"kabekabe","鱗片","https://web.klokah.tw/extension/rd_data/audio/29/29_29_V10.mp3"
"ulaulai","蛇","https://web.klokah.tw/extension/rd_data/audio/29/29_29_V11.mp3"
"lanika","原來","https://web.klokah.tw/extension/rd_data/audio/29/29_29_V12.mp3"
"macacapecape","疊","https://web.klokah.tw/extension/rd_data/audio/29/29_29_V13.mp3"
"papulraudru","往下","https://web.klokah.tw/extension/rd_data/audio/29/29_29_V14.mp3"
"tudru","水滴","https://web.klokah.tw/extension/rd_data/audio/29/29_29_V15.mp3"
"kalakecelra","冬天","https://web.klokah.tw/extension/rd_data/audio/29/29_29_V16.mp3"
"kangangehece","涼","https://web.klokah.tw/extension/rd_data/audio/29/29_29_V17.mp3"
"kapapedrenge","堅固","https://web.klokah.tw/extension/rd_data/audio/29/29_29_V18.mp3"
"iniya","他(受格)","https://web.klokah.tw/extension/rd_data/audio/29/29_30_V1.mp3"
"sulivate","安逸","https://web.klokah.tw/extension/rd_data/audio/29/29_30_V2.mp3"
"kicabihi","挑戰","https://web.klokah.tw/extension/rd_data/audio/29/29_30_V3.mp3"
"kungdring","磨練","https://web.klokah.tw/extension/rd_data/audio/29/29_30_V4.mp3"
"dulrwana","還能夠","https://web.klokah.tw/extension/rd_data/audio/29/29_30_V5.mp3"
"lringedela","挺","https://web.klokah.tw/extension/rd_data/audio/29/29_30_V6.mp3"
"acegecege","立","https://web.klokah.tw/extension/rd_data/audio/29/29_30_V7.mp3"
"amaki","失敗","https://web.klokah.tw/extension/rd_data/audio/29/29_30_V8.mp3"
"kisapalra","同情；感同身受","https://web.klokah.tw/extension/rd_data/audio/29/29_30_V9.mp3"
"talicubungu","目標","https://web.klokah.tw/extension/rd_data/audio/29/29_30_V10.mp3"
"alaiyasi","如果","https://web.klokah.tw/extension/rd_data/audio/29/29_30_V11.mp3"
"amani","成為","https://web.klokah.tw/extension/rd_data/audio/29/29_30_V12.mp3"
"ungting","駕馭","https://web.klokah.tw/extension/rd_data/audio/29/29_30_V13.mp3"
"kahimuhu","忘記","https://web.klokah.tw/extension/rd_data/audio/29/29_30_V14.mp3"
