"takɨrabaraberɨ kétevalaka ni swa sesa takɨrabaraberɨ kétevalaka ni swa sesa","祝你生日快樂 祝你生日快樂","https://web.klokah.tw/text/sound/27757/461015.mp3"
"musu Ipulu mabebere made kétevalaka ni swa takɨrabaraberɨ kétevalaka ni swa sesa","祝（你/伊布魯）生日快樂 祝你生日快樂","https://web.klokah.tw/text/sound/27757/461017.mp3"
"takɨrabaraberɨ Ticico mitia kétevalaka ni swa takɨrabaraberɨ Ticio mitia kétevalaka ni swa","感謝賜生命的上帝 感謝賜生命的上帝","https://web.klokah.tw/text/sound/27757/461019.mp3"
"musu Ipulu sukuba Ticico mitia kétevalakani swa takɨrabaraberɨ Ticio mitia kétevalaka ni swa","你要禱告賜生命的上帝 感謝賜生命的上帝","https://web.klokah.tw/text/sound/27757/461021.mp3"
"ina muidranga na ciuka minkoku sessa na edé la kudrusa cvélé, lrima dremare, mposele klrima viene doyobi ka (nolriki thɨpatɨ dremare mngesele kneme viene) ka,","謹詹於中華民國102年國曆5月25日星期六(農曆4月16日)","https://web.klokah.tw/text/sound/27759/461028.mp3"
"iku vlakeli abéya ku skadrusa Arui ka, nuwama kisilri Kodva ku vlakedra ki Kanau si Ipulu skadrusa sovlé, Laucu.","為次女阿茹依小姐與茂林區多納里卡鬧烏先生與伊布魯女士令次男勞祖君舉行結婚典禮","https://web.klokah.tw/text/sound/27759/461029.mp3"
"sikinema spalengane si nukéma ku kabeberata ngékene, mukunianga ngurubua thekadane tkapɨra.","敬備喜筵 恭請 閣家光臨","https://web.klokah.tw/text/sound/27759/461030.mp3"
"Ubakɨ si Oni sukubu si mukuninga nukaradra: tésarbubuadra","烏巴克 歐 尼 鞠躬 恕邀","https://web.klokah.tw/text/sound/27759/461031.mp3"
"Teldreka toké: véva na mngesle kdrusa toké viene: ciuka minkoku sessa na edé la kudrusa cvélé, lrima dremare, mposele klrima viene","席設：高雄市茂林區多功能活動中心 時間：中午十二時入席 日期：102年5月25日","https://web.klokah.tw/text/sound/27759/461032.mp3"
"na kelatingisa ka nerepenge manga, la ngingiece na rarame si la tubi na akange apersɨsɨ.","春將歸， 鳥啼魚落淚。","https://web.klokah.tw/text/sound/27760/461033.mp3"
"dane cɨvalri sutudunga ku kelatingingisa na udale, antuluru ku tilisukadra na tebongacɨre asɨsɨ mutudru.","屋頂漏春雨， 順著蜂巢點點滴。","https://web.klokah.tw/text/sound/27760/461034.mp3"
"iku burene téburo na cɨlé, tokorepange uthieke muwa modringi tacɨlara susiengenga.","古池塘呀， 青蛙跳入水聲響。","https://web.klokah.tw/text/sound/27760/461035.mp3"
"iké sesa na viene, nina ka iké sinsino, iki Ahanti velakedra liké biladra mililivi.","一天，媽媽在洗衣服，阿凡提在旁邊玩。","https://web.klokah.tw/text/sound/27765/461049.mp3"
"madadengacɨ ki Ahanti, icɨnle si sudredrenga dia sékingidra ki nina.","淘氣的阿凡提不小心一腳把媽媽的肥皂盒碰翻，","https://web.klokah.tw/text/sound/27765/461050.mp3"
"iku saké sinsino ku séking sudidenga maké déda bulru ngéberese, la séreképé madro na ado.","肥皂掉在地上沾了許多泥。","https://web.klokah.tw/text/sound/27765/461051.mp3"
"“Ahanti, cila, tumasu nia sɨkadadengace, mera musu pitikilungu sékingi, mwa ribungu drekerle bothebathe pitibula.” nina ka musobaka megaucu.","「阿凡提，看你這個淘氣鬼，把我的肥皂都弄髒了，快到河邊把肥皂洗乾淨。」媽媽生氣地說。","https://web.klokah.tw/text/sound/27765/461052.mp3"
"Ahanti laradia sukulu ku mudide iké déda na sékingi, lapakedredreme si sukububuru musobaka tumé kné “naw, ina sékingi mukulungu ni ka, nusakarata dia bothebathe si laduru dia pitibula?”","阿凡提把掉在地上的肥皂撿起來，想了想問道；「媽媽，肥皂髒了用什麼東西能洗乾淨呢？」","https://web.klokah.tw/text/sound/27765/461053.mp3"
"pébirila nga na omélrikene sulute, toriguanela kɨkɨ dia kububuru si rugu sulute! ienenga ka nudruria nga kububurianga kɨkɨ na omélrikene!","我的最後一堂法語課！……我只是剛剛學會寫字！","https://web.klokah.tw/text/sound/27768/461061.mp3"
"tathé manga kené kibuburu nali! makasi kené nga ka tilacekeli nga tumé dia talora na zikang mia!","今後永遠也學不到法語！法語就到此為止了！我現在是多麼悔恨自己蹉跎光陰啊！","https://web.klokah.tw/text/sound/27768/461062.mp3"
"angipakedredreme kɨkɨ nga, tilacɨkɨli mia gia abɨbɨrɨ si ipincɨge sulsulute, mwa silipe na tilisuka, mwa drekerle muthuthuru!","悔恨自己從前蹺課去掏鳥窩，去薩爾河溜冰！","https://web.klokah.tw/text/sound/27768/461063.mp3"
"iku sulateli omélrikene na sulate, makecɨcɨngé na drikisi sulate, ina kovoci li iké kababn na sulate pwa kedrenga ka puata nia madekɨre mia, makasi kené nga ka tumé na lɨséli nga ku iene ipisɨvagé,","我的那些書，我的語法課本，我的神聖的歷史書，剛才背在身上還覺得那麼討厭，那麼沉重，現在卻像老朋友一樣，讓我難捨難分。","https://web.klokah.tw/text/sound/27768/461064.mp3"
"lakamani ku iké dra ki Amaiare singsi, ina pakedredreme madɨ nugiadra nga, nudulia nga cɨnle made nia, marimuru nga made ku saka gaucu dra si asitita dra ya.","還有阿麥爾先生。一想到他就要走了，再也見不到了，我就忘記了以前的懲處和挨打。","https://web.klokah.tw/text/sound/27768/461065.mp3"
"Taiwan ka amani ku saka drusa cɨkɨcɨkle li kini, nakuni tumé nia na mamu kwa;","臺灣是我的故鄉之一，或許你會覺得奇怪；","https://web.klokah.tw/text/sound/27770/461067.mp3"
"iyo, kitévlake kɨkɨ iké komu singciu ciéngci cuang, dekrele na tikcenɨ cɨkcɨkle.","雖然我是出生在日本信州千曲川河畔的一個小農村，","https://web.klokah.tw/text/sound/27770/461068.mp3"
"makasi arigua li na maka sakikéli nga na sulate ku arigua li ka tumé kɨkɨ na kétevaleke iké Taiwan.","但是在學問的領域裡，臺灣卻是我的誕生地。","https://web.klokah.tw/text/sound/27770/461069.mp3"
"soké li tila Taiwan ka amani cɨkɨcɨkɨleli mia.","所以我說臺灣是我的故鄉。","https://web.klokah.tw/text/sound/27770/461070.mp3"
"tika li kené angersa li kéngkiu mia－kcarisiya ka melalɨsé nga name, udru kɨkɨ movane bakbaka, tumai siviri mwa cɨkɨcɨkɨle li.","在這裡，我和我的研究對象—原住民成為好朋友，能和他們談話，就像回到自己的故鄉一樣。","https://web.klokah.tw/text/sound/27770/461071.mp3"
"niléni iké asesane na viene imiti ka lasadra ikai drikisi dodavedavece amamoro si tapalalé sulate subirili tumaneta buruene nga sapupulene si sarkikéta","如果有一天 我們拒絕在歷史裡流浪 請先記下我們的神話與傳統","https://web.klokah.tw/text/sound/27771/461074.mp3"
"niléni iké asesane na viene latuputhu mia miti tékata déda ta amamora dodadevece takemani palaléé pisiviri miti ku aracɨ ta si técavenata Kacalrisia.","如果有一天 我們要停止在自己的土地上流浪 請先恢復我們的姓名與尊嚴","https://web.klokah.tw/text/sound/27771/461075.mp3"
"23:1 Yéheba ka amani olopo kwa, tédra ku kemenali.","23:1 耶和華是我的牧者，我必不至缺乏。","https://web.klokah.tw/text/sound/27772/461079.mp3"
"23:2 péberare kwa patelocacanga, piké na uredɨdɨ tasosoro vadéda, emɨcɨ kwa pwa cɨlé tibila ku nukarali obailane.","23:2 他使我躺臥在青草地上，領我在可安歇的水邊。","https://web.klokah.tw/text/sound/27772/461080.mp3"
"23:3 nipucunu ku abakɨni mia, kiakéku araceni emɨmɨcɨ kwa ponké na margi daderane.","23:3 他使我的靈魂甦醒，為自己的名引導我走義路。","https://web.klokah.tw/text/sound/27772/461081.mp3"
"23:4 kumili onkia na tepelenga si tekamuda ka ikulrudru kɨkɨ na patikurathe kwa, iké musu terese kwa, ku sukudru su si sarkiké su ka amani paticuragi kwa.","23:4 我雖然行過死蔭的幽谷，也不怕遭害，因為你與我同在；你的杖，你的竿，都安慰我。","https://web.klokah.tw/text/sound/27772/461082.mp3"
"23:5 ikédra na bera tulucubungali, kiaké musu kwa pwa dilipi ku nungékenali. sarké musu macusu na sosabe aurɨli, sakura kɨkɨ nga na madraru tédra ku kelemena liya.","23:5 在我敵人面前，你為我擺設筵席。你用油膏了我的頭，使我的福杯滿溢。","https://web.klokah.tw/text/sound/27772/461083.mp3"
"23:6 tɨkodipinali ka nukéma sɨbésu kwa maraginga na kilivika ngopera kwa, nukélia kɨkɨ Yeheba ikikénga dia~e!","23:6 我一生一世必有恩惠慈愛隨著我，我且要住在耶和華的殿中，直到永遠！","https://web.klokah.tw/text/sound/27772/461084.mp3"
"madelame kɨkɨ Teldreka, margina tékika. iké na rgerge, drekerle, pakilivu dia na drekaizuku. tubaru, kubiya, tabaulan, margi mabɨlɨsɨbɨsɨ ka tékika.","我愛茂林區 美麗好地方 山清水秀 聲名魯凱族 情人谷 龍頭山 多納溫泉 景色風采 明媚好風光","https://web.klokah.tw/text/sound/27773/461089.mp3"
"madelame kɨkɨ Teldreka, margi na tékika. iké na rgerge, drekerle, pakilivu dia na drekai zuku. Lumusu, Asiana, alapi iribi dane. madro na bnka, margi tékika, sakura mabelɨsɨbɨsɨ.","我愛茂林區 美麗好地方 山清水秀 聲名魯凱族 茂林谷 美雅谷 石板屋 文化風情 優雅好風光","https://web.klokah.tw/text/sound/27773/461090.mp3"
"madelame kɨkɨ drukai zuku, masɨkɨsɨka depe, marabarabɨrɨ kedredreme ni.","我愛魯凱族 親切好地方 勤儉勞動 樂觀自強","https://web.klokah.tw/text/sound/27773/461091.mp3"
"Teldreka, Opunuhu, Sakudava, sesa técavenani. tapétha pincɨgɨ cekecekele ta.","茂林里 萬山里 多納里 三里一體建設我家鄉","https://web.klokah.tw/text/sound/27773/461092.mp3"
"naluvan hé yo hé, takecɨngane ngurubwa. naluvan hé yo hé, tatpareveké ngurubwa.","哪魯灣 嘿呦嘿 大家努力 哪魯灣 嘿呦嘿 大家來奮鬥 同心協力 團結和諧","https://web.klokah.tw/text/sound/27773/461093.mp3"
"tekese kecɨngane pétha Teldreka nitamane maragi.","創造茂林區永遠美麗又安康","https://web.klokah.tw/text/sound/27773/461094.mp3"
"adra édérévé ka lalili nga, nanga tangingiri! ié! ié! angingiri su ka nukirimuma musu ku kakuratha ni kedredreme su si kopungu na su. angingira! angingira!","（女生唱） 不要嘆氣朋友大家來微笑 伊拉～伊拉 微笑讓你忘記憂愁和煩惱 微笑 微笑","https://web.klokah.tw/text/sound/27774/461102.mp3"
"ka lalili nga, hé! nanga tathené! nanga tathené! ka lalili nga, hé! angingiri su ka nukirimuma masu ku kakurathani kedredreme su si kopungu na su. haléluya!","朋友們～嘿～ 來唱 來唱 朋友們～嘿～ 微笑讓你忘記憂愁和煩惱 哈利路亞","https://web.klokah.tw/text/sound/27774/461103.mp3"
"adra édérévé ka leséli nga, nanga tathrobu. throbu su ka nukirimuma musu ku kakurathani kedredreme su si kopungu na su.","（男生唱） 不要嘆氣朋友大家來跳舞 跳舞讓你忘記憂愁和煩惱","https://web.klokah.tw/text/sound/27774/461104.mp3"
"pragere lrimé su la thené haléluya hé! pragere lrimé su la thené haléluya hé! throbu su ka nukirimuma musu ku kakurathani kedredreme su si kopungu na su. haléluya!","舉起你的手唱哈利路亞～嘿～ 舉起你的手唱哈利路亞～嘿～ 微笑讓你忘記憂愁和煩惱 哈利路亞","https://web.klokah.tw/text/sound/27774/461105.mp3"
"mumu Sagiya mura gare sangea pala lriku lriku thu modingi mia bereke taru mana pelenge mui thlopa thkecɨ","爺爺Sagia爬上去一顆sangea，樹枝彎下來，用矛刺了一隻小山豬，山豬被魔鬼捉去，這時山羌從山谷裡跑出來。","https://web.klokah.tw/text/sound/27776/461109.mp3"
"mumu Tarunu mura gare angatu muka ni dradrongu angingri dradrognu Tarunu latubi－nga","爺爺Tarunu看到一隻猴子，就爬到樹上，他以為猴子爬不上去，猴子在他上面笑他，Tarunu就哭了。","https://web.klokah.tw/text/sound/27776/461110.mp3"
"1.tokorpapandra na tokorpange ka nudale miyanga.","1.蛙鳴則雨降","https://web.klokah.tw/text/sound/27777/461115.mp3"
"2.técavnata ka tumé na usipisipi miti.","2.人生如夢","https://web.klokah.tw/text/sound/27777/461116.mp3"
"3.mɨdane dra thilibi na thévade ka madraruru ma miti cacɨvélé.","3.飛蛾入屋則為豐年","https://web.klokah.tw/text/sound/27777/461117.mp3"
"4.makakathe na ico ka cɨnla na abungu ku dopadra.","4.懶惰的人請察看螞蟻的動作","https://web.klokah.tw/text/sound/27777/461118.mp3"
"5.bɨsɨbɨsɨ dra lavlevle na suro si lakelapa kurukurungu ka sɨbɨrɨ miyanga ma.","5.被風拆草及氣溫悶熱霧雲多表示颱風將到","https://web.klokah.tw/text/sound/27777/461119.mp3"
"6.madro na akekeria dra kelé bɨcɨng si pigé ka thekadanedra ku brobro ka madro mukani thabɨthaɨre mavava.","6.家屋多稻穗之編制掛滿牆上則家屋少女追求的男青年多","https://web.klokah.tw/text/sound/27777/461120.mp3"
"7.miere lacɨngɨle miti thilithibi na telovalri ka nucengere ma sesa.","7.清晨看到老鷹在空中飛來飛去，則今天天氣會晴朗","https://web.klokah.tw/text/sound/27777/461121.mp3"
"8.lkédra uvata si labicilringi na océrékéko rarame ka nuké ma ku sɨpatérubuta sesa.","8.出外聽到鳥叫聲則今天會遇到困難","https://web.klokah.tw/text/sound/27777/461122.mp3"
"9.sitaresɨ na marudrenge tumékné musobaka, ina tkorpapange ni ka nudale ma si luva na kukuoni ka ma skuro viene ma.","9.老人常說這樣的話，若聽到青蛙的叫聲時會下雨，若聽到老鷹在飛的叫聲會晴朗。","https://web.klokah.tw/text/sound/27777/461123.mp3"
"ikné babka ku tuluné ni ka: ina msamesme ni nga si labicingi na tkorpange ka misienenga ka nudale mia nga ma.","這些話如此說，在黃昏時聽到青蛙的叫聲，第二天會下雨，","https://web.klokah.tw/text/sound/27777/461124.mp3"
"ina bicilringta na ku kukuoni miere nga ka masukuro ma, ikné amani buruene ku sirigirigudra ku nutumaradra na sasa na viene.","若聽到老鷹在空中的叫聲，第二天會晴朗，這次古時候的氣象報告。","https://web.klokah.tw/text/sound/27777/461125.mp3"
"musu ka tapupuliadra udrse isivi su nau","白髮蒼蒼的母親阿","https://web.klokah.tw/text/sound/27778/461127.mp3"
"kiaké musu sɨkatharé su vlake su pakedredreme iké musu tékasu doruvi pakedredreme iteka cɨngle nenga musu iké pacɨngecɨngele méséva gare","你為思念自己的愛子 不停地長籲短嘆 一再瞇眼向遠處晀望","https://web.klokah.tw/text/sound/27778/461128.mp3"
"kiaké musu nuku tadradro manga vlavlake su","為了即將成年的兒女","https://web.klokah.tw/text/sound/27778/461129.mp3"
"iké musu potese drici ku nu su mamanadra bcɨcɨrekamasungu likéla mususu ececɨpitirekeme ku siereke nga pisémɨca","織繡出美麗的傳統衣衫 咳嗽的聲音常伴著家夜半驚醒","https://web.klokah.tw/text/sound/27778/461130.mp3"
"a~i marudrange ki nina udrasenga tapupuliene isivi dra bɨete dra mabukulu nga aména rgerge","唉呦她年將老邁 身體彎掩駝如山丘","https://web.klokah.tw/text/sound/27778/461131.mp3"
"abibici gɨgesɨ temaca dra itekacɨngele nenga na ululuepe ya","","https://web.klokah.tw/text/sound/27778/461132.mp3"
"cumé si rukulo tulunéni ka makakragi malalesé.","熊和雲豹原是非常要好的朋友。","https://web.klokah.tw/text/sound/27780/461150.mp3"
"iké sessa na viene, tédra ku dopa dra si lapabɨka: “aciku nudropata?” cumé ka lapusobaka : “tapɨzaziuga! ziuga kwa si kuziuga swa.”","有一天，他們覺得非常無聊，於是相互問：「我們要做什麼呢？」黑熊說：「我們來互相畫彼此吧！」","https://web.klokah.tw/text/sound/27780/461151.mp3"
"cumé ka lapalalé musobaka: “kupalalé swa ziuga!” suziuganga dia rukulo.","黑熊爭先說：「讓我先畫你吧！」就開始動手畫雲豹。","https://web.klokah.tw/text/sound/27780/461152.mp3"
"psaleké arudra puwa kukudra ziuga, lapcɨnle dia rikulo: “margi aziugali?” cɨnle dra ku rukulo ka sakura mabebere, skarigi aziuga su mia.","從頭到腳畫完了以後，就給雲豹看，還問：「我畫的好不好？」雲豹看了非常高興，讚美熊畫得非常的漂亮。","https://web.klokah.tw/text/sound/27780/461153.mp3"
"cumé lapsobaka: “musu nuziuga mangkwa nga, makasi pincɨganga ziuga ptumé aziugali skargi.”","黑熊說：「輪到你畫我了。但是你一定要畫得和我畫你一樣好。」","https://web.klokah.tw/text/sound/27780/461154.mp3"
"rukulo ka lapalalé ziuga tukusudra cumé, lapcɨnle dia cumé, margi tuméta kené ziuga? cumé ka labiri musobaka: “margil!”","雲豹先畫黑熊的胸部，讓熊朋友看一下並問這樣畫好嗎？黑熊說：「很好！」","https://web.klokah.tw/text/sound/27780/461155.mp3"
"rukulo ka angilrigu aziugali ka nutu mia aziuga dra cumé skargidra mia, mɨnmɨca mtcésu liadia cumé, iku cumé sierke dra siené ka, rukulo suribungunga sarké na tɨmacɨcɨlɨngɨ ngiculu drisidrisi buetɨdra ku cumé, lrɨpɨngɨdra nga ka lapɨsémca dria cumé cɨnla mia.","雲豹知道自己不會畫得和黑熊畫得一樣好，就請黑熊把眼睛閉起來，在黑熊入睡後。雲豹迅速將黑熊全身塗黑，畫好了以後就叫熊起來看。","https://web.klokah.tw/text/sound/27780/461156.mp3"
"cumé cɨnlɨdra aziugadra ka anculu sarké na tɨmacɨcɨrɨngɨ sungicingicinga si la musobaka: “nakusu tumé nia lrɨmɨnkwa? aziugali swa ka sakura margi si lara musu putumé kwa nia ziuga paribatɨnga sarké su!”","熊看到自己的身體被畫成全黑，非常生氣的說：「你怎麼可以這樣欺負我？我幫你畫得這麼漂亮，你竟然把我畫成那樣，太過分了！」","https://web.klokah.tw/text/sound/27780/461157.mp3"
"iku magaucu dra ka supakivilinga, ikidri drusa molucudra aberélénga, tédranga dria kcɨnga tumé na nuengɨ avava nga.","一氣之下，兩個就打起來了，兩個打到彼此都精疲力竭，氣喘如牛。","https://web.klokah.tw/text/sound/27780/461158.mp3"
"rukulo ka idurunga kɨkɨlia la musobaka: “talé! mɨkɨtɨnga, tasadra nga ipolucu, sumanai nema kɨ swa si ina ienenga iké dra alupali na bɨrɨ ka, nukanemakɨ mudodra si, ikné buetɨ dra ka sibili makɨ ngiculu buipiké swa.” cumé bicirin dra ka sutuputhunga.","雲豹認輸說：「朋友，好了，我們別打了，為了表示我的歉意，日後我所有的獵物，我只吃內臟，其餘的整個身體全部留給你。」黑熊一聽才停手。","https://web.klokah.tw/text/sound/27780/461159.mp3"
"cumé si rukulo ku mavékédranga, rukulo ka lasingiaro ku spasobékédra, ina ikédra ara dra bɨrɨ ukane dria ku mudo dra, buetedra ka lasibili bwi piké dria cumé.","兩個分手後。雲豹履行自己的約定，一旦獵到了獵物自己只吃內臟，剩下身體全留給黑熊。","https://web.klokah.tw/text/sound/27780/461160.mp3"
"susiliké dria cumé cɨnledra na bɨrɨ tédra ku mudo dra ka mabebere kuene dria ngiculu pudoro dra ya, urigu ikini ka rukulo séli ku ubé kwa subirili mia.","而黑熊若看到没有內臟的獵物，總高興的吃到連骨頭都不剩，因為牠知道是他的好友雲豹留給牠的。","https://web.klokah.tw/text/sound/27780/461161.mp3"
"makavienenga iké na bɨsɨbɨsɨ kidri hu hu mia mɨthɨgé, tumé na rukulo ngingiecɨ dra ku sɨkathégé dra bɨsɨbɨsɨ.","那裡的風，差不多日日有的，呼呼作響，好像虎吼。","https://web.klokah.tw/text/sound/27781/461162.mp3"
"kumidra maka pétha dra abovuva dane, ikeragi tépétha dra, bɨsɨbɨsɨ onké dria ku bilintava si tavɨnga makobubungu mɨdanɨ mukuné,","屋宇雖系新建，構造卻極粗率，風從門窗縫隙中來，分外尖削，","https://web.klokah.tw/text/sound/27781/461163.mp3"
"asaraké na malrimɨdre sulate dokupi ku bilintava si tavnga ma kobubungu, makasi tumadra la mukuné modringi.","把門縫窗隙厚厚地用紙糊了，椽縫中卻仍有透入。","https://web.klokah.tw/text/sound/27781/461164.mp3"
"bɨsɨbɨsɨ sukura, ina sukurédra bɨsɨbɨsɨ ka isukurala masungu si lalebenga bilintava, makakandranga thekadane na kiubus su sierekenga sɨcebe sɨkalububungu, bicilringi ku matelekɨ bɨsɨbɨsɨ mɨthɨgé, tébulange cɨlé sɨtɨlɨvelɨvé dra.","風刮得厲害的時候，天未夜就把大門關上，全家吃畢夜飯即睡入被窩裏，靜聽寒風的怒號，湖水的澎湃。","https://web.klokah.tw/text/sound/27781/461165.mp3"
"kodrenga tekcene tapara rgerge ka amani tékikali sulute, isukura bɨsɨbɨs kidri, pasétopu kɨkɨ orɨli ikéna tenaki déda makasungu ku dopali.","靠山的小後軒，算是我的書齋，在全屋子中風最少的一間，我常把頭上羅宋帽拉得低低地，在洋燈下工作至夜深。","https://web.klokah.tw/text/sound/27781/461166.mp3"
"mathegé na bɨsɨbɨsɨ, dremare aména tavenga, abési na tumuthua iké ngodidane cici miya pidipidike.","松濤如吼，霜月當窗，饑鼠吱吱在承塵上奔竄。","https://web.klokah.tw/text/sound/27781/461167.mp3"
"tumali dria aména iké tekethenethené iké tepalungua gɨgesɨ piké abu, ipisierekɨ mara kɨkɨ kwa aména piké maka rgerge ziuga icoli, iké ku kathé ngonguali kecapangnenga pakekedrɨdrɨmɨ.","我於這種時候深感到蕭瑟的詩趣，常獨自撥劃著爐灰，不肯就睡，就把自己擬諸山水畫中的人物，做種種幽邈的遐想。","https://web.klokah.tw/text/sound/27781/461168.mp3"
"vangatɨcvélé sarképusulte bikétakcarisia sukute nia ku makcɨngé na depe, palé ni nga ku sidepe ka 282 na ico,","九年一貫族語教材的編寫是大規模的編寫工程，先後共動用282員，","https://web.klokah.tw/text/sound/27782/461169.mp3"
"makasi iku ikéla tkapra sebela kené ka 252 na ico, iké 8 na ico ku ugianga mamudu, 30 na ico ku iké drumadepadra itɨkaparanga.","其中252員為長期參與的人員，也有8員相繼辭世，30員因故異動。","https://web.klokah.tw/text/sound/27782/461170.mp3"
"iké 2 na ico ikemani kcarisia. ikini sidepe nga makazukunga sulute bikéta kcarisia ka amani urigukungbkucarisiane musobaka, liké nga ku apétha ni na sulate ya.","282員之中，只有2員為非原住民。各編寫組邀集該族精熟族語人士或具教材編輯經驗的人士，","https://web.klokah.tw/text/sound/27782/461171.mp3"
"kini udepe pétha na sulute ka patumé na depeni nga, amani mitia ka kcarisiene nga siliké ku yene mwa kné madradro nga terese sulute pétha na sulute,","兼顧編輯人員的地域與職業的均衡，是原住民族歷史上是難得的龐大編輯群，","https://web.klokah.tw/text/sound/27782/461172.mp3"
"ulubate na 80% usikén nga ukcarisisiene mrana suduru sulate, lakmani uburuburu pusulute ku bikéta kcarisia, iké kidri ku ikipiya ngazuku asakéla bikédra kucarisisiene, makasi iku sidepe sulute ka amani ku urugula sarké bikédra kcarisisiene.","80％以上均為族語能力認證合格者，也是族語復振工作的菁英，有些小族語言的編寫人員，甚至是該族尚能使用流利族語的僅存人士。","https://web.klokah.tw/text/sound/27782/461173.mp3"
"kné sidenga sulute tparevké pétha na sulate ku nusakarata pusulute bikéta kcarisiene nga, nuké manga nusariguata margi musobaka biké ta kcarisia.","這些編輯群努力編寫而成的族語教材，當可充分呈現當今原住民族語的水準。","https://web.klokah.tw/text/sound/27782/461174.mp3"
"tmacadra ki nina, kumidra cenglemdra amé na mabebere, makasi iku spathuthu dra na enemɨ, aména mangilo cɨle.","母親的眼神雖然充滿了喜悅，但是為了哺育我的奶水能潔淨如泉水，","https://web.klokah.tw/text/sound/27783/461175.mp3"
"amara sngiaro ku tumamadra buruene “tikisisiane dra na ikanadra na akanane.”","必須嚴守古老的「食物禁忌」。","https://web.klokah.tw/text/sound/27783/461176.mp3"
"turu na dremare ka ikane na vlituru pegé, burathi, butulu, até si lecenge,","三個月之內，不能食用糯米、地瓜、豬肉、竽頭及青菜，","https://web.klokah.tw/text/sound/27783/461177.mp3"
"sunkana dra ki nina na kene, iduru pkane na ico, nukovavara mini nu sakodripiani vlakeli ma tulunéni dria, mrapitikurathe ku nu sakaragagiali, makasi iku ienenga ka idrukɨ kidisirani,","","https://web.klokah.tw/text/sound/27783/461180.mp3"
"pitukurathe na akuma kné cenmneli, sutumé nga kɨkɨ kné madro cenmneli kné tkodripinali, mwa kɨkɨ tkamudali.","","https://web.klokah.tw/text/sound/27783/461179.mp3"
"iku nirevédédala buruene ka, iku buruene ka iké sdane miti Kariyalray yadra.","在洪水之前，我們的袓先在Kariyalray的這個地方。","https://web.klokah.tw/text/sound/27784/461235.mp3"
"liké sessa na viene, sudalenga moronavene guta pidra na viene, iketɨré.","有一天，大雨連下好幾天，下個不停。","https://web.klokah.tw/text/sound/27784/461236.mp3"
"kumidra na véva si masungu yaka udale makadédanenga sutubarunga acɨlé odelénga krepesé levémia cɨkɨcɨkɨle.","分不清是白天還是晚上，洪水慢慢漲起，洪水都快淹沒村莊了。","https://web.klokah.tw/text/sound/27784/461237.mp3"
"liké na kaka abéya si gili sovlé: motokotoko si adriyu, latumé kné musobaka: “ya! nukamudu mita, tagia taribungu abɨbɨrɨ.” sugia spatingi avétha Kimdo’oro rgerge pidke.","有二姊弟，Motokotoko和’adraliyo他們說：「啊！我們會死掉，要趕快跑。」就拿起火把，就往肯杜爾山上（Kindro’oro）跑。","https://web.klokah.tw/text/sound/27784/461238.mp3"
"iké Kimdo’oro rgerge kilipnge mwa ku methedre na cɨlé, lakrangica nga ya mɨlierenga luluepe.","躲在肯杜爾山一直到洪水開始退潮，雨也停了，天色亮了。","https://web.klokah.tw/text/sound/27784/461239.mp3"
"cengledra tulucubunga acɨlé tapupuliene, tédra icɨnglenga na rgerge lapakdredreme: “tumarata si laduru kuene na madu kene?”","眼前都成一片白茫茫的水，没有看到其它的山。想著：「怎樣才能吃到熟食？」","https://web.klokah.tw/text/sound/27784/461240.mp3"
"secɨngela savkale ka iké luluepe na apuru, surungadia thekecɨ muwa mra apuru mia, makasi logn-u dra thekecɨ ka mathengeda si madekre, ina mwidra msavakele lakené siviri ka medrepe ku apuru.","就看到對岸有亮亮的火，就叫山羌去取火回來，但是，因為牠的角太長又太重了，每次過河時游到一半都會將火熄滅，而不成功。","https://web.klokah.tw/text/sound/27784/461241.mp3"
"laradia logn-u dra sulolribu mbabréthé tumani dia. la sa duru mukuné emɨcɨ apuru.","就和山鹿互相交換牠們角。這樣取火就成功了。","https://web.klokah.tw/text/sound/27784/461242.mp3"
"kaka abéya labusobaka dia gili sovlé: “ tumarata tumé kené? tatédra midra, mucunglu mitia si nukorupi mita lia. mitika tala kédili terese néleva iké ku nucungulu ma”.","姊姊跟弟弟說：「我們這樣生活下去，沒有下一代，會滅亡的，我們要勉強在一起，繁衍下一代。」","https://web.klokah.tw/text/sound/27784/461243.mp3"
"kidri lemataka lasatevaleke, makasi maliecɨ si mapɨlé ku vlavlake dra, lapakdredreme kidri lemataka: “miti ka temarata laduru tevaleke margi vlake?” sutumé nga talanga nina si vlake sovlé, si mama si vlake abéya terese, ku tumani dia lasakragi vlakedra.","就這樣，二姊弟生了孩子，但都不是瞎眼就是跛腳。他們想著：「我們要怎樣才會生正常的孩子。」於是，就試著母子或父女來結合，這樣就比較好一點了。","https://web.klokah.tw/text/sound/27784/461244.mp3"
"ku madradradro midranga na ico, lagia avétha soro su avé, silipe mavné téka si liké na acɨlé ya, ikénga dia sdane. susiliké ngadia iké miti ka Talumake.","人口漸漸變多的時候，便慢慢往東方向遷移，找較寛又有水源的地方，居住下來。才有現在的達魯瑪克人。","https://web.klokah.tw/text/sound/27784/461245.mp3"
"makavéne tkabɨbɨre burabu makavéne ududulru tɨradro ni la iké margi na ado duru ma tɨradro bumadu “muturlu”","每天我快樂去撒種 每天它就發芽生長 它若是長在好土裡 就可結實到「三十倍」","https://web.klokah.tw/text/sound/27790/461257.mp3"
"makavéne tkabɨbɨre burabu malavéne ududulru tɨradro ni la iké margi na ado duru ma tɨradro bumadu “menemele”","每天我快樂去撒種 每天它就發芽生長 它若是長在好土裡 就可結實到「六十倍」","https://web.klokah.tw/text/sound/27790/461258.mp3"
"makavéne tkabɨbɨre burabu malavéne ududulru tɨradro ni la iké margi na ado duru ma tɨradro bumadu “sesa edé”","每天我快樂去撒種 每天它就發芽生長 它若是長在好土裡 就可結實到「一百倍」","https://web.klokah.tw/text/sound/27790/461259.mp3"
"na ru wan ni na ru wa na na ru wan na iya na ya o na si ni ru wa ru wu mɨ deyae","哪魯灣～妮哪魯灣","https://web.klokah.tw/text/sound/27792/461273.mp3"
"nanga! nanga! tobailanela nanga! nanga! tathené","來啊～來休息 來啊～來唱歌","https://web.klokah.tw/text/sound/27792/461274.mp3"
"takerabarabɨrɨ taterɨse thené mumu ngurubuene nga ka kadɨlamɨlinga nanga nanga tathené","我們全部一起來唱歌 你們這些我所愛的人","https://web.klokah.tw/text/sound/27792/461275.mp3"
"drusa na rukulo drusa na rukulo mardé bitikɨni mardé bitikɨni","兩隻老虎 兩隻老虎 跑得快 跑得快","https://web.klokah.tw/text/sound/27793/461276.mp3"
"tédra ki cinigra ni tédra ki ikivi ni ma skiulane ma skiulane","一隻沒有耳朵 一隻沒有尾巴 真奇怪 真奇怪","https://web.klokah.tw/text/sound/27793/461277.mp3"
"mumu. kogo. mao. nina mumu. kogo. mao. nina","爺爺　奶奶　爸爸　媽媽","https://web.klokah.tw/text/sound/27793/461278.mp3"
"ta muwa kyukai ta muwa kyukai adra imkarkarthe adra likreme ta kecenge ta kecenge","","https://web.klokah.tw/text/sound/27793/461279.mp3"
"sessa : amani olekebe pasékérodrata kéndrita ka kecalrisienenga, kecalrsisiane nusa sékacuni piticuragi tekabuene miti pétha ku sokodipita, takarubua ku sapiki riuani mita ka zuku ku tulunéni, amani tépétha kné kéndrita.","第一條 為保障原住民族基本權利，促進原住民族生存發展，建立共存共榮之族群關係，特制定本法。","https://web.klokah.tw/text/sound/27794/461280.mp3"
"skadrusa : sarekéni ku tulunéni: 1.yéncumincu: iké nga Taiwan ka amani ku kokka alekebani nga sincenyén yéncumincu kini mia na zuku kené.","第二條 本法用詞定義如下： 1.原住民族：係指既存於臺灣而為國家管轄內之傳統民族，","https://web.klokah.tw/text/sound/27794/461281.mp3"
"si druma na zuku lakmani Amézuku, Taiyazuku, Paiwanzuku, Bununzuku, Pénauzuku, Drekaizuku, Couzuku, Saisiazuku, Yamézuku, Sauzuku, Kemalanzuku, Tairukezuku.","包括阿美族、泰雅族、排灣族、布農族、卑南族、魯凱族、鄒族、賽夏族、雅美族、邵族、噶瑪蘭族、太魯閣族及其他自認為原住民族並經中央原住民族主管機關報請行政院核定之民族。","https://web.klokah.tw/text/sound/27794/461282.mp3"
"2.Yécumin: amani kecalrisiane nga makaciconga.","2.原住民：係指原住民族之個人。","https://web.klokah.tw/text/sound/27794/461283.mp3"
"3.Yécumin ku tékani: tathanedra akiku tékika ta sdane salekanedra drikisi si bunka ta kumargi, lakemani séhu otatarase kecalrisia sincenyen tatemé dria mia.","3.原住民族地區：係指原住民傳統居住，具有原住民族歷史淵源及文化特色，經中央原住民族主管機關報請行政院核定之地區。","https://web.klokah.tw/text/sound/27794/461284.mp3"
"4.cɨkɨcɨkɨle: amani ku tathanedra tékata si tumamata terese ku sakikéta. lakema séhu oatatarase kɨcalrisia tatemé dia mia.","4.部落：係指原住民於原住民族地區一定區域內依其傳統規範共同生活結合而成之團體，經中央原住民族主管機關核定者。","https://web.klokah.tw/text/sound/27794/461285.mp3"
"5.dédata kɨcalrisia: amani ku tathane dra ku dédata si iké dédata rgerge basibili tita ka kecalrisia.","5.原住民族土地：係指原住民族傳統領域土地及既有原住民保留地。","https://web.klokah.tw/text/sound/27794/461286.mp3"
"bɨsɨbɨsɨdra neredepe manga avé labɨsɨbɨsɨ na kelabɨcɨnga Huakan rgerge","風中 在落日餘暉的秋風中 花岡山上","https://web.klokah.tw/text/sound/27796/461293.mp3"
"iku epengepenge si lagia thilibi sakura bɨsɨbɨsɨ na kelabɨcɨnga dengamiadia mapururu supungu","早開的緋櫻在秋風中向落葉道別","https://web.klokah.tw/text/sound/27796/461294.mp3"
"pisivilri pakedredreme burueneni acidra ku ikuloru rgerge ka tédra ku bikéni mapururu na supungu gia matangesɨngesa thilithilibi odelénga mipitulu cvélé","歷史的回顧 誰不動容 無言的山丘 落葉飄零 近七十年了","https://web.klokah.tw/text/sound/27796/461295.mp3"
"udrengrɨngrɨtɨ si lakurukurungu tumadra iké madro la ku mapɨcénga pudroro ibulane pincɨge dia","氤氳的霧中 仍有許多枯骨半埋","https://web.klokah.tw/text/sound/27796/461296.mp3"
"iké Huakan rgerge ku angelengle na déda tumé na okepélé tilacekeni yameda tumadrala ku malorumedra aperesɨsɨ rena ku moludru sienge na cɨlé ulrilrienge thené ni Saiteke ku skaloru thné","在花岡山上龜裂的泥層中 猶抱著遺憾 哀泣依舊 與濁水溪的滾滾流水 傳唱成賽德克的悲歌","https://web.klokah.tw/text/sound/27796/461297.mp3"
"“mɨketenga, adra ikuethe kedredreme su, adranga itubi!”","「好啦，不要難過，別哭了，」","https://web.klokah.tw/text/sound/27798/461314.mp3"
"tokoropange labiri mssobaka: “durumakɨ pusoparamakɨ swa, makasi ina méli king babangsu na pubuele pasaleké tacɨlara ka, aci ku nusabara su kwa biri?”","青蛙回答說，「我有辦法幫助您。要是我幫您把您的金球撈出來，您拿什麼東西來回報我呢？」","https://web.klokah.tw/text/sound/27798/461315.mp3"
"“musuka kadekamali nga ka tokolopange, aci ku nibén kwa yasu, kipinli, silivili, kerekereli, kivai kéné cicevareli, tanga misu ka nubéma kɨswa.”","「親愛的青蛙，你要什麼東西都成呵，我的衣服、我的珍珠和寶石、甚至我頭上戴著的這頂金冠，都可以給你。」","https://web.klokah.tw/text/sound/27798/461316.mp3"
"tokoropange ka biciring dra ku spasobké dra ku buroburo labiri musobaka:","聽了這話，青蛙對小公主說：","https://web.klokah.tw/text/sound/27798/461317.mp3"
"“kini kiping su, silivi su, kerekere su, kivai kné cicevare su ka, ikedraleme kwa nia, makasi ina mdalemesukwa katakavava si tagia ngudrudrusa lunglungé mililivi, kuene miti terese.","「您的衣服、您的珍珠、您的寶石，還有您的金冠，我哪樣都不想要。不過，要是您喜歡我，讓我做您的好朋友，我們一起游戲，","https://web.klokah.tw/text/sound/27798/461318.mp3"
"sarké ku tukupili su na kin kuene songla su ya ungulu na bɨva, ngiubu nga ka kémakɨ tibinceng su terese miti sierkɨ,","吃飯的時候讓我和您同坐一張餐桌，用您的小金碟子吃東西，用您的小高腳杯飲酒，晚上還讓我睡在您的小床上；","https://web.klokah.tw/text/sound/27798/461319.mp3"
"ina nakunimisu spasobkéli ka nuwa makɨ thodridringne mra pubuele ku babange su na king.”","要是您答應所有這一切的話，我就潛到水潭裡去，把您的金球撈出來。」","https://web.klokah.tw/text/sound/27798/461320.mp3"
"ina ico ka adra ingulu na biva, tuputhaman kwa, kumidra adra ingulu mia kwa, nuwa manga na lrimacvélé ku adra inglu yadra kwa,","人勸我戒酒，勸歸勸，","https://web.klokah.tw/text/sound/27799/461321.mp3"
"makasi tédrala na ucɨngɨlɨkwa busuku, iku tumani dria ka ikubusuku kɨkɨ la, adra ingulu man kwa palalé nga busuku kidri mbabenge.","但勸了五年誰也沒見我醉過，因為沒等我醉他就先醉倒了。","https://web.klokah.tw/text/sound/27799/461322.mp3"
"ikemani na kutuputhu ingulu bɨva mia ku técavnali, mwa kené ka itemai kidrala.","我不是戒酒主義者，至少現在不是。","https://web.klokah.tw/text/sound/27799/461323.mp3"
"makasi ku ieneka tumékdria kusadra ingulu mia, kené ka mamɨrenga buete ni técavnali, tédranga kwa kcɨnga si perevké kidikisi tekpe kené kecɨnga ni na bɨva.","以前曾經是的，後來因為體質弱，我沒能抵擋住酒力。","https://web.klokah.tw/text/sound/27799/461324.mp3"
"kudro Taiwan ku médavili ka amani ku kadelamali nga na téka kidri.","遙遠的臺灣是我所喜愛的地方。","https://web.klokah.tw/text/sound/27801/461339.mp3"
"iku takaregianelinga na cvéli si dremare ka iké kɨdria ngébongu, kadelamalinga sékaculi maka dopalinga pikékɨdria sorubu tékali.","我最好的年月是在該島上消磨了的，我的生活興趣也集中於該處。","https://web.klokah.tw/text/sound/27801/461340.mp3"
"madelamekɨ mɨsévagare ku maragere na rgerge mɨsévétha dria ku téburo mavené na drekerle, iké ngovavange ku utelevelevé na tabaru.","我喜歡仰望它的巍峨的山峯，俯視它的深廣的溪壑，泛舟於它的波濤洶湧的海上。","https://web.klokah.tw/text/sound/27801/461341.mp3"
"madelame kwa ku timicɨcɨrenge ku makaico nga－pikisia, pinpu zuku si kɨcarisia－iké dria 20 cvélé dodadavece tililila ku hukuyu ni Yésusama.","我喜愛它的黑皮膚的人民—漢人、平埔和生番—我在他們中間走了20年，宣傳耶穌的福音。","https://web.klokah.tw/text/sound/27801/461342.mp3"
"kutumé yali hukuyn buburudria, pikidi asesane na kuzulula nakuni ngébonguli sukodipili mia.","為了要以福音教導他們，我不止一千次，情願犧牲我的生命。","https://web.klokah.tw/text/sound/27801/461343.mp3"
"kusulate kné sulate nusipani na ico milika, ugia la kɨkɨ avétha sorosu na avé uru kwa Ticicomitia muala avétha kadelamena su Taiwan na dane miya.","在我所寫的文章為人閱讀以前，我將再往遠東，蒙上帝的指導，再到太平洋那邊我所愛的臺灣之家。","https://web.klokah.tw/text/sound/27801/461344.mp3"
"kutuméyali kné kiaranga sokodipili, kiaké Ticicomitia paterepengeli nga na viene ku makadopali nga kuké nga Taiwan ku abiciringamada utelevelevé tebaru na tékika, iké ku avelevele na tɨbalbala poriri ikikénga siereke miya.","我希望在那裡消磨我的餘年，我為主服務的時日完了之後，我將在臺灣的海浪之聲所及之處，在搖擺的竹蔭下得一永眠之所。","https://web.klokah.tw/text/sound/27801/461345.mp3"
"tipikamɨdra dria ikirimuru técavnadra kakurongo.","她給人的第一個印象，","https://web.klokah.tw/text/sound/27803/461352.mp3"
"akiku ngidividra dellenge thirithirilu ku thimitudra aupuadra na thevéké usbɨdra si lakmani ku marimɨdre kuku dra kepare tuména alapi sdraré skalrimdre dra.","就是那滿嘴鮮紅的檳榔汁漬，和一雙長滿厚繭的腳板。","https://web.klokah.tw/text/sound/27803/461353.mp3"
"madadengace ckeckele na valevaleke tumé kené musobaka, kuku ni kakurongo skalrimdredra, ina dredredra na sɨtɨtɨsɨ ka makulringima, tédra itɨrtɨr niaya!","部落裡的小孩頑皮地說，附在她腳板上的厚繭，可以將一根鐵釘踩彎，而她本人一點兒痛的感覺都沒有，","https://web.klokah.tw/text/sound/27803/461354.mp3"
"pakedredreme madre tumania ka salɨké valvalkɨli isutuktukpe, giamwa tonma ngutubukbukwa dedavce ku tulunéni kini.","想來必定是多年來習慣赤腳奔走在山林中所累積出來的吧！","https://web.klokah.tw/text/sound/27803/461355.mp3"
"kakurongo ku sékérodru ni tumania upuna thevéké kumini yara lrimé ni pocɨpacɨ si lasipi gelogavanani ka ipakasipinga pidra ku aupuani thevéké, kiakénga na thevéké tubukua, kumini isierekɨ ka sareké na thevéke sénuru sire kɨ kukedredremɨni.","至於VuVu A-gan 嚼檳榔的時間，連他自己扳開所有的手指頭都算不清楚了，依賴檳榔的程度，更是到了可以左腮吃飯，右腮嚼檳榔的地步，連她睡覺的枕頭都是用檳榔做枕心。","https://web.klokah.tw/text/sound/27803/461356.mp3"
"kakurongo ka pangulrici bubuele ku dellenge velésé ni musobaka: “kosebaré nga skatusuni na thevéké ipisierekɨ nga kwa!”","VuVu露出一嘴紅色的牙齒說：「聞不到檳榔味會睡不著覺呢！」","https://web.klokah.tw/text/sound/27803/461357.mp3"
"11:1 iku paléninga ka kené kétakemɨnga tbelenga na ico ka sessa ku bikéni asessane ku sarké ni na bɨka.","11:1 起初天下的人只有一 種語言，也只使用一種語言。","https://web.klokah.tw/text/sound/27805/461363.mp3"
"11:2 iku ikédra sorosu na avé drodravevece ka liké sɨna déda ka lacɨngle mavené téledreke na déd sukéngadria.","11:2 他們在東方一帶流浪的時後，在示拿地遇見一片平原，就住在那裡。","https://web.klokah.tw/text/sound/27805/461364.mp3"
"11:3 labakbaka tumé kné musobak: “nanga! tapétha na lringga lalobu dria lringga. iku lringga lasaké dria amé na alapi, abudra ka didukace dria.”","11:3 他們彼此商量說：「來吧，我們要做磚，把磚燒透了。」他們就拿磚當石頭，又拿石漆當灰泥。","https://web.klokah.tw/text/sound/27805/461365.mp3"
"11:4 latemé kné mu sobaka: “nanga tatedane ckeckele si maragere nga na dane cokobo, cokoboka odélé nga tebelenga, pirigu miti ku aracɨ ta tasadra ipvavagé iké maka dédane nga.”","11:4 他們說：「來吧，我們要建造一座城和一座塔，塔頂通天，為要傳揚我們的名，免得我們分散在全地上。」","https://web.klokah.tw/text/sound/27805/461366.mp3"
"11:5 kéné ma Ticicomitia Yehoba midide, cɨnle ku tédana ta cɨkeckele si maragerenga na dane.","11:5 耶和華降臨，要看看世人所建造的城和塔。","https://web.klokah.tw/text/sound/27805/461367.mp3"
"11:6 Ticicomitia lapusobaka: “cɨnla! tumainga ku técavnani sessa ku bikéni, siliké manga kné ku makadopaninga, ienenga ku tatumé yani dopani ka nukia ku idurani.”","11:6 耶和華說：「看哪！他們成為一樣的人民，都是一樣的言語。」如今既做起這事來，以後他們所要做的事就沒有不成就的了。","https://web.klokah.tw/text/sound/27805/461368.mp3"
"11:7 tamtine pannono ku sapasobkéni, ku bikéni ka nisadra ipɨrarigunga.”","11:7 我們下去，在那裡變亂他們的口音，使他們的言語彼此不通。","https://web.klokah.tw/text/sound/27805/461369.mp3"
"11:8 iku Ticicomitia Yehoba susiliké nga dia pavagɨvagé piké makadédane nga latuputhu ipéthanga dia tédana ni cɨkɨcɨkele.","11:8 於是，耶和華使他們從那裡分散在全地上，他們就停工不造那城了。","https://web.klokah.tw/text/sound/27805/461370.mp3"
"11:9 Ticicomitia ka ikédria mra panono bikéta kétakeme tebelenga makaiconga, iku makaiconga sugia mvavagé déda, iku ckeckele ka sparacɨngi dra ka: Papé ma. (tuluné dra ka manononno ma), bikéta.","11:9 因為耶和華在那裡變亂天下人的言語，使眾人分散在全地上，所以那城名叫巴別 (註：就是“變亂”的意思) ，我們的語言。","https://web.klokah.tw/text/sound/27805/461371.mp3"
"tumane su anguringola musu ku spakedalemata.","你還記得我倆的一段情","https://web.klokah.tw/text/sound/27806/461372.mp3"
"tumé musu kwa kené musobaka “kené sakadelameli swa ka nukikéma kini~i” ma musu kwa.","你曾經對我說過永遠永遠的愛著我","https://web.klokah.tw/text/sound/27806/461373.mp3"
"iku sangingiri su margi tmaca su. amé na ugianga kidri ku spasobéké su tumé na vɨlo ku skalemɨmɨdra.","美麗的歡笑 一陣陣的要把過去的甜言蜜語","https://web.klokah.tw/text/sound/27806/461374.mp3"
"sivili nga kɨkɨ iké tékali ngipakdredreme. ina sutkabakane, ina surigu, kené kedredremli, keni skadelameli swa.","轉換成我的回憶 如果你不相信 如果你不瞭解","https://web.klokah.tw/text/sound/27806/461375.mp3"
"nanga kené sesa ngiyubu, ku kné swa terese mabeka miti mavava.","我的心我的愛 今天晚上 陪你聊聊天","https://web.klokah.tw/text/sound/27806/461376.mp3"
"ai~musu ka kadelamali nga ico adra ikuethe kdredreme su nodrodro ma kɨkɨ swa iké tékali","唉～你這位我深愛的人 請你不要再難過 我會等你","https://web.klokah.tw/text/sound/27807/461377.mp3"
"siekete na kulésunga dria ku sakeviene dra iké ku sékénuli musobaka péké kɨkɨ kedredremɨli kuputhu lungunia tilila makɨ swa","等你回來的那一天 我有個秘密放在我心裡 想要悄悄的告訴你","https://web.klokah.tw/text/sound/27807/461378.mp3"
"siliké dia ku tadurunga mavuvane makaviénenga ka sakura kɨkɨ na marthéngongo","自從和你斷絕來往 我的日子多麼寂寞 我真心真意","https://web.klokah.tw/text/sound/27807/461379.mp3"
"matkadrengénga kɨkɨ piké kdredremeli csasane iku skatharé swa ku skadelameli swa patumé kɨkɨ ku skadelamili kwa","我喜歡你我愛你 就像愛我自己～～愛你就像愛我自己","https://web.klokah.tw/text/sound/27807/461808.mp3"
"kétevalaka","生日","https://web.klokah.tw/extension/rd_data/audio/31/31_1_V1.mp3"
"sesa","今天","https://web.klokah.tw/extension/rd_data/audio/31/31_1_V2.mp3"
"mabebere","很高興","https://web.klokah.tw/extension/rd_data/audio/31/31_1_V3.mp3"
"Ticico mitia","上帝","https://web.klokah.tw/extension/rd_data/audio/31/31_1_V4.mp3"
"sapelangne","結婚","https://web.klokah.tw/extension/rd_data/audio/31/31_2_V1.mp3"
"sessa na edé la kudrusa cvélé","102年","https://web.klokah.tw/extension/rd_data/audio/31/31_2_V2.mp3"
"lrima dremare","五月","https://web.klokah.tw/extension/rd_data/audio/31/31_2_V3.mp3"
"mposele klrima","25","https://web.klokah.tw/extension/rd_data/audio/31/31_2_V4.mp3"
"viene","天；日","https://web.klokah.tw/extension/rd_data/audio/31/31_2_V5.mp3"
"doyobi","星期六","https://web.klokah.tw/extension/rd_data/audio/31/31_2_V6.mp3"
"vlakeli","我的孩子","https://web.klokah.tw/extension/rd_data/audio/31/31_2_V7.mp3"
"skadrusa","第二個","https://web.klokah.tw/extension/rd_data/audio/31/31_2_V8.mp3"
"Arui","阿茹依（女名）","https://web.klokah.tw/extension/rd_data/audio/31/31_2_V9.mp3"
"kisilri","嫁","https://web.klokah.tw/extension/rd_data/audio/31/31_2_V10.mp3"
"Kodva","多納","https://web.klokah.tw/extension/rd_data/audio/31/31_2_V11.mp3"
"vlakedra","他的孩子","https://web.klokah.tw/extension/rd_data/audio/31/31_2_V12.mp3"
"Kanau","卡鬧烏（男名）","https://web.klokah.tw/extension/rd_data/audio/31/31_2_V13.mp3"
"nukéma","會有","https://web.klokah.tw/extension/rd_data/audio/31/31_2_V14.mp3"
"mukunianga","一定要來","https://web.klokah.tw/extension/rd_data/audio/31/31_2_V15.mp3"
"tkapɨra","參加","https://web.klokah.tw/extension/rd_data/audio/31/31_2_V16.mp3"
"tokoropange","青蛙","https://web.klokah.tw/extension/rd_data/audio/31/31_3_V1.mp3"
"uthieke","跳","https://web.klokah.tw/extension/rd_data/audio/31/31_3_V2.mp3"
"modringi","進去","https://web.klokah.tw/extension/rd_data/audio/31/31_3_V3.mp3"
"tacɨlara","深水","https://web.klokah.tw/extension/rd_data/audio/31/31_3_V4.mp3"
"susienge","響","https://web.klokah.tw/extension/rd_data/audio/31/31_3_V5.mp3"
"kelatingisa","春天","https://web.klokah.tw/extension/rd_data/audio/31/31_3_V6.mp3"
"ngingiece","叫","https://web.klokah.tw/extension/rd_data/audio/31/31_3_V7.mp3"
"rarame","鳥","https://web.klokah.tw/extension/rd_data/audio/31/31_3_V8.mp3"
"tubi","哭","https://web.klokah.tw/extension/rd_data/audio/31/31_3_V9.mp3"
"akange","魚","https://web.klokah.tw/extension/rd_data/audio/31/31_3_V10.mp3"
"apersɨsɨ","落下","https://web.klokah.tw/extension/rd_data/audio/31/31_3_V11.mp3"
"cɨvalri","屋頂","https://web.klokah.tw/extension/rd_data/audio/31/31_3_V12.mp3"
"sutudunga","漏","https://web.klokah.tw/extension/rd_data/audio/31/31_3_V13.mp3"
"tilisukadra","巢","https://web.klokah.tw/extension/rd_data/audio/31/31_3_V14.mp3"
"tebongacɨre","蜂","https://web.klokah.tw/extension/rd_data/audio/31/31_3_V15.mp3"
"asɨsɨ","滴下","https://web.klokah.tw/extension/rd_data/audio/31/31_3_V16.mp3"
"téburo na cɨlé","深的水（池塘）","https://web.klokah.tw/extension/rd_data/audio/31/31_3_V17.mp3"
"makulungu","髒","https://web.klokah.tw/extension/rd_data/audio/31/31_4_V1.mp3"
"sékingi","肥皂（外來語）","https://web.klokah.tw/extension/rd_data/audio/31/31_4_V2.mp3"
"pitibula","乾淨","https://web.klokah.tw/extension/rd_data/audio/31/31_4_V3.mp3"
"bila","旁邊","https://web.klokah.tw/extension/rd_data/audio/31/31_4_V4.mp3"
"mililivi","玩耍","https://web.klokah.tw/extension/rd_data/audio/31/31_4_V5.mp3"
"madadengacɨ","調皮；頑皮","https://web.klokah.tw/extension/rd_data/audio/31/31_4_V6.mp3"
"sudredrenga","一腳(腳採到)","https://web.klokah.tw/extension/rd_data/audio/31/31_4_V7.mp3"
"ngéberese","翻","https://web.klokah.tw/extension/rd_data/audio/31/31_4_V8.mp3"
"séreképé","沾了","https://web.klokah.tw/extension/rd_data/audio/31/31_4_V9.mp3"
"madro","很多","https://web.klokah.tw/extension/rd_data/audio/31/31_4_V10.mp3"
"ado","泥土","https://web.klokah.tw/extension/rd_data/audio/31/31_4_V11.mp3"
"pitikilungu","弄髒","https://web.klokah.tw/extension/rd_data/audio/31/31_4_V12.mp3"
"ribungu","快點","https://web.klokah.tw/extension/rd_data/audio/31/31_4_V13.mp3"
"drekerle","河","https://web.klokah.tw/extension/rd_data/audio/31/31_4_V14.mp3"
"bothebathe","洗","https://web.klokah.tw/extension/rd_data/audio/31/31_4_V15.mp3"
"megaucu","責罵","https://web.klokah.tw/extension/rd_data/audio/31/31_4_V16.mp3"
"sukulu","撿；拾","https://web.klokah.tw/extension/rd_data/audio/31/31_4_V17.mp3"
"sukububuru","向…問","https://web.klokah.tw/extension/rd_data/audio/31/31_4_V18.mp3"
"nusakarata dia","要用什麼","https://web.klokah.tw/extension/rd_data/audio/31/31_4_V19.mp3"
"pébirila","最後","https://web.klokah.tw/extension/rd_data/audio/31/31_5_V1.mp3"
"toriguane","剛學","https://web.klokah.tw/extension/rd_data/audio/31/31_5_V2.mp3"
"ienenga","永遠","https://web.klokah.tw/extension/rd_data/audio/31/31_5_V3.mp3"
"tathé manga","到此為止","https://web.klokah.tw/extension/rd_data/audio/31/31_5_V4.mp3"
"tilacekeli","悔恨","https://web.klokah.tw/extension/rd_data/audio/31/31_5_V5.mp3"
"ipincɨge sulsulute","翹課","https://web.klokah.tw/extension/rd_data/audio/31/31_5_V6.mp3"
"tilisuka","鳥窩","https://web.klokah.tw/extension/rd_data/audio/31/31_5_V7.mp3"
"drikisi","歷史（外來語）","https://web.klokah.tw/extension/rd_data/audio/31/31_5_V8.mp3"
"kovoci","揹著","https://web.klokah.tw/extension/rd_data/audio/31/31_5_V9.mp3"
"kedrenga","背後","https://web.klokah.tw/extension/rd_data/audio/31/31_5_V10.mp3"
"puata","討厭","https://web.klokah.tw/extension/rd_data/audio/31/31_5_V11.mp3"
"madekɨre","重","https://web.klokah.tw/extension/rd_data/audio/31/31_5_V12.mp3"
"lɨséli","我朋友","https://web.klokah.tw/extension/rd_data/audio/31/31_5_V13.mp3"
"ipisɨvagé","難分","https://web.klokah.tw/extension/rd_data/audio/31/31_5_V14.mp3"
"nugiadra","他要走","https://web.klokah.tw/extension/rd_data/audio/31/31_5_V15.mp3"
"asitita dra","挨打的","https://web.klokah.tw/extension/rd_data/audio/31/31_5_V16.mp3"
"Taiwan","臺灣(音譯)","https://web.klokah.tw/extension/rd_data/audio/31/31_6_V1.mp3"
"cɨkcɨkle","故鄉","https://web.klokah.tw/extension/rd_data/audio/31/31_6_V2.mp3"
"nakuni","為什麼","https://web.klokah.tw/extension/rd_data/audio/31/31_6_V3.mp3"
"kitévlake","出生","https://web.klokah.tw/extension/rd_data/audio/31/31_6_V4.mp3"
"arigua li","我所知道的","https://web.klokah.tw/extension/rd_data/audio/31/31_6_V5.mp3"
"angersa li","和我在一起的","https://web.klokah.tw/extension/rd_data/audio/31/31_6_V6.mp3"
"kéngkiu","研究","https://web.klokah.tw/extension/rd_data/audio/31/31_6_V7.mp3"
"kcarisiya","原住民","https://web.klokah.tw/extension/rd_data/audio/31/31_6_V8.mp3"
"melalɨsé","成為朋友","https://web.klokah.tw/extension/rd_data/audio/31/31_6_V9.mp3"
"movane","他們","https://web.klokah.tw/extension/rd_data/audio/31/31_6_V10.mp3"
"bakbaka","談話","https://web.klokah.tw/extension/rd_data/audio/31/31_6_V11.mp3"
"miti","我們","https://web.klokah.tw/extension/rd_data/audio/31/31_7_V1.mp3"
"pisiviri","恢復","https://web.klokah.tw/extension/rd_data/audio/31/31_7_V2.mp3"
"aracɨ","姓名","https://web.klokah.tw/extension/rd_data/audio/31/31_7_V3.mp3"
"dodavedavece","流浪","https://web.klokah.tw/extension/rd_data/audio/31/31_7_V4.mp3"
"palalé","先","https://web.klokah.tw/extension/rd_data/audio/31/31_7_V5.mp3"
"subirili","記下；留下","https://web.klokah.tw/extension/rd_data/audio/31/31_7_V6.mp3"
"sarkikéta","傳統","https://web.klokah.tw/extension/rd_data/audio/31/31_7_V7.mp3"
"latuputhu","停止","https://web.klokah.tw/extension/rd_data/audio/31/31_7_V8.mp3"
"déda","土地","https://web.klokah.tw/extension/rd_data/audio/31/31_7_V9.mp3"
"técavenata","尊嚴","https://web.klokah.tw/extension/rd_data/audio/31/31_7_V10.mp3"
"olopo","牧者","https://web.klokah.tw/extension/rd_data/audio/31/31_8_V1.mp3"
"Yéheba","耶和華","https://web.klokah.tw/extension/rd_data/audio/31/31_8_V2.mp3"
"kemenali","我沒有缺乏","https://web.klokah.tw/extension/rd_data/audio/31/31_8_V3.mp3"
"péberare","被躺臥","https://web.klokah.tw/extension/rd_data/audio/31/31_8_V4.mp3"
"uredɨdɨ","青","https://web.klokah.tw/extension/rd_data/audio/31/31_8_V5.mp3"
"cɨlé tibila","水邊","https://web.klokah.tw/extension/rd_data/audio/31/31_8_V6.mp3"
"obailane","安歇","https://web.klokah.tw/extension/rd_data/audio/31/31_8_V7.mp3"
"pucunu","甦醒","https://web.klokah.tw/extension/rd_data/audio/31/31_8_V8.mp3"
"abakɨni","他的靈魂","https://web.klokah.tw/extension/rd_data/audio/31/31_8_V9.mp3"
"daderane","路","https://web.klokah.tw/extension/rd_data/audio/31/31_8_V10.mp3"
"kumili","我雖然","https://web.klokah.tw/extension/rd_data/audio/31/31_8_V11.mp3"
"onkia","行過","https://web.klokah.tw/extension/rd_data/audio/31/31_8_V12.mp3"
"tepelenga","幽谷","https://web.klokah.tw/extension/rd_data/audio/31/31_8_V13.mp3"
"tekamuda","死陰","https://web.klokah.tw/extension/rd_data/audio/31/31_8_V14.mp3"
"ikulrudru","不怕","https://web.klokah.tw/extension/rd_data/audio/31/31_8_V15.mp3"
"patikurathe","遭害","https://web.klokah.tw/extension/rd_data/audio/31/31_8_V16.mp3"
"sukudru","杖","https://web.klokah.tw/extension/rd_data/audio/31/31_8_V17.mp3"
"bera","敵人","https://web.klokah.tw/extension/rd_data/audio/31/31_8_V18.mp3"
"sosabe","油膏","https://web.klokah.tw/extension/rd_data/audio/31/31_8_V19.mp3"
"margina tékika","好地方","https://web.klokah.tw/extension/rd_data/audio/31/31_9_V1.mp3"
"drekaizuku","魯凱族","https://web.klokah.tw/extension/rd_data/audio/31/31_9_V2.mp3"
"tubaru","情人谷","https://web.klokah.tw/extension/rd_data/audio/31/31_9_V3.mp3"
"kubiya","龍頭山","https://web.klokah.tw/extension/rd_data/audio/31/31_9_V4.mp3"
"tabaulan","多納溫泉","https://web.klokah.tw/extension/rd_data/audio/31/31_9_V5.mp3"
"lumusu","茂林谷","https://web.klokah.tw/extension/rd_data/audio/31/31_9_V6.mp3"
"asiana","美雅谷","https://web.klokah.tw/extension/rd_data/audio/31/31_9_V7.mp3"
"alapi iribi dane","石版屋","https://web.klokah.tw/extension/rd_data/audio/31/31_9_V8.mp3"
"masɨkɨsɨka","勤勞","https://web.klokah.tw/extension/rd_data/audio/31/31_9_V9.mp3"
"marabarabɨrɨ","樂觀","https://web.klokah.tw/extension/rd_data/audio/31/31_9_V10.mp3"
"opunuhu","萬山","https://web.klokah.tw/extension/rd_data/audio/31/31_9_V11.mp3"
"sakudava","多納","https://web.klokah.tw/extension/rd_data/audio/31/31_9_V12.mp3"
"nitamane","永遠","https://web.klokah.tw/extension/rd_data/audio/31/31_9_V13.mp3"
"ta thené","來歌唱","https://web.klokah.tw/extension/rd_data/audio/31/31_10_V1.mp3"
"édérévé","嘆氣","https://web.klokah.tw/extension/rd_data/audio/31/31_10_V2.mp3"
"tangingiri","來微笑","https://web.klokah.tw/extension/rd_data/audio/31/31_10_V3.mp3"
"nukirimuma","會忘記","https://web.klokah.tw/extension/rd_data/audio/31/31_10_V4.mp3"
"kakuratha ni kedredreme","你心裡的煩惱","https://web.klokah.tw/extension/rd_data/audio/31/31_10_V5.mp3"
"haléluya","哈利路亞","https://web.klokah.tw/extension/rd_data/audio/31/31_10_V6.mp3"
"kopungu na su","煩惱 ","https://web.klokah.tw/extension/rd_data/audio/31/31_10_V7.mp3"
"tathrobu","來跳舞","https://web.klokah.tw/extension/rd_data/audio/31/31_10_V8.mp3"
"pragere","舉起","https://web.klokah.tw/extension/rd_data/audio/31/31_10_V9.mp3"
"mumu","爺爺","https://web.klokah.tw/extension/rd_data/audio/31/31_11_V1.mp3"
"sangea","樹名","https://web.klokah.tw/extension/rd_data/audio/31/31_11_V2.mp3"
"pala lriku lriku thu","彎來彎去","https://web.klokah.tw/extension/rd_data/audio/31/31_11_V3.mp3"
"modingi","進去","https://web.klokah.tw/extension/rd_data/audio/31/31_11_V4.mp3"
"taru mana","被拿走","https://web.klokah.tw/extension/rd_data/audio/31/31_11_V5.mp3"
"pelenge","魔鬼","https://web.klokah.tw/extension/rd_data/audio/31/31_11_V6.mp3"
"mui thlopa","走出來","https://web.klokah.tw/extension/rd_data/audio/31/31_11_V7.mp3"
"thkecɨ","山羌","https://web.klokah.tw/extension/rd_data/audio/31/31_11_V8.mp3"
"angingri","嘲笑","https://web.klokah.tw/extension/rd_data/audio/31/31_11_V9.mp3"
"marudrenge","老人家","https://web.klokah.tw/extension/rd_data/audio/31/31_12_V1.mp3"
"tokorpapandra","蛙聲","https://web.klokah.tw/extension/rd_data/audio/31/31_12_V2.mp3"
"usipi","夢","https://web.klokah.tw/extension/rd_data/audio/31/31_12_V3.mp3"
"mɨdane","進屋","https://web.klokah.tw/extension/rd_data/audio/31/31_12_V4.mp3"
"thilibi","飛","https://web.klokah.tw/extension/rd_data/audio/31/31_12_V5.mp3"
"madraru","豐富","https://web.klokah.tw/extension/rd_data/audio/31/31_12_V6.mp3"
"cacɨvélé","今年","https://web.klokah.tw/extension/rd_data/audio/31/31_12_V7.mp3"
"makakathe","懶惰","https://web.klokah.tw/extension/rd_data/audio/31/31_12_V8.mp3"
"abungu","螞蟻","https://web.klokah.tw/extension/rd_data/audio/31/31_12_V9.mp3"
"dopadra","動作","https://web.klokah.tw/extension/rd_data/audio/31/31_12_V10.mp3"
"suro","草","https://web.klokah.tw/extension/rd_data/audio/31/31_12_V11.mp3"
"kurungu","雲","https://web.klokah.tw/extension/rd_data/audio/31/31_12_V12.mp3"
"sɨbɨrɨ miyanga ma","會颱風","https://web.klokah.tw/extension/rd_data/audio/31/31_12_V13.mp3"
"brobro","小姐","https://web.klokah.tw/extension/rd_data/audio/31/31_12_V14.mp3"
"thabɨthaɨre","男青年","https://web.klokah.tw/extension/rd_data/audio/31/31_12_V15.mp3"
"miere","早上","https://web.klokah.tw/extension/rd_data/audio/31/31_12_V16.mp3"
"telovalri","老鷹","https://web.klokah.tw/extension/rd_data/audio/31/31_12_V17.mp3"
"nucengere ma","出太陽","https://web.klokah.tw/extension/rd_data/audio/31/31_12_V18.mp3"
"sɨpatérubuta","困難","https://web.klokah.tw/extension/rd_data/audio/31/31_12_V19.mp3"
"udrse","白髮","https://web.klokah.tw/extension/rd_data/audio/31/31_13_V1.mp3"
"isivi","頭髮","https://web.klokah.tw/extension/rd_data/audio/31/31_13_V2.mp3"
"kiaké","為了","https://web.klokah.tw/extension/rd_data/audio/31/31_13_V3.mp3"
"doruvi","長籲；長吁","https://web.klokah.tw/extension/rd_data/audio/31/31_13_V4.mp3"
"pacɨngecɨngele","眺望","https://web.klokah.tw/extension/rd_data/audio/31/31_13_V5.mp3"
"tadradro","成年；長大","https://web.klokah.tw/extension/rd_data/audio/31/31_13_V6.mp3"
"potese","織繡","https://web.klokah.tw/extension/rd_data/audio/31/31_13_V7.mp3"
"bcɨcɨrekamasungu","半夜","https://web.klokah.tw/extension/rd_data/audio/31/31_13_V8.mp3"
"mususu","咳嗽","https://web.klokah.tw/extension/rd_data/audio/31/31_13_V9.mp3"
"ececɨpitirekeme","驚醒","https://web.klokah.tw/extension/rd_data/audio/31/31_13_V10.mp3"
"marudrange","老了","https://web.klokah.tw/extension/rd_data/audio/31/31_13_V11.mp3"
"mabukulu","駝背","https://web.klokah.tw/extension/rd_data/audio/31/31_13_V12.mp3"
"abibici","皺紋","https://web.klokah.tw/extension/rd_data/audio/31/31_13_V13.mp3"
"temaca","臉","https://web.klokah.tw/extension/rd_data/audio/31/31_13_V14.mp3"
"itekacɨngele","渺茫","https://web.klokah.tw/extension/rd_data/audio/31/31_13_V15.mp3"
"itekacɨngele nenga","瞇眼","https://web.klokah.tw/extension/rd_data/audio/31/31_13_V16.mp3"
"ululuepe","光","https://web.klokah.tw/extension/rd_data/audio/31/31_13_V17.mp3"
"cumé","熊","https://web.klokah.tw/extension/rd_data/audio/31/31_14_V1.mp3"
"lrukulo","雲豹","https://web.klokah.tw/extension/rd_data/audio/31/31_14_V2.mp3"
"tulunéni","原是","https://web.klokah.tw/extension/rd_data/audio/31/31_14_V3.mp3"
"nudropata","要做什麼","https://web.klokah.tw/extension/rd_data/audio/31/31_14_V4.mp3"
"tapɨzaziuga","互相畫","https://web.klokah.tw/extension/rd_data/audio/31/31_14_V5.mp3"
"psaleké","從","https://web.klokah.tw/extension/rd_data/audio/31/31_14_V6.mp3"
"makasi","但是","https://web.klokah.tw/extension/rd_data/audio/31/31_14_V7.mp3"
"skargi","非常好","https://web.klokah.tw/extension/rd_data/audio/31/31_14_V8.mp3"
"tukusu","胸部","https://web.klokah.tw/extension/rd_data/audio/31/31_14_V9.mp3"
"drisidrisi","塗","https://web.klokah.tw/extension/rd_data/audio/31/31_14_V10.mp3"
"sungicingicinga","就生氣","https://web.klokah.tw/extension/rd_data/audio/31/31_14_V11.mp3"
"lrɨmɨnkwa","欺負我","https://web.klokah.tw/extension/rd_data/audio/31/31_14_V12.mp3"
"paribatɨnga","太過分","https://web.klokah.tw/extension/rd_data/audio/31/31_14_V13.mp3"
"supakivilinga","打起來了","https://web.klokah.tw/extension/rd_data/audio/31/31_14_V14.mp3"
"avava","氣喘","https://web.klokah.tw/extension/rd_data/audio/31/31_14_V15.mp3"
"mudo","內臟（動物類）","https://web.klokah.tw/extension/rd_data/audio/31/31_14_V16.mp3"
"mavéké","分手","https://web.klokah.tw/extension/rd_data/audio/31/31_14_V17.mp3"
"pudoro","骨頭","https://web.klokah.tw/extension/rd_data/audio/31/31_14_V18.mp3"
"tébulange","湖","https://web.klokah.tw/extension/rd_data/audio/31/31_15_V1.mp3"
"kelakcɨlra","冬","https://web.klokah.tw/extension/rd_data/audio/31/31_15_V2.mp3"
"makavienenga","日","https://web.klokah.tw/extension/rd_data/audio/31/31_15_V3.mp3"
"bɨsɨbɨsɨ","風","https://web.klokah.tw/extension/rd_data/audio/31/31_15_V4.mp3"
"ngingiecɨ","吼","https://web.klokah.tw/extension/rd_data/audio/31/31_15_V5.mp3"
"abovuva","新","https://web.klokah.tw/extension/rd_data/audio/31/31_15_V6.mp3"
"onké","從","https://web.klokah.tw/extension/rd_data/audio/31/31_15_V7.mp3"
"bilintava","門口","https://web.klokah.tw/extension/rd_data/audio/31/31_15_V8.mp3"
"tavɨnga","窗戶","https://web.klokah.tw/extension/rd_data/audio/31/31_15_V9.mp3"
"makobubungu","縫隙","https://web.klokah.tw/extension/rd_data/audio/31/31_15_V10.mp3"
"malrimɨdre","厚","https://web.klokah.tw/extension/rd_data/audio/31/31_15_V11.mp3"
"dokupi","糊起來","https://web.klokah.tw/extension/rd_data/audio/31/31_15_V12.mp3"
"masungu","夜","https://web.klokah.tw/extension/rd_data/audio/31/31_15_V13.mp3"
"lalebe","關起來","https://web.klokah.tw/extension/rd_data/audio/31/31_15_V14.mp3"
"kiubu","晚餐","https://web.klokah.tw/extension/rd_data/audio/31/31_15_V15.mp3"
"sɨcebe","棉被","https://web.klokah.tw/extension/rd_data/audio/31/31_15_V16.mp3"
"tumuthua","老鼠","https://web.klokah.tw/extension/rd_data/audio/31/31_15_V17.mp3"
"tepalungua","爐","https://web.klokah.tw/extension/rd_data/audio/31/31_15_V18.mp3"
"abu","灰","https://web.klokah.tw/extension/rd_data/audio/31/31_15_V19.mp3"
"vangatɨcvélé","九年","https://web.klokah.tw/extension/rd_data/audio/31/31_16_V1.mp3"
"sarképusulte","教材","https://web.klokah.tw/extension/rd_data/audio/31/31_16_V2.mp3"
"bikétakcarisia","族語","https://web.klokah.tw/extension/rd_data/audio/31/31_16_V3.mp3"
"makcɨngé","重要","https://web.klokah.tw/extension/rd_data/audio/31/31_16_V4.mp3"
"depe","工作","https://web.klokah.tw/extension/rd_data/audio/31/31_16_V5.mp3"
"ugianga mamudu","已過世","https://web.klokah.tw/extension/rd_data/audio/31/31_16_V6.mp3"
"drumadepadra","其他工作","https://web.klokah.tw/extension/rd_data/audio/31/31_16_V7.mp3"
"itɨkapara","沒參加","https://web.klokah.tw/extension/rd_data/audio/31/31_16_V8.mp3"
"ikemani","不是","https://web.klokah.tw/extension/rd_data/audio/31/31_16_V9.mp3"
"makazukunga","所有族群","https://web.klokah.tw/extension/rd_data/audio/31/31_16_V10.mp3"
"urigukungbkucarisiane","菁英族群","https://web.klokah.tw/extension/rd_data/audio/31/31_16_V11.mp3"
"ulubate","超過","https://web.klokah.tw/extension/rd_data/audio/31/31_16_V12.mp3"
"uburuburu","教","https://web.klokah.tw/extension/rd_data/audio/31/31_16_V13.mp3"
"ikipiya","很少","https://web.klokah.tw/extension/rd_data/audio/31/31_16_V14.mp3"
"bikédra","他的語言","https://web.klokah.tw/extension/rd_data/audio/31/31_16_V15.mp3"
"urugula","還會","https://web.klokah.tw/extension/rd_data/audio/31/31_16_V16.mp3"
"tparevké","努力","https://web.klokah.tw/extension/rd_data/audio/31/31_16_V17.mp3"
"nusakarata","要用的","https://web.klokah.tw/extension/rd_data/audio/31/31_16_V18.mp3"
"tmacadra","她的眼睛","https://web.klokah.tw/extension/rd_data/audio/31/31_17_V1.mp3"
"kumidra","雖然","https://web.klokah.tw/extension/rd_data/audio/31/31_17_V2.mp3"
"amé na","好像","https://web.klokah.tw/extension/rd_data/audio/31/31_17_V3.mp3"
"sngiaro","遵守","https://web.klokah.tw/extension/rd_data/audio/31/31_17_V4.mp3"
"buruene","古老","https://web.klokah.tw/extension/rd_data/audio/31/31_17_V5.mp3"
"tikisisia","禁忌","https://web.klokah.tw/extension/rd_data/audio/31/31_17_V6.mp3"
"ikane","不吃","https://web.klokah.tw/extension/rd_data/audio/31/31_17_V7.mp3"
"vlituru","糯米","https://web.klokah.tw/extension/rd_data/audio/31/31_17_V8.mp3"
"burathi","地瓜","https://web.klokah.tw/extension/rd_data/audio/31/31_17_V9.mp3"
"butulu","豬肉","https://web.klokah.tw/extension/rd_data/audio/31/31_17_V10.mp3"
"até","芋頭","https://web.klokah.tw/extension/rd_data/audio/31/31_17_V11.mp3"
"lecenge","青菜","https://web.klokah.tw/extension/rd_data/audio/31/31_17_V12.mp3"
"sakodripiani","生命","https://web.klokah.tw/extension/rd_data/audio/31/31_17_V13.mp3"
"kidisirani","抵抗","https://web.klokah.tw/extension/rd_data/audio/31/31_17_V14.mp3"
"cenmneli","我的病魔","https://web.klokah.tw/extension/rd_data/audio/31/31_17_V15.mp3"
"erevé na cɨlé","洪水","https://web.klokah.tw/extension/rd_data/audio/31/31_18_V1.mp3"
"sudalenga","雨就下","https://web.klokah.tw/extension/rd_data/audio/31/31_18_V2.mp3"
"sutubarunga","水漲了","https://web.klokah.tw/extension/rd_data/audio/31/31_18_V3.mp3"
"krepesé","淹沒","https://web.klokah.tw/extension/rd_data/audio/31/31_18_V4.mp3"
"taribungu","趕快","https://web.klokah.tw/extension/rd_data/audio/31/31_18_V5.mp3"
"abɨbɨrɨ","逃跑","https://web.klokah.tw/extension/rd_data/audio/31/31_18_V6.mp3"
"spatingi","拿火把","https://web.klokah.tw/extension/rd_data/audio/31/31_18_V7.mp3"
"avétha","往","https://web.klokah.tw/extension/rd_data/audio/31/31_18_V8.mp3"
"pidke","跑","https://web.klokah.tw/extension/rd_data/audio/31/31_18_V9.mp3"
"kilipnge","躲","https://web.klokah.tw/extension/rd_data/audio/31/31_18_V10.mp3"
"methedre na cɨlé","退潮","https://web.klokah.tw/extension/rd_data/audio/31/31_18_V11.mp3"
"tulucubunga","前面","https://web.klokah.tw/extension/rd_data/audio/31/31_18_V12.mp3"
"madu","熟食","https://web.klokah.tw/extension/rd_data/audio/31/31_18_V13.mp3"
"savkale","對岸","https://web.klokah.tw/extension/rd_data/audio/31/31_18_V14.mp3"
"thekecɨ","山羌","https://web.klokah.tw/extension/rd_data/audio/31/31_18_V15.mp3"
"logn-u","角（動物）","https://web.klokah.tw/extension/rd_data/audio/31/31_18_V16.mp3"
"mathengeda","長","https://web.klokah.tw/extension/rd_data/audio/31/31_18_V17.mp3"
"madekre","重","https://web.klokah.tw/extension/rd_data/audio/31/31_18_V18.mp3"
"medrepe","熄火","https://web.klokah.tw/extension/rd_data/audio/31/31_18_V19.mp3"
"purabu","撒種","https://web.klokah.tw/extension/rd_data/audio/31/31_19_V1.mp3"
"makavéne ","每天","https://web.klokah.tw/extension/rd_data/audio/31/31_19_V2.mp3"
"ududulru","發芽","https://web.klokah.tw/extension/rd_data/audio/31/31_19_V3.mp3"
"tɨradro","生長","https://web.klokah.tw/extension/rd_data/audio/31/31_19_V4.mp3"
"margi","好的","https://web.klokah.tw/extension/rd_data/audio/31/31_19_V5.mp3"
"bumadu","結果實","https://web.klokah.tw/extension/rd_data/audio/31/31_19_V6.mp3"
"muturlu","三十倍","https://web.klokah.tw/extension/rd_data/audio/31/31_19_V7.mp3"
"menemele","六十倍","https://web.klokah.tw/extension/rd_data/audio/31/31_19_V8.mp3"
"sesa edé","一百倍","https://web.klokah.tw/extension/rd_data/audio/31/31_19_V9.mp3"
"thené","唱歌","https://web.klokah.tw/extension/rd_data/audio/31/31_20_V1.mp3"
"tobailanela","休息了","https://web.klokah.tw/extension/rd_data/audio/31/31_20_V2.mp3"
"takerabarabɨrɨ","我們要高興","https://web.klokah.tw/extension/rd_data/audio/31/31_20_V3.mp3"
"taterɨse","我們一起","https://web.klokah.tw/extension/rd_data/audio/31/31_20_V4.mp3"
"mumu ngurubuene nga","你們全部","https://web.klokah.tw/extension/rd_data/audio/31/31_20_V5.mp3"
"kadɨlamɨlinga","我心愛的人","https://web.klokah.tw/extension/rd_data/audio/31/31_20_V6.mp3"
"drusa","二","https://web.klokah.tw/extension/rd_data/audio/31/31_21_V1.mp3"
"rukulo","老虎","https://web.klokah.tw/extension/rd_data/audio/31/31_21_V2.mp3"
"mardé","快","https://web.klokah.tw/extension/rd_data/audio/31/31_21_V3.mp3"
"bitikɨni","跑","https://web.klokah.tw/extension/rd_data/audio/31/31_21_V4.mp3"
"cinigra","耳朵","https://web.klokah.tw/extension/rd_data/audio/31/31_21_V5.mp3"
"ikivi","尾巴","https://web.klokah.tw/extension/rd_data/audio/31/31_21_V6.mp3"
"skiulane","奇怪","https://web.klokah.tw/extension/rd_data/audio/31/31_21_V7.mp3"
"kogo","奶奶","https://web.klokah.tw/extension/rd_data/audio/31/31_21_V8.mp3"
"mao","爸爸","https://web.klokah.tw/extension/rd_data/audio/31/31_21_V9.mp3"
"nina","媽媽","https://web.klokah.tw/extension/rd_data/audio/31/31_21_V10.mp3"
"muwa","到","https://web.klokah.tw/extension/rd_data/audio/31/31_21_V11.mp3"
"kyukai","教會","https://web.klokah.tw/extension/rd_data/audio/31/31_21_V12.mp3"
"likreme","軟弱","https://web.klokah.tw/extension/rd_data/audio/31/31_21_V13.mp3"
"kecenge","努力","https://web.klokah.tw/extension/rd_data/audio/31/31_21_V14.mp3"
"psɨkérodrada","基本","https://web.klokah.tw/extension/rd_data/audio/31/31_22_V1.mp3"
"olekebe","保障","https://web.klokah.tw/extension/rd_data/audio/31/31_22_V2.mp3"
"sékacuni","生存","https://web.klokah.tw/extension/rd_data/audio/31/31_22_V3.mp3"
"Amézuku","阿美族","https://web.klokah.tw/extension/rd_data/audio/31/31_22_V4.mp3"
"Taiyazuku","泰雅族","https://web.klokah.tw/extension/rd_data/audio/31/31_22_V5.mp3"
"Paiwanzuku","排灣族","https://web.klokah.tw/extension/rd_data/audio/31/31_22_V6.mp3"
"Bununzuku","布農族","https://web.klokah.tw/extension/rd_data/audio/31/31_22_V7.mp3"
"Pénauzuku","卑南族","https://web.klokah.tw/extension/rd_data/audio/31/31_22_V8.mp3"
"Drekaizuku","魯凱族","https://web.klokah.tw/extension/rd_data/audio/31/31_22_V9.mp3"
"Couzuku","鄒族","https://web.klokah.tw/extension/rd_data/audio/31/31_22_V10.mp3"
"Saisiazuku","賽夏族","https://web.klokah.tw/extension/rd_data/audio/31/31_22_V11.mp3"
"Yamézuku","雅美族","https://web.klokah.tw/extension/rd_data/audio/31/31_22_V12.mp3"
"Sauzuku","邵族","https://web.klokah.tw/extension/rd_data/audio/31/31_22_V13.mp3"
"Kemalanzuku","噶瑪蘭族","https://web.klokah.tw/extension/rd_data/audio/31/31_22_V14.mp3"
"Tairukezuku","太魯閣族","https://web.klokah.tw/extension/rd_data/audio/31/31_22_V15.mp3"
"tathanedra","區域","https://web.klokah.tw/extension/rd_data/audio/31/31_22_V16.mp3"
"salekanedra","淵源","https://web.klokah.tw/extension/rd_data/audio/31/31_22_V17.mp3"
"bunka","文化","https://web.klokah.tw/extension/rd_data/audio/31/31_22_V18.mp3"
"tumamata","傳統","https://web.klokah.tw/extension/rd_data/audio/31/31_22_V19.mp3"
"neredepe manga avé","落日","https://web.klokah.tw/extension/rd_data/audio/31/31_23_V1.mp3"
"avé","太陽","https://web.klokah.tw/extension/rd_data/audio/31/31_23_V2.mp3"
"kelabɨcɨnga","秋天","https://web.klokah.tw/extension/rd_data/audio/31/31_23_V3.mp3"
"epengepenge","回顧","https://web.klokah.tw/extension/rd_data/audio/31/31_23_V4.mp3"
"mapururu supungu","落葉","https://web.klokah.tw/extension/rd_data/audio/31/31_23_V5.mp3"
"mapururu","掉落","https://web.klokah.tw/extension/rd_data/audio/31/31_23_V6.mp3"
"supungu","葉片","https://web.klokah.tw/extension/rd_data/audio/31/31_23_V7.mp3"
"acidra","誰","https://web.klokah.tw/extension/rd_data/audio/31/31_23_V8.mp3"
"thilithilibi","飄","https://web.klokah.tw/extension/rd_data/audio/31/31_23_V9.mp3"
"mipitulu","七十","https://web.klokah.tw/extension/rd_data/audio/31/31_23_V10.mp3"
"kurukurungu","霧","https://web.klokah.tw/extension/rd_data/audio/31/31_23_V11.mp3"
"tumadra iké","仍有","https://web.klokah.tw/extension/rd_data/audio/31/31_23_V12.mp3"
"angelengle","裂","https://web.klokah.tw/extension/rd_data/audio/31/31_23_V13.mp3"
"okepélé","抱","https://web.klokah.tw/extension/rd_data/audio/31/31_23_V14.mp3"
"tilacekeni","遺憾","https://web.klokah.tw/extension/rd_data/audio/31/31_23_V15.mp3"
"rena","溪","https://web.klokah.tw/extension/rd_data/audio/31/31_23_V16.mp3"
"moludru","流","https://web.klokah.tw/extension/rd_data/audio/31/31_23_V17.mp3"
"thné","歌","https://web.klokah.tw/extension/rd_data/audio/31/31_23_V18.mp3"
"telalédra","王子","https://web.klokah.tw/extension/rd_data/audio/31/31_24_V1.mp3"
"itubi","沒哭","https://web.klokah.tw/extension/rd_data/audio/31/31_24_V2.mp3"
"pusoparamakɨ ","我要幫助","https://web.klokah.tw/extension/rd_data/audio/31/31_24_V3.mp3"
"babangsu","你的球","https://web.klokah.tw/extension/rd_data/audio/31/31_24_V4.mp3"
"pubuele","撈出來","https://web.klokah.tw/extension/rd_data/audio/31/31_24_V5.mp3"
"biri","回報","https://web.klokah.tw/extension/rd_data/audio/31/31_24_V6.mp3"
"kipinli","衣服","https://web.klokah.tw/extension/rd_data/audio/31/31_24_V7.mp3"
"silivili","琉璃珠","https://web.klokah.tw/extension/rd_data/audio/31/31_24_V8.mp3"
"cicevare","花冠","https://web.klokah.tw/extension/rd_data/audio/31/31_24_V9.mp3"
"nubéma","要給","https://web.klokah.tw/extension/rd_data/audio/31/31_24_V10.mp3"
"ikedraleme","不想要","https://web.klokah.tw/extension/rd_data/audio/31/31_24_V11.mp3"
"mdalemesukwa","你喜歡我","https://web.klokah.tw/extension/rd_data/audio/31/31_24_V12.mp3"
"ngudrudrusa","二個人一起","https://web.klokah.tw/extension/rd_data/audio/31/31_24_V13.mp3"
"lunglungé","游泳","https://web.klokah.tw/extension/rd_data/audio/31/31_24_V14.mp3"
"ungulu","喝","https://web.klokah.tw/extension/rd_data/audio/31/31_24_V15.mp3"
"tibinceng","床","https://web.klokah.tw/extension/rd_data/audio/31/31_24_V16.mp3"
"nakunimisu","你答應","https://web.klokah.tw/extension/rd_data/audio/31/31_24_V17.mp3"
"thodridringne","潛水","https://web.klokah.tw/extension/rd_data/audio/31/31_24_V18.mp3"
"ingulu","不喝","https://web.klokah.tw/extension/rd_data/audio/31/31_25_V1.mp3"
"tuputhanga","要戒","https://web.klokah.tw/extension/rd_data/audio/31/31_25_V2.mp3"
"bɨva","酒","https://web.klokah.tw/extension/rd_data/audio/31/31_25_V3.mp3"
"nuwa manga","會到","https://web.klokah.tw/extension/rd_data/audio/31/31_25_V4.mp3"
"lrimacvélé","五年","https://web.klokah.tw/extension/rd_data/audio/31/31_25_V5.mp3"
"tédrala","還沒","https://web.klokah.tw/extension/rd_data/audio/31/31_25_V6.mp3"
"ucɨngɨlɨkwa","看到我","https://web.klokah.tw/extension/rd_data/audio/31/31_25_V7.mp3"
"mbabenge","倒了","https://web.klokah.tw/extension/rd_data/audio/31/31_25_V8.mp3"
"kutuputhu","我要戒","https://web.klokah.tw/extension/rd_data/audio/31/31_25_V9.mp3"
"técavnali","我這個人","https://web.klokah.tw/extension/rd_data/audio/31/31_25_V10.mp3"
"ieneka","曾經","https://web.klokah.tw/extension/rd_data/audio/31/31_25_V11.mp3"
"kusadra","我不要","https://web.klokah.tw/extension/rd_data/audio/31/31_25_V12.mp3"
"mamɨrenga","弱了","https://web.klokah.tw/extension/rd_data/audio/31/31_25_V13.mp3"
"buete","身體","https://web.klokah.tw/extension/rd_data/audio/31/31_25_V14.mp3"
"médavili","遙遠","https://web.klokah.tw/extension/rd_data/audio/31/31_26_V1.mp3"
"téka","地方","https://web.klokah.tw/extension/rd_data/audio/31/31_26_V2.mp3"
"takaregianelinga","我最好的","https://web.klokah.tw/extension/rd_data/audio/31/31_26_V3.mp3"
"dremare","月","https://web.klokah.tw/extension/rd_data/audio/31/31_26_V4.mp3"
"ngébongu","消磨","https://web.klokah.tw/extension/rd_data/audio/31/31_26_V5.mp3"
"pikékɨdria","我放此","https://web.klokah.tw/extension/rd_data/audio/31/31_26_V6.mp3"
"sorubu","集中","https://web.klokah.tw/extension/rd_data/audio/31/31_26_V7.mp3"
"mɨsévagare","迎望","https://web.klokah.tw/extension/rd_data/audio/31/31_26_V8.mp3"
"téburo","深","https://web.klokah.tw/extension/rd_data/audio/31/31_26_V9.mp3"
"mavené","廣","https://web.klokah.tw/extension/rd_data/audio/31/31_26_V10.mp3"
"ngovavange","泛舟","https://web.klokah.tw/extension/rd_data/audio/31/31_26_V11.mp3"
"utelevelevé","波浪","https://web.klokah.tw/extension/rd_data/audio/31/31_26_V12.mp3"
"timicɨcɨrenge","黑色的","https://web.klokah.tw/extension/rd_data/audio/31/31_26_V13.mp3"
"pikisia","漢人","https://web.klokah.tw/extension/rd_data/audio/31/31_26_V14.mp3"
"tililila","宣導","https://web.klokah.tw/extension/rd_data/audio/31/31_26_V15.mp3"
"Yésu","耶穌","https://web.klokah.tw/extension/rd_data/audio/31/31_26_V16.mp3"
"kutuméyali","我的希望","https://web.klokah.tw/extension/rd_data/audio/31/31_26_V17.mp3"
"avelevele","搖擺","https://web.klokah.tw/extension/rd_data/audio/31/31_26_V18.mp3"
"ikikénga siereke","永眠","https://web.klokah.tw/extension/rd_data/audio/31/31_26_V19.mp3"
"diliengɨ","紅色","https://web.klokah.tw/extension/rd_data/audio/31/31_27_V1.mp3"
"ngidividra","嘴巴","https://web.klokah.tw/extension/rd_data/audio/31/31_27_V2.mp3"
"ikirimuru","印象","https://web.klokah.tw/extension/rd_data/audio/31/31_27_V3.mp3"
"thirithirilu","流著","https://web.klokah.tw/extension/rd_data/audio/31/31_27_V4.mp3"
"thevéké","檳榔","https://web.klokah.tw/extension/rd_data/audio/31/31_27_V5.mp3"
"marimɨdre","厚","https://web.klokah.tw/extension/rd_data/audio/31/31_27_V6.mp3"
"kuku","腳","https://web.klokah.tw/extension/rd_data/audio/31/31_27_V7.mp3"
"dredredra","踩","https://web.klokah.tw/extension/rd_data/audio/31/31_27_V8.mp3"
"sɨtɨtɨsɨ","鐵釘","https://web.klokah.tw/extension/rd_data/audio/31/31_27_V9.mp3"
"makulringi","彎","https://web.klokah.tw/extension/rd_data/audio/31/31_27_V10.mp3"
"itɨrtɨr","不痛","https://web.klokah.tw/extension/rd_data/audio/31/31_27_V11.mp3"
"isutuktukpe","赤腳","https://web.klokah.tw/extension/rd_data/audio/31/31_27_V12.mp3"
"tonma","田裡","https://web.klokah.tw/extension/rd_data/audio/31/31_27_V13.mp3"
"upu","嚼","https://web.klokah.tw/extension/rd_data/audio/31/31_27_V14.mp3"
"pocɨpacɨ ","板開","https://web.klokah.tw/extension/rd_data/audio/31/31_27_V15.mp3"
"lasipi","算","https://web.klokah.tw/extension/rd_data/audio/31/31_27_V16.mp3"
"gelogava","手指頭","https://web.klokah.tw/extension/rd_data/audio/31/31_27_V17.mp3"
"tubukua","邊吃","https://web.klokah.tw/extension/rd_data/audio/31/31_27_V18.mp3"
"velésé","牙齒","https://web.klokah.tw/extension/rd_data/audio/31/31_27_V19.mp3"
"ipisierekɨ","睡不著覺","https://web.klokah.tw/extension/rd_data/audio/31/31_27_V20.mp3"
"paléninga","起初","https://web.klokah.tw/extension/rd_data/audio/31/31_28_V1.mp3"
"kétakemɨnga tbelenga","天下","https://web.klokah.tw/extension/rd_data/audio/31/31_28_V2.mp3"
"asessane","只有一種","https://web.klokah.tw/extension/rd_data/audio/31/31_28_V3.mp3"
"sarké","使用","https://web.klokah.tw/extension/rd_data/audio/31/31_28_V4.mp3"
"sorosu","東方","https://web.klokah.tw/extension/rd_data/audio/31/31_28_V5.mp3"
"téledreke","平原","https://web.klokah.tw/extension/rd_data/audio/31/31_28_V6.mp3"
"sukéngadria","在哪裡","https://web.klokah.tw/extension/rd_data/audio/31/31_28_V7.mp3"
"tapétha","做","https://web.klokah.tw/extension/rd_data/audio/31/31_28_V8.mp3"
"lalobu","燒","https://web.klokah.tw/extension/rd_data/audio/31/31_28_V9.mp3"
"alapi","石頭","https://web.klokah.tw/extension/rd_data/audio/31/31_28_V10.mp3"
"tatedane","造城","https://web.klokah.tw/extension/rd_data/audio/31/31_28_V11.mp3"
"pirigu","傳揚","https://web.klokah.tw/extension/rd_data/audio/31/31_28_V12.mp3"
"ipvavagé","不分散","https://web.klokah.tw/extension/rd_data/audio/31/31_28_V13.mp3"
"tumai","一樣","https://web.klokah.tw/extension/rd_data/audio/31/31_28_V14.mp3"
"makadopaninga","所做的事","https://web.klokah.tw/extension/rd_data/audio/31/31_28_V15.mp3"
"idurani","不成","https://web.klokah.tw/extension/rd_data/audio/31/31_28_V16.mp3"
"ipɨrarigunga","彼此不通","https://web.klokah.tw/extension/rd_data/audio/31/31_28_V17.mp3"
"ipéthanga","不造","https://web.klokah.tw/extension/rd_data/audio/31/31_28_V18.mp3"
"panono","變亂","https://web.klokah.tw/extension/rd_data/audio/31/31_28_V19.mp3"
"mvavagé","分散","https://web.klokah.tw/extension/rd_data/audio/31/31_28_V20.mp3"
"anguringola","記得","https://web.klokah.tw/extension/rd_data/audio/31/31_29_V1.mp3"
"spakedalemata","一段情","https://web.klokah.tw/extension/rd_data/audio/31/31_29_V2.mp3"
"tumé musu","你曾經","https://web.klokah.tw/extension/rd_data/audio/31/31_29_V3.mp3"
"nukikéma","永遠","https://web.klokah.tw/extension/rd_data/audio/31/31_29_V4.mp3"
"sangingiri su","你的微笑","https://web.klokah.tw/extension/rd_data/audio/31/31_29_V5.mp3"
"ugianga","過去","https://web.klokah.tw/extension/rd_data/audio/31/31_29_V6.mp3"
"skalemɨmɨ","甜","https://web.klokah.tw/extension/rd_data/audio/31/31_29_V7.mp3"
"ngipakdredreme","回憶","https://web.klokah.tw/extension/rd_data/audio/31/31_29_V8.mp3"
"sutkabakane","你相信","https://web.klokah.tw/extension/rd_data/audio/31/31_29_V9.mp3"
"surigu","你不瞭解","https://web.klokah.tw/extension/rd_data/audio/31/31_29_V10.mp3"
"kedredremli","我的心","https://web.klokah.tw/extension/rd_data/audio/31/31_29_V11.mp3"
"skadelameli","我的愛","https://web.klokah.tw/extension/rd_data/audio/31/31_29_V12.mp3"
"terese","一起","https://web.klokah.tw/extension/rd_data/audio/31/31_29_V13.mp3"
"mabeka","聊聊天","https://web.klokah.tw/extension/rd_data/audio/31/31_29_V14.mp3"
"mavava","戀愛","https://web.klokah.tw/extension/rd_data/audio/31/31_29_V15.mp3"
"kadelamali nga","我深愛的","https://web.klokah.tw/extension/rd_data/audio/31/31_30_V1.mp3"
"adra","不要","https://web.klokah.tw/extension/rd_data/audio/31/31_30_V2.mp3"
"ikuethe","不要難過","https://web.klokah.tw/extension/rd_data/audio/31/31_30_V3.mp3"
"nodrodro","等","https://web.klokah.tw/extension/rd_data/audio/31/31_30_V4.mp3"
"kulésunga","你回來","https://web.klokah.tw/extension/rd_data/audio/31/31_30_V5.mp3"
"sakeviene dra","那一天","https://web.klokah.tw/extension/rd_data/audio/31/31_30_V6.mp3"
"sékénuli","秘密(不好意思說出口的話)","https://web.klokah.tw/extension/rd_data/audio/31/31_30_V7.mp3"
"piké kdredremeli","我真心","https://web.klokah.tw/extension/rd_data/audio/31/31_30_V8.mp3"
"patumé","就像","https://web.klokah.tw/extension/rd_data/audio/31/31_30_V9.mp3"
"kwa","我","https://web.klokah.tw/extension/rd_data/audio/31/31_30_V10.mp3"
