"cacay","one","一","https://ilrdc.tw/tow/2022/audio/word/1/01_01.wav"
"tusa","two","二","https://ilrdc.tw/tow/2022/audio/word/1/01_02.wav"
"tulu","three","三","https://ilrdc.tw/tow/2022/audio/word/1/01_03.wav"
"sepat","four","四","https://ilrdc.tw/tow/2022/audio/word/1/01_04.wav"
"lima","five","五","https://ilrdc.tw/tow/2022/audio/word/1/01_05.wav"
"enem","six","六","https://ilrdc.tw/tow/2022/audio/word/1/01_06.wav"
"pitu","seven","七","https://ilrdc.tw/tow/2022/audio/word/1/01_07.wav"
"walu","eight","八","https://ilrdc.tw/tow/2022/audio/word/1/01_08.wav"
"siwa","nine","九","https://ilrdc.tw/tow/2022/audio/word/1/01_09.wav"
"muketep","ten","十","https://ilrdc.tw/tow/2022/audio/word/1/01_10.wav"
"savaw tu cacay","eleven","十一","https://ilrdc.tw/tow/2022/audio/word/1/01_11.wav"
"savaw tu tusa","twelve","十二","https://ilrdc.tw/tow/2022/audio/word/1/01_12.wav"
"savaw tu tulu ","thirteen","十三","https://ilrdc.tw/tow/2022/audio/word/1/01_13.wav"
"savaw tu sepat","fourteen","十四","https://ilrdc.tw/tow/2022/audio/word/1/01_14.wav"
"savaw tu lima","fifteen","十五","https://ilrdc.tw/tow/2022/audio/word/1/01_15.wav"
"savaw tu enem","sixteen","十六","https://ilrdc.tw/tow/2022/audio/word/1/01_16.wav"
"savaw tu pitu","seventeen","十七","https://ilrdc.tw/tow/2022/audio/word/1/01_17.wav"
"savaw tu walu","eighteen","十八","https://ilrdc.tw/tow/2022/audio/word/1/01_18.wav"
"savaw tu siwa","nineteen","十九","https://ilrdc.tw/tow/2022/audio/word/1/01_19.wav"
"tusa a pulu’","twenty","二十  ","https://ilrdc.tw/tow/2022/audio/word/1/01_20.wav"
"tusa a pulu’ ira ku cacay","twenty one","二十一","https://ilrdc.tw/tow/2022/audio/word/1/01_21.wav"
"tusa a pulu’ ira ku tusa","twenty two","二十二","https://ilrdc.tw/tow/2022/audio/word/1/01_22.wav"
"tusa a pulu’ ira ku tulu ","twenty three","二十三","https://ilrdc.tw/tow/2022/audio/word/1/01_23.wav"
"tusa a pulu’ ira ku sepat","twenty four","二十四","https://ilrdc.tw/tow/2022/audio/word/1/01_24.wav"
"tusa a pulu’ ira ku lima","twenty five","二十五","https://ilrdc.tw/tow/2022/audio/word/1/01_25.wav"
"tulu a pulu’","thirty","三十","https://ilrdc.tw/tow/2022/audio/word/1/01_26.wav"
"tulu a pulu’ ira ku cacay","thirty one","三十一","https://ilrdc.tw/tow/2022/audio/word/1/01_27.wav"
"sepat a pulu’","forty","四十","https://ilrdc.tw/tow/2022/audio/word/1/01_28.wav"
"lima a pulu’","fifty","五十","https://ilrdc.tw/tow/2022/audio/word/1/01_29.wav"
"enem a pulu’","sixty","六十","https://ilrdc.tw/tow/2022/audio/word/1/01_30.wav"
"pitu a pulu’","seventy","七十","https://ilrdc.tw/tow/2022/audio/word/1/01_31.wav"
"walu a pulu’","eighty","八十","https://ilrdc.tw/tow/2022/audio/word/1/01_32.wav"
"siwa a pulu’","ninety","九十","https://ilrdc.tw/tow/2022/audio/word/1/01_33.wav"
"patekenan","hundred","百","https://ilrdc.tw/tow/2022/audio/word/1/01_34.wav"
"cacay a patekenan","one hundred","一百","https://ilrdc.tw/tow/2022/audio/word/1/01_35.wav"
"tusa a patekenan","two hundred","兩百","https://ilrdc.tw/tow/2022/audio/word/1/01_36.wav"
"cacay a malevut","one thousand","一千","https://ilrdc.tw/tow/2022/audio/word/1/01_37.wav"
"hatini","some","一些","https://ilrdc.tw/tow/2022/audio/word/1/01_38.wav"
"kinacacay ","once","一次","https://ilrdc.tw/tow/2022/audio/word/1/01_39.wav"
"vulilan ","bunch","一串","https://ilrdc.tw/tow/2022/audio/word/1/01_40.wav"
"kalumaanay ","kind","種類","https://ilrdc.tw/tow/2022/audio/word/1/01_41.wav"
"maramud","pair","一對","https://ilrdc.tw/tow/2022/audio/word/1/01_42.wav"
"amin","entire","全部","https://ilrdc.tw/tow/2022/audio/word/1/01_43.wav"
"adidik","a little bit","一點點","https://ilrdc.tw/tow/2022/audio/word/1/01_44.wav"
"latusa","half","一半","https://ilrdc.tw/tow/2022/audio/word/1/01_45.wav"
"kisu ","you","你 ","https://ilrdc.tw/tow/2022/audio/word/1/02_01.wav"
"kaku ","I","我","https://ilrdc.tw/tow/2022/audio/word/1/02_02.wav"
"cira","he","他","https://ilrdc.tw/tow/2022/audio/word/1/02_03.wav"
"kamu ","you guys","你們","https://ilrdc.tw/tow/2022/audio/word/1/02_04.wav"
"kami ","us","我們","https://ilrdc.tw/tow/2022/audio/word/1/02_05.wav"
"heni","they","他們","https://ilrdc.tw/tow/2022/audio/word/1/02_06.wav"
"nu namu","yours","你們的","https://ilrdc.tw/tow/2022/audio/word/1/02_07.wav"
"nu mita","our","我們的","https://ilrdc.tw/tow/2022/audio/word/1/02_08.wav"
"nu heni","their","他們的","https://ilrdc.tw/tow/2022/audio/word/1/02_09.wav"
"nu misu","your","你的","https://ilrdc.tw/tow/2022/audio/word/1/02_10.wav"
"nu maku","mine","我的","https://ilrdc.tw/tow/2022/audio/word/1/02_11.wav"
"nu nira","his","他的","https://ilrdc.tw/tow/2022/audio/word/1/02_12.wav"
"kita ","we (excluded)","我們(排除式)","https://ilrdc.tw/tow/2022/audio/word/1/02_13.wav"
"kami ","let’s (inclusive)","咱們(包含式)","https://ilrdc.tw/tow/2022/audio/word/1/02_14.wav"
" nu niyam","ours","咱們的","https://ilrdc.tw/tow/2022/audio/word/1/02_15.wav"
"iraan","that","那個","https://ilrdc.tw/tow/2022/audio/word/1/02_16.wav"
"kiniyan","this one","這個","https://ilrdc.tw/tow/2022/audio/word/1/02_17.wav"
"itini","here","這裡","https://ilrdc.tw/tow/2022/audio/word/1/02_18.wav"
"itila","there","那裡","https://ilrdc.tw/tow/2022/audio/word/1/02_19.wav"
"mahaen","(like) this","(像)這樣","https://ilrdc.tw/tow/2022/audio/word/1/02_20.wav"
"pina ","how much","多少","https://ilrdc.tw/tow/2022/audio/word/1/03_01.wav"
"maan ","what","什麼","https://ilrdc.tw/tow/2022/audio/word/1/03_02.wav"
"mamaan","how","如何","https://ilrdc.tw/tow/2022/audio/word/1/03_03.wav"
"a hacuwa","when (not happening)","何時(未發生)","https://ilrdc.tw/tow/2022/audio/word/1/03_04.wav"
"cima","who","誰","https://ilrdc.tw/tow/2022/audio/word/1/03_05.wav"
"icuwaan","which one","哪一個","https://ilrdc.tw/tow/2022/audio/word/1/03_06.wav"
"icuwa","where","哪裡","https://ilrdc.tw/tow/2022/audio/word/1/03_07.wav"
"nu nima","Whose is it?","是誰的","https://ilrdc.tw/tow/2022/audio/word/1/03_08.wav"
"mamaan","what","怎麼","https://ilrdc.tw/tow/2022/audio/word/1/03_09.wav"
"pina","how much","多少(歲；物)","https://ilrdc.tw/tow/2022/audio/word/1/03_10.wav"
"papina","how much (degree size)"," 多少(程度大小)","https://ilrdc.tw/tow/2022/audio/word/1/03_11.wav"
"icuwa","where","什麼地方","https://ilrdc.tw/tow/2022/audio/word/1/03_12.wav"
"nahacuwa ","when (has happened)","何時(已發生)","https://ilrdc.tw/tow/2022/audio/word/1/03_13.wav"
"kiya","why","為什麼","https://ilrdc.tw/tow/2022/audio/word/1/03_14.wav"
"ama ","dad","爸爸","https://ilrdc.tw/tow/2022/audio/word/1/04_01.wav"
"ina ","mom","媽媽","https://ilrdc.tw/tow/2022/audio/word/1/04_02.wav"
" pusadak nu malekakaay","cousins","堂、表兄弟姐妹","https://ilrdc.tw/tow/2022/audio/word/1/04_03.wav"
"vaki","male elder (grandfather; father-in-law)","男性長輩(祖父；外公；岳父)","https://ilrdc.tw/tow/2022/audio/word/1/04_04.wav"
"vayi","female elder (grandmother; mother-in-law)","女性長輩(祖母；外婆；岳母)","https://ilrdc.tw/tow/2022/audio/word/1/04_05.wav"
"laluma’an","relative","親戚","https://ilrdc.tw/tow/2022/audio/word/1/04_06.wav"
"ramud","spouse","配偶","https://ilrdc.tw/tow/2022/audio/word/1/04_07.wav"
"kadavu","daughter’s husband","女婿","https://ilrdc.tw/tow/2022/audio/word/1/04_08.wav"
"ali","wife’s brother","舅子","https://ilrdc.tw/tow/2022/audio/word/1/04_09.wav"
"ali","sister-in-law","弟媳","https://ilrdc.tw/tow/2022/audio/word/1/04_10.wav"
"ali","older brother’s wife","嫂嫂","https://ilrdc.tw/tow/2022/audio/word/1/04_11.wav"
"kadavu","daughter-in-law","媳婦","https://ilrdc.tw/tow/2022/audio/word/1/04_12.wav"
"vaki/vayi","grandchild","孫子/孫女","https://ilrdc.tw/tow/2022/audio/word/1/04_13.wav"
"maramuday","husband and wife","夫妻","https://ilrdc.tw/tow/2022/audio/word/1/04_14.wav"
"vavainay","husband","丈夫","https://ilrdc.tw/tow/2022/audio/word/1/04_15.wav"
"cingkie","in-law","姻親","https://ilrdc.tw/tow/2022/audio/word/1/04_16.wav"
"malekaka","sibling","兄弟姊妹","https://ilrdc.tw/tow/2022/audio/word/1/04_17.wav"
"kaka tu vavainayan","brother","兄長","https://ilrdc.tw/tow/2022/audio/word/1/04_18.wav"
"kaka","brother and sister","(哥哥；姊姊)通稱","https://ilrdc.tw/tow/2022/audio/word/1/04_19.wav"
"kaka tu vavahiyan","older sister","姊姊","https://ilrdc.tw/tow/2022/audio/word/1/04_20.wav"
"kaka tu vavainayan","older brother","哥哥","https://ilrdc.tw/tow/2022/audio/word/1/04_21.wav"
"sava","brother and sister","(弟弟；妹妹)通稱","https://ilrdc.tw/tow/2022/audio/word/1/04_22.wav"
"sava tu vavainayan","younger brother","弟弟","https://ilrdc.tw/tow/2022/audio/word/1/04_23.wav"
"sava tu vavahiyan
","younger sister","妹妹","https://ilrdc.tw/tow/2022/audio/word/1/04_24.wav"
"vaki","uncle","(伯父；叔叔；舅舅)通稱","https://ilrdc.tw/tow/2022/audio/word/1/04_25.wav"
"vayi","aunt","(伯母；嬸嬸；舅母)通稱  ","https://ilrdc.tw/tow/2022/audio/word/1/04_26.wav"
"ngangan","name","名字","https://ilrdc.tw/tow/2022/audio/word/1/05_01.wav"
"vavainayan a wawa","boy","男孩","https://ilrdc.tw/tow/2022/audio/word/1/05_02.wav"
"vavahiyan a wawa
","girl","女孩","https://ilrdc.tw/tow/2022/audio/word/1/05_03.wav"
"cavay","friend","朋友","https://ilrdc.tw/tow/2022/audio/word/1/05_04.wav"
"wawa","child","孩童","https://ilrdc.tw/tow/2022/audio/word/1/05_05.wav"
"matuasay  ","elderly people","老人家","https://ilrdc.tw/tow/2022/audio/word/1/05_06.wav"
"vavahi","female","女性","https://ilrdc.tw/tow/2022/audio/word/1/05_07.wav"
"vavainay","male","男性","https://ilrdc.tw/tow/2022/audio/word/1/05_08.wav"
"tamdaw","people","人","https://ilrdc.tw/tow/2022/audio/word/1/05_09.wav"
"ising","doctor","醫生","https://ilrdc.tw/tow/2022/audio/word/1/05_10.wav"
"pasevana’ay","teacher","老師","https://ilrdc.tw/tow/2022/audio/word/1/05_11.wav"
"ada","enemy","敵人","https://ilrdc.tw/tow/2022/audio/word/1/05_12.wav"
"sakakaay","sir","長官","https://ilrdc.tw/tow/2022/audio/word/1/05_13.wav"
"lumuwa","hooliganism","流氓","https://ilrdc.tw/tow/2022/audio/word/1/05_14.wav"
"kincal","police","警察","https://ilrdc.tw/tow/2022/audio/word/1/05_15.wav"
"Tangavulan","ethnic group (Taiwan), "plain tribes","平埔族","https://ilrdc.tw/tow/2022/audio/word/1/05_16.wav"
"Ngayngay","Hakka people","客家人","https://ilrdc.tw/tow/2022/audio/word/1/05_17.wav"
"syawcang","principal","校長","https://ilrdc.tw/tow/2022/audio/word/1/05_18.wav"
"Taywan","Min Nan (Taiwanese)","閩南人","https://ilrdc.tw/tow/2022/audio/word/1/05_19.wav"
"kapah","young people","青年","https://ilrdc.tw/tow/2022/audio/word/1/05_20.wav"
"senghu","(spiritual) father","神父","https://ilrdc.tw/tow/2022/audio/word/1/05_21.wav"
"siwni","sister","修女","https://ilrdc.tw/tow/2022/audio/word/1/05_22.wav"
"Hulam","mainlander","外省人","https://ilrdc.tw/tow/2022/audio/word/1/05_23.wav"
"kaying ","miss","小姐","https://ilrdc.tw/tow/2022/audio/word/1/05_24.wav"
"micudaday","student","學生","https://ilrdc.tw/tow/2022/audio/word/1/05_25.wav"
"tangila","ear","耳朵","https://ilrdc.tw/tow/2022/audio/word/1/06_01.wav"
"cepi’","thigh","大腿","https://ilrdc.tw/tow/2022/audio/word/1/06_02.wav"
"mata","eye","眼睛","https://ilrdc.tw/tow/2022/audio/word/1/06_03.wav"
"pising ","face","臉","https://ilrdc.tw/tow/2022/audio/word/1/06_04.wav"
"nguyus","mouth","嘴巴","https://ilrdc.tw/tow/2022/audio/word/1/06_05.wav"
"tangal","head","頭","https://ilrdc.tw/tow/2022/audio/word/1/06_06.wav"
"kanus","fingernail","指甲","https://ilrdc.tw/tow/2022/audio/word/1/06_07.wav"
"kamay","hand","手","https://ilrdc.tw/tow/2022/audio/word/1/06_08.wav"
"tireng","body","身體","https://ilrdc.tw/tow/2022/audio/word/1/06_09.wav"
"ngangusuan","nose","鼻子","https://ilrdc.tw/tow/2022/audio/word/1/06_10.wav"
"kuku’","foot","腳","https://ilrdc.tw/tow/2022/audio/word/1/06_11.wav"
"wadis","teeth","牙齒","https://ilrdc.tw/tow/2022/audio/word/1/06_12.wav"
"vukes","hair","頭髮","https://ilrdc.tw/tow/2022/audio/word/1/06_13.wav"
"remes ","blood","血","https://ilrdc.tw/tow/2022/audio/word/1/06_14.wav"
"titi","meat","肉","https://ilrdc.tw/tow/2022/audio/word/1/06_15.wav"
"laway","forehead","額頭","https://ilrdc.tw/tow/2022/audio/word/1/06_16.wav"
"tiyad","belly","肚子","https://ilrdc.tw/tow/2022/audio/word/1/06_17.wav"
"cucu","breast","乳房","https://ilrdc.tw/tow/2022/audio/word/1/06_18.wav"
"heci nu vatac","calf","小腿肚","https://ilrdc.tw/tow/2022/audio/word/1/06_19.wav"
"avala","shoulder","肩膀","https://ilrdc.tw/tow/2022/audio/word/1/06_20.wav"
"ngaruy","chin","下巴","https://ilrdc.tw/tow/2022/audio/word/1/06_21.wav"
"kulul","back","背部","https://ilrdc.tw/tow/2022/audio/word/1/06_22.wav"
"vanges","skin","皮","https://ilrdc.tw/tow/2022/audio/word/1/06_23.wav"
"valuhang","thoracic cavity","胸腔","https://ilrdc.tw/tow/2022/audio/word/1/06_24.wav"
"panga  ","male genitalia","男性生殖器","https://ilrdc.tw/tow/2022/audio/word/1/06_25.wav"
"puki","female genitalia","女性生殖器","https://ilrdc.tw/tow/2022/audio/word/1/06_26.wav"
"vala’","lung","肺","https://ilrdc.tw/tow/2022/audio/word/1/06_27.wav"
"valucu’","heart","心臟","https://ilrdc.tw/tow/2022/audio/word/1/06_28.wav"
"ciku ","elbow","手肘","https://ilrdc.tw/tow/2022/audio/word/1/06_29.wav"
"ngangay","saliva","口水","https://ilrdc.tw/tow/2022/audio/word/1/06_30.wav"
"tusur","knee","膝蓋","https://ilrdc.tw/tow/2022/audio/word/1/06_31.wav"
"duka","wound","傷口","https://ilrdc.tw/tow/2022/audio/word/1/06_32.wav"
"vituka","stomach","胃","https://ilrdc.tw/tow/2022/audio/word/1/06_33.wav"
"atay","liver","肝臟","https://ilrdc.tw/tow/2022/audio/word/1/06_34.wav"
" teluhu’","phlegm","痰","https://ilrdc.tw/tow/2022/audio/word/1/06_35.wav"
"viruek","goiter","甲狀腺腫","https://ilrdc.tw/tow/2022/audio/word/1/06_36.wav"
"simal","grease","油脂","https://ilrdc.tw/tow/2022/audio/word/1/06_37.wav"
"vaduwac","rib","肋骨","https://ilrdc.tw/tow/2022/audio/word/1/06_38.wav"
"vesi","gallbladder","膽囊","https://ilrdc.tw/tow/2022/audio/word/1/06_39.wav"
"tarudu’","thumb","拇指","https://ilrdc.tw/tow/2022/audio/word/1/06_40.wav"
"takulaw","throat","喉嚨","https://ilrdc.tw/tow/2022/audio/word/1/06_41.wav"
"sema","tongue","舌頭","https://ilrdc.tw/tow/2022/audio/word/1/06_42.wav"
"tatelecan","waist","腰部","https://ilrdc.tw/tow/2022/audio/word/1/06_43.wav"
"tarudu’","finger","手指","https://ilrdc.tw/tow/2022/audio/word/1/06_44.wav"
"sangitngit ","front tooth","門牙","https://ilrdc.tw/tow/2022/audio/word/1/06_45.wav"
"tanang","sweat","汗水","https://ilrdc.tw/tow/2022/audio/word/1/06_46.wav"
"liel","neck","脖子","https://ilrdc.tw/tow/2022/audio/word/1/06_47.wav"
"nguset","nasal mucus","鼻涕","https://ilrdc.tw/tow/2022/audio/word/1/06_48.wav"
"ngangelngelan","joint","關節","https://ilrdc.tw/tow/2022/audio/word/1/06_49.wav"
"menah","buttocks","臀部","https://ilrdc.tw/tow/2022/audio/word/1/06_50.wav"
"saripa’","the sole of the foot","腳掌","https://ilrdc.tw/tow/2022/audio/word/1/06_51.wav"
"ailuc","neck","後頸","https://ilrdc.tw/tow/2022/audio/word/1/06_52.wav"
"kakirian","armpit","腋窩","https://ilrdc.tw/tow/2022/audio/word/1/06_53.wav"
"vuwa’","kidney","腎臟","https://ilrdc.tw/tow/2022/audio/word/1/06_54.wav"
"vilvil","lip","嘴唇","https://ilrdc.tw/tow/2022/audio/word/1/06_55.wav"
"vanuh","fur","毛","https://ilrdc.tw/tow/2022/audio/word/1/06_56.wav"
"pulut","tail","尾巴","https://ilrdc.tw/tow/2022/audio/word/1/07_01.wav"
"vavuy","pig","豬","https://ilrdc.tw/tow/2022/audio/word/1/07_02.wav"
"wacu","dog","狗","https://ilrdc.tw/tow/2022/audio/word/1/07_03.wav"
"siri","sheep","羊","https://ilrdc.tw/tow/2022/audio/word/1/07_04.wav"
"nani","cat","貓","https://ilrdc.tw/tow/2022/audio/word/1/07_05.wav"
"ayam","bird","鳥","https://ilrdc.tw/tow/2022/audio/word/1/07_06.wav"
"vuting","fish","魚","https://ilrdc.tw/tow/2022/audio/word/1/07_07.wav"
"ayam","chicken","雞","https://ilrdc.tw/tow/2022/audio/word/1/07_08.wav"
"ungay","monkey","猴子","https://ilrdc.tw/tow/2022/audio/word/1/07_09.wav"
"rarapa","cattle","牛","https://ilrdc.tw/tow/2022/audio/word/1/07_10.wav"
"edu","mice (collectively)","老鼠(統稱)","https://ilrdc.tw/tow/2022/audio/word/1/07_11.wav"
"tatakula’","frog","青蛙","https://ilrdc.tw/tow/2022/audio/word/1/07_12.wav"
"tuul","owl","貓頭鷹","https://ilrdc.tw/tow/2022/audio/word/1/07_13.wav"
"alem ","pangolin (manis pentadactylata)","穿山甲","https://ilrdc.tw/tow/2022/audio/word/1/07_14.wav"
"vavuy nu lutuk","boar","山豬","https://ilrdc.tw/tow/2022/audio/word/1/07_15.wav"
"vanul nu umah","feral pigeon","野鴿子","https://ilrdc.tw/tow/2022/audio/word/1/07_16.wav"
"cirekay","insect (collectively)","蟲(統稱)","https://ilrdc.tw/tow/2022/audio/word/1/07_17.wav"
"rarukuh","turtle","烏龜","https://ilrdc.tw/tow/2022/audio/word/1/07_18.wav"
"uner","snake","蛇","https://ilrdc.tw/tow/2022/audio/word/1/07_19.wav"
"rapic","flying squirrel","飛鼠","https://ilrdc.tw/tow/2022/audio/word/1/07_20.wav"
"lukedaw","leopard","豹","https://ilrdc.tw/tow/2022/audio/word/1/07_21.wav"
"kararayan","sambar (cervus eldii)","水鹿","https://ilrdc.tw/tow/2022/audio/word/1/07_22.wav"
"tumay","bear","熊","https://ilrdc.tw/tow/2022/audio/word/1/07_23.wav"
"mancel","muntiacus reevesi","山羌","https://ilrdc.tw/tow/2022/audio/word/1/07_24.wav"
"dadipis","cockroach","蟑螂","https://ilrdc.tw/tow/2022/audio/word/1/07_25.wav"
"veded","dragonfly","蜻蜓","https://ilrdc.tw/tow/2022/audio/word/1/07_26.wav"
"adipapang","butterfly","蝴蝶","https://ilrdc.tw/tow/2022/audio/word/1/07_27.wav"
"velalutung","spider","蜘蛛","https://ilrdc.tw/tow/2022/audio/word/1/07_28.wav"
"panga","male reproductive organs","雄性動物生殖器官","https://ilrdc.tw/tow/2022/audio/word/1/07_29.wav"
"kapurus","squirrel","松鼠","https://ilrdc.tw/tow/2022/audio/word/1/07_30.wav"
"kalavaw","vole","田鼠","https://ilrdc.tw/tow/2022/audio/word/1/07_31.wav"
"likes","mosquitoe","蚊子","https://ilrdc.tw/tow/2022/audio/word/1/07_32.wav"
"kutu","head louse","頭蝨","https://ilrdc.tw/tow/2022/audio/word/1/07_33.wav"
"lalangaw","fly","蒼蠅","https://ilrdc.tw/tow/2022/audio/word/1/07_34.wav"
"udal","honeybee","蜜蜂","https://ilrdc.tw/tow/2022/audio/word/1/07_35.wav"
"sapalamu","male (animal)","雄性(動物)","https://ilrdc.tw/tow/2022/audio/word/1/07_36.wav"
"vulekan","suckling pig","乳豬","https://ilrdc.tw/tow/2022/audio/word/1/07_37.wav"
"taduk","duck","鴨","https://ilrdc.tw/tow/2022/audio/word/1/07_38.wav"
"atikak","earthworm","蚯蚓","https://ilrdc.tw/tow/2022/audio/word/1/07_39.wav"
"kaketi ","wasp","土蜂","https://ilrdc.tw/tow/2022/audio/word/1/07_41.wav"
"urang ","shrimp","蝦","https://ilrdc.tw/tow/2022/audio/word/1/07_42.wav"
"tasyang
","elephant","大象","https://ilrdc.tw/tow/2022/audio/word/1/07_43.wav"
"sevayu","horse","馬","https://ilrdc.tw/tow/2022/audio/word/1/07_44.wav"
"raang","female (animal)","雌性(動物)","https://ilrdc.tw/tow/2022/audio/word/1/07_45.wav"
"kalang","crab","螃蟹","https://ilrdc.tw/tow/2022/audio/word/1/07_46.wav"
"dadacdac ","cicada","蟬","https://ilrdc.tw/tow/2022/audio/word/1/07_47.wav"
"tatakung","hundred-pace snake","百步蛇","https://ilrdc.tw/tow/2022/audio/word/1/07_48.wav"
"sakuvad ","wing","翅膀","https://ilrdc.tw/tow/2022/audio/word/1/07_49.wav"
"pedaduki","bat","蝙蝠","https://ilrdc.tw/tow/2022/audio/word/1/07_50.wav"
"kacumuli","snail","蝸牛","https://ilrdc.tw/tow/2022/audio/word/1/07_51.wav"
"ciluciluk","sparrow","麻雀","https://ilrdc.tw/tow/2022/audio/word/1/07_52.wav"
"verarangad","stag beetle","鍬形蟲","https://ilrdc.tw/tow/2022/audio/word/1/07_53.wav"
"palang","eagle","老鷹","https://ilrdc.tw/tow/2022/audio/word/1/07_54.wav"
"lalunah","ant","螞蟻","https://ilrdc.tw/tow/2022/audio/word/1/07_55.wav"
"tataruwa","goose","鵝","https://ilrdc.tw/tow/2022/audio/word/1/07_56.wav"
"ayam nu nanum","waterbird","水鳥","https://ilrdc.tw/tow/2022/audio/word/1/07_57.wav"
"dipung","nest","窩巢","https://ilrdc.tw/tow/2022/audio/word/1/07_58.wav"
"tatekuh","hornet","虎頭蜂","https://ilrdc.tw/tow/2022/audio/word/1/07_59.wav"
"atimela","flea","跳蚤","https://ilrdc.tw/tow/2022/audio/word/1/07_60.wav"
"kakuhkuh ","cobra","眼鏡蛇","https://ilrdc.tw/tow/2022/audio/word/1/07_61.wav"
"ak’ak","crow","烏鴉","https://ilrdc.tw/tow/2022/audio/word/1/07_62.wav"
"tutuy","puppy","幼犬","https://ilrdc.tw/tow/2022/audio/word/1/07_63.wav"
"puhung","horn","(動物的)角","https://ilrdc.tw/tow/2022/audio/word/1/07_64.wav"
"ririk","grasshopper","蚱蜢","https://ilrdc.tw/tow/2022/audio/word/1/07_65.wav"
"pawli","banana","香蕉","https://ilrdc.tw/tow/2022/audio/word/1/08_01.wav"
"savak","paddy","稻穀","https://ilrdc.tw/tow/2022/audio/word/1/08_02.wav"
"kilang","tree","樹","https://ilrdc.tw/tow/2022/audio/word/1/08_03.wav"
"tali","taro","芋頭","https://ilrdc.tw/tow/2022/audio/word/1/08_04.wav"
"tevus","sugar cane","甘蔗","https://ilrdc.tw/tow/2022/audio/word/1/08_05.wav"
"papah","leaf","葉子","https://ilrdc.tw/tow/2022/audio/word/1/08_06.wav"
"vunga","sweet potato","甘藷","https://ilrdc.tw/tow/2022/audio/word/1/08_07.wav"
"kama","tangerine","柑橘","https://ilrdc.tw/tow/2022/audio/word/1/08_08.wav"
"varu","flower","花朵","https://ilrdc.tw/tow/2022/audio/word/1/08_09.wav"
"tamurak","pumpkin","南瓜","https://ilrdc.tw/tow/2022/audio/word/1/08_10.wav"
" talud","weed","雜草","https://ilrdc.tw/tow/2022/audio/word/1/08_11.wav"
"taviras","corn","玉米","https://ilrdc.tw/tow/2022/audio/word/1/08_12.wav"
"icep","betel nut","檳榔","https://ilrdc.tw/tow/2022/audio/word/1/08_13.wav"
"awul","bamboo","竹子","https://ilrdc.tw/tow/2022/audio/word/1/08_14.wav"
"caang","branch","樹枝","https://ilrdc.tw/tow/2022/audio/word/1/08_15.wav"
"heci","fruit","(植物的)果實","https://ilrdc.tw/tow/2022/audio/word/1/08_16.wav"
"tevu’","bamboo shoot","竹筍","https://ilrdc.tw/tow/2022/audio/word/1/08_17.wav"
"vaniw","edible mushroom","香菇","https://ilrdc.tw/tow/2022/audio/word/1/08_18.wav"
"paringad","pineapple","鳳梨","https://ilrdc.tw/tow/2022/audio/word/1/08_19.wav"
"rengus","grass","草","https://ilrdc.tw/tow/2022/audio/word/1/08_20.wav"
"uway","rattan","藤類","https://ilrdc.tw/tow/2022/audio/word/1/08_21.wav"
"rupas","peach","桃子","https://ilrdc.tw/tow/2022/audio/word/1/08_22.wav"
"sunsuli","plum","李子","https://ilrdc.tw/tow/2022/audio/word/1/08_23.wav"
"lusay","fruit","水果","https://ilrdc.tw/tow/2022/audio/word/1/08_24.wav"
"tatapangan","treetop","樹頭","https://ilrdc.tw/tow/2022/audio/word/1/08_25.wav"
"tatangila ","agaric","木耳","https://ilrdc.tw/tow/2022/audio/word/1/08_26.wav"
" tumatu/kamuraw","tomatoe","蕃茄","https://ilrdc.tw/tow/2022/audio/word/1/08_27.wav"
"lamit","root","樹根","https://ilrdc.tw/tow/2022/audio/word/1/08_28.wav"
"caracar","wild lily","野百合","https://ilrdc.tw/tow/2022/audio/word/1/08_29.wav"
"tavayar","giant elephant's ear","姑婆芋","https://ilrdc.tw/tow/2022/audio/word/1/08_30.wav"
"vidawul","cucumber","胡瓜","https://ilrdc.tw/tow/2022/audio/word/1/08_31.wav"
"lukut","bird-nest fern","山蘇","https://ilrdc.tw/tow/2022/audio/word/1/08_32.wav"
"ningcing","carrot","胡蘿蔔","https://ilrdc.tw/tow/2022/audio/word/1/08_33.wav"
"ingcay","cabbage","空心菜","https://ilrdc.tw/tow/2022/audio/word/1/08_34.wav"
"lumingay","yard-long bean","長豆","https://ilrdc.tw/tow/2022/audio/word/1/08_35.wav"
"naniwac","green bean","綠豆","https://ilrdc.tw/tow/2022/audio/word/1/08_36.wav"
"mungi","wheat","麥","https://ilrdc.tw/tow/2022/audio/word/1/08_37.wav"
"kenaw","green onion","蔥","https://ilrdc.tw/tow/2022/audio/word/1/08_38.wav"
"lutuc nu rara’","bean sprout","豆芽","https://ilrdc.tw/tow/2022/audio/word/1/08_39.wav"
"paysyangko","passion fruit","百香果","https://ilrdc.tw/tow/2022/audio/word/1/08_40.wav"
"kuletu","yam","山藥","https://ilrdc.tw/tow/2022/audio/word/1/08_41.wav"
"vahedil","cypress","檜木","https://ilrdc.tw/tow/2022/audio/word/1/08_42.wav"
"sapal ","seedling","幼苗","https://ilrdc.tw/tow/2022/audio/word/1/08_43.wav"
"sapaluma","seed","種子","https://ilrdc.tw/tow/2022/audio/word/1/08_44.wav"
"kamacal","wild strawberry","野草莓","https://ilrdc.tw/tow/2022/audio/word/1/08_45.wav"
" umey","plum","梅子","https://ilrdc.tw/tow/2022/audio/word/1/08_46.wav"
"pahku","vegetable fern","過貓","https://ilrdc.tw/tow/2022/audio/word/1/08_47.wav"
"sakula","Taiwan cherry","山櫻花","https://ilrdc.tw/tow/2022/audio/word/1/08_48.wav"
"lidateng","stinging nettle","咬人貓","https://ilrdc.tw/tow/2022/audio/word/1/08_49.wav"
"makaw","mountain litsea","山胡椒","https://ilrdc.tw/tow/2022/audio/word/1/08_50.wav"
"vataan","pigeon pea","樹豆","https://ilrdc.tw/tow/2022/audio/word/1/08_51.wav"
"mami","grapefruit","柚子","https://ilrdc.tw/tow/2022/audio/word/1/08_52.wav"
"tavaku","tobacco","菸草","https://ilrdc.tw/tow/2022/audio/word/1/08_53.wav"
"cupel","pepper (generic term)","辣椒(通稱)","https://ilrdc.tw/tow/2022/audio/word/1/08_54.wav"
"kupa","cotton","棉花","https://ilrdc.tw/tow/2022/audio/word/1/08_55.wav"
"vunga","sweet potato","地瓜","https://ilrdc.tw/tow/2022/audio/word/1/08_56.wav"
"kiyaves","guava","番石榴","https://ilrdc.tw/tow/2022/audio/word/1/08_57.wav"
"cudad","book","書","https://ilrdc.tw/tow/2022/audio/word/1/09_01.wav"
"pida","money","錢","https://ilrdc.tw/tow/2022/audio/word/1/09_02.wav"
"mali","ball","球","https://ilrdc.tw/tow/2022/audio/word/1/09_03.wav"
"sapad ","table","桌子","https://ilrdc.tw/tow/2022/audio/word/1/09_04.wav"
"telay/dingwa","telephone","電話","https://ilrdc.tw/tow/2022/audio/word/1/09_05.wav"
" sapisurit","pen","筆","https://ilrdc.tw/tow/2022/audio/word/1/09_06.wav"
"elun","chair","椅子","https://ilrdc.tw/tow/2022/audio/word/1/09_07.wav"
"sapaiyu","medicine","藥物","https://ilrdc.tw/tow/2022/audio/word/1/09_08.wav"
"tinnaw","computer","電腦","https://ilrdc.tw/tow/2022/audio/word/1/09_09.wav"
"cacevaren","umbrella","雨傘","https://ilrdc.tw/tow/2022/audio/word/1/09_10.wav"
"tuki","watch","手錶","https://ilrdc.tw/tow/2022/audio/word/1/09_11.wav"
"tuki","clocks and watches","鐘錶","https://ilrdc.tw/tow/2022/audio/word/1/09_12.wav"
"sakurawit","hook","鉤子","https://ilrdc.tw/tow/2022/audio/word/1/09_13.wav"
"keliw ","fine line","細線","https://ilrdc.tw/tow/2022/audio/word/1/09_14.wav"
"rayic","rope","繩索","https://ilrdc.tw/tow/2022/audio/word/1/09_15.wav"
"rinum","needle","針","https://ilrdc.tw/tow/2022/audio/word/1/09_16.wav"
"tanud","wooden pestle","木杵","https://ilrdc.tw/tow/2022/audio/word/1/09_17.wav"
"caang","twig"," 枝條","https://ilrdc.tw/tow/2022/audio/word/1/09_18.wav"
"sasiwasiw","sieve","篩子","https://ilrdc.tw/tow/2022/audio/word/1/09_19.wav"
"puut","knife","小刀","https://ilrdc.tw/tow/2022/audio/word/1/09_20.wav"
"lunan","ship","船隻","https://ilrdc.tw/tow/2022/audio/word/1/09_21.wav"
"sasayit","scissor","剪刀","https://ilrdc.tw/tow/2022/audio/word/1/09_22.wav"
"avel","charcoal","木炭","https://ilrdc.tw/tow/2022/audio/word/1/09_23.wav"
"vakic","bucket","水桶","https://ilrdc.tw/tow/2022/audio/word/1/09_24.wav"
"sapacemut","fishing rod","釣竿","https://ilrdc.tw/tow/2022/audio/word/1/09_25.wav"
"putut","bamboo tube","竹筒","https://ilrdc.tw/tow/2022/audio/word/1/09_26.wav"
"dingki","light","電燈","https://ilrdc.tw/tow/2022/audio/word/1/09_27.wav"
"satahev","lid","蓋子","https://ilrdc.tw/tow/2022/audio/word/1/09_28.wav"
"sapisikeliw","spatula","(竹製的)刮麻具","https://ilrdc.tw/tow/2022/audio/word/1/09_29.wav"
"kereng","filth","污垢","https://ilrdc.tw/tow/2022/audio/word/1/09_30.wav"
"nava","wooden mortar","木臼","https://ilrdc.tw/tow/2022/audio/word/1/09_31.wav"
"havalak","quilt","棉被","https://ilrdc.tw/tow/2022/audio/word/1/09_32.wav"
"kaysing","bowl","碗","https://ilrdc.tw/tow/2022/audio/word/1/09_33.wav"
"salil","net","網子","https://ilrdc.tw/tow/2022/audio/word/1/09_34.wav"
"siuy","rice cooker","飯鍋","https://ilrdc.tw/tow/2022/audio/word/1/09_35.wav"
"sarusarus","saw","鋸子","https://ilrdc.tw/tow/2022/audio/word/1/09_36.wav"
"tatipeluk","paper","紙張","https://ilrdc.tw/tow/2022/audio/word/1/09_37.wav"
"satakid/kupu","cup","杯子","https://ilrdc.tw/tow/2022/audio/word/1/09_38.wav"
"sapacemut","fishing tackle","釣具","https://ilrdc.tw/tow/2022/audio/word/1/09_39.wav"
"aluvu","bag","袋子","https://ilrdc.tw/tow/2022/audio/word/1/09_40.wav"
"tiyansi","turner","鍋鏟","https://ilrdc.tw/tow/2022/audio/word/1/09_41.wav"
"pulung","axe","斧頭","https://ilrdc.tw/tow/2022/audio/word/1/09_42.wav"
"saemic","tong","夾子","https://ilrdc.tw/tow/2022/audio/word/1/09_43.wav"
"kakavutian","bedding","床舖","https://ilrdc.tw/tow/2022/audio/word/1/09_44.wav"
"akaway","stalk","梗","https://ilrdc.tw/tow/2022/audio/word/1/09_45.wav"
"dadingu","mirror","鏡子","https://ilrdc.tw/tow/2022/audio/word/1/09_46.wav"
"sarepet","tool","工具","https://ilrdc.tw/tow/2022/audio/word/1/09_47.wav"
"dangah","wok","弧形(底)鍋","https://ilrdc.tw/tow/2022/audio/word/1/09_48.wav"
"avu","charcoal ash","炭灰","https://ilrdc.tw/tow/2022/audio/word/1/09_49.wav"
"tingalaway","bottle","瓶子","https://ilrdc.tw/tow/2022/audio/word/1/09_50.wav"
"kaliling","spoon","湯匙","https://ilrdc.tw/tow/2022/audio/word/1/09_51.wav"
"kariyas","dish","菜盤","https://ilrdc.tw/tow/2022/audio/word/1/09_52.wav"
"sasing","photograph","相片","https://ilrdc.tw/tow/2022/audio/word/1/09_53.wav"
"savun","soap","肥皂","https://ilrdc.tw/tow/2022/audio/word/1/09_54.wav"
"sahetec tu epah","filter net","濾酒渣網","https://ilrdc.tw/tow/2022/audio/word/1/09_55.wav"
"sakales","comb","梳子","https://ilrdc.tw/tow/2022/audio/word/1/09_56.wav"
"sasevad","sling","揹帶","https://ilrdc.tw/tow/2022/audio/word/1/09_57.wav"
"sapihpih","fan","扇子","https://ilrdc.tw/tow/2022/audio/word/1/09_58.wav"
"navi","stockpot","湯鍋","https://ilrdc.tw/tow/2022/audio/word/1/09_59.wav"
"tutu’","water ladle (for scooping water up)","水瓢(舀水用)","https://ilrdc.tw/tow/2022/audio/word/1/09_60.wav"
"pingsiyang","refrigerator","電冰箱","https://ilrdc.tw/tow/2022/audio/word/1/09_61.wav"
"tilivi","television","電視","https://ilrdc.tw/tow/2022/audio/word/1/09_62.wav"
"husu","pipe","水管","https://ilrdc.tw/tow/2022/audio/word/1/09_63.wav"
"tatangalan","pillow","枕頭","https://ilrdc.tw/tow/2022/audio/word/1/09_64.wav"
"samukun","hammer","鐵鎚","https://ilrdc.tw/tow/2022/audio/word/1/09_65.wav"
"pacek","Iron nail","鐵釘","https://ilrdc.tw/tow/2022/audio/word/1/09_66.wav"
"tingas","the thing stuck between the teeth","卡在牙縫之物","https://ilrdc.tw/tow/2022/audio/word/1/09_67.wav"
"saytu","cleaver","菜刀","https://ilrdc.tw/tow/2022/audio/word/1/09_68.wav"
"salil","fishing net","魚網","https://ilrdc.tw/tow/2022/audio/word/1/09_69.wav"
"savuric","eraser","橡皮擦","https://ilrdc.tw/tow/2022/audio/word/1/09_70.wav"
"pulul","basket","簍子","https://ilrdc.tw/tow/2022/audio/word/1/09_71.wav"
"lalan","road","道路","https://ilrdc.tw/tow/2022/audio/word/1/10_01.wav"
"kilakilangan","wooded mountain","山林","https://ilrdc.tw/tow/2022/audio/word/1/10_02.wav"
"sauwac","creek","小溪","https://ilrdc.tw/tow/2022/audio/word/1/10_03.wav"
"vali","wind","風","https://ilrdc.tw/tow/2022/audio/word/1/10_04.wav"
"vunak","sand","沙子","https://ilrdc.tw/tow/2022/audio/word/1/10_05.wav"
"sera","soil","泥土","https://ilrdc.tw/tow/2022/audio/word/1/10_06.wav"
"tarawadaw","stream","河流","https://ilrdc.tw/tow/2022/audio/word/1/10_07.wav"
"vanaw","lake","湖泊","https://ilrdc.tw/tow/2022/audio/word/1/10_08.wav"
"kilakilangan","forest","森林","https://ilrdc.tw/tow/2022/audio/word/1/10_09.wav"
"dihap","crevice","縫隙","https://ilrdc.tw/tow/2022/audio/word/1/10_10.wav"
"vuhang","cave","洞穴","https://ilrdc.tw/tow/2022/audio/word/1/10_11.wav"
"sasa nu lutuk","at the foot of the mountain","山腳下","https://ilrdc.tw/tow/2022/audio/word/1/10_12.wav"
"upu nu sera","mound","土堆","https://ilrdc.tw/tow/2022/audio/word/1/10_13.wav"
"vuhang nu kapera","cavern","岩洞","https://ilrdc.tw/tow/2022/audio/word/1/10_14.wav"
"rengurengusan","grassland","草原","https://ilrdc.tw/tow/2022/audio/word/1/10_15.wav"
"unciyen","hot spring","溫泉","https://ilrdc.tw/tow/2022/audio/word/1/10_16.wav"
"masatepaday a lutuk","canyon","峽谷","https://ilrdc.tw/tow/2022/audio/word/1/10_17.wav"
"vuhang nu lutuk","cave","山洞","https://ilrdc.tw/tow/2022/audio/word/1/10_18.wav"
"ungcung","rock","岩石","https://ilrdc.tw/tow/2022/audio/word/1/10_19.wav"
"cascas","cascade","瀑布","https://ilrdc.tw/tow/2022/audio/word/1/10_20.wav"
"masacacayay a lutuk","independent hill","獨立的小山頭","https://ilrdc.tw/tow/2022/audio/word/1/10_21.wav"
"tepatepadan a lutuk","lofty mountains and steep hills","崇山峻嶺","https://ilrdc.tw/tow/2022/audio/word/1/10_22.wav"
"maurad","rainy","下雨","https://ilrdc.tw/tow/2022/audio/word/1/11_01.wav"
"cidal","sun","太陽","https://ilrdc.tw/tow/2022/audio/word/1/11_02.wav"
"vulad","moon","月亮","https://ilrdc.tw/tow/2022/audio/word/1/11_03.wav"
"kakarayan","sky","天空","https://ilrdc.tw/tow/2022/audio/word/1/11_04.wav"
"vuis","star","星星","https://ilrdc.tw/tow/2022/audio/word/1/11_05.wav"
"urad","rain","雨","https://ilrdc.tw/tow/2022/audio/word/1/11_06.wav"
"suleda","snow","雪","https://ilrdc.tw/tow/2022/audio/word/1/11_07.wav"
"kasienawan","winter","冬天","https://ilrdc.tw/tow/2022/audio/word/1/11_08.wav"
"kalaludan","summer","夏天","https://ilrdc.tw/tow/2022/audio/word/1/11_09.wav"
"vetili’","thunder","雷","https://ilrdc.tw/tow/2022/audio/word/1/11_10.wav"
"lalesing","dew","露水","https://ilrdc.tw/tow/2022/audio/word/1/11_11.wav"
"calamay","cloud","彩雲","https://ilrdc.tw/tow/2022/audio/word/1/11_12.wav"
"acuvel","smoke","煙","https://ilrdc.tw/tow/2022/audio/word/1/11_13.wav"
"kalapiyat","lightning","閃電","https://ilrdc.tw/tow/2022/audio/word/1/11_14.wav"
"tukus","dry land","旱田","https://ilrdc.tw/tow/2022/audio/word/1/11_15.wav"
"makahem","cloudy day","陰天","https://ilrdc.tw/tow/2022/audio/word/1/11_16.wav"
"lamal","fire","火","https://ilrdc.tw/tow/2022/audio/word/1/11_17.wav"
"kuli","ice","冰","https://ilrdc.tw/tow/2022/audio/word/1/11_18.wav"
" lilen","earthquake","地震","https://ilrdc.tw/tow/2022/audio/word/1/11_19.wav"
"adingu","shadow","影子","https://ilrdc.tw/tow/2022/audio/word/1/11_20.wav"
"valiyus","typhoon","颱風","https://ilrdc.tw/tow/2022/audio/word/1/11_21.wav"
"suleda","frost","霜","https://ilrdc.tw/tow/2022/audio/word/1/11_22.wav"
"tera’ nu urad","drip","水滴","https://ilrdc.tw/tow/2022/audio/word/1/11_23.wav"
"mavalad","flood","水患","https://ilrdc.tw/tow/2022/audio/word/1/11_24.wav"
"kacanglahan","spring","春天","https://ilrdc.tw/tow/2022/audio/word/1/11_25.wav"
"dadisapan","seaside","海邊","https://ilrdc.tw/tow/2022/audio/word/1/11_26.wav"
"kasariwsiwan","autumn","秋天","https://ilrdc.tw/tow/2022/audio/word/1/11_27.wav"
"talakal ni Adek","rainbow","彩虹","https://ilrdc.tw/tow/2022/audio/word/1/11_28.wav"
"kacereman nu cidal","sunset","日落","https://ilrdc.tw/tow/2022/audio/word/1/11_29.wav"
"tuemanan","dusk","天黑","https://ilrdc.tw/tow/2022/audio/word/1/11_30.wav"
"masalaw ku urad","stop raining","雨停","https://ilrdc.tw/tow/2022/audio/word/1/11_31.wav"
"valiyusan","typhoon.","刮颱風","https://ilrdc.tw/tow/2022/audio/word/1/11_32.wav"
"sananar","sunrise","日出","https://ilrdc.tw/tow/2022/audio/word/1/11_33.wav"
"luma’","home","家","https://ilrdc.tw/tow/2022/audio/word/1/12_01.wav"
"sasingaran","window","窗戶","https://ilrdc.tw/tow/2022/audio/word/1/12_02.wav"
"panan ","door","門","https://ilrdc.tw/tow/2022/audio/word/1/12_03.wav"
"cacudadan","school","學校","https://ilrdc.tw/tow/2022/audio/word/1/12_04.wav"
"vekeluh","stone","石頭","https://ilrdc.tw/tow/2022/audio/word/1/12_05.wav"
"vadahung","roof","屋頂","https://ilrdc.tw/tow/2022/audio/word/1/12_06.wav"
"kayakay","bridge","橋樑","https://ilrdc.tw/tow/2022/audio/word/1/12_07.wav"
"taluan","shack","工寮","https://ilrdc.tw/tow/2022/audio/word/1/12_08.wav"
"tatayi’an","toilet","廁所","https://ilrdc.tw/tow/2022/audio/word/1/12_09.wav"
"salili","pillar","柱子","https://ilrdc.tw/tow/2022/audio/word/1/12_10.wav"
"niupuan a vekeluh","rock pile","石堆","https://ilrdc.tw/tow/2022/audio/word/1/12_11.wav"
"paruvuan","chicken coop","雞寮","https://ilrdc.tw/tow/2022/audio/word/1/12_12.wav"
"cacakatan","stair","樓梯","https://ilrdc.tw/tow/2022/audio/word/1/12_13.wav"
"putal","courtyard","庭院","https://ilrdc.tw/tow/2022/audio/word/1/12_14.wav"
"caveng","wall","牆壁","https://ilrdc.tw/tow/2022/audio/word/1/12_15.wav"
"alili","barn","穀倉","https://ilrdc.tw/tow/2022/audio/word/1/12_16.wav"
"mivadahung","roofing","蓋屋頂","https://ilrdc.tw/tow/2022/audio/word/1/12_17.wav"
"mirangat","building a fence","搭建圍籬","https://ilrdc.tw/tow/2022/audio/word/1/12_18.wav"
"lalikulay a putal","backyard","後院","https://ilrdc.tw/tow/2022/audio/word/1/12_19.wav"
"anucila a mihcaan","next year","明年","https://ilrdc.tw/tow/2022/audio/word/1/13_01.wav"
"lavii","evening","晚上","https://ilrdc.tw/tow/2022/audio/word/1/13_02.wav"
"nacila","yesterday","昨天","https://ilrdc.tw/tow/2022/audio/word/1/13_03.wav"
"anucila","tomorrow","明天","https://ilrdc.tw/tow/2022/audio/word/1/13_04.wav"
"anini","today","今天","https://ilrdc.tw/tow/2022/audio/word/1/13_05.wav"
"davak","morning","早上","https://ilrdc.tw/tow/2022/audio/word/1/13_06.wav"
"remiad","daytime","白天","https://ilrdc.tw/tow/2022/audio/word/1/13_07.wav"
"nacila a cacay","day before yesterday","前天","https://ilrdc.tw/tow/2022/audio/word/1/13_08.wav"
" kaniharan","early morning","清晨","https://ilrdc.tw/tow/2022/audio/word/1/13_09.wav"
"tueman ","darkness","黑暗","https://ilrdc.tw/tow/2022/audio/word/1/13_10.wav"
"sangsangdev","toward evening","傍晚","https://ilrdc.tw/tow/2022/audio/word/1/13_11.wav"
"turin","continue","接續","https://ilrdc.tw/tow/2022/audio/word/1/13_12.wav"
"terung nu lavi’i","midnight","半夜","https://ilrdc.tw/tow/2022/audio/word/1/13_13.wav"
"itiya ","at that time","當時","https://ilrdc.tw/tow/2022/audio/word/1/13_14.wav"
"nacilacila a cacay","three days ago","大前天","https://ilrdc.tw/tow/2022/audio/word/1/13_15.wav"
"sawnitu","in a minute","待會兒","https://ilrdc.tw/tow/2022/audio/word/1/13_16.wav"
"anucila nu cila","three days later","大後天","https://ilrdc.tw/tow/2022/audio/word/1/13_17.wav"
"likat","gleam","亮光","https://ilrdc.tw/tow/2022/audio/word/1/13_18.wav"
"anucila a cacay","the day after tomorrow","後天","https://ilrdc.tw/tow/2022/audio/word/1/13_19.wav"
"davak","morning","上午","https://ilrdc.tw/tow/2022/audio/word/1/13_20.wav"
"anuayaw","future","未來","https://ilrdc.tw/tow/2022/audio/word/1/13_21.wav"
"lavi’i","night","夜","https://ilrdc.tw/tow/2022/audio/word/1/13_22.wav"
"masawawaay hen","at an early age","年輕時","https://ilrdc.tw/tow/2022/audio/word/1/13_23.wav"
"vesiwsa","in a short while","一下子","https://ilrdc.tw/tow/2022/audio/word/1/13_24.wav"
"herek nu lahuk ","afternoon"," 下午","https://ilrdc.tw/tow/2022/audio/word/1/13_25.wav"
"tuki","o’clock","(幾)點鐘","https://ilrdc.tw/tow/2022/audio/word/1/13_26.wav"
"pilipayan","sunday","星期日","https://ilrdc.tw/tow/2022/audio/word/1/13_27.wav"
"mihca","year","年","https://ilrdc.tw/tow/2022/audio/word/1/13_28.wav"
"saremiremiad","everyday","天天","https://ilrdc.tw/tow/2022/audio/word/1/13_29.wav"
"anini","now"," 現在","https://ilrdc.tw/tow/2022/audio/word/1/13_30.wav"
"kasuvucan","birthday","生日","https://ilrdc.tw/tow/2022/audio/word/1/13_31.wav"
"lalavu","inside","裡面","https://ilrdc.tw/tow/2022/audio/word/1/14_01.wav"
"icuwaay","somewhere","在某處","https://ilrdc.tw/tow/2022/audio/word/1/14_02.wav"
"kudul","above","上面","https://ilrdc.tw/tow/2022/audio/word/1/14_03.wav"
"aayaw","front","前面","https://ilrdc.tw/tow/2022/audio/word/1/14_04.wav"
"sasa ","below","下面","https://ilrdc.tw/tow/2022/audio/word/1/14_05.wav"
"terung","middle","中間","https://ilrdc.tw/tow/2022/audio/word/1/14_06.wav"
"hekal ","outside","外面","https://ilrdc.tw/tow/2022/audio/word/1/14_07.wav"
" tapi’ingan","side","旁邊","https://ilrdc.tw/tow/2022/audio/word/1/14_08.wav"
"tungruh ","top","頂","https://ilrdc.tw/tow/2022/audio/word/1/14_09.wav"
"kawanan","the right side","右邊","https://ilrdc.tw/tow/2022/audio/word/1/14_10.wav"
"kawiliyan","the left side","左邊","https://ilrdc.tw/tow/2022/audio/word/1/14_11.wav"
"karimucu’","nook","角落","https://ilrdc.tw/tow/2022/audio/word/1/14_12.wav"
"i sasa nu maamaan ","beneath something","  某物之下","https://ilrdc.tw/tow/2022/audio/word/1/14_13.wav"
"taeliv","pass","經過","https://ilrdc.tw/tow/2022/audio/word/1/14_14.wav"
"namaka  ..... tangsa......","(from somewhere) to somewhere","(從某處)到某處","https://ilrdc.tw/tow/2022/audio/word/1/14_15.wav"
"namakacuwa","from somewhere","從某處","https://ilrdc.tw/tow/2022/audio/word/1/14_16.wav"
"mirisris ","hoeing","鋤草","https://ilrdc.tw/tow/2022/audio/word/1/15_01.wav"
"mitavi","plowing","犁田","https://ilrdc.tw/tow/2022/audio/word/1/15_02.wav"
"vulsak","sowing","撒播","https://ilrdc.tw/tow/2022/audio/word/1/15_03.wav"
"pasapal","seedling (action)","種苗(動作)","https://ilrdc.tw/tow/2022/audio/word/1/15_04.wav"
"vadidiw","grain drying box","穀物乾燥簍","https://ilrdc.tw/tow/2022/audio/word/1/15_05.wav"
"tavi","rake","犁","https://ilrdc.tw/tow/2022/audio/word/1/15_06.wav"
"kakawit","scythe","鐮刀","https://ilrdc.tw/tow/2022/audio/word/1/15_07.wav"
"tatak","backhoe","鋤頭","https://ilrdc.tw/tow/2022/audio/word/1/15_08.wav"
"alili","warehouse","倉庫","https://ilrdc.tw/tow/2022/audio/word/1/15_09.wav"
"mitadas","Open up","開墾","https://ilrdc.tw/tow/2022/audio/word/1/15_10.wav"
"damek","manure","肥料","https://ilrdc.tw/tow/2022/audio/word/1/15_11.wav"
"sasiwasiw","grain sifters","篩穀器具","https://ilrdc.tw/tow/2022/audio/word/1/15_12.wav"
"miruhem","accelerate the ripening (of fruit)","催熟(果實)","https://ilrdc.tw/tow/2022/audio/word/1/15_13.wav"
"rarami","straw","稻草","https://ilrdc.tw/tow/2022/audio/word/1/15_14.wav"
"vucul","bow","弓","https://ilrdc.tw/tow/2022/audio/word/1/16_01.wav"
"tukar","spear","矛","https://ilrdc.tw/tow/2022/audio/word/1/16_02.wav"
"pana’","arrow","箭","https://ilrdc.tw/tow/2022/audio/word/1/16_03.wav"
"saparirik","bait","餌","https://ilrdc.tw/tow/2022/audio/word/1/16_04.wav"
"kuwang","gun","槍","https://ilrdc.tw/tow/2022/audio/word/1/16_05.wav"
"sapiadup a hawan","hunting knife","獵刀","https://ilrdc.tw/tow/2022/audio/word/1/16_06.wav"
"paecipan","straight hunting knife","直形獵刀","https://ilrdc.tw/tow/2022/audio/word/1/16_07.wav"
"tama’","prey (collectively)","獵獲物(統稱)","https://ilrdc.tw/tow/2022/audio/word/1/16_08.wav"
"taerev","stone trap","石壓式陷阱","https://ilrdc.tw/tow/2022/audio/word/1/16_09.wav"
"teker","noose trap","套頸式繩索陷阱","https://ilrdc.tw/tow/2022/audio/word/1/16_10.wav"
"kanas","basket","籃子","https://ilrdc.tw/tow/2022/audio/word/1/16_11.wav"
"erid","bird trap","捕鳥陷阱","https://ilrdc.tw/tow/2022/audio/word/1/16_12.wav"
"paysin","taboo","禁忌","https://ilrdc.tw/tow/2022/audio/word/1/17_01.wav"
"ngitih","dream","夢","https://ilrdc.tw/tow/2022/audio/word/1/17_02.wav"
"miwahelit","witchcraft","巫術","https://ilrdc.tw/tow/2022/audio/word/1/17_03.wav"
"kiyukay","church","教會","https://ilrdc.tw/tow/2022/audio/word/1/17_04.wav"
"talatuas","pas-vake","祖靈祭","https://ilrdc.tw/tow/2022/audio/word/1/17_05.wav"
"palangaw","misalisin","播種祭","https://ilrdc.tw/tow/2022/audio/word/1/17_06.wav"
"kawas","ghost","鬼魂","https://ilrdc.tw/tow/2022/audio/word/1/17_07.wav"
"saedaw","witchcarft appliance (witch doctor use it for treatment)","法器(巫醫治病用)","https://ilrdc.tw/tow/2022/audio/word/1/17_08.wav"
"tuper","hat","帽子","https://ilrdc.tw/tow/2022/audio/word/1/18_01.wav"
"vuduy","dress","衣服","https://ilrdc.tw/tow/2022/audio/word/1/18_02.wav"
"mitenun","weave","編織","https://ilrdc.tw/tow/2022/audio/word/1/18_03.wav"
"pay’ayaw","belly band","肚兜","https://ilrdc.tw/tow/2022/audio/word/1/18_04.wav"
"puruk","men’s earring","男用耳環","https://ilrdc.tw/tow/2022/audio/word/1/18_05.wav"
"sawil","women’s earring","女用耳環","https://ilrdc.tw/tow/2022/audio/word/1/18_06.wav"
"calaped","pants","男性褲子","https://ilrdc.tw/tow/2022/audio/word/1/18_07.wav"
"marepi’","torn","破掉","https://ilrdc.tw/tow/2022/audio/word/1/18_08.wav"
"cuung","headdress","頭飾","https://ilrdc.tw/tow/2022/audio/word/1/18_09.wav"
"tivtiv","netting needle","編網針","https://ilrdc.tw/tow/2022/audio/word/1/18_10.wav"
"satamec","belt","腰帶","https://ilrdc.tw/tow/2022/audio/word/1/18_11.wav"
"keliw ","ramie","苧麻","https://ilrdc.tw/tow/2022/audio/word/1/18_12.wav"
"micengel","stain","染色","https://ilrdc.tw/tow/2022/audio/word/1/18_13.wav"
"i hekalay a nitenun","floating fabric","浮織","https://ilrdc.tw/tow/2022/audio/word/1/18_14.wav"
"munpi’ ","women’s long pant","女性長褲","https://ilrdc.tw/tow/2022/audio/word/1/18_15.wav"
"keliw","boehmeria thread","苧麻線","https://ilrdc.tw/tow/2022/audio/word/1/18_16.wav"
"kidudung","cloth","布匹","https://ilrdc.tw/tow/2022/audio/word/1/18_17.wav"
"savuut","makeup and accessories","妝扮飾物","https://ilrdc.tw/tow/2022/audio/word/1/18_18.wav"
"pakitupen","traditional blouse","傳統女上衣","https://ilrdc.tw/tow/2022/audio/word/1/18_19.wav"
"talip","traditional skirt","傳統女裙","https://ilrdc.tw/tow/2022/audio/word/1/18_20.wav"
"cukap","shoe","鞋子","https://ilrdc.tw/tow/2022/audio/word/1/18_21.wav"
"sasevad","baby carrier","揹小孩的背帶","https://ilrdc.tw/tow/2022/audio/word/1/18_22.wav"
"savuut","yarn","毛線","https://ilrdc.tw/tow/2022/audio/word/1/18_23.wav"
"talip","skirt","裙子","https://ilrdc.tw/tow/2022/audio/word/1/18_24.wav"
"liim","codpiece","男用遮陰布","https://ilrdc.tw/tow/2022/audio/word/1/18_25.wav"
"karawad","men’s mesh bag","男用背負網袋","https://ilrdc.tw/tow/2022/audio/word/1/18_26.wav"
"pay’ayaw","breastplate","擋胸巾","https://ilrdc.tw/tow/2022/audio/word/1/18_27.wav"
"ledung","sleeve","袖子","https://ilrdc.tw/tow/2022/audio/word/1/18_28.wav"
"vuduy","jacket","上衣","https://ilrdc.tw/tow/2022/audio/word/1/18_29.wav"
"sakitangal","headband (for women’s backpack)","頭帶(女用背籃用)","https://ilrdc.tw/tow/2022/audio/word/1/18_30.wav"
"sapitenun a keliw","vegetarian linen thread for weaving","織布用的素麻線","https://ilrdc.tw/tow/2022/audio/word/1/18_31.wav"
"misakeliw","scrape ramie","刮苧麻","https://ilrdc.tw/tow/2022/audio/word/1/18_32.wav"
"varuru","bamboom back basket","女用揹籃","https://ilrdc.tw/tow/2022/audio/word/1/19_01.wav"
"satapes","round bamboo basket","圓形竹篩","https://ilrdc.tw/tow/2022/audio/word/1/19_02.wav"
"vasu","bus","公車","https://ilrdc.tw/tow/2022/audio/word/1/20_01.wav"
"vatikar","bicycle","腳踏車","https://ilrdc.tw/tow/2022/audio/word/1/20_02.wav"
"pangiruan","station","車站","https://ilrdc.tw/tow/2022/audio/word/1/20_03.wav"
"muli ","tire","輪胎","https://ilrdc.tw/tow/2022/audio/word/1/20_04.wav"
"lunan","ship","船","https://ilrdc.tw/tow/2022/audio/word/1/20_05.wav"
"karireng","car","車子","https://ilrdc.tw/tow/2022/audio/word/1/20_06.wav"
"silamalay","train","火車","https://ilrdc.tw/tow/2022/audio/word/1/20_07.wav"
"hemay","rice","飯","https://ilrdc.tw/tow/2022/audio/word/1/21_01.wav"
"nanum","water","水","https://ilrdc.tw/tow/2022/audio/word/1/21_02.wav"
"velac","rice","白米","https://ilrdc.tw/tow/2022/audio/word/1/21_03.wav"
"sinavel","dish","菜餚","https://ilrdc.tw/tow/2022/audio/word/1/21_04.wav"
"dateng","green vegetable","青菜","https://ilrdc.tw/tow/2022/audio/word/1/21_05.wav"
"epah","wine","酒","https://ilrdc.tw/tow/2022/audio/word/1/21_06.wav"
"cilah","salt","鹽","https://ilrdc.tw/tow/2022/audio/word/1/21_07.wav"
"waneng nu udal","honey","蜜","https://ilrdc.tw/tow/2022/audio/word/1/21_08.wav"
"litaul","egg","蛋","https://ilrdc.tw/tow/2022/audio/word/1/21_09.wav"
"simal","oil","油","https://ilrdc.tw/tow/2022/audio/word/1/21_10.wav"
"sanek","taste","味道","https://ilrdc.tw/tow/2022/audio/word/1/21_11.wav"
"kavi","soup","湯","https://ilrdc.tw/tow/2022/audio/word/1/21_12.wav"
"rara’","beans","豆類","https://ilrdc.tw/tow/2022/audio/word/1/21_13.wav"
"saytaw","daikon","白蘿蔔","https://ilrdc.tw/tow/2022/audio/word/1/21_14.wav"
"savak","grain","穀粒","https://ilrdc.tw/tow/2022/audio/word/1/21_15.wav"
"panay","glutinous rice","糯米","https://ilrdc.tw/tow/2022/audio/word/1/21_16.wav"
"aam","porridge","粥","https://ilrdc.tw/tow/2022/audio/word/1/21_17.wav"
"havay","millet","小米","https://ilrdc.tw/tow/2022/audio/word/1/21_18.wav"
"waneng","sugar","糖","https://ilrdc.tw/tow/2022/audio/word/1/21_19.wav"
"vasis","pork","豬肉","https://ilrdc.tw/tow/2022/audio/word/1/21_20.wav"
"walay","noodle","麵","https://ilrdc.tw/tow/2022/audio/word/1/21_21.wav"
"tawyiw","soy sauce","醬油","https://ilrdc.tw/tow/2022/audio/word/1/21_22.wav"
"tipus","indica rice","在來米","https://ilrdc.tw/tow/2022/audio/word/1/21_23.wav"
"avih","rice bran","米糠","https://ilrdc.tw/tow/2022/audio/word/1/21_24.wav"
"minhun","flour","麵粉","https://ilrdc.tw/tow/2022/audio/word/1/21_25.wav"
"vuhecalay","white","白色的","https://ilrdc.tw/tow/2022/audio/word/1/22_01.wav"
"muhetingay","black","黑色的","https://ilrdc.tw/tow/2022/audio/word/1/22_02.wav"
"lahengangay","red","紅色的","https://ilrdc.tw/tow/2022/audio/word/1/22_03.wav"
"kiyukiyuwan","purple","紫色的","https://ilrdc.tw/tow/2022/audio/word/1/22_04.wav"
"kulawlaway","yellow","黃色的","https://ilrdc.tw/tow/2022/audio/word/1/22_05.wav"
"makurahay","brown","咖啡色的","https://ilrdc.tw/tow/2022/audio/word/1/22_06.wav"
"avuvuwan","grey","灰色的","https://ilrdc.tw/tow/2022/audio/word/1/22_07.wav"
"langdaway","green","綠色的","https://ilrdc.tw/tow/2022/audio/word/1/22_08.wav"
" kulit","color","顏色","https://ilrdc.tw/tow/2022/audio/word/1/22_09.wav"
"livavuy","dog bark","狗吠聲","https://ilrdc.tw/tow/2022/audio/word/1/23_01.wav"
"radiw","song","歌","https://ilrdc.tw/tow/2022/audio/word/1/23_02.wav"
"nikatengilan","it is said...","聽說","https://ilrdc.tw/tow/2022/audio/word/1/24_01.wav"
"sacacay saan","alone","獨自一人","https://ilrdc.tw/tow/2022/audio/word/1/24_02.wav"
"malecad","identical","相同","https://ilrdc.tw/tow/2022/audio/word/1/24_03.wav"
"niyaru’","tribe","部落","https://ilrdc.tw/tow/2022/audio/word/1/24_04.wav"
"remiad","day","日子","https://ilrdc.tw/tow/2022/audio/word/1/24_05.wav"
"hay","yes","是的","https://ilrdc.tw/tow/2022/audio/word/1/24_06.wav"
"suwal","language","語言","https://ilrdc.tw/tow/2022/audio/word/1/24_07.wav"
"kilemel","strength","力量","https://ilrdc.tw/tow/2022/audio/word/1/24_08.wav"
"pamutukan ","target","目標","https://ilrdc.tw/tow/2022/audio/word/1/24_09.wav"
"serangawan ","culture","文化","https://ilrdc.tw/tow/2022/audio/word/1/24_10.wav"
"tadamaanay","meaning","重要的","https://ilrdc.tw/tow/2022/audio/word/1/24_11.wav"
"mararamud","get married","結婚","https://ilrdc.tw/tow/2022/audio/word/1/24_12.wav"
"masamaamaanay","various","各色各樣","https://ilrdc.tw/tow/2022/audio/word/1/24_13.wav"
"aca","price","價格","https://ilrdc.tw/tow/2022/audio/word/1/24_14.wav"
"sasamaanan","purpose","用途","https://ilrdc.tw/tow/2022/audio/word/1/24_15.wav"
"raramud","marriage","婚姻","https://ilrdc.tw/tow/2022/audio/word/1/24_16.wav"
"mautang","late","遲到","https://ilrdc.tw/tow/2022/audio/word/1/24_17.wav"
"edeven","close","關上","https://ilrdc.tw/tow/2022/audio/word/1/25_01.wav"
"pacakay","sell","賣","https://ilrdc.tw/tow/2022/audio/word/1/25_02.wav"
"tayra","go","去","https://ilrdc.tw/tow/2022/audio/word/1/25_03.wav"
"vuhat","open","打開","https://ilrdc.tw/tow/2022/audio/word/1/25_04.wav"
"katayni","come here","(叫人)過來","https://ilrdc.tw/tow/2022/audio/word/1/25_05.wav"
"micakay","buy","買","https://ilrdc.tw/tow/2022/audio/word/1/25_06.wav"
"paveli","give","給","https://ilrdc.tw/tow/2022/audio/word/1/25_07.wav"
"tayni","come","來","https://ilrdc.tw/tow/2022/audio/word/1/25_08.wav"
"caliw","lend","借","https://ilrdc.tw/tow/2022/audio/word/1/25_09.wav"
"remakat","walk","走路","https://ilrdc.tw/tow/2022/audio/word/1/25_10.wav"
"liyas","go (away)","走(離開)","https://ilrdc.tw/tow/2022/audio/word/1/25_11.wav"
"vaher","fly","飛","https://ilrdc.tw/tow/2022/audio/word/1/25_12.wav"
"vekac","run (imperatives)","跑 (祈使)","https://ilrdc.tw/tow/2022/audio/word/1/25_13.wav"
"tangasa","arrival","抵達","https://ilrdc.tw/tow/2022/audio/word/1/25_14.wav"
"padungus","see a visitor out","送(客人)","https://ilrdc.tw/tow/2022/audio/word/1/25_15.wav"
"laliw","flee","逃跑","https://ilrdc.tw/tow/2022/audio/word/1/25_16.wav"
"micumud","enter","進入","https://ilrdc.tw/tow/2022/audio/word/1/25_17.wav"
"velin","overturn","翻倒","https://ilrdc.tw/tow/2022/audio/word/1/25_18.wav"
"kerid","bring","帶","https://ilrdc.tw/tow/2022/audio/word/1/25_19.wav"
"vahvah","get rid of...","趕走","https://ilrdc.tw/tow/2022/audio/word/1/25_20.wav"
"nukas","turn back","折返","https://ilrdc.tw/tow/2022/audio/word/1/25_21.wav"
"lemahad","growth","(植物)生長","https://ilrdc.tw/tow/2022/audio/word/1/25_22.wav"
"pacayi’","get out of the way","讓開","https://ilrdc.tw/tow/2022/audio/word/1/25_23.wav"
"pasinuvu","present","贈送(禮物)","https://ilrdc.tw/tow/2022/audio/word/1/25_24.wav"
"midungdung tu lilis nu lutuk","along the mountains","沿著山巒","https://ilrdc.tw/tow/2022/audio/word/1/25_25.wav"
"terak","drop","(植物的果實)掉落","https://ilrdc.tw/tow/2022/audio/word/1/25_26.wav"
"sacakat","uphill","(往)上坡","https://ilrdc.tw/tow/2022/audio/word/1/25_27.wav"
"litemuh","call for","接(人)","https://ilrdc.tw/tow/2022/audio/word/1/25_28.wav"
"lakec","crossing the stream","越溪而過","https://ilrdc.tw/tow/2022/audio/word/1/25_29.wav"
"ahen","ask","向人家要(東西)","https://ilrdc.tw/tow/2022/audio/word/1/25_30.wav"
"seni’","pour","倒(水)","https://ilrdc.tw/tow/2022/audio/word/1/25_31.wav"
"pasaira","go","走(向某個方向)","https://ilrdc.tw/tow/2022/audio/word/1/25_32.wav"
"kucakuc","climb","(藤類植物)攀爬","https://ilrdc.tw/tow/2022/audio/word/1/25_33.wav"
"misarakarakat","take a stroll","逛一逛","https://ilrdc.tw/tow/2022/audio/word/1/25_34.wav"
"kuku","chase after","追","https://ilrdc.tw/tow/2022/audio/word/1/25_35.wav"
"takup","catch up","趕上","https://ilrdc.tw/tow/2022/audio/word/1/25_36.wav"
"selic","slip off","滑掉","https://ilrdc.tw/tow/2022/audio/word/1/25_37.wav"
"malaliyas","separate","分開","https://ilrdc.tw/tow/2022/audio/word/1/25_38.wav"
"kerid","carry (e.g. with umbrella)","攜帶(如帶傘)","https://ilrdc.tw/tow/2022/audio/word/1/25_39.wav"
"caluk","put on (e.g. cloth)","穿(如穿衣服)","https://ilrdc.tw/tow/2022/audio/word/1/25_40.wav"
"situper","wear (e.g. hat)"," 戴(如戴帽子)","https://ilrdc.tw/tow/2022/audio/word/1/25_41.wav"
"sadak","appear","出現","https://ilrdc.tw/tow/2022/audio/word/1/25_42.wav"
"maru’","sitting","坐著","https://ilrdc.tw/tow/2022/audio/word/1/25_43.wav"
"temireng","standing","站著","https://ilrdc.tw/tow/2022/audio/word/1/25_44.wav"
"edev","shut (e.g. door,window)"," 關(門；窗)","https://ilrdc.tw/tow/2022/audio/word/1/25_45.wav"
"a tayni","coming","要來","https://ilrdc.tw/tow/2022/audio/word/1/25_46.wav"
"natayni tu","have been here before","來過","https://ilrdc.tw/tow/2022/audio/word/1/25_47.wav"
"yaratu","gone","去了","https://ilrdc.tw/tow/2022/audio/word/1/25_48.wav"
"navuy","crawl","爬行","https://ilrdc.tw/tow/2022/audio/word/1/25_49.wav"
"melawen","look like..."," 看起來","https://ilrdc.tw/tow/2022/audio/word/1/25_50.wav"
"milisu’","visit","拜訪","https://ilrdc.tw/tow/2022/audio/word/1/25_51.wav"
"tahekal","go out"," 出去","https://ilrdc.tw/tow/2022/audio/word/1/25_52.wav"
"mitakud","jump","跳躍","https://ilrdc.tw/tow/2022/audio/word/1/26_01.wav"
"misakeru","dance","跳舞","https://ilrdc.tw/tow/2022/audio/word/1/26_02.wav"
"maru’","sit down","坐下","https://ilrdc.tw/tow/2022/audio/word/1/26_03.wav"
"remuhu","bend over","彎腰","https://ilrdc.tw/tow/2022/audio/word/1/26_04.wav"
"pacait","hang","掛","https://ilrdc.tw/tow/2022/audio/word/1/26_05.wav"
"mimali","play (e.g. ball)","打球","https://ilrdc.tw/tow/2022/audio/word/1/26_06.wav"
"ala","pick up","拿取","https://ilrdc.tw/tow/2022/audio/word/1/26_07.wav"
"taes","punch (e.g. people)","打(人)","https://ilrdc.tw/tow/2022/audio/word/1/26_08.wav"
"ceka","sting","刺","https://ilrdc.tw/tow/2022/audio/word/1/26_09.wav"
"surahid","shoot","射擊","https://ilrdc.tw/tow/2022/audio/word/1/26_10.wav"
"tulu’","stumble","跌倒","https://ilrdc.tw/tow/2022/audio/word/1/26_11.wav"
"parukud","kick","踢","https://ilrdc.tw/tow/2022/audio/word/1/26_12.wav"
"cekeruh","push","推","https://ilrdc.tw/tow/2022/audio/word/1/26_13.wav"
"letek","felled","砍伐","https://ilrdc.tw/tow/2022/audio/word/1/26_14.wav"
"nguhanguh","shake","搖動","https://ilrdc.tw/tow/2022/audio/word/1/26_15.wav"
"petek ","break","折斷","https://ilrdc.tw/tow/2022/audio/word/1/26_16.wav"
"mirmir","tremble","發抖","https://ilrdc.tw/tow/2022/audio/word/1/26_17.wav"
"kuskus","scratch itching","抓癢","https://ilrdc.tw/tow/2022/audio/word/1/26_18.wav"
"dakaw","climb","爬上(去)","https://ilrdc.tw/tow/2022/audio/word/1/26_19.wav"
"taelingang","lie down","仰躺","https://ilrdc.tw/tow/2022/audio/word/1/26_20.wav"
"vava","carry (somebody)","揹(人)","https://ilrdc.tw/tow/2022/audio/word/1/26_21.wav"
"pekpek","smash to pieces","敲碎","https://ilrdc.tw/tow/2022/audio/word/1/26_22.wav"
"urung","carry on one’s shoulder","扛","https://ilrdc.tw/tow/2022/audio/word/1/26_23.wav"
"wadwad","flip","翻動","https://ilrdc.tw/tow/2022/audio/word/1/26_24.wav"
"kurukuru","roll down","滾落","https://ilrdc.tw/tow/2022/audio/word/1/26_25.wav"
"mavatelu","bump into","撞到","https://ilrdc.tw/tow/2022/audio/word/1/26_26.wav"
"avuvu ","hold","抱著","https://ilrdc.tw/tow/2022/audio/word/1/26_27.wav"
"iyup","blow","吹","https://ilrdc.tw/tow/2022/audio/word/1/26_28.wav"
"kali","dig","挖掘","https://ilrdc.tw/tow/2022/audio/word/1/26_29.wav"
"cikcik","cut","切","https://ilrdc.tw/tow/2022/audio/word/1/26_30.wav"
"danguy","swim","游泳","https://ilrdc.tw/tow/2022/audio/word/1/26_31.wav"
"simeden","hide","藏起來","https://ilrdc.tw/tow/2022/audio/word/1/26_32.wav"
"lepel","catch","抓(如抓到動物)","https://ilrdc.tw/tow/2022/audio/word/1/26_33.wav"
"letek","chop","砍","https://ilrdc.tw/tow/2022/audio/word/1/26_34.wav"
"vava","carry (something)","揹負(物品)","https://ilrdc.tw/tow/2022/audio/word/1/26_35.wav"
"sisi","divide","分(東西)","https://ilrdc.tw/tow/2022/audio/word/1/26_36.wav"
"tukad","cut open","剖切","https://ilrdc.tw/tow/2022/audio/word/1/26_37.wav"
"luec","tie it up","綁住","https://ilrdc.tw/tow/2022/audio/word/1/26_38.wav"
"tengteng","pull","拉","https://ilrdc.tw/tow/2022/audio/word/1/26_39.wav"
"pela’","split","劈(木材)","https://ilrdc.tw/tow/2022/audio/word/1/26_40.wav"
"pitek","rip","扯斷","https://ilrdc.tw/tow/2022/audio/word/1/26_41.wav"
"awit","draw (a bow)","提著","https://ilrdc.tw/tow/2022/audio/word/1/26_42.wav"
"rapet","hold it","握著","https://ilrdc.tw/tow/2022/audio/word/1/26_43.wav"
"valud","bundle","捆綁","https://ilrdc.tw/tow/2022/audio/word/1/26_44.wav"
"penec","hold down","按住","https://ilrdc.tw/tow/2022/audio/word/1/26_45.wav"
"vutvut","pull out","拔除","https://ilrdc.tw/tow/2022/audio/word/1/26_46.wav"
"pili’","select","挑選","https://ilrdc.tw/tow/2022/audio/word/1/26_47.wav"
"waswas","spill","散撒","https://ilrdc.tw/tow/2022/audio/word/1/26_48.wav"
"turecek","peck","啄","https://ilrdc.tw/tow/2022/audio/word/1/26_49.wav"
"hecek","plug","插","https://ilrdc.tw/tow/2022/audio/word/1/26_50.wav"
"upu","pile up","堆積","https://ilrdc.tw/tow/2022/audio/word/1/26_51.wav"
"culu’","move","搬運","https://ilrdc.tw/tow/2022/audio/word/1/26_52.wav"
"vanut","pluck","拔出","https://ilrdc.tw/tow/2022/audio/word/1/26_53.wav"
"kiwakiw","stirring","攪動","https://ilrdc.tw/tow/2022/audio/word/1/26_54.wav"
"penec","hold it down","壓住","https://ilrdc.tw/tow/2022/audio/word/1/26_55.wav"
"kiri’","scratch and itch","搔癢","https://ilrdc.tw/tow/2022/audio/word/1/26_56.wav"
"kamel","make a fist","握拳","https://ilrdc.tw/tow/2022/audio/word/1/26_57.wav"
"kituc ","pluck","摘取","https://ilrdc.tw/tow/2022/audio/word/1/26_58.wav"
"ngiyangi’","shaking","晃動","https://ilrdc.tw/tow/2022/audio/word/1/26_59.wav"
"vuheci","peel (peanuts; beans)","剝(花生；豆類)","https://ilrdc.tw/tow/2022/audio/word/1/26_60.wav"
"lakec","wade across the water","涉水而過","https://ilrdc.tw/tow/2022/audio/word/1/26_61.wav"
"nanuwang","vibrate","振動","https://ilrdc.tw/tow/2022/audio/word/1/26_62.wav"
"mitavu","packing","打包","https://ilrdc.tw/tow/2022/audio/word/1/26_63.wav"
"pecu’","harvest","採收","https://ilrdc.tw/tow/2022/audio/word/1/26_64.wav"
"rapi’","sharpen","(將器具)磨利","https://ilrdc.tw/tow/2022/audio/word/1/26_65.wav"
"nguhanguh","swing","(搖)動","https://ilrdc.tw/tow/2022/audio/word/1/26_66.wav"
"lalava’en ","hunt and capture","追捕","https://ilrdc.tw/tow/2022/audio/word/1/26_67.wav"
"murec","shatter","打碎","https://ilrdc.tw/tow/2022/audio/word/1/26_68.wav"
"tupilung","fall","倒(下)","https://ilrdc.tw/tow/2022/audio/word/1/26_69.wav"
"pilet","twist","扭轉","https://ilrdc.tw/tow/2022/audio/word/1/26_70.wav"
"patireng","stand","豎立","https://ilrdc.tw/tow/2022/audio/word/1/26_71.wav"
"ripa’","trample on","踩踏","https://ilrdc.tw/tow/2022/audio/word/1/26_72.wav"
"awas","cross over","跨過","https://ilrdc.tw/tow/2022/audio/word/1/26_73.wav"
"ketun","cut","割斷","https://ilrdc.tw/tow/2022/audio/word/1/26_74.wav"
"limec ","pinch","掐住","https://ilrdc.tw/tow/2022/audio/word/1/26_75.wav"
"penec","repress","壓制","https://ilrdc.tw/tow/2022/audio/word/1/26_76.wav"
"pakaen","feed","餵食","https://ilrdc.tw/tow/2022/audio/word/1/26_77.wav"
"lepel","arrest","捕抓","https://ilrdc.tw/tow/2022/audio/word/1/26_78.wav"
"tuwad","pry open","撬開","https://ilrdc.tw/tow/2022/audio/word/1/26_79.wav"
"ripa’","step","(用腳)踏","https://ilrdc.tw/tow/2022/audio/word/1/26_80.wav"
"pipi’","squash","壓扁","https://ilrdc.tw/tow/2022/audio/word/1/26_81.wav"
"tupelak","skin","剝皮","https://ilrdc.tw/tow/2022/audio/word/1/26_82.wav"
"sipasip","rub (e.g. lipstick; paint)","擦(如口紅；油漆)","https://ilrdc.tw/tow/2022/audio/word/1/26_83.wav"
"wadwad","flipping","亂翻","https://ilrdc.tw/tow/2022/audio/word/1/26_84.wav"
"lutlut","tumble","揉搓(衣物)","https://ilrdc.tw/tow/2022/audio/word/1/26_85.wav"
"cangray","lean on","靠著","https://ilrdc.tw/tow/2022/audio/word/1/26_86.wav"
"sapadec","whip","鞭打","https://ilrdc.tw/tow/2022/audio/word/1/26_87.wav"
"kirir","lie on the side","側臥","https://ilrdc.tw/tow/2022/audio/word/1/26_88.wav"
"midisdis","skin","削甘蔗","https://ilrdc.tw/tow/2022/audio/word/1/26_89.wav"
"nuka","twisting","捻線","https://ilrdc.tw/tow/2022/audio/word/1/26_90.wav"
"sayit","cut","剪","https://ilrdc.tw/tow/2022/audio/word/1/26_91.wav"
"langas","cut off","修剪(樹的枝條)","https://ilrdc.tw/tow/2022/audio/word/1/26_92.wav"
"kawih","wave","招手","https://ilrdc.tw/tow/2022/audio/word/1/26_93.wav"
"tuntun","chop (meat)","剁切","https://ilrdc.tw/tow/2022/audio/word/1/26_94.wav"
"talik","beat","搗","https://ilrdc.tw/tow/2022/audio/word/1/26_95.wav"
"maletaes","fight","打架","https://ilrdc.tw/tow/2022/audio/word/1/26_96.wav"
"celcel","squeeze","擠","https://ilrdc.tw/tow/2022/audio/word/1/26_97.wav"
"cememek","lower your head down","低下頭","https://ilrdc.tw/tow/2022/audio/word/1/26_98.wav"
"tengteng","pull (up)","拉(上來)","https://ilrdc.tw/tow/2022/audio/word/1/26_99.wav"
"kali","dig","(用手)挖掘","https://ilrdc.tw/tow/2022/audio/word/1/26_100.wav"
"tupelak","peeling the bark of a tree","剝樹皮","https://ilrdc.tw/tow/2022/audio/word/1/26_101.wav"
"mikulit","draw"," 畫圖","https://ilrdc.tw/tow/2022/audio/word/1/26_102.wav"
"paeyawan","arbitrary","隨意","https://ilrdc.tw/tow/2022/audio/word/1/26_103.wav"
"remuhu","squat down","蹲下","https://ilrdc.tw/tow/2022/audio/word/1/26_104.wav"
"temireng","stand up","起立","https://ilrdc.tw/tow/2022/audio/word/1/26_105.wav"
"kaen","eat","吃","https://ilrdc.tw/tow/2022/audio/word/1/27_01.wav"
"cepcep","suck in","吸","https://ilrdc.tw/tow/2022/audio/word/1/27_02.wav"
"minanum","drink","喝","https://ilrdc.tw/tow/2022/audio/word/1/27_03.wav"
"muta’","vomit","吐","https://ilrdc.tw/tow/2022/audio/word/1/27_04.wav"
"kalat","bite","咬","https://ilrdc.tw/tow/2022/audio/word/1/27_05.wav"
"enuc","swallow","吞嚥","https://ilrdc.tw/tow/2022/audio/word/1/27_06.wav"
"meru’","swallow","吞下","https://ilrdc.tw/tow/2022/audio/word/1/27_07.wav"
"maveruh","get burnt","燙到","https://ilrdc.tw/tow/2022/audio/word/1/27_08.wav"
"sied","choke (on)","噎到","https://ilrdc.tw/tow/2022/audio/word/1/27_09.wav"
"vecul","full","飽食","https://ilrdc.tw/tow/2022/audio/word/1/27_10.wav"
"kemkem","chew","咀嚼","https://ilrdc.tw/tow/2022/audio/word/1/27_11.wav"
"suaw","thirsty","渴","https://ilrdc.tw/tow/2022/audio/word/1/27_12.wav"
"ngitngit","nibble","啃","https://ilrdc.tw/tow/2022/audio/word/1/27_13.wav"
"sulep","hungry","餓","https://ilrdc.tw/tow/2022/audio/word/1/27_14.wav"
"kemaen","eat","吃(東西)","https://ilrdc.tw/tow/2022/audio/word/1/27_15.wav"
"maranam","have breakfast","吃早餐","https://ilrdc.tw/tow/2022/audio/word/1/27_16.wav"
"malahuk","have lunch","吃午餐","https://ilrdc.tw/tow/2022/audio/word/1/27_17.wav"
"malavi","have dinner","吃晚餐","https://ilrdc.tw/tow/2022/audio/word/1/27_18.wav"
"malitemuh","come across","遇到","https://ilrdc.tw/tow/2022/audio/word/1/28_01.wav"
"mavana’","know","知道","https://ilrdc.tw/tow/2022/audio/word/1/28_02.wav"
"melaw","see","看","https://ilrdc.tw/tow/2022/audio/word/1/28_03.wav"
"pakungku","say","說故事","https://ilrdc.tw/tow/2022/audio/word/1/28_04.wav"
"mapawan ","forget (imperatives)","忘記(祈使)","https://ilrdc.tw/tow/2022/audio/word/1/28_05.wav"
"pelek","close (your) eyes","閉(眼睛)","https://ilrdc.tw/tow/2022/audio/word/1/28_06.wav"
"sanek","smell (as in smell)","聞(如聞味道)","https://ilrdc.tw/tow/2022/audio/word/1/28_07.wav"
"teving","touch","觸摸(物品)","https://ilrdc.tw/tow/2022/audio/word/1/28_08.wav"
"takus","invite","邀請","https://ilrdc.tw/tow/2022/audio/word/1/28_09.wav"
"urun","feel","思念","https://ilrdc.tw/tow/2022/audio/word/1/28_10.wav"
"pavana’","tell","告訴(別人)","https://ilrdc.tw/tow/2022/audio/word/1/28_11.wav"
"angang","calling (e.g. calling before feeding the chickens)","叫喚(如餵雞前會叫喚)","https://ilrdc.tw/tow/2022/audio/word/1/28_12.wav"
"palita","ask","詢問","https://ilrdc.tw/tow/2022/audio/word/1/28_13.wav"
"mihayi","agree","答應","https://ilrdc.tw/tow/2022/audio/word/1/28_14.wav"
"pasuelin","believe","相信","https://ilrdc.tw/tow/2022/audio/word/1/28_15.wav"
"cihi","curse","謾罵","https://ilrdc.tw/tow/2022/audio/word/1/28_16.wav"
"teving","touch (as in touching the body)","觸碰(如碰觸到身體)","https://ilrdc.tw/tow/2022/audio/word/1/28_17.wav"
"pacauv","respond","回應","https://ilrdc.tw/tow/2022/audio/word/1/28_18.wav"
"tengil","listen","聽","https://ilrdc.tw/tow/2022/audio/word/1/28_19.wav"
"nacnac","lick","舔","https://ilrdc.tw/tow/2022/audio/word/1/28_20.wav"
"pasuvelid","tell","交代(事情)","https://ilrdc.tw/tow/2022/audio/word/1/28_21.wav"
"vucikat","open your eyes","睜眼","https://ilrdc.tw/tow/2022/audio/word/1/28_22.wav"
"tunineng","aim","瞄準","https://ilrdc.tw/tow/2022/audio/word/1/28_23.wav"
"pasevana’","teach (e.g. teaching someone to write)","教(如教人寫字)","https://ilrdc.tw/tow/2022/audio/word/1/28_24.wav"
"simsim","think","想(思考)","https://ilrdc.tw/tow/2022/audio/word/1/28_25.wav"
"tapal","observe","觀察","https://ilrdc.tw/tow/2022/audio/word/1/28_26.wav"
"mavana’","do","會(做某事)","https://ilrdc.tw/tow/2022/audio/word/1/28_27.wav"
"miinuli","pray","禱告","https://ilrdc.tw/tow/2022/audio/word/1/28_28.wav"
"maulah","like","喜歡","https://ilrdc.tw/tow/2022/audio/word/1/28_29.wav"
"maulah","joy","喜愛","https://ilrdc.tw/tow/2022/audio/word/1/29_01.wav"
"matalaw","fear","害怕","https://ilrdc.tw/tow/2022/audio/word/1/29_02.wav"
"temangic","cry","哭","https://ilrdc.tw/tow/2022/audio/word/1/29_03.wav"
"kaulahen","love","疼愛","https://ilrdc.tw/tow/2022/audio/word/1/29_04.wav"
"lipahak","happy","高興","https://ilrdc.tw/tow/2022/audio/word/1/29_05.wav"
"calivad","angry","生氣","https://ilrdc.tw/tow/2022/audio/word/1/29_06.wav"
"padihing","love and care","愛護","https://ilrdc.tw/tow/2022/audio/word/1/29_07.wav"
"cekuk","shocked","嚇一跳","https://ilrdc.tw/tow/2022/audio/word/1/29_08.wav"
"lipahak ","happy"," 快樂","https://ilrdc.tw/tow/2022/audio/word/1/29_09.wav"
"lisimet","sort out","整理","https://ilrdc.tw/tow/2022/audio/word/1/30_01.wav"
"vaca’","wash (cloth)","洗(衣物)","https://ilrdc.tw/tow/2022/audio/word/1/30_02.wav"
"dademak","work","工作","https://ilrdc.tw/tow/2022/audio/word/1/30_03.wav"
"satuku","stop","停止","https://ilrdc.tw/tow/2022/audio/word/1/30_04.wav"
"palasawad","waste","浪費","https://ilrdc.tw/tow/2022/audio/word/1/30_05.wav"
"lemuwad","get up","起床","https://ilrdc.tw/tow/2022/audio/word/1/30_06.wav"
"ulihaw","good-bye (say good-bye to each other)","再見(如互道再見)","https://ilrdc.tw/tow/2022/audio/word/1/30_07.wav"
"misi’","urinate","小便","https://ilrdc.tw/tow/2022/audio/word/1/30_08.wav"
"mavuti’","sleep","睡覺","https://ilrdc.tw/tow/2022/audio/word/1/30_09.wav"
"mipacuk","killing animals","殺牲畜","https://ilrdc.tw/tow/2022/audio/word/1/30_10.wav"
"tayi’","feces","大便","https://ilrdc.tw/tow/2022/audio/word/1/30_11.wav"
"pahanhan","rest","休息","https://ilrdc.tw/tow/2022/audio/word/1/30_12.wav"
"tukatuk","sleepy","睏(想睡覺)","https://ilrdc.tw/tow/2022/audio/word/1/30_13.wav"
"miasik","clean","打掃","https://ilrdc.tw/tow/2022/audio/word/1/30_14.wav"
"minanam","learn","學習","https://ilrdc.tw/tow/2022/audio/word/1/30_15.wav"
"taelingan","lie down","躺臥","https://ilrdc.tw/tow/2022/audio/word/1/30_16.wav"
"singitih tu raecusay","nightmare","做惡夢","https://ilrdc.tw/tow/2022/audio/word/1/30_17.wav"
"takaw","steal","偷竊","https://ilrdc.tw/tow/2022/audio/word/1/30_18.wav"
"sasinavel","cook","煮(菜)","https://ilrdc.tw/tow/2022/audio/word/1/30_19.wav"
"iluh","burn (like straw)","燒(如燒稻草)","https://ilrdc.tw/tow/2022/audio/word/1/30_20.wav"
"masuwav","yawn","打哈欠","https://ilrdc.tw/tow/2022/audio/word/1/30_21.wav"
"tamek","roast","烤(如烤地瓜)","https://ilrdc.tw/tow/2022/audio/word/1/30_22.wav"
"cacak","cook (rice/meat/yams)","烹煮(飯／肉／地瓜)","https://ilrdc.tw/tow/2022/audio/word/1/30_23.wav"
"tala","wait","等待","https://ilrdc.tw/tow/2022/audio/word/1/30_24.wav"
"pateker","hunt","陷獵","https://ilrdc.tw/tow/2022/audio/word/1/30_25.wav"
"pawali ","dry (e.g., drying clothes in the sun)","曬乾(如將衣服曬乾)","https://ilrdc.tw/tow/2022/audio/word/1/30_26.wav"
"hacul ","draw water with a ladle (imperatives)","以杓汲水(祈使)","https://ilrdc.tw/tow/2022/audio/word/1/30_27.wav"
"palikid","drain (abatement)","將水排出(疏減)","https://ilrdc.tw/tow/2022/audio/word/1/30_28.wav"
"milisimet","pack up (imperatives, as in pack up)","收拾(祈使，如收拾東西)","https://ilrdc.tw/tow/2022/audio/word/1/30_29.wav"
"tivek","mill","碾(米)","https://ilrdc.tw/tow/2022/audio/word/1/30_30.wav"
"pawali","dry up","晾乾","https://ilrdc.tw/tow/2022/audio/word/1/30_31.wav"
"pahavalak","quilt","蓋被子","https://ilrdc.tw/tow/2022/audio/word/1/30_32.wav"
"patangelal","shine/light up","照起來／照明","https://ilrdc.tw/tow/2022/audio/word/1/30_33.wav"
"ngihngih (tu kudasing)","fry","炒(如炒花生)","https://ilrdc.tw/tow/2022/audio/word/1/30_34.wav"
"pavuvu tu urang","fishing for fish and shrimp by cage","以籠捕魚蝦","https://ilrdc.tw/tow/2022/audio/word/1/30_35.wav"
"mitahud","steam (as in steamed rice)","蒸(如蒸飯)","https://ilrdc.tw/tow/2022/audio/word/1/30_36.wav"
"paluma","plant","種植","https://ilrdc.tw/tow/2022/audio/word/1/30_37.wav"
"pacemut","fish","釣魚","https://ilrdc.tw/tow/2022/audio/word/1/30_38.wav"
"misalamal","make a fire","生火","https://ilrdc.tw/tow/2022/audio/word/1/30_39.wav"
"pacilahen","pickle (imperatives)","醃漬(祈使)","https://ilrdc.tw/tow/2022/audio/word/1/30_40.wav"
"lunged","burnt","燒焦","https://ilrdc.tw/tow/2022/audio/word/1/30_41.wav"
"diput","take care of","照顧","https://ilrdc.tw/tow/2022/audio/word/1/30_42.wav"
"puyuh","cut (hair)","剪(頭髮)","https://ilrdc.tw/tow/2022/audio/word/1/30_43.wav"
"senger","soak","浸泡","https://ilrdc.tw/tow/2022/audio/word/1/30_44.wav"
"vuhat","lift off (as in lift off the lid).","掀開(如掀開蓋子)","https://ilrdc.tw/tow/2022/audio/word/1/30_45.wav"
"valeng","bury","掩埋","https://ilrdc.tw/tow/2022/audio/word/1/30_46.wav"
"pacelul","change (cloth)","替換(衣服)","https://ilrdc.tw/tow/2022/audio/word/1/30_47.wav"
"tanged","lock up","鎖上","https://ilrdc.tw/tow/2022/audio/word/1/30_48.wav"
"pasaksak ","make the bed","鋪床","https://ilrdc.tw/tow/2022/audio/word/1/30_49.wav"
"tuduh","burn (as in burning the hair of prey)","燒(如燒獵物的毛)","https://ilrdc.tw/tow/2022/audio/word/1/30_50.wav"
"milipapah","leaf stripping","剝葉","https://ilrdc.tw/tow/2022/audio/word/1/30_51.wav"
"savul","urge urination","尿急","https://ilrdc.tw/tow/2022/audio/word/1/30_52.wav"
"ditek","measure","量測","https://ilrdc.tw/tow/2022/audio/word/1/30_53.wav"
"iluh","burning","燃燒","https://ilrdc.tw/tow/2022/audio/word/1/30_54.wav"
"pacait","hang (Imperatives)","懸掛(祈使)","https://ilrdc.tw/tow/2022/audio/word/1/30_55.wav"
"tudung","imitate","模仿","https://ilrdc.tw/tow/2022/audio/word/1/30_56.wav"
"pahavay","feed","飼養","https://ilrdc.tw/tow/2022/audio/word/1/30_57.wav"
"ciyan","fry","炒(飯菜)","https://ilrdc.tw/tow/2022/audio/word/1/30_58.wav"
"miteking","ignite","點火","https://ilrdc.tw/tow/2022/audio/word/1/30_59.wav"
"micudad","read","讀書","https://ilrdc.tw/tow/2022/audio/word/1/30_60.wav"
"minanum","drink","喝(水)","https://ilrdc.tw/tow/2022/audio/word/1/30_61.wav"
"kali","dig","(用鋤具)挖掘","https://ilrdc.tw/tow/2022/audio/word/1/30_62.wav"
"aru’","live","(居)住","https://ilrdc.tw/tow/2022/audio/word/1/30_63.wav"
"remadiw","sing","唱歌","https://ilrdc.tw/tow/2022/audio/word/1/30_64.wav"
"mihulul","play","玩耍","https://ilrdc.tw/tow/2022/audio/word/1/30_65.wav"
"patay","death","死亡","https://ilrdc.tw/tow/2022/audio/word/1/31_01.wav"
"adada","ouch","好痛","https://ilrdc.tw/tow/2022/audio/word/1/31_02.wav"
"maduka","wounded","受傷","https://ilrdc.tw/tow/2022/audio/word/1/31_03.wav"
"masiday","lose","遺失","https://ilrdc.tw/tow/2022/audio/word/1/31_04.wav"
"adada","pain","痛","https://ilrdc.tw/tow/2022/audio/word/1/31_05.wav"
"maremes","bleed","流血","https://ilrdc.tw/tow/2022/audio/word/1/31_06.wav"
"mapuyapuy","pregnant","懷孕","https://ilrdc.tw/tow/2022/audio/word/1/31_07.wav"
"mauripay","living","活的","https://ilrdc.tw/tow/2022/audio/word/1/31_08.wav"
"muesus","fart","放屁","https://ilrdc.tw/tow/2022/audio/word/1/31_09.wav"
"mapikih","lame","跛腳","https://ilrdc.tw/tow/2022/audio/word/1/31_10.wav"
"pahavay","nurture","撫養","https://ilrdc.tw/tow/2022/audio/word/1/31_11.wav"
"lemahad","growth","生長","https://ilrdc.tw/tow/2022/audio/word/1/31_12.wav"
"padinga’","scar","疤","https://ilrdc.tw/tow/2022/audio/word/1/31_13.wav"
"calenget","itchy","癢","https://ilrdc.tw/tow/2022/audio/word/1/31_14.wav"
"matukatuk","doze off","打瞌睡","https://ilrdc.tw/tow/2022/audio/word/1/31_15.wav"
"vaesing","sneeze","打噴嚏","https://ilrdc.tw/tow/2022/audio/word/1/31_16.wav"
"Mikadavu atu rumaan a vinacadan","marry to a non-ethnic clan member","嫁給非本族群的族人","https://ilrdc.tw/tow/2022/audio/word/1/31_17.wav"
"adada","soreness","痠痛","https://ilrdc.tw/tow/2022/audio/word/1/31_18.wav"
"adada","sick","生病","https://ilrdc.tw/tow/2022/audio/word/1/31_19.wav"
"mavena’","festering","化膿","https://ilrdc.tw/tow/2022/audio/word/1/31_20.wav"
"kupit","slim","瘦(身形)","https://ilrdc.tw/tow/2022/audio/word/1/32_01.wav"
"vaeket","heavy (weight)","重(重量)","https://ilrdc.tw/tow/2022/audio/word/1/32_02.wav"
"ahemaw","light (weight)","輕(重量)","https://ilrdc.tw/tow/2022/audio/word/1/32_03.wav"
"tarakaw","high (height)","高(身高)","https://ilrdc.tw/tow/2022/audio/word/1/32_04.wav"
"tataak","large","大的","https://ilrdc.tw/tow/2022/audio/word/1/32_05.wav"
"puener","short (height)","矮(身高)","https://ilrdc.tw/tow/2022/audio/word/1/32_06.wav"
"laluk","industrious","勤勞","https://ilrdc.tw/tow/2022/audio/word/1/32_07.wav"
"sienaw","cold","冷","https://ilrdc.tw/tow/2022/audio/word/1/32_08.wav"
"adidikay","small","小的","https://ilrdc.tw/tow/2022/audio/word/1/32_09.wav"
"adihay","many","多","https://ilrdc.tw/tow/2022/audio/word/1/32_10.wav"
"vangcal","pretty","漂亮","https://ilrdc.tw/tow/2022/audio/word/1/32_11.wav"
"lietec","ice-cold","冰冷","https://ilrdc.tw/tow/2022/audio/word/1/32_12.wav"
"halemhem","hot","悶熱","https://ilrdc.tw/tow/2022/audio/word/1/32_13.wav"
"adidiay","few","少的","https://ilrdc.tw/tow/2022/audio/word/1/32_14.wav"
"malasang","drunk","酒醉","https://ilrdc.tw/tow/2022/audio/word/1/32_15.wav"
"tawa","laugh","笑","https://ilrdc.tw/tow/2022/audio/word/1/32_16.wav"
"raremeday","wet","濕的","https://ilrdc.tw/tow/2022/audio/word/1/32_17.wav"
"ruhem","ripe (of fruit)","熟","https://ilrdc.tw/tow/2022/audio/word/1/32_18.wav"
"kivetulay","thick","厚的","https://ilrdc.tw/tow/2022/audio/word/1/32_19.wav"
"mangta’ay","undercooked (if this piece of meat is raw)","未熟的(如這塊肉是生的)","https://ilrdc.tw/tow/2022/audio/word/1/32_20.wav"
"duhepicay","thin","薄的","https://ilrdc.tw/tow/2022/audio/word/1/32_21.wav"
"uning","dirty","髒","https://ilrdc.tw/tow/2022/audio/word/1/32_22.wav"
"tuka","lazy","懶惰","https://ilrdc.tw/tow/2022/audio/word/1/32_23.wav"
"tamelac","clean","乾淨","https://ilrdc.tw/tow/2022/audio/word/1/32_24.wav"
"kalamkam","soon","很快","https://ilrdc.tw/tow/2022/audio/word/1/32_25.wav"
"tumeli’ ","bright","明亮","https://ilrdc.tw/tow/2022/audio/word/1/32_26.wav"
"susu","fat","胖(身形)","https://ilrdc.tw/tow/2022/audio/word/1/32_27.wav"
"malicangay","dry","乾的","https://ilrdc.tw/tow/2022/audio/word/1/32_28.wav"
"ngeru’","tired","累","https://ilrdc.tw/tow/2022/audio/word/1/32_29.wav"
"sakasinaadaan","poor thing","好可憐","https://ilrdc.tw/tow/2022/audio/word/1/32_30.wav"
"valuhayay","new","新的","https://ilrdc.tw/tow/2022/audio/word/1/32_31.wav"
"malumanay","old","舊的","https://ilrdc.tw/tow/2022/audio/word/1/32_32.wav"
"ngata","near","近","https://ilrdc.tw/tow/2022/audio/word/1/32_33.wav"
"vaedet","hot","燙","https://ilrdc.tw/tow/2022/audio/word/1/32_34.wav"
"mapeci’","spoiled","壞掉","https://ilrdc.tw/tow/2022/audio/word/1/32_35.wav"
"aledah","spicy","辣","https://ilrdc.tw/tow/2022/audio/word/1/32_36.wav"
"raay","far","遠","https://ilrdc.tw/tow/2022/audio/word/1/32_37.wav"
"levawa","swelling","腫","https://ilrdc.tw/tow/2022/audio/word/1/32_38.wav"
"likaku’","bend","彎曲","https://ilrdc.tw/tow/2022/audio/word/1/32_39.wav"
"matenesay","long","久的","https://ilrdc.tw/tow/2022/audio/word/1/32_40.wav"
"mavutektu","blind","瞎了","https://ilrdc.tw/tow/2022/audio/word/1/32_41.wav"
"warak","poison","毒","https://ilrdc.tw/tow/2022/audio/word/1/32_42.wav"
"alesu’ ","delicious","很好吃","https://ilrdc.tw/tow/2022/audio/word/1/32_43.wav"
"lameneng","smooth","滑","https://ilrdc.tw/tow/2022/audio/word/1/32_44.wav"
"alengel","bitter","苦","https://ilrdc.tw/tow/2022/audio/word/1/32_45.wav"
"malatu’","fragile (e.g. this wire is prone to breakage)","脆弱(如這根鐵絲易斷裂)","https://ilrdc.tw/tow/2022/audio/word/1/32_46.wav"
"mangta’ay","unripe","未成熟的(果實)","https://ilrdc.tw/tow/2022/audio/word/1/32_47.wav"
"sunuk ","stealthily","偷偷地","https://ilrdc.tw/tow/2022/audio/word/1/32_48.wav"
"aluman","numerous","(人)眾多","https://ilrdc.tw/tow/2022/audio/word/1/32_49.wav"
"dihemay","brisk","輕柔","https://ilrdc.tw/tow/2022/audio/word/1/32_50.wav"
"cilemin","sour","酸","https://ilrdc.tw/tow/2022/audio/word/1/32_51.wav"
"ahecid","salty","鹹","https://ilrdc.tw/tow/2022/audio/word/1/32_52.wav"
"pateng","intentional","故意","https://ilrdc.tw/tow/2022/audio/word/1/32_53.wav"
"ruminak","pulpy","稀爛的","https://ilrdc.tw/tow/2022/audio/word/1/32_54.wav"
"tavuhu","sturdy","壯碩","https://ilrdc.tw/tow/2022/audio/word/1/32_55.wav"
"diheku","warm","暖和","https://ilrdc.tw/tow/2022/audio/word/1/32_56.wav"
"tales","blunt","鈍的","https://ilrdc.tw/tow/2022/audio/word/1/32_57.wav"
"saredu’","sweet","甘甜","https://ilrdc.tw/tow/2022/audio/word/1/32_58.wav"
"cupelakay","astringent (taste)","澀澀的(味覺)","https://ilrdc.tw/tow/2022/audio/word/1/32_59.wav"
"laylic","tall and thin","高瘦(身材)","https://ilrdc.tw/tow/2022/audio/word/1/32_60.wav"
"ciray","slant","(傾)斜","https://ilrdc.tw/tow/2022/audio/word/1/32_61.wav"
"raemed","soft","軟","https://ilrdc.tw/tow/2022/audio/word/1/32_62.wav"
"atekak","very hard","很硬","https://ilrdc.tw/tow/2022/audio/word/1/32_63.wav"
"angeliw","sour smell","酸臭","https://ilrdc.tw/tow/2022/audio/word/1/32_64.wav"
"mecel","straight","直","https://ilrdc.tw/tow/2022/audio/word/1/32_65.wav"
"matumes tu","full","滿了","https://ilrdc.tw/tow/2022/audio/word/1/32_66.wav"
"kapahay tu","well","好好的","https://ilrdc.tw/tow/2022/audio/word/1/32_67.wav"
"dadahal","(space) spacious","(空間)寬敞","https://ilrdc.tw/tow/2022/audio/word/1/32_68.wav"
"marucek","correct","正確","https://ilrdc.tw/tow/2022/audio/word/1/32_69.wav"
"tupic","fully wetted","全濕透","https://ilrdc.tw/tow/2022/audio/word/1/32_70.wav"
"naun","slowly","慢慢","https://ilrdc.tw/tow/2022/audio/word/1/32_71.wav"
"rengahaway","warm","溫的(水)","https://ilrdc.tw/tow/2022/audio/word/1/32_72.wav"
"tataak","coarse","粗(物)","https://ilrdc.tw/tow/2022/audio/word/1/32_73.wav"
"raraya’","long","長","https://ilrdc.tw/tow/2022/audio/word/1/32_74.wav"
"adidi’","fine","細","https://ilrdc.tw/tow/2022/audio/word/1/32_75.wav"
"apuru’","short","短","https://ilrdc.tw/tow/2022/audio/word/1/32_76.wav"
"cale:des","hot","炎熱","https://ilrdc.tw/tow/2022/audio/word/1/32_77.wav"
"maruhem","ripen","成熟(果實)","https://ilrdc.tw/tow/2022/audio/word/1/32_78.wav"
"tumes","full","滿滿","https://ilrdc.tw/tow/2022/audio/word/1/32_79.wav"
"malakapah","handsome","英俊","https://ilrdc.tw/tow/2022/audio/word/1/32_80.wav"
"mamahaen","should","應該","https://ilrdc.tw/tow/2022/audio/word/1/33_01.wav"
"caay kanca","certain","一定","https://ilrdc.tw/tow/2022/audio/word/1/33_02.wav"
"dengay","able","能夠","https://ilrdc.tw/tow/2022/audio/word/1/33_03.wav"
"kaay ","possible","可能","https://ilrdc.tw/tow/2022/audio/word/1/33_04.wav"
"pakalipahak","celebrate","慶祝","https://ilrdc.tw/tow/2022/audio/word/1/33_05.wav"
"sipu","wipe","擦拭","https://ilrdc.tw/tow/2022/audio/word/1/33_06.wav"
"culcul","call","使喚","https://ilrdc.tw/tow/2022/audio/word/1/33_07.wav"
"tepik","fold","摺疊","https://ilrdc.tw/tow/2022/audio/word/1/34_01.wav"
"maletak","split open","裂開","https://ilrdc.tw/tow/2022/audio/word/1/34_02.wav"
"a maanen a ….","use","如何使用…","https://ilrdc.tw/tow/2022/audio/word/1/34_03.wav"
"caviyas","overflow (like water overflowing)","溢出(如水溢出來)","https://ilrdc.tw/tow/2022/audio/word/1/34_04.wav"
"padang","help","幫忙","https://ilrdc.tw/tow/2022/audio/word/1/34_05.wav"
"ruhepit","attach","(有東西)附著","https://ilrdc.tw/tow/2022/audio/word/1/34_06.wav"
" pacamul","mix sth. with sth.","混以某物","https://ilrdc.tw/tow/2022/audio/word/1/34_07.wav"
"nanuwang","shaken","(搖)動","https://ilrdc.tw/tow/2022/audio/word/1/34_08.wav"
"sulac","erase","刷除","https://ilrdc.tw/tow/2022/audio/word/1/34_09.wav"
"ngaya’","depend","依賴","https://ilrdc.tw/tow/2022/audio/word/1/34_10.wav"
"velun","pour","倒入","https://ilrdc.tw/tow/2022/audio/word/1/34_11.wav"
"lawa","block","阻擋","https://ilrdc.tw/tow/2022/audio/word/1/34_12.wav"
"usawen","stay","留下","https://ilrdc.tw/tow/2022/audio/word/1/34_13.wav"
"suni","sound","聲響","https://ilrdc.tw/tow/2022/audio/word/1/34_14.wav"
"lawit","over","超過","https://ilrdc.tw/tow/2022/audio/word/1/34_15.wav"
"perad","crumble (of scree slope)","崩落","https://ilrdc.tw/tow/2022/audio/word/1/34_16.wav"
"pavuliki","brake","煞車","https://ilrdc.tw/tow/2022/audio/word/1/34_17.wav"
"kilim","search","尋找","https://ilrdc.tw/tow/2022/audio/word/1/34_18.wav"
"valah","throw away","丟棄","https://ilrdc.tw/tow/2022/audio/word/1/34_19.wav"
"lalang","prohibit","禁止","https://ilrdc.tw/tow/2022/audio/word/1/34_20.wav"
"ira","there are...","有","https://ilrdc.tw/tow/2022/audio/word/1/34_21.wav"
"usaw","remain","剩下","https://ilrdc.tw/tow/2022/audio/word/1/34_22.wav"
"pasiket","set up","設置；插入","https://ilrdc.tw/tow/2022/audio/word/1/34_23.wav"
"lingatu","begin","開始","https://ilrdc.tw/tow/2022/audio/word/1/34_24.wav"
"laheci","complete","完成","https://ilrdc.tw/tow/2022/audio/word/1/34_25.wav"
"vurivur","pick on","找碴","https://ilrdc.tw/tow/2022/audio/word/1/34_26.wav"
"sanga’","make","製作(物品)","https://ilrdc.tw/tow/2022/audio/word/1/34_27.wav"
"matepa","find","找到","https://ilrdc.tw/tow/2022/audio/word/1/34_28.wav"
"sausi","number (calculation)","數(計算)","https://ilrdc.tw/tow/2022/audio/word/1/34_29.wav"
"mateker","trapped","(獵物掉入陷阱)陷中","https://ilrdc.tw/tow/2022/audio/word/1/34_30.wav"
"vatelu","bang","撞擊某物","https://ilrdc.tw/tow/2022/audio/word/1/34_31.wav"
"niyur","rotate","旋轉","https://ilrdc.tw/tow/2022/audio/word/1/34_32.wav"
"saliyuten","surround","圍著某物","https://ilrdc.tw/tow/2022/audio/word/1/34_33.wav"
"kapah","good","好","https://ilrdc.tw/tow/2022/audio/word/1/34_34.wav"
"aray","thank you","謝謝","https://ilrdc.tw/tow/2022/audio/word/1/34_35.wav"
"Aka kangudu","you’re welcome","不客氣","https://ilrdc.tw/tow/2022/audio/word/1/34_36.wav"
"awaay","no","沒有","https://ilrdc.tw/tow/2022/audio/word/1/34_37.wav"
"asiruma","it’s okay","沒關係","https://ilrdc.tw/tow/2022/audio/word/1/34_38.wav"
"naay","don’t","不要","https://ilrdc.tw/tow/2022/audio/word/1/35_01.wav"
"akaa","can't","不可以","https://ilrdc.tw/tow/2022/audio/word/1/35_02.wav"
"caay","no (for reply)","不是(回答用)","https://ilrdc.tw/tow/2022/audio/word/1/35_03.wav"
"awaay","none (negative of possession)","沒有(表擁有的否定詞)","https://ilrdc.tw/tow/2022/audio/word/1/35_04.wav"
"naw’ay","don’t (for the imperative)","不要(祈使句用)","https://ilrdc.tw/tow/2022/audio/word/1/35_05.wav"
"caay kavana’","don’t know","不知道","https://ilrdc.tw/tow/2022/audio/word/1/35_06.wav"
"sulinay ","really","真的","https://ilrdc.tw/tow/2022/audio/word/1/36_01.wav"
"anini","in the process of (doing something or happening)","正在","https://ilrdc.tw/tow/2022/audio/word/1/36_02.wav"
"pakunira ","arbitrary","隨意","https://ilrdc.tw/tow/2022/audio/word/1/36_03.wav"
"kapah tu","okay","好的(沒問題)","https://ilrdc.tw/tow/2022/audio/word/1/36_04.wav"
"kiyami","because","因為","https://ilrdc.tw/tow/2022/audio/word/1/36_05.wav"
"paeyawan anu mamaan","whether","不論","https://ilrdc.tw/tow/2022/audio/word/1/36_06.wav"
"carud","immediately","立即","https://ilrdc.tw/tow/2022/audio/word/1/36_07.wav"
"idengay","enough","足夠","https://ilrdc.tw/tow/2022/audio/word/1/36_08.wav"
"aca","again","再","https://ilrdc.tw/tow/2022/audio/word/1/36_09.wav"
"iniyan a cacay","only","只有","https://ilrdc.tw/tow/2022/audio/word/1/36_10.wav"
"inasawni","just now","剛剛","https://ilrdc.tw/tow/2022/audio/word/1/36_11.wav"
"caay kahacuwa ","a little","少許","https://ilrdc.tw/tow/2022/audio/word/1/36_12.wav"
"patarud","temporary (leave for a moment)","暫時(離開一下)","https://ilrdc.tw/tow/2022/audio/word/1/36_13.wav"
"caay hen","never","從不","https://ilrdc.tw/tow/2022/audio/word/1/36_14.wav"
"caay kaw","shouldn;t","不該","https://ilrdc.tw/tow/2022/audio/word/1/36_15.wav"
"manay","so","所以","https://ilrdc.tw/tow/2022/audio/word/1/36_16.wav"
"hina-","usually","經常","https://ilrdc.tw/tow/2022/audio/word/1/36_17.wav"
"atu","with","和","https://ilrdc.tw/tow/2022/audio/word/1/36_18.wav"
"alamaanan","sometimes","偶爾","https://ilrdc.tw/tow/2022/audio/word/1/36_19.wav"
"mahaen haw","really (auxiliary verb)","是嗎(語助詞)","https://ilrdc.tw/tow/2022/audio/word/1/36_20.wav"
"hen","still (not yet)","還(尚未)","https://ilrdc.tw/tow/2022/audio/word/1/36_21.wav"
"anu","if","如果","https://ilrdc.tw/tow/2022/audio/word/1/36_22.wav"
"tada","very","很","https://ilrdc.tw/tow/2022/audio/word/1/36_23.wav"
"mahaenay ","so","如此","https://ilrdc.tw/tow/2022/audio/word/1/36_24.wav"
"aca","also","也","https://ilrdc.tw/tow/2022/audio/word/1/36_25.wav"
"inasani","just now","剛才","https://ilrdc.tw/tow/2022/audio/word/1/36_26.wav"
"saremiad","whole day","整天","https://ilrdc.tw/tow/2022/audio/word/1/36_27.wav"
"mahaentu","both","都","https://ilrdc.tw/tow/2022/audio/word/1/36_28.wav"
"hatini aca","only","僅僅","https://ilrdc.tw/tow/2022/audio/word/1/36_29.wav"
"kanahatu","although","雖然","https://ilrdc.tw/tow/2022/audio/word/1/36_30.wav"
"haw","(used in a question)","嗎(用在問句)","https://ilrdc.tw/tow/2022/audio/word/1/36_31.wav"
"ku","main marker (in all ethnic languages)","主格標記(各族用語)","https://ilrdc.tw/tow/2022/audio/word/1/36_32.wav"
"tu","marked (in all ethnic languages)","受格標記(各族用語)","https://ilrdc.tw/tow/2022/audio/word/1/36_33.wav"
"nu","genre marker (in all ethnic languages)","屬格標記(各族用語)","https://ilrdc.tw/tow/2022/audio/word/1/36_34.wav"
" itini","in (here)","在(這裡)","https://ilrdc.tw/tow/2022/audio/word/1/36_35.wav"
"dengay","do","可以(做某事)","https://ilrdc.tw/tow/2022/audio/word/1/36_36.wav"
"apa","fool","傻瓜","https://ilrdc.tw/tow/2022/audio/word/1/36_37.wav"
