"cecay","one","一","https://ilrdc.tw/tow/2022/audio/word/3/01_01.wav"
"tosa","two","二","https://ilrdc.tw/tow/2022/audio/word/3/01_02.wav"
"tolo","three","三","https://ilrdc.tw/tow/2022/audio/word/3/01_03.wav"
"sepat","four","四","https://ilrdc.tw/tow/2022/audio/word/3/01_04.wav"
"lima","five","五","https://ilrdc.tw/tow/2022/audio/word/3/01_05.wav"
"enem","six","六","https://ilrdc.tw/tow/2022/audio/word/3/01_06.wav"
"pito","seven","七","https://ilrdc.tw/tow/2022/audio/word/3/01_07.wav"
"falo","eight","八","https://ilrdc.tw/tow/2022/audio/word/3/01_08.wav"
"siwa","nine","九","https://ilrdc.tw/tow/2022/audio/word/3/01_09.wav"
"polo’","ten","十","https://ilrdc.tw/tow/2022/audio/word/3/01_10.wav"
"safaw cecay","eleven","十一","https://ilrdc.tw/tow/2022/audio/word/3/01_11.wav"
"safaw tosa","twelve","十二","https://ilrdc.tw/tow/2022/audio/word/3/01_12.wav"
"safaw tolo","thirteen","十三","https://ilrdc.tw/tow/2022/audio/word/3/01_13.wav"
"safaw sepat","fourteen","十四","https://ilrdc.tw/tow/2022/audio/word/3/01_14.wav"
"safaw lima","fifteen","十五","https://ilrdc.tw/tow/2022/audio/word/3/01_15.wav"
"safaw enem","sixteen","十六","https://ilrdc.tw/tow/2022/audio/word/3/01_16.wav"
"safaw pito","seventeen","十七","https://ilrdc.tw/tow/2022/audio/word/3/01_17.wav"
"safaw falo","eighteen","十八","https://ilrdc.tw/tow/2022/audio/word/3/01_18.wav"
"safaw siwa","nineteen","十九","https://ilrdc.tw/tow/2022/audio/word/3/01_19.wav"
"tosa polo’","twenty","二十  ","https://ilrdc.tw/tow/2022/audio/word/3/01_20.wav"
"tosa polo’ ira ko cecay","twenty one","二十一","https://ilrdc.tw/tow/2022/audio/word/3/01_21.wav"
"tosa polo’ ira ko tosa","twenty two","二十二","https://ilrdc.tw/tow/2022/audio/word/3/01_22.wav"
"tosa polo’ ira ko tolo","twenty three","二十三","https://ilrdc.tw/tow/2022/audio/word/3/01_23.wav"
"tosa polo’ ira ko sepat","twenty four","二十四","https://ilrdc.tw/tow/2022/audio/word/3/01_24.wav"
"tosa polo’ ira ko lima","twenty five","二十五","https://ilrdc.tw/tow/2022/audio/word/3/01_25.wav"
"tolo polo’","thirty","三十","https://ilrdc.tw/tow/2022/audio/word/3/01_26.wav"
"tolo polo’ ira ko cecay","thirty one","三十一","https://ilrdc.tw/tow/2022/audio/word/3/01_27.wav"
"sepat polo’","forty","四十","https://ilrdc.tw/tow/2022/audio/word/3/01_28.wav"
"lima polo’","fifty","五十","https://ilrdc.tw/tow/2022/audio/word/3/01_29.wav"
"enem polo’","sixty","六十","https://ilrdc.tw/tow/2022/audio/word/3/01_30.wav"
"pito polo’","seventy","七十","https://ilrdc.tw/tow/2022/audio/word/3/01_31.wav"
"falo polo’","eighty","八十","https://ilrdc.tw/tow/2022/audio/word/3/01_32.wav"
"siwa polo’","ninety","九十","https://ilrdc.tw/tow/2022/audio/word/3/01_33.wav"
"smo’ot","hundred","百","https://ilrdc.tw/tow/2022/audio/word/3/01_34.wav"
"cecay so’ot","one hundred","一百","https://ilrdc.tw/tow/2022/audio/word/3/01_35.wav"
"tosa so’ot","two hundred","兩百","https://ilrdc.tw/tow/2022/audio/word/3/01_36.wav"
"cecay patek","one thousand","一千","https://ilrdc.tw/tow/2022/audio/word/3/01_37.wav"
"pinapina","some","一些","https://ilrdc.tw/tow/2022/audio/word/3/01_38.wav"
"kinacecay","once","一次","https://ilrdc.tw/tow/2022/audio/word/3/01_39.wav"
"cecay falilingan","bunch","一串","https://ilrdc.tw/tow/2022/audio/word/3/01_40.wav"
"kahirahira","kind","種類","https://ilrdc.tw/tow/2022/audio/word/3/01_41.wav"
"maemin","entire","全部","https://ilrdc.tw/tow/2022/audio/word/3/01_43.wav"
"miming","a little bit","一點點","https://ilrdc.tw/tow/2022/audio/word/3/01_44.wav"
"pecih","half","一半","https://ilrdc.tw/tow/2022/audio/word/3/01_45.wav"
"kiso","you","你 ","https://ilrdc.tw/tow/2022/audio/word/3/02_01.wav"
"kako","I","我","https://ilrdc.tw/tow/2022/audio/word/3/02_02.wav"
"cingra","he","他","https://ilrdc.tw/tow/2022/audio/word/3/02_03.wav"
"kamo","you guys","你們","https://ilrdc.tw/tow/2022/audio/word/3/02_04.wav"
"kami","us","我們","https://ilrdc.tw/tow/2022/audio/word/3/02_05.wav"
"cangra","they","他們","https://ilrdc.tw/tow/2022/audio/word/3/02_06.wav"
"namo","yours","你們的","https://ilrdc.tw/tow/2022/audio/word/3/02_07.wav"
"niyam","our","我們的","https://ilrdc.tw/tow/2022/audio/word/3/02_08.wav"
"nangra","their","他們的","https://ilrdc.tw/tow/2022/audio/word/3/02_09.wav"
"miso","your","你的","https://ilrdc.tw/tow/2022/audio/word/3/02_10.wav"
"mako","mine","我的","https://ilrdc.tw/tow/2022/audio/word/3/02_11.wav"
"ningra","his","他的","https://ilrdc.tw/tow/2022/audio/word/3/02_12.wav"
"kami","we (excluded)","我們(排除式)","https://ilrdc.tw/tow/2022/audio/word/3/02_13.wav"
"kita","let’s (inclusive)","咱們(包含式)","https://ilrdc.tw/tow/2022/audio/word/3/02_14.wav"
"mita","ours","咱們的","https://ilrdc.tw/tow/2022/audio/word/3/02_15.wav"
"ora ","that","那個","https://ilrdc.tw/tow/2022/audio/word/3/02_16.wav"
"oni","this one","這個","https://ilrdc.tw/tow/2022/audio/word/3/02_17.wav"
"ini","here","這裡","https://ilrdc.tw/tow/2022/audio/word/3/02_18.wav"
"iraw","there","那裡","https://ilrdc.tw/tow/2022/audio/word/3/02_19.wav"
"matini","(like) this","(像)這樣","https://ilrdc.tw/tow/2022/audio/word/3/02_20.wav"
"pina","how much","多少","https://ilrdc.tw/tow/2022/audio/word/3/03_01.wav"
"maan","what","什麼","https://ilrdc.tw/tow/2022/audio/word/3/03_02.wav"
"masamaan","how","如何","https://ilrdc.tw/tow/2022/audio/word/3/03_03.wav"
"ano hacowa","when (not happening)","何時(未發生)","https://ilrdc.tw/tow/2022/audio/word/3/03_04.wav"
"cima","who","誰","https://ilrdc.tw/tow/2022/audio/word/3/03_05.wav"
"icowaay","which one","哪一個","https://ilrdc.tw/tow/2022/audio/word/3/03_06.wav"
"icowa","where","哪裡","https://ilrdc.tw/tow/2022/audio/word/3/03_07.wav"
"nimaay","Whose is it?","是誰的","https://ilrdc.tw/tow/2022/audio/word/3/03_08.wav"
"mamanay","what","怎麼","https://ilrdc.tw/tow/2022/audio/word/3/03_09.wav"
"pina","how much","多少(歲；物)","https://ilrdc.tw/tow/2022/audio/word/3/03_10.wav"
"papina","how much (degree size)"," 多少(程度大小)","https://ilrdc.tw/tow/2022/audio/word/3/03_11.wav"
"sakacowa","where","什麼地方","https://ilrdc.tw/tow/2022/audio/word/3/03_12.wav"
"ihacowa","when (has happened)","何時(已發生)","https://ilrdc.tw/tow/2022/audio/word/3/03_13.wav"
"naw","why","為什麼","https://ilrdc.tw/tow/2022/audio/word/3/03_14.wav"
"mama","dad","爸爸","https://ilrdc.tw/tow/2022/audio/word/3/04_01.wav"
"ina","mom","媽媽","https://ilrdc.tw/tow/2022/audio/word/3/04_02.wav"
"malikaka","cousins","堂、表兄弟姐妹","https://ilrdc.tw/tow/2022/audio/word/3/04_03.wav"
"akong","male elder (grandfather; father-in-law)","男性長輩(祖父；外公；岳父)","https://ilrdc.tw/tow/2022/audio/word/3/04_04.wav"
"ama","female elder (grandmother; mother-in-law)","女性長輩(祖母；外婆；岳母)","https://ilrdc.tw/tow/2022/audio/word/3/04_05.wav"
"malinaay","relative","親戚","https://ilrdc.tw/tow/2022/audio/word/3/04_06.wav"
"ramod","spouse","配偶","https://ilrdc.tw/tow/2022/audio/word/3/04_07.wav"
"kadafo","daughter’s husband","女婿","https://ilrdc.tw/tow/2022/audio/word/3/04_08.wav"
"ali","wife’s brother","舅子","https://ilrdc.tw/tow/2022/audio/word/3/04_09.wav"
"ali","sister-in-law","弟媳","https://ilrdc.tw/tow/2022/audio/word/3/04_10.wav"
"ali","older brother’s wife","嫂嫂","https://ilrdc.tw/tow/2022/audio/word/3/04_11.wav"
"kadafo","daughter-in-law","媳婦/女婿","https://ilrdc.tw/tow/2022/audio/word/3/04_12.wav"
"sona","grandchild","孫子/孫女","https://ilrdc.tw/tow/2022/audio/word/3/04_13.wav"
"malaramod","husband and wife","夫妻","https://ilrdc.tw/tow/2022/audio/word/3/04_14.wav"
"fa’inay","husband","丈夫","https://ilrdc.tw/tow/2022/audio/word/3/04_15.wav"
"cingki","in-law","姻親","https://ilrdc.tw/tow/2022/audio/word/3/04_16.wav"
"malakaka","sibling","兄弟姊妹","https://ilrdc.tw/tow/2022/audio/word/3/04_17.wav"
"kaka","brother","兄長","https://ilrdc.tw/tow/2022/audio/word/3/04_18.wav"
"kaka","brother and sister","(哥哥；姊姊)通稱","https://ilrdc.tw/tow/2022/audio/word/3/04_19.wav"
"fafahiyan a kaka","older sister","姊姊","https://ilrdc.tw/tow/2022/audio/word/3/04_20.wav"
"fa’inayan a kaka","older brother","哥哥","https://ilrdc.tw/tow/2022/audio/word/3/04_21.wav"
"safa","brother and sister","(弟弟；妹妹)通稱","https://ilrdc.tw/tow/2022/audio/word/3/04_22.wav"
"fa’inayan a safa","younger brother","弟弟","https://ilrdc.tw/tow/2022/audio/word/3/04_23.wav"
"fafahiyan a safa","younger sister","妹妹","https://ilrdc.tw/tow/2022/audio/word/3/04_24.wav"
"faki","uncle","(伯父；叔叔；舅舅)通稱","https://ilrdc.tw/tow/2022/audio/word/3/04_25.wav"
"fai","aunt","(伯母；嬸嬸；舅母)通稱  ","https://ilrdc.tw/tow/2022/audio/word/3/04_26.wav"
"ngangan","name","名字","https://ilrdc.tw/tow/2022/audio/word/3/05_01.wav"
"fa’inayan a wawa","boy","男孩","https://ilrdc.tw/tow/2022/audio/word/3/05_02.wav"
"fafahiyan a wawa","girl","女孩","https://ilrdc.tw/tow/2022/audio/word/3/05_03.wav"
"widang","friend","朋友","https://ilrdc.tw/tow/2022/audio/word/3/05_04.wav"
"kaemangay","child","孩童","https://ilrdc.tw/tow/2022/audio/word/3/05_05.wav"
"mato’asay","elderly people","老人家","https://ilrdc.tw/tow/2022/audio/word/3/05_06.wav"
"fafahiyan","female","女性","https://ilrdc.tw/tow/2022/audio/word/3/05_07.wav"
"fa’inayan","male","男性","https://ilrdc.tw/tow/2022/audio/word/3/05_08.wav"
"tamdaw","people","人","https://ilrdc.tw/tow/2022/audio/word/3/05_09.wav"
"ising","doctor","醫生","https://ilrdc.tw/tow/2022/audio/word/3/05_10.wav"
"singsi","teacher","老師","https://ilrdc.tw/tow/2022/audio/word/3/05_11.wav"
"’ada","enemy","敵人","https://ilrdc.tw/tow/2022/audio/word/3/05_12.wav"
"tapang","sir","長官","https://ilrdc.tw/tow/2022/audio/word/3/05_13.wav"
"lomataw","hooliganism","流氓","https://ilrdc.tw/tow/2022/audio/word/3/05_14.wav"
"tayring","police","警察","https://ilrdc.tw/tow/2022/audio/word/3/05_15.wav"
"Tangafolan","ethnic group (Taiwan), "plain tribes","平埔族","https://ilrdc.tw/tow/2022/audio/word/3/05_16.wav"
"ngayngay","Hakka people","客家人","https://ilrdc.tw/tow/2022/audio/word/3/05_17.wav"
"’a’isedan","principal","校長","https://ilrdc.tw/tow/2022/audio/word/3/05_18.wav"
"payrang","Min Nan (Taiwanese)","閩南人","https://ilrdc.tw/tow/2022/audio/word/3/05_19.wav"
"kapah","young people","青年","https://ilrdc.tw/tow/2022/audio/word/3/05_20.wav"
"simpo","(spiritual) father","神父","https://ilrdc.tw/tow/2022/audio/word/3/05_21.wav"
"siwni","sister","修女","https://ilrdc.tw/tow/2022/audio/word/3/05_22.wav"
"holam","mainlander","外省人","https://ilrdc.tw/tow/2022/audio/word/3/05_23.wav"
"kaying","miss","小姐","https://ilrdc.tw/tow/2022/audio/word/3/05_24.wav"
"mitiliday","student","學生","https://ilrdc.tw/tow/2022/audio/word/3/05_25.wav"
"tanginga","ear","耳朵","https://ilrdc.tw/tow/2022/audio/word/3/06_01.wav"
"cepi’","thigh","大腿","https://ilrdc.tw/tow/2022/audio/word/3/06_02.wav"
"mata","eye","眼睛","https://ilrdc.tw/tow/2022/audio/word/3/06_03.wav"
"pising","face","臉","https://ilrdc.tw/tow/2022/audio/word/3/06_04.wav"
"ngoyos","mouth","嘴巴","https://ilrdc.tw/tow/2022/audio/word/3/06_05.wav"
"fongoh","head","頭","https://ilrdc.tw/tow/2022/audio/word/3/06_06.wav"
"kanoos","fingernail","指甲","https://ilrdc.tw/tow/2022/audio/word/3/06_07.wav"
"kamay","hand","手","https://ilrdc.tw/tow/2022/audio/word/3/06_08.wav"
"tatirengan","body","身體","https://ilrdc.tw/tow/2022/audio/word/3/06_09.wav"
"ngoso’","nose","鼻子","https://ilrdc.tw/tow/2022/audio/word/3/06_10.wav"
"wa’ay","foot","腳","https://ilrdc.tw/tow/2022/audio/word/3/06_11.wav"
"wadis","teeth","牙齒","https://ilrdc.tw/tow/2022/audio/word/3/06_12.wav"
"fokes","hair","頭髮","https://ilrdc.tw/tow/2022/audio/word/3/06_13.wav"
"remes","blood","血","https://ilrdc.tw/tow/2022/audio/word/3/06_14.wav"
"titi","meat","肉","https://ilrdc.tw/tow/2022/audio/word/3/06_15.wav"
"’atongol","forehead","額頭","https://ilrdc.tw/tow/2022/audio/word/3/06_16.wav"
"tiyad","belly","肚子","https://ilrdc.tw/tow/2022/audio/word/3/06_17.wav"
"coco","breast","乳房","https://ilrdc.tw/tow/2022/audio/word/3/06_18.wav"
" ’aftoy
","calf","小腿肚","https://ilrdc.tw/tow/2022/audio/word/3/06_19.wav"
" ’afala
","shoulder","肩膀","https://ilrdc.tw/tow/2022/audio/word/3/06_20.wav"
"ngaroy","chin","下巴","https://ilrdc.tw/tow/2022/audio/word/3/06_21.wav"
"koror","back","背部","https://ilrdc.tw/tow/2022/audio/word/3/06_22.wav"
"fanges","skin","皮膚","https://ilrdc.tw/tow/2022/audio/word/3/06_23.wav"
"falohang","thoracic cavity","胸腔","https://ilrdc.tw/tow/2022/audio/word/3/06_24.wav"
"panga","male genitalia","男性生殖器","https://ilrdc.tw/tow/2022/audio/word/3/06_25.wav"
"poki","female genitalia","女性生殖器","https://ilrdc.tw/tow/2022/audio/word/3/06_26.wav"
"fala’","lung","肺","https://ilrdc.tw/tow/2022/audio/word/3/06_27.wav"
"faloco’","heart","心臟","https://ilrdc.tw/tow/2022/audio/word/3/06_28.wav"
"ciko","elbow","手肘","https://ilrdc.tw/tow/2022/audio/word/3/06_29.wav"
"ngalay","saliva","口水","https://ilrdc.tw/tow/2022/audio/word/3/06_30.wav"
"tosor","knee","膝蓋","https://ilrdc.tw/tow/2022/audio/word/3/06_31.wav"
"doka’","wound","傷口","https://ilrdc.tw/tow/2022/audio/word/3/06_32.wav"
"fitoka","stomach","胃","https://ilrdc.tw/tow/2022/audio/word/3/06_33.wav"
"’atay
","liver","肝臟","https://ilrdc.tw/tow/2022/audio/word/3/06_34.wav"
"toloho’","phlegm","痰","https://ilrdc.tw/tow/2022/audio/word/3/06_35.wav"
"firo’ok","goiter","甲狀腺腫","https://ilrdc.tw/tow/2022/audio/word/3/06_36.wav"
"simal","grease","油脂","https://ilrdc.tw/tow/2022/audio/word/3/06_37.wav"
"fadowac","rib","肋骨","https://ilrdc.tw/tow/2022/audio/word/3/06_38.wav"
"tira’","gallbladder","膽囊","https://ilrdc.tw/tow/2022/audio/word/3/06_39.wav"
"salitata’ang","thumb","拇指","https://ilrdc.tw/tow/2022/audio/word/3/06_40.wav"
"takolaw","throat","喉嚨","https://ilrdc.tw/tow/2022/audio/word/3/06_41.wav"
"sema","tongue","舌頭","https://ilrdc.tw/tow/2022/audio/word/3/06_42.wav"
"tatelecan","waist","腰部","https://ilrdc.tw/tow/2022/audio/word/3/06_43.wav"
"talodo’","finger","手指","https://ilrdc.tw/tow/2022/audio/word/3/06_44.wav"
"sakokot","front tooth","門牙","https://ilrdc.tw/tow/2022/audio/word/3/06_45.wav"
"ciferang","sweat","汗水","https://ilrdc.tw/tow/2022/audio/word/3/06_46.wav"
"li’el","neck","脖子","https://ilrdc.tw/tow/2022/audio/word/3/06_47.wav"
"ngidet","nasal mucus","鼻涕","https://ilrdc.tw/tow/2022/audio/word/3/06_48.wav"
"pokoh","joint","關節","https://ilrdc.tw/tow/2022/audio/word/3/06_49.wav"
"para’","buttocks","臀部","https://ilrdc.tw/tow/2022/audio/word/3/06_50.wav"
"saripa’","the sole of the foot","腳掌","https://ilrdc.tw/tow/2022/audio/word/3/06_51.wav"
"a’iloc","neck","頸子","https://ilrdc.tw/tow/2022/audio/word/3/06_52.wav"
"kakiri’an","armpit","腋窩","https://ilrdc.tw/tow/2022/audio/word/3/06_53.wav"
"fowa’","kidney","腎臟","https://ilrdc.tw/tow/2022/audio/word/3/06_54.wav"
"filfil","lip","嘴唇","https://ilrdc.tw/tow/2022/audio/word/3/06_55.wav"
"fanoh","fur","毛","https://ilrdc.tw/tow/2022/audio/word/3/06_56.wav"
"wikol","tail","尾巴","https://ilrdc.tw/tow/2022/audio/word/3/07_01.wav"
"fafoy","pig","豬","https://ilrdc.tw/tow/2022/audio/word/3/07_02.wav"
"waco","dog","狗","https://ilrdc.tw/tow/2022/audio/word/3/07_03.wav"
"siri","sheep","羊","https://ilrdc.tw/tow/2022/audio/word/3/07_04.wav"
"posi","cat","貓","https://ilrdc.tw/tow/2022/audio/word/3/07_05.wav"
" ’ayam
","bird","鳥","https://ilrdc.tw/tow/2022/audio/word/3/07_06.wav"
"foting","fish","魚","https://ilrdc.tw/tow/2022/audio/word/3/07_07.wav"
"’ayam","chicken","雞","https://ilrdc.tw/tow/2022/audio/word/3/07_08.wav"
"lotong","monkey","猴子","https://ilrdc.tw/tow/2022/audio/word/3/07_09.wav"
"kolong","cattle","牛","https://ilrdc.tw/tow/2022/audio/word/3/07_10.wav"
"’edo","mice (collectively)","老鼠(統稱)","https://ilrdc.tw/tow/2022/audio/word/3/07_11.wav"
"takola’","frog","青蛙","https://ilrdc.tw/tow/2022/audio/word/3/07_12.wav"
"’ekong
","owl","貓頭鷹","https://ilrdc.tw/tow/2022/audio/word/3/07_13.wav"
"’alem","pangolin (manis pentadactylata)","穿山甲","https://ilrdc.tw/tow/2022/audio/word/3/07_14.wav"
"fafoy no lotok","boar","山豬","https://ilrdc.tw/tow/2022/audio/word/3/07_15.wav"
"topi","feral pigeon","野鴿子","https://ilrdc.tw/tow/2022/audio/word/3/07_16.wav"
"fao","insect (collectively)","蟲(統稱)","https://ilrdc.tw/tow/2022/audio/word/3/07_17.wav"
"rarokoh","turtle","烏龜","https://ilrdc.tw/tow/2022/audio/word/3/07_18.wav"
"’oner","snake","蛇","https://ilrdc.tw/tow/2022/audio/word/3/07_19.wav"
"lawal","flying squirrel","飛鼠","https://ilrdc.tw/tow/2022/audio/word/3/07_20.wav"
"lokedaw","leopard","豹","https://ilrdc.tw/tow/2022/audio/word/3/07_21.wav"
"malonem","sambar (cervus eldii)","水鹿","https://ilrdc.tw/tow/2022/audio/word/3/07_22.wav"
"tomay","bear","熊","https://ilrdc.tw/tow/2022/audio/word/3/07_23.wav"
"mangcel","muntiacus reevesi","山羌","https://ilrdc.tw/tow/2022/audio/word/3/07_24.wav"
"dadipis","cockroach","蟑螂","https://ilrdc.tw/tow/2022/audio/word/3/07_25.wav"
"facacido’","dragonfly","蜻蜓","https://ilrdc.tw/tow/2022/audio/word/3/07_26.wav"
" ’adipangpang
","butterfly","蝴蝶","https://ilrdc.tw/tow/2022/audio/word/3/07_27.wav"
"falalotong","spider","蜘蛛","https://ilrdc.tw/tow/2022/audio/word/3/07_28.wav"
"fotol","male reproductive organs","雄性動物生殖器官","https://ilrdc.tw/tow/2022/audio/word/3/07_29.wav"
"fohet","squirrel","松鼠","https://ilrdc.tw/tow/2022/audio/word/3/07_30.wav"
"kolafaw","vole","田鼠","https://ilrdc.tw/tow/2022/audio/word/3/07_31.wav"
"likes","mosquitoe","蚊子","https://ilrdc.tw/tow/2022/audio/word/3/07_32.wav"
"koto","head louse","頭蝨","https://ilrdc.tw/tow/2022/audio/word/3/07_33.wav"
"lalangaw","fly","蒼蠅","https://ilrdc.tw/tow/2022/audio/word/3/07_34.wav"
"’odal","honeybee","蜜蜂","https://ilrdc.tw/tow/2022/audio/word/3/07_35.wav"
" ’otoyan","male (animal)","雄性(動物)","https://ilrdc.tw/tow/2022/audio/word/3/07_36.wav"
"ciciw","suckling pig","乳豬","https://ilrdc.tw/tow/2022/audio/word/3/07_37.wav"
"howak","duck","鴨","https://ilrdc.tw/tow/2022/audio/word/3/07_38.wav"
"’arikak
","earthworm","蚯蚓","https://ilrdc.tw/tow/2022/audio/word/3/07_39.wav"
"tina’i","animal giblets","動物的內臟","https://ilrdc.tw/tow/2022/audio/word/3/07_40.wav"
"kakitiw","wasp","黃蜂","https://ilrdc.tw/tow/2022/audio/word/3/07_41.wav"
"’afar","shrimp","蝦","https://ilrdc.tw/tow/2022/audio/word/3/07_42.wav"
"eco","elephant","大象","https://ilrdc.tw/tow/2022/audio/word/3/07_43.wav"
" efa
","horse","馬","https://ilrdc.tw/tow/2022/audio/word/3/07_44.wav"
"tawinaan","female (animal)","雌性(動物)","https://ilrdc.tw/tow/2022/audio/word/3/07_45.wav"
"kalang","crab","螃蟹","https://ilrdc.tw/tow/2022/audio/word/3/07_46.wav"
"dadacdac","cicada","蟬","https://ilrdc.tw/tow/2022/audio/word/3/07_47.wav"
"lodak","hundred-pace snake","百步蛇","https://ilrdc.tw/tow/2022/audio/word/3/07_48.wav"
"sapikpik","wing","翅膀","https://ilrdc.tw/tow/2022/audio/word/3/07_49.wav"
"pidadoki","bat","蝙蝠","https://ilrdc.tw/tow/2022/audio/word/3/07_50.wav"
"katacomoli","snail","蝸牛","https://ilrdc.tw/tow/2022/audio/word/3/07_51.wav"
"’alic","sparrow","麻雀","https://ilrdc.tw/tow/2022/audio/word/3/07_52.wav"
"fararangad","stag beetle","鍬形蟲","https://ilrdc.tw/tow/2022/audio/word/3/07_53.wav"
"’alilis","eagle","老鷹","https://ilrdc.tw/tow/2022/audio/word/3/07_54.wav"
"kakonah","ant","螞蟻","https://ilrdc.tw/tow/2022/audio/word/3/07_55.wav"
"kaciw","goose","鵝","https://ilrdc.tw/tow/2022/audio/word/3/07_56.wav"
" celalono","waterbird","水鳥","https://ilrdc.tw/tow/2022/audio/word/3/07_57.wav"
"dipong ","nest","窩巢","https://ilrdc.tw/tow/2022/audio/word/3/07_58.wav"
"tatekoh","hornet","虎頭蜂","https://ilrdc.tw/tow/2022/audio/word/3/07_59.wav"
"’atimela","flea","跳蚤","https://ilrdc.tw/tow/2022/audio/word/3/07_60.wav"
"kakohkoh","cobra","眼鏡蛇","https://ilrdc.tw/tow/2022/audio/word/3/07_61.wav"
" ’anekak","crow","烏鴉","https://ilrdc.tw/tow/2022/audio/word/3/07_62.wav"
"totoy","puppy","幼犬","https://ilrdc.tw/tow/2022/audio/word/3/07_63.wav"
"pohong","horn","(動物的)角","https://ilrdc.tw/tow/2022/audio/word/3/07_64.wav"
"riri’","grasshopper","蚱蜢","https://ilrdc.tw/tow/2022/audio/word/3/07_65.wav"
"pawli","banana","香蕉","https://ilrdc.tw/tow/2022/audio/word/3/08_01.wav"
"panay","paddy","稻穀","https://ilrdc.tw/tow/2022/audio/word/3/08_02.wav"
"kilang","tree","樹","https://ilrdc.tw/tow/2022/audio/word/3/08_03.wav"
"tali","taro","芋頭","https://ilrdc.tw/tow/2022/audio/word/3/08_04.wav"
"tefos","sugar cane","甘蔗","https://ilrdc.tw/tow/2022/audio/word/3/08_05.wav"
"papah","leaf","葉子","https://ilrdc.tw/tow/2022/audio/word/3/08_06.wav"
"konga","sweet potato","甘藷","https://ilrdc.tw/tow/2022/audio/word/3/08_07.wav"
"mami’","tangerine","柑橘","https://ilrdc.tw/tow/2022/audio/word/3/08_08.wav"
"hana","flower","花朵","https://ilrdc.tw/tow/2022/audio/word/3/08_09.wav"
"tamorak","pumpkin","南瓜","https://ilrdc.tw/tow/2022/audio/word/3/08_10.wav"
"semot","weed","雜草","https://ilrdc.tw/tow/2022/audio/word/3/08_11.wav"
"’ariray
","corn","玉米","https://ilrdc.tw/tow/2022/audio/word/3/08_12.wav"
"’icep","betel nut","檳榔","https://ilrdc.tw/tow/2022/audio/word/3/08_13.wav"
"’aol","bamboo","竹子","https://ilrdc.tw/tow/2022/audio/word/3/08_14.wav"
"ca’ang","branch","樹枝","https://ilrdc.tw/tow/2022/audio/word/3/08_15.wav"
"heci","fruit","(植物的)果實","https://ilrdc.tw/tow/2022/audio/word/3/08_16.wav"
"tefo’","bamboo shoot","竹筍","https://ilrdc.tw/tow/2022/audio/word/3/08_17.wav"
"i’ic","edible mushroom","香菇","https://ilrdc.tw/tow/2022/audio/word/3/08_18.wav"
"talacay","pineapple","鳳梨","https://ilrdc.tw/tow/2022/audio/word/3/08_19.wav"
"rengos","grass","草","https://ilrdc.tw/tow/2022/audio/word/3/08_20.wav"
"’oway","rattan","藤類","https://ilrdc.tw/tow/2022/audio/word/3/08_21.wav"
"lopas","peach","桃子","https://ilrdc.tw/tow/2022/audio/word/3/08_22.wav"
"manowad","plum","李子","https://ilrdc.tw/tow/2022/audio/word/3/08_23.wav"
" losay","fruit","水果","https://ilrdc.tw/tow/2022/audio/word/3/08_24.wav"
"lamit","treetop","樹根","https://ilrdc.tw/tow/2022/audio/word/3/08_25.wav"
"tangoled","agaric","木耳","https://ilrdc.tw/tow/2022/audio/word/3/08_26.wav"
"tomato","tomatoe","蕃茄","https://ilrdc.tw/tow/2022/audio/word/3/08_27.wav"
"lamit","root","樹根","https://ilrdc.tw/tow/2022/audio/word/3/08_28.wav"
"caracar","wild lily","野百合","https://ilrdc.tw/tow/2022/audio/word/3/08_29.wav"
"lawilaw","giant elephant's ear","姑婆芋","https://ilrdc.tw/tow/2022/audio/word/3/08_30.wav"
"fida’ol","cucumber","胡瓜","https://ilrdc.tw/tow/2022/audio/word/3/08_31.wav"
"lokot","bird-nest fern","山蘇","https://ilrdc.tw/tow/2022/audio/word/3/08_32.wav"
"ningcing","carrot","胡蘿蔔","https://ilrdc.tw/tow/2022/audio/word/3/08_33.wav"
"ingcay","cabbage","空心菜","https://ilrdc.tw/tow/2022/audio/word/3/08_34.wav"
"kalitang","yard-long bean","長豆","https://ilrdc.tw/tow/2022/audio/word/3/08_35.wav"
"naniwac","green bean","綠豆","https://ilrdc.tw/tow/2022/audio/word/3/08_36.wav"
"emi","wheat","麥","https://ilrdc.tw/tow/2022/audio/word/3/08_37.wav"
"kenaw","green onion","蔥","https://ilrdc.tw/tow/2022/audio/word/3/08_38.wav"
"cengo’ no naniwac","bean sprout","豆芽","https://ilrdc.tw/tow/2022/audio/word/3/08_39.wav"
"payayoka","passion fruit","百香果","https://ilrdc.tw/tow/2022/audio/word/3/08_40.wav"
"korto’","yam","山藥","https://ilrdc.tw/tow/2022/audio/word/3/08_41.wav"
"hinoki","cypress","檜木","https://ilrdc.tw/tow/2022/audio/word/3/08_42.wav"
"sapaloma","seedling","幼苗","https://ilrdc.tw/tow/2022/audio/word/3/08_43.wav"
"sapal","seed","種子","https://ilrdc.tw/tow/2022/audio/word/3/08_44.wav"
"edok","wild strawberry","野草莓","https://ilrdc.tw/tow/2022/audio/word/3/08_45.wav"
"omi","plum","梅子","https://ilrdc.tw/tow/2022/audio/word/3/08_46.wav"
"paheko","vegetable fern","過貓","https://ilrdc.tw/tow/2022/audio/word/3/08_47.wav"
"sakola","Taiwan cherry","山櫻花","https://ilrdc.tw/tow/2022/audio/word/3/08_48.wav"
"sedeng","stinging nettle","咬人貓","https://ilrdc.tw/tow/2022/audio/word/3/08_49.wav"
"’imoc","mountain litsea","山胡椒","https://ilrdc.tw/tow/2022/audio/word/3/08_50.wav"
"fata’an","pigeon pea","樹豆","https://ilrdc.tw/tow/2022/audio/word/3/08_51.wav"
"karo’","grapefruit","柚子","https://ilrdc.tw/tow/2022/audio/word/3/08_52.wav"
"fingkes","tobacco","菸草","https://ilrdc.tw/tow/2022/audio/word/3/08_53.wav"
"damdam","pepper (generic term)","辣椒(通稱)","https://ilrdc.tw/tow/2022/audio/word/3/08_54.wav"
"parok","cotton","棉花","https://ilrdc.tw/tow/2022/audio/word/3/08_55.wav"
"konga","sweet potato","地瓜","https://ilrdc.tw/tow/2022/audio/word/3/08_56.wav"
"kiyafes","guava","番石榴","https://ilrdc.tw/tow/2022/audio/word/3/08_57.wav"
"codad","book","書","https://ilrdc.tw/tow/2022/audio/word/3/09_01.wav"
"payso","money","錢","https://ilrdc.tw/tow/2022/audio/word/3/09_02.wav"
"mali","ball","球","https://ilrdc.tw/tow/2022/audio/word/3/09_03.wav"
"parad","table","桌子","https://ilrdc.tw/tow/2022/audio/word/3/09_04.wav"
"tingwa","telephone","電話","https://ilrdc.tw/tow/2022/audio/word/3/09_05.wav"
"impic","pen","筆","https://ilrdc.tw/tow/2022/audio/word/3/09_06.wav"
"’anengan","chair","椅子","https://ilrdc.tw/tow/2022/audio/word/3/09_07.wav"
"sapaiyo","medicine","藥物","https://ilrdc.tw/tow/2022/audio/word/3/09_08.wav"
"tingnaw","computer","電腦","https://ilrdc.tw/tow/2022/audio/word/3/09_09.wav"
"linay","umbrella","雨傘","https://ilrdc.tw/tow/2022/audio/word/3/09_10.wav"
"toki","watch","手錶","https://ilrdc.tw/tow/2022/audio/word/3/09_11.wav"
"toki","clocks and watches","鐘錶","https://ilrdc.tw/tow/2022/audio/word/3/09_12.wav"
"sangawit","hook","鉤子","https://ilrdc.tw/tow/2022/audio/word/3/09_13.wav"
"keliw","fine line","細線","https://ilrdc.tw/tow/2022/audio/word/3/09_14.wav"
"towaso","rope","繩索","https://ilrdc.tw/tow/2022/audio/word/3/09_15.wav"
"rinom","needle","針","https://ilrdc.tw/tow/2022/audio/word/3/09_16.wav"
" ’asolo","wooden pestle","木杵","https://ilrdc.tw/tow/2022/audio/word/3/09_17.wav"
"ca’ang","twig"," 枝條","https://ilrdc.tw/tow/2022/audio/word/3/09_18.wav"
"safitay","sieve","篩子","https://ilrdc.tw/tow/2022/audio/word/3/09_19.wav"
"po’ot","knife","小刀","https://ilrdc.tw/tow/2022/audio/word/3/09_20.wav"
"lonan","ship","船隻","https://ilrdc.tw/tow/2022/audio/word/3/09_21.wav"
"sasa’it","scissor","剪刀","https://ilrdc.tw/tow/2022/audio/word/3/09_22.wav"
"’atang","charcoal","木炭","https://ilrdc.tw/tow/2022/audio/word/3/09_23.wav"
"fakici","bucket","水桶","https://ilrdc.tw/tow/2022/audio/word/3/09_24.wav"
"erid","fishing rod","釣竿","https://ilrdc.tw/tow/2022/audio/word/3/09_25.wav"
"tayhaw","bamboo tube","竹筒","https://ilrdc.tw/tow/2022/audio/word/3/09_26.wav"
"tingki","light","電燈","https://ilrdc.tw/tow/2022/audio/word/3/09_27.wav"
"satahaf","lid","蓋子","https://ilrdc.tw/tow/2022/audio/word/3/09_28.wav"
"sakelet","spatula","(竹製的)刮麻具","https://ilrdc.tw/tow/2022/audio/word/3/09_29.wav"
"’oning","filth","污垢","https://ilrdc.tw/tow/2022/audio/word/3/09_30.wav"
"tifekan","wooden mortar","木臼","https://ilrdc.tw/tow/2022/audio/word/3/09_31.wav"
"oray","quilt","棉被","https://ilrdc.tw/tow/2022/audio/word/3/09_32.wav"
"kaysing","bowl","碗","https://ilrdc.tw/tow/2022/audio/word/3/09_33.wav"
"salil","net","網子","https://ilrdc.tw/tow/2022/audio/word/3/09_34.wav"
"si’oy","rice cooker","飯鍋","https://ilrdc.tw/tow/2022/audio/word/3/09_35.wav"
"sarosaros","saw","鋸子","https://ilrdc.tw/tow/2022/audio/word/3/09_36.wav"
"tatipelok","paper","紙張","https://ilrdc.tw/tow/2022/audio/word/3/09_37.wav"
"satakid","cup","杯子","https://ilrdc.tw/tow/2022/audio/word/3/09_38.wav"
"sapatiked","fishing tackle","釣具","https://ilrdc.tw/tow/2022/audio/word/3/09_39.wav"
"lofoc","bag","袋子","https://ilrdc.tw/tow/2022/audio/word/3/09_40.wav"
"sakesir","turner","鍋鏟","https://ilrdc.tw/tow/2022/audio/word/3/09_41.wav"
"cakelis","axe","斧頭","https://ilrdc.tw/tow/2022/audio/word/3/09_42.wav"
"sa’atim","tong","夾子","https://ilrdc.tw/tow/2022/audio/word/3/09_43.wav"
"takar","bedding","床舖","https://ilrdc.tw/tow/2022/audio/word/3/09_44.wav"
"’akaway","stalk","梗","https://ilrdc.tw/tow/2022/audio/word/3/09_45.wav"
"dadingo","mirror","鏡子","https://ilrdc.tw/tow/2022/audio/word/3/09_46.wav"
"sakatayal","tool","工具","https://ilrdc.tw/tow/2022/audio/word/3/09_47.wav"
"dangah","wok","弧形(底)鍋","https://ilrdc.tw/tow/2022/audio/word/3/09_48.wav"
"’afadeng","charcoal ash","炭灰","https://ilrdc.tw/tow/2022/audio/word/3/09_49.wav"
"talid","bottle","瓶子","https://ilrdc.tw/tow/2022/audio/word/3/09_50.wav"
"kaliling","spoon","湯匙","https://ilrdc.tw/tow/2022/audio/word/3/09_51.wav"
"sala","dish","菜盤","https://ilrdc.tw/tow/2022/audio/word/3/09_52.wav"
"sasing","photograph","相片","https://ilrdc.tw/tow/2022/audio/word/3/09_53.wav"
"safon","soap","肥皂","https://ilrdc.tw/tow/2022/audio/word/3/09_54.wav"
"sasefsef","filter net","濾酒渣網","https://ilrdc.tw/tow/2022/audio/word/3/09_55.wav"
"sakadat","comb","梳子","https://ilrdc.tw/tow/2022/audio/word/3/09_56.wav"
"safafa","sling","揹帶","https://ilrdc.tw/tow/2022/audio/word/3/09_57.wav"
"sapihpih","fan","扇子","https://ilrdc.tw/tow/2022/audio/word/3/09_58.wav"
"dangah","stockpot","湯鍋","https://ilrdc.tw/tow/2022/audio/word/3/09_59.wav"
"paepa
","water ladle (for scooping water up)","水瓢(舀水用)","https://ilrdc.tw/tow/2022/audio/word/3/09_60.wav"
"pingsiyang","refrigerator","電冰箱","https://ilrdc.tw/tow/2022/audio/word/3/09_61.wav"
"tilifi","television","電視","https://ilrdc.tw/tow/2022/audio/word/3/09_62.wav"
"hoso","pipe","水管","https://ilrdc.tw/tow/2022/audio/word/3/09_63.wav"
"tatangalan","pillow","枕頭","https://ilrdc.tw/tow/2022/audio/word/3/09_64.wav"
"satoktok","hammer","鐵鎚","https://ilrdc.tw/tow/2022/audio/word/3/09_65.wav"
"pacek","Iron nail","鐵釘","https://ilrdc.tw/tow/2022/audio/word/3/09_66.wav"
"tingas","the thing stuck between the teeth","卡在牙縫之物","https://ilrdc.tw/tow/2022/audio/word/3/09_67.wav"
"sansan","cleaver","菜刀","https://ilrdc.tw/tow/2022/audio/word/3/09_68.wav"
"salil","fishing net","魚網","https://ilrdc.tw/tow/2022/audio/word/3/09_69.wav"
"sararop","eraser","橡皮擦","https://ilrdc.tw/tow/2022/audio/word/3/09_70.wav"
"kanas","basket","簍子","https://ilrdc.tw/tow/2022/audio/word/3/09_71.wav"
"lalan","road","道路","https://ilrdc.tw/tow/2022/audio/word/3/10_01.wav"
"lotolotokan","wooded mountain","山林","https://ilrdc.tw/tow/2022/audio/word/3/10_02.wav"
"cieci’","creek","小溪","https://ilrdc.tw/tow/2022/audio/word/3/10_03.wav"
"fali","wind","風","https://ilrdc.tw/tow/2022/audio/word/3/10_04.wav"
"tafok","sand","沙子","https://ilrdc.tw/tow/2022/audio/word/3/10_05.wav"
"sota’","soil","泥土","https://ilrdc.tw/tow/2022/audio/word/3/10_06.wav"
"’alo","stream","河流","https://ilrdc.tw/tow/2022/audio/word/3/10_07.wav"
"fanaw","lake","湖泊","https://ilrdc.tw/tow/2022/audio/word/3/10_08.wav"
"kilakilangan","forest","森林","https://ilrdc.tw/tow/2022/audio/word/3/10_09.wav"
"ngala’","crevice","縫隙","https://ilrdc.tw/tow/2022/audio/word/3/10_10.wav"
"dihif","cave","洞穴","https://ilrdc.tw/tow/2022/audio/word/3/10_11.wav"
"saenar","at the foot of the mountain","山腳","https://ilrdc.tw/tow/2022/audio/word/3/10_12.wav"
" ’apocok","mound","土堆、隆起物","https://ilrdc.tw/tow/2022/audio/word/3/10_13.wav"
"dihif","cavern","岩洞","https://ilrdc.tw/tow/2022/audio/word/3/10_14.wav"
"rengorengosan","grassland","草原","https://ilrdc.tw/tow/2022/audio/word/3/10_15.wav"
"ongsing","hot spring","溫泉","https://ilrdc.tw/tow/2022/audio/word/3/10_16.wav"
"sa’owac","canyon","峽谷","https://ilrdc.tw/tow/2022/audio/word/3/10_17.wav"
"dihif","cave","山洞","https://ilrdc.tw/tow/2022/audio/word/3/10_18.wav"
"’ongcoy","rock","岩石","https://ilrdc.tw/tow/2022/audio/word/3/10_19.wav"
"cascas","cascade","瀑布","https://ilrdc.tw/tow/2022/audio/word/3/10_20.wav"
"taporo","independent hill","獨立的小山頭","https://ilrdc.tw/tow/2022/audio/word/3/10_21.wav"
"tonotono’an","lofty mountains and steep hills","崇山峻嶺","https://ilrdc.tw/tow/2022/audio/word/3/10_22.wav"
"ma’orad","rainy","下雨","https://ilrdc.tw/tow/2022/audio/word/3/11_01.wav"
"cidal","sun","太陽","https://ilrdc.tw/tow/2022/audio/word/3/11_02.wav"
"folad","moon","月亮","https://ilrdc.tw/tow/2022/audio/word/3/11_03.wav"
"kakarayan","sky","天空","https://ilrdc.tw/tow/2022/audio/word/3/11_04.wav"
"fo’is","star","星星","https://ilrdc.tw/tow/2022/audio/word/3/11_05.wav"
"’orad","rain","雨","https://ilrdc.tw/tow/2022/audio/word/3/11_06.wav"
"soeda","snow","雪","https://ilrdc.tw/tow/2022/audio/word/3/11_07.wav"
"kasienawan","winter","冬天","https://ilrdc.tw/tow/2022/audio/word/3/11_08.wav"
"kaciherangan","summer","夏天","https://ilrdc.tw/tow/2022/audio/word/3/11_09.wav"
"kereng","thunder","雷","https://ilrdc.tw/tow/2022/audio/word/3/11_10.wav"
"’aresing","dew","露水","https://ilrdc.tw/tow/2022/audio/word/3/11_11.wav"
"kadit","cloud","雲","https://ilrdc.tw/tow/2022/audio/word/3/11_12.wav"
"’acofel","smoke","煙","https://ilrdc.tw/tow/2022/audio/word/3/11_13.wav"
"kalapiyat","lightning","閃電","https://ilrdc.tw/tow/2022/audio/word/3/11_14.wav"
"hadhad","dry land","旱田","https://ilrdc.tw/tow/2022/audio/word/3/11_15.wav"
"kotem","cloudy day","陰天","https://ilrdc.tw/tow/2022/audio/word/3/11_16.wav"
"namal","fire","火","https://ilrdc.tw/tow/2022/audio/word/3/11_17.wav"
"koli","ice","冰","https://ilrdc.tw/tow/2022/audio/word/3/11_18.wav"
"lonen","earthquake","地震","https://ilrdc.tw/tow/2022/audio/word/3/11_19.wav"
"’adingo","shadow","影子","https://ilrdc.tw/tow/2022/audio/word/3/11_20.wav"
"faliyos","typhoon","颱風","https://ilrdc.tw/tow/2022/audio/word/3/11_21.wav"
"soeda","frost","霜","https://ilrdc.tw/tow/2022/audio/word/3/11_22.wav"
"tera’","drip","水滴","https://ilrdc.tw/tow/2022/audio/word/3/11_23.wav"
"macedas","flood","水患","https://ilrdc.tw/tow/2022/audio/word/3/11_24.wav"
"kacanglahan","spring","春天","https://ilrdc.tw/tow/2022/audio/word/3/11_25.wav"
"riyar","seaside","海邊","https://ilrdc.tw/tow/2022/audio/word/3/11_26.wav"
"kalaloodan","autumn","秋天","https://ilrdc.tw/tow/2022/audio/word/3/11_27.wav"
"tilo ni Idek","rainbow","彩虹","https://ilrdc.tw/tow/2022/audio/word/3/11_28.wav"
"hakakerem","sunset","日落","https://ilrdc.tw/tow/2022/audio/word/3/11_29.wav"
"to’eman","dusk","天黑","https://ilrdc.tw/tow/2022/audio/word/3/11_30.wav"
"saesa’","stop raining","雨停","https://ilrdc.tw/tow/2022/audio/word/3/11_31.wav"
"mafaliyos","typhoon.","刮颱風","https://ilrdc.tw/tow/2022/audio/word/3/11_32.wav"
"conihar","sunrise","日出/黎明","https://ilrdc.tw/tow/2022/audio/word/3/11_33.wav"
"loma’","home","家","https://ilrdc.tw/tow/2022/audio/word/3/12_01.wav"
"sasingaran","window","窗戶","https://ilrdc.tw/tow/2022/audio/word/3/12_02.wav"
"safawahan","door","門","https://ilrdc.tw/tow/2022/audio/word/3/12_03.wav"
"pitilidan","school","學校","https://ilrdc.tw/tow/2022/audio/word/3/12_04.wav"
"fikeloh","stone","石頭","https://ilrdc.tw/tow/2022/audio/word/3/12_05.wav"
"fadahong","roof","屋頂","https://ilrdc.tw/tow/2022/audio/word/3/12_06.wav"
"kayakay","bridge","橋樑","https://ilrdc.tw/tow/2022/audio/word/3/12_07.wav"
"talo’an","shack","工寮","https://ilrdc.tw/tow/2022/audio/word/3/12_08.wav"
"tatahengan","toilet","廁所","https://ilrdc.tw/tow/2022/audio/word/3/12_09.wav"
"hecek","pillar","柱子","https://ilrdc.tw/tow/2022/audio/word/3/12_10.wav"
"’atol","rock pile","石堆","https://ilrdc.tw/tow/2022/audio/word/3/12_11.wav"
"talalokan","chicken coop","雞寮","https://ilrdc.tw/tow/2022/audio/word/3/12_12.wav"
"tokar","stair","樓梯","https://ilrdc.tw/tow/2022/audio/word/3/12_13.wav"
"potal","courtyard","庭院","https://ilrdc.tw/tow/2022/audio/word/3/12_14.wav"
"patih","wall","牆壁","https://ilrdc.tw/tow/2022/audio/word/3/12_15.wav"
"’ariri","barn","穀倉","https://ilrdc.tw/tow/2022/audio/word/3/12_16.wav"
"mifadahong","roofing","蓋屋頂","https://ilrdc.tw/tow/2022/audio/word/3/12_17.wav"
"mi’adipel","building a fence","搭建圍籬","https://ilrdc.tw/tow/2022/audio/word/3/12_18.wav"
"saikoran","backyard","後院","https://ilrdc.tw/tow/2022/audio/word/3/12_19.wav"
"roma miheca","next year","明年","https://ilrdc.tw/tow/2022/audio/word/3/13_01.wav"
"dadaya","evening","晚上","https://ilrdc.tw/tow/2022/audio/word/3/13_02.wav"
"inacila","yesterday","昨天","https://ilrdc.tw/tow/2022/audio/word/3/13_03.wav"
"anodafak","tomorrow","明天","https://ilrdc.tw/tow/2022/audio/word/3/13_04.wav"
"anini a romi’ad","today","今天","https://ilrdc.tw/tow/2022/audio/word/3/13_05.wav"
"dafak","morning","早上","https://ilrdc.tw/tow/2022/audio/word/3/13_06.wav"
"romi’ad","daytime","白天","https://ilrdc.tw/tow/2022/audio/word/3/13_07.wav"
"inaci:la","day before yesterday","前天","https://ilrdc.tw/tow/2022/audio/word/3/13_08.wav"
"kaconiharan","early morning","清晨","https://ilrdc.tw/tow/2022/audio/word/3/13_09.wav"
"to’eman","darkness","黑暗","https://ilrdc.tw/tow/2022/audio/word/3/13_10.wav"
"kakereman","toward evening","傍晚","https://ilrdc.tw/tow/2022/audio/word/3/13_11.wav"
"tongod","continue","接續","https://ilrdc.tw/tow/2022/audio/word/3/13_12.wav"
"lafii","midnight","半夜","https://ilrdc.tw/tow/2022/audio/word/3/13_13.wav"
"itiya","at that time","當時","https://ilrdc.tw/tow/2022/audio/word/3/13_14.wav"
"ici:la","three days ago","大前天","https://ilrdc.tw/tow/2022/audio/word/3/13_15.wav"
"anohoni","in a minute","待會兒","https://ilrdc.tw/tow/2022/audio/word/3/13_16.wav"
"anoci:la","three days later","大後天","https://ilrdc.tw/tow/2022/audio/word/3/13_17.wav"
"’edil","gleam","亮光","https://ilrdc.tw/tow/2022/audio/word/3/13_18.wav"
"anocila","the day after tomorrow","後天","https://ilrdc.tw/tow/2022/audio/word/3/13_19.wav"
"’ayaw no lahok","morning","上午","https://ilrdc.tw/tow/2022/audio/word/3/13_20.wav"
"ikor to","future","未來","https://ilrdc.tw/tow/2022/audio/word/3/13_21.wav"
"dadaya","night","夜","https://ilrdc.tw/tow/2022/audio/word/3/13_22.wav"
"kalakapahan","at an early age","年輕時","https://ilrdc.tw/tow/2022/audio/word/3/13_23.wav"
"cahocaho","in a short while","一下子","https://ilrdc.tw/tow/2022/audio/word/3/13_24.wav"
"herek no lahok","afternoon"," 下午","https://ilrdc.tw/tow/2022/audio/word/3/13_25.wav"
"tatokian","o’clock","(幾)點鐘","https://ilrdc.tw/tow/2022/audio/word/3/13_26.wav"
"pa’aliwacan","sunday","星期日","https://ilrdc.tw/tow/2022/audio/word/3/13_27.wav"
"miheca","year","年","https://ilrdc.tw/tow/2022/audio/word/3/13_28.wav"
"romi’ami’ad","everyday","天天","https://ilrdc.tw/tow/2022/audio/word/3/13_29.wav"
"anini","now"," 現在","https://ilrdc.tw/tow/2022/audio/word/3/13_30.wav"
"kahofocan","birthday","生日","https://ilrdc.tw/tow/2022/audio/word/3/13_31.wav"
"laloma’","inside","裡面","https://ilrdc.tw/tow/2022/audio/word/3/14_01.wav"
" sakacowa","somewhere","在某處","https://ilrdc.tw/tow/2022/audio/word/3/14_02.wav"
"fafaed","above","上面","https://ilrdc.tw/tow/2022/audio/word/3/14_03.wav"
"ka’ayaw","front","前面","https://ilrdc.tw/tow/2022/audio/word/3/14_04.wav"
"laeno","below","下面","https://ilrdc.tw/tow/2022/audio/word/3/14_05.wav"
"sifo’","middle","中間","https://ilrdc.tw/tow/2022/audio/word/3/14_06.wav"
"papotal","outside","外面","https://ilrdc.tw/tow/2022/audio/word/3/14_07.wav"
"tatihi","side","旁邊","https://ilrdc.tw/tow/2022/audio/word/3/14_08.wav"
"tokos","top","山頂","https://ilrdc.tw/tow/2022/audio/word/3/14_09.wav"
"kawanan","the right side","右邊","https://ilrdc.tw/tow/2022/audio/word/3/14_10.wav"
"kawili","the left side","左邊","https://ilrdc.tw/tow/2022/audio/word/3/14_11.wav"
"karicoco’","nook","角落","https://ilrdc.tw/tow/2022/audio/word/3/14_12.wav"
"kalaeno","beneath something","  某物之下","https://ilrdc.tw/tow/2022/audio/word/3/14_13.wav"
"ta’elif","pass","經過","https://ilrdc.tw/tow/2022/audio/word/3/14_14.wav"
"tangasa","(from somewhere) to somewhere","到達(某處)","https://ilrdc.tw/tow/2022/audio/word/3/14_15.wav"
"nai","from somewhere","從(某處)","https://ilrdc.tw/tow/2022/audio/word/3/14_16.wav"
"mi’ot’ot","hoeing","鋤草","https://ilrdc.tw/tow/2022/audio/word/3/15_01.wav"
"mikangkang","plowing","犁田","https://ilrdc.tw/tow/2022/audio/word/3/15_02.wav"
"paloma","sowing","播種","https://ilrdc.tw/tow/2022/audio/word/3/15_03.wav"
"sapal","seedling (action)","種苗(動作)","https://ilrdc.tw/tow/2022/audio/word/3/15_04.wav"
"fakar","grain drying box","穀物乾燥簍","https://ilrdc.tw/tow/2022/audio/word/3/15_05.wav"
"sakarot","plow","犁耙","https://ilrdc.tw/tow/2022/audio/word/3/15_06.wav"
"mamiya","scythe","鐮刀","https://ilrdc.tw/tow/2022/audio/word/3/15_07.wav"
"pitaw","backhoe","鋤頭","https://ilrdc.tw/tow/2022/audio/word/3/15_08.wav"
"’ariri","warehouse","倉庫","https://ilrdc.tw/tow/2022/audio/word/3/15_09.wav"
"pamatang","Open up","開墾","https://ilrdc.tw/tow/2022/audio/word/3/15_10.wav"
"’afo","manure","肥料","https://ilrdc.tw/tow/2022/audio/word/3/15_11.wav"
"sasiwasiw","grain sifters","篩穀器具","https://ilrdc.tw/tow/2022/audio/word/3/15_12.wav"
"mirohem","accelerate the ripening (of fruit)","催熟(果實)","https://ilrdc.tw/tow/2022/audio/word/3/15_13.wav"
"’asisiw","straw","稻草","https://ilrdc.tw/tow/2022/audio/word/3/15_14.wav"
"focol","bow","弓","https://ilrdc.tw/tow/2022/audio/word/3/16_01.wav"
"’idoc","spear","矛","https://ilrdc.tw/tow/2022/audio/word/3/16_02.wav"
"pana’","arrow","箭矢","https://ilrdc.tw/tow/2022/audio/word/3/16_03.wav"
"sapariri’","bait","餌","https://ilrdc.tw/tow/2022/audio/word/3/16_04.wav"
"kowang","gun","槍","https://ilrdc.tw/tow/2022/audio/word/3/16_05.wav"
"po’ot","hunting knife","獵刀","https://ilrdc.tw/tow/2022/audio/word/3/16_06.wav"
"fonos","straight hunting knife","直形獵刀","https://ilrdc.tw/tow/2022/audio/word/3/16_07.wav"
"pina’adop","prey (collectively)","獵物(統稱)","https://ilrdc.tw/tow/2022/audio/word/3/16_08.wav"
"pasalil","stone trap","下刺網","https://ilrdc.tw/tow/2022/audio/word/3/16_09.wav"
"fowa","noose trap","鬼頭刀魚","https://ilrdc.tw/tow/2022/audio/word/3/16_10.wav"
"takoyodan","basket","籃子","https://ilrdc.tw/tow/2022/audio/word/3/16_11.wav"
"fihkac","bird trap","捕鳥器/陷阱","https://ilrdc.tw/tow/2022/audio/word/3/16_12.wav"
"lisin","taboo","禁忌","https://ilrdc.tw/tow/2022/audio/word/3/17_01.wav"
"lemed","dream","夢","https://ilrdc.tw/tow/2022/audio/word/3/17_02.wav"
"sa’ir","witchcraft","巫術","https://ilrdc.tw/tow/2022/audio/word/3/17_03.wav"
"kiwkay","church","教會","https://ilrdc.tw/tow/2022/audio/word/3/17_04.wav"
"militapod","pas-vake","祖靈祭","https://ilrdc.tw/tow/2022/audio/word/3/17_05.wav"
"kawas","ghost","鬼魂","https://ilrdc.tw/tow/2022/audio/word/3/17_07.wav"
"sapi’edaw","witchcarft appliance (witch doctor use it for treatment)","法器(巫醫治病用)","https://ilrdc.tw/tow/2022/audio/word/3/17_08.wav"
"kafong","hat","帽子","https://ilrdc.tw/tow/2022/audio/word/3/18_01.wav"
"riko’","dress","衣服","https://ilrdc.tw/tow/2022/audio/word/3/18_02.wav"
"mitenooy","weave","編織","https://ilrdc.tw/tow/2022/audio/word/3/18_03.wav"
"pa’ayaw","belly band","肚兜","https://ilrdc.tw/tow/2022/audio/word/3/18_04.wav"
"capay","men’s earring","男用耳環","https://ilrdc.tw/tow/2022/audio/word/3/18_05.wav"
"fiting","women’s earring","女用耳環","https://ilrdc.tw/tow/2022/audio/word/3/18_06.wav"
"kafer","pants","褲子","https://ilrdc.tw/tow/2022/audio/word/3/18_07.wav"
"macicih","torn","破掉","https://ilrdc.tw/tow/2022/audio/word/3/18_08.wav"
"tapodo","headdress","頭飾","https://ilrdc.tw/tow/2022/audio/word/3/18_09.wav"
"sakawit","netting needle","編網針","https://ilrdc.tw/tow/2022/audio/word/3/18_10.wav"
"inapil","belt","腰帶","https://ilrdc.tw/tow/2022/audio/word/3/18_11.wav"
"mowa","ramie","苧麻","https://ilrdc.tw/tow/2022/audio/word/3/18_12.wav"
"micengel","stain","染色","https://ilrdc.tw/tow/2022/audio/word/3/18_13.wav"
"pafolis","floating fabric","浮織","https://ilrdc.tw/tow/2022/audio/word/3/18_14.wav"
"kafer","women’s long pant","女性長褲","https://ilrdc.tw/tow/2022/audio/word/3/18_15.wav"
"keliw no mowa","boehmeria thread","苧麻線","https://ilrdc.tw/tow/2022/audio/word/3/18_16.wav"
"kiradom","cloth","布匹","https://ilrdc.tw/tow/2022/audio/word/3/18_17.wav"
"sa’eres","makeup and accessories","妝扮飾物","https://ilrdc.tw/tow/2022/audio/word/3/18_18.wav"
"kiping","traditional blouse","傳統女上衣","https://ilrdc.tw/tow/2022/audio/word/3/18_19.wav"
"talip","traditional skirt","傳統女裙","https://ilrdc.tw/tow/2022/audio/word/3/18_20.wav"
"cokap","shoe","鞋子","https://ilrdc.tw/tow/2022/audio/word/3/18_21.wav"
"safafa","baby carrier","揹小孩的背帶","https://ilrdc.tw/tow/2022/audio/word/3/18_22.wav"
"talip","skirt","裙子","https://ilrdc.tw/tow/2022/audio/word/3/18_24.wav"
"pacacoy","codpiece","男用遮陰布","https://ilrdc.tw/tow/2022/audio/word/3/18_25.wav"
"roto","men’s mesh bag","男用背負網袋","https://ilrdc.tw/tow/2022/audio/word/3/18_26.wav"
"pi’ayaw","breastplate","擋胸巾","https://ilrdc.tw/tow/2022/audio/word/3/18_27.wav"
"ca’edongan","sleeve","袖子","https://ilrdc.tw/tow/2022/audio/word/3/18_28.wav"
"kiping","jacket","上衣","https://ilrdc.tw/tow/2022/audio/word/3/18_29.wav"
"renget","headband (for women’s backpack)","頭帶(女用背籃用)","https://ilrdc.tw/tow/2022/audio/word/3/18_30.wav"
"nikaeredan","vegetarian linen thread for weaving","織布用的素麻線","https://ilrdc.tw/tow/2022/audio/word/3/18_31.wav"
"mikelet","scrape ramie","刮苧麻","https://ilrdc.tw/tow/2022/audio/word/3/18_32.wav"
"faroro","bamboom back basket","女用揹籃","https://ilrdc.tw/tow/2022/audio/word/3/19_01.wav"
"tararoan","round bamboo basket","圓形竹簍","https://ilrdc.tw/tow/2022/audio/word/3/19_02.wav"
"pasu","bus","公車","https://ilrdc.tw/tow/2022/audio/word/3/20_01.wav"
"koliciw","bicycle","腳踏車","https://ilrdc.tw/tow/2022/audio/word/3/20_02.wav"
"siyataw","station","車站","https://ilrdc.tw/tow/2022/audio/word/3/20_03.wav"
"tayya","tire","輪胎","https://ilrdc.tw/tow/2022/audio/word/3/20_04.wav"
"lonan","ship","船","https://ilrdc.tw/tow/2022/audio/word/3/20_05.wav"
"paliding","car","車子","https://ilrdc.tw/tow/2022/audio/word/3/20_06.wav"
"cinamalay","train","火車","https://ilrdc.tw/tow/2022/audio/word/3/20_07.wav"
"hemay","rice","飯","https://ilrdc.tw/tow/2022/audio/word/3/21_01.wav"
"nanom","water","水","https://ilrdc.tw/tow/2022/audio/word/3/21_02.wav"
"felac","rice","白米","https://ilrdc.tw/tow/2022/audio/word/3/21_03.wav"
"sikaen","dish","菜餚","https://ilrdc.tw/tow/2022/audio/word/3/21_04.wav"
"kolang","green vegetable","青菜","https://ilrdc.tw/tow/2022/audio/word/3/21_05.wav"
" epah
","wine","酒","https://ilrdc.tw/tow/2022/audio/word/3/21_06.wav"
"cilah","salt","鹽","https://ilrdc.tw/tow/2022/audio/word/3/21_07.wav"
"’odax
","honey","蜜","https://ilrdc.tw/tow/2022/audio/word/3/21_08.wav"
"fita’ol","egg","蛋","https://ilrdc.tw/tow/2022/audio/word/3/21_09.wav"
"simal","oil","油","https://ilrdc.tw/tow/2022/audio/word/3/21_10.wav"
"sanek","taste","味道","https://ilrdc.tw/tow/2022/audio/word/3/21_11.wav"
"kohaw","soup","湯","https://ilrdc.tw/tow/2022/audio/word/3/21_12.wav"
"rara’","beans","豆類","https://ilrdc.tw/tow/2022/audio/word/3/21_13.wav"
"saytaw","daikon","白蘿蔔","https://ilrdc.tw/tow/2022/audio/word/3/21_14.wav"
" ’asad","grain","穀粒","https://ilrdc.tw/tow/2022/audio/word/3/21_15.wav"
"falinono","glutinous rice","糯米","https://ilrdc.tw/tow/2022/audio/word/3/21_16.wav"
"holo","porridge","粥","https://ilrdc.tw/tow/2022/audio/word/3/21_17.wav"
"hafay","millet","小米","https://ilrdc.tw/tow/2022/audio/word/3/21_18.wav"
"waneng","sugar","糖","https://ilrdc.tw/tow/2022/audio/word/3/21_19.wav"
"titi","pork","豬肉","https://ilrdc.tw/tow/2022/audio/word/3/21_20.wav"
"walay","noodle","麵","https://ilrdc.tw/tow/2022/audio/word/3/21_21.wav"
"taw’iw","soy sauce","醬油","https://ilrdc.tw/tow/2022/audio/word/3/21_22.wav"
"tipos","indica rice","在來米","https://ilrdc.tw/tow/2022/audio/word/3/21_23.wav"
"afih","rice bran","米糠","https://ilrdc.tw/tow/2022/audio/word/3/21_24.wav"
"otong","flour","麵粉","https://ilrdc.tw/tow/2022/audio/word/3/21_25.wav"
"kohcalay","white","白色","https://ilrdc.tw/tow/2022/audio/word/3/22_01.wav"
"kohtingay","black","黑色","https://ilrdc.tw/tow/2022/audio/word/3/22_02.wav"
"kahngangay","red","紅色","https://ilrdc.tw/tow/2022/audio/word/3/22_03.wav"
"maloloay","purple","紫色的","https://ilrdc.tw/tow/2022/audio/word/3/22_04.wav"
"kaliyalaway","yellow","黃色的","https://ilrdc.tw/tow/2022/audio/word/3/22_05.wav"
"makorahay","brown","咖啡色","https://ilrdc.tw/tow/2022/audio/word/3/22_06.wav"
"apelahay","grey","灰色","https://ilrdc.tw/tow/2022/audio/word/3/22_07.wav"
"kandaway","green","綠色","https://ilrdc.tw/tow/2022/audio/word/3/22_08.wav"
"cengel","color","顏色","https://ilrdc.tw/tow/2022/audio/word/3/22_09.wav"
" ’aw’aw","dog bark","狗吠聲","https://ilrdc.tw/tow/2022/audio/word/3/23_01.wav"
"radiw","song","歌","https://ilrdc.tw/tow/2022/audio/word/3/23_02.wav"
"katengilan","it is said...","聽說","https://ilrdc.tw/tow/2022/audio/word/3/24_01.wav"
"tomeked","alone","獨自一人","https://ilrdc.tw/tow/2022/audio/word/3/24_02.wav"
"lecad","identical","相同","https://ilrdc.tw/tow/2022/audio/word/3/24_03.wav"
"niyaro’","tribe","部落","https://ilrdc.tw/tow/2022/audio/word/3/24_04.wav"
"romi’ad","day","日子","https://ilrdc.tw/tow/2022/audio/word/3/24_05.wav"
"hai","yes","是的","https://ilrdc.tw/tow/2022/audio/word/3/24_06.wav"
"sowal","language","語言","https://ilrdc.tw/tow/2022/audio/word/3/24_07.wav"
"’icel","strength","力量","https://ilrdc.tw/tow/2022/audio/word/3/24_08.wav"
"patosokan","target","目標","https://ilrdc.tw/tow/2022/audio/word/3/24_09.wav"
"serangawan","culture","文化","https://ilrdc.tw/tow/2022/audio/word/3/24_10.wav"
"tatodong","meaning","意義","https://ilrdc.tw/tow/2022/audio/word/3/24_11.wav"
"pataloma’","get married","結婚","https://ilrdc.tw/tow/2022/audio/word/3/24_12.wav"
"kasasiromaroma","various","各色各樣","https://ilrdc.tw/tow/2022/audio/word/3/24_13.wav"
"’aca","price","價格","https://ilrdc.tw/tow/2022/audio/word/3/24_14.wav"
"kalomaan","purpose","用途","https://ilrdc.tw/tow/2022/audio/word/3/24_15.wav"
"kalaramod","marriage","婚姻","https://ilrdc.tw/tow/2022/audio/word/3/24_16.wav"
"apac","late","遲到","https://ilrdc.tw/tow/2022/audio/word/3/24_17.wav"
" edef
","close","關上","https://ilrdc.tw/tow/2022/audio/word/3/25_01.wav"
"pa’aca","sell","賣","https://ilrdc.tw/tow/2022/audio/word/3/25_02.wav"
"tayra","go","去","https://ilrdc.tw/tow/2022/audio/word/3/25_03.wav"
"fohat","open","打開","https://ilrdc.tw/tow/2022/audio/word/3/25_04.wav"
"katayni","come here","(叫人)過來","https://ilrdc.tw/tow/2022/audio/word/3/25_05.wav"
"mi’aca","buy","買","https://ilrdc.tw/tow/2022/audio/word/3/25_06.wav"
"pafeli","give","給","https://ilrdc.tw/tow/2022/audio/word/3/25_07.wav"
"ati","come","來","https://ilrdc.tw/tow/2022/audio/word/3/25_08.wav"
"caliw","lend","借","https://ilrdc.tw/tow/2022/audio/word/3/25_09.wav"
"romakat","walk","走路","https://ilrdc.tw/tow/2022/audio/word/3/25_10.wav"
"liyas","go (away)","走(離開)","https://ilrdc.tw/tow/2022/audio/word/3/25_11.wav"
"efer","fly","飛","https://ilrdc.tw/tow/2022/audio/word/3/25_12.wav"
"kacomikay","run (imperatives)","跑 (祈使)","https://ilrdc.tw/tow/2022/audio/word/3/25_13.wav"
"tangasa","arrival","抵達","https://ilrdc.tw/tow/2022/audio/word/3/25_14.wav"
"palada’","see a visitor out","分送(給人)","https://ilrdc.tw/tow/2022/audio/word/3/25_15.wav"
"milaliw","flee","逃跑","https://ilrdc.tw/tow/2022/audio/word/3/25_16.wav"
"comod","enter","進入","https://ilrdc.tw/tow/2022/audio/word/3/25_17.wav"
"tapolong","overturn","翻倒","https://ilrdc.tw/tow/2022/audio/word/3/25_18.wav"
"tatoy","take away","拿(走)","https://ilrdc.tw/tow/2022/audio/word/3/25_19.wav"
"laplap","get rid of...","趕走","https://ilrdc.tw/tow/2022/audio/word/3/25_20.wav"
"patatiko","turn back","折返","https://ilrdc.tw/tow/2022/audio/word/3/25_21.wav"
"molahad","growth","(植物)生長","https://ilrdc.tw/tow/2022/audio/word/3/25_22.wav"
"paliyas","get out of the way","讓開","https://ilrdc.tw/tow/2022/audio/word/3/25_23.wav"
"pasinofo","present","贈送(禮物)","https://ilrdc.tw/tow/2022/audio/word/3/25_24.wav"
"mililis","along the mountains","沿著山巒","https://ilrdc.tw/tow/2022/audio/word/3/25_25.wav"
"mafonor","drop","(植物的果實)掉落","https://ilrdc.tw/tow/2022/audio/word/3/25_26.wav"
"macokacok","uphill","(往)上坡","https://ilrdc.tw/tow/2022/audio/word/3/25_27.wav"
"litemoh","call for","接(人)","https://ilrdc.tw/tow/2022/audio/word/3/25_28.wav"
"lakec","crossing the stream","越溪而過","https://ilrdc.tw/tow/2022/audio/word/3/25_29.wav"
"milada’","ask","向人家要(東西)","https://ilrdc.tw/tow/2022/audio/word/3/25_30.wav"
" seni’
","pour","倒(水)","https://ilrdc.tw/tow/2022/audio/word/3/25_31.wav"
"pasayra","go","走(向某個方向)","https://ilrdc.tw/tow/2022/audio/word/3/25_32.wav"
"milalad","climb","(藤類植物)攀爬","https://ilrdc.tw/tow/2022/audio/word/3/25_33.wav"
"mirarakat","take a stroll","逛一逛","https://ilrdc.tw/tow/2022/audio/word/3/25_34.wav"
"laop","chase after","追","https://ilrdc.tw/tow/2022/audio/word/3/25_35.wav"
"takop","catch up","趕上","https://ilrdc.tw/tow/2022/audio/word/3/25_36.wav"
"pedoc","slip off","滑掉","https://ilrdc.tw/tow/2022/audio/word/3/25_37.wav"
"lacinowas","separate","分開","https://ilrdc.tw/tow/2022/audio/word/3/25_38.wav"
"hawikid","carry (e.g. with umbrella)"," 攜帶(如帶傘)","https://ilrdc.tw/tow/2022/audio/word/3/25_39.wav"
"ca’edong","put on (e.g. cloth)","穿(傳統服飾)","https://ilrdc.tw/tow/2022/audio/word/3/25_40.wav"
"cikafong","wear (e.g. hat)"," 戴(如戴帽子)","https://ilrdc.tw/tow/2022/audio/word/3/25_41.wav"
"sadak","appear","出現","https://ilrdc.tw/tow/2022/audio/word/3/25_42.wav"
"maro’","sitting"," 坐著","https://ilrdc.tw/tow/2022/audio/word/3/25_43.wav"
"tomireng","standing"," 站著","https://ilrdc.tw/tow/2022/audio/word/3/25_44.wav"
" edef
","shut (e.g. door,window)"," 關(門；窗)","https://ilrdc.tw/tow/2022/audio/word/3/25_45.wav"
"tatayni","coming","要來","https://ilrdc.tw/tow/2022/audio/word/3/25_46.wav"
"tayni to","have been here before","來過","https://ilrdc.tw/tow/2022/audio/word/3/25_47.wav"
"tayra to","gone"," 去了","https://ilrdc.tw/tow/2022/audio/word/3/25_48.wav"
"nafoy","crawl","爬行","https://ilrdc.tw/tow/2022/audio/word/3/25_49.wav"
"nengneng han","look like..."," 看起來","https://ilrdc.tw/tow/2022/audio/word/3/25_50.wav"
"miliso’","visit","拜訪","https://ilrdc.tw/tow/2022/audio/word/3/25_51.wav"
"masadak","go out"," 出去","https://ilrdc.tw/tow/2022/audio/word/3/25_52.wav"
"mitakod","jump","跳躍","https://ilrdc.tw/tow/2022/audio/word/3/26_01.wav"
"makero","dance","跳舞","https://ilrdc.tw/tow/2022/audio/word/3/26_02.wav"
"maro’","sit down","坐下","https://ilrdc.tw/tow/2022/audio/word/3/26_03.wav"
"romoho","bend over","彎腰","https://ilrdc.tw/tow/2022/audio/word/3/26_04.wav"
"ca’it","hang","掛","https://ilrdc.tw/tow/2022/audio/word/3/26_05.wav"
"mimali","play (e.g. ball)","玩(球)","https://ilrdc.tw/tow/2022/audio/word/3/26_06.wav"
"ala","pick up","拿取","https://ilrdc.tw/tow/2022/audio/word/3/26_07.wav"
"patepih","punch (e.g. people)","打(人)","https://ilrdc.tw/tow/2022/audio/word/3/26_08.wav"
"cocok","sting","刺","https://ilrdc.tw/tow/2022/audio/word/3/26_09.wav"
"mikowang","shoot","射擊","https://ilrdc.tw/tow/2022/audio/word/3/26_10.wav"
"mapolin","stumble","跌倒","https://ilrdc.tw/tow/2022/audio/word/3/26_11.wav"
"tenok","kick","踢","https://ilrdc.tw/tow/2022/audio/word/3/26_12.wav"
"cikeroh","push","推","https://ilrdc.tw/tow/2022/audio/word/3/26_13.wav"
"miletek","felled","砍伐","https://ilrdc.tw/tow/2022/audio/word/3/26_14.wav"
"ngoyangoy","shake","搖動","https://ilrdc.tw/tow/2022/audio/word/3/26_15.wav"
"petek","break","折斷","https://ilrdc.tw/tow/2022/audio/word/3/26_16.wav"
"mirmir","tremble","發抖","https://ilrdc.tw/tow/2022/audio/word/3/26_17.wav"
"koskos","scratch itching","抓癢","https://ilrdc.tw/tow/2022/audio/word/3/26_18.wav"
"mikalic","climb","爬上(去)","https://ilrdc.tw/tow/2022/audio/word/3/26_19.wav"
"wakang","lie down","躺","https://ilrdc.tw/tow/2022/audio/word/3/26_20.wav"
"fafa","carry (somebody)","揹(人)","https://ilrdc.tw/tow/2022/audio/word/3/26_21.wav"
"pelpel","smash to pieces","敲碎","https://ilrdc.tw/tow/2022/audio/word/3/26_22.wav"
"tamorong","carry on one’s shoulder","扛","https://ilrdc.tw/tow/2022/audio/word/3/26_23.wav"
"wadwad","flip","翻動","https://ilrdc.tw/tow/2022/audio/word/3/26_24.wav"
"mamoli","roll down","滾落","https://ilrdc.tw/tow/2022/audio/word/3/26_25.wav"
"masongtol","bump into","撞到","https://ilrdc.tw/tow/2022/audio/word/3/26_26.wav"
" ’afofo
","hold","抱著","https://ilrdc.tw/tow/2022/audio/word/3/26_27.wav"
"’iyof
","blow","吹","https://ilrdc.tw/tow/2022/audio/word/3/26_28.wav"
"karkar","dig","挖掘","https://ilrdc.tw/tow/2022/audio/word/3/26_29.wav"
"cikcik","cut","切","https://ilrdc.tw/tow/2022/audio/word/3/26_30.wav"
"dangoy","swim","游泳","https://ilrdc.tw/tow/2022/audio/word/3/26_31.wav"
"simed","hide","藏起來","https://ilrdc.tw/tow/2022/audio/word/3/26_32.wav"
"repet","catch","抓(如抓到動物)","https://ilrdc.tw/tow/2022/audio/word/3/26_33.wav"
"letek","chop","砍","https://ilrdc.tw/tow/2022/audio/word/3/26_34.wav"
"koyod","carry (something)","揹負(物品)","https://ilrdc.tw/tow/2022/audio/word/3/26_35.wav"
"sakilac","divide","分(東西)","https://ilrdc.tw/tow/2022/audio/word/3/26_36.wav"
"tokad","cut open","剖切","https://ilrdc.tw/tow/2022/audio/word/3/26_37.wav"
"sefet","tie it up","綁住","https://ilrdc.tw/tow/2022/audio/word/3/26_38.wav"
"tengteng","pull","拉","https://ilrdc.tw/tow/2022/audio/word/3/26_39.wav"
"pela’","split","劈(木材)","https://ilrdc.tw/tow/2022/audio/word/3/26_40.wav"
"pintoh","rip","扯斷","https://ilrdc.tw/tow/2022/audio/word/3/26_41.wav"
"tatoy","draw (a bow)","提著","https://ilrdc.tw/tow/2022/audio/word/3/26_42.wav"
"mamet","hold it","緊握","https://ilrdc.tw/tow/2022/audio/word/3/26_43.wav"
"falod","bundle","捆綁","https://ilrdc.tw/tow/2022/audio/word/3/26_44.wav"
"penec","hold down","按住","https://ilrdc.tw/tow/2022/audio/word/3/26_45.wav"
"sodoc","pull out","拔出","https://ilrdc.tw/tow/2022/audio/word/3/26_46.wav"
"pili’","select","挑選","https://ilrdc.tw/tow/2022/audio/word/3/26_47.wav"
"rasiras","spill","散撒","https://ilrdc.tw/tow/2022/audio/word/3/26_48.wav"
"tekek","peck","啄","https://ilrdc.tw/tow/2022/audio/word/3/26_49.wav"
"pahecek","plug","插","https://ilrdc.tw/tow/2022/audio/word/3/26_50.wav"
"taring","pile up","堆積","https://ilrdc.tw/tow/2022/audio/word/3/26_51.wav"
"colo’","move","搬運","https://ilrdc.tw/tow/2022/audio/word/3/26_52.wav"
"fi’enot","pluck","拔出","https://ilrdc.tw/tow/2022/audio/word/3/26_53.wav"
"kiwakiw","stirring","攪動","https://ilrdc.tw/tow/2022/audio/word/3/26_54.wav"
"paekel","hold it down","壓住","https://ilrdc.tw/tow/2022/audio/word/3/26_55.wav"
"kirikiri’","scratch and itch","搔癢","https://ilrdc.tw/tow/2022/audio/word/3/26_56.wav"
"metmet","make a fist","握拳","https://ilrdc.tw/tow/2022/audio/word/3/26_57.wav"
"peco’","pluck","摘取","https://ilrdc.tw/tow/2022/audio/word/3/26_58.wav"
"ngoyangoy","shaking","晃動","https://ilrdc.tw/tow/2022/audio/word/3/26_59.wav"
"foheci","peel (peanuts; beans)","剝(花生；豆類)","https://ilrdc.tw/tow/2022/audio/word/3/26_60.wav"
"lakec","wade across the water","涉水而過","https://ilrdc.tw/tow/2022/audio/word/3/26_61.wav"
"satepihtepih","vibrate","振動","https://ilrdc.tw/tow/2022/audio/word/3/26_62.wav"
"mitafo","packing","打包","https://ilrdc.tw/tow/2022/audio/word/3/26_63.wav"
"kitos","harvest","採收","https://ilrdc.tw/tow/2022/audio/word/3/26_64.wav"
"cadiw","sharpen","(將器具)磨利","https://ilrdc.tw/tow/2022/audio/word/3/26_65.wav"
"ngiyangi","swing","(搖)動","https://ilrdc.tw/tow/2022/audio/word/3/26_66.wav"
"milepel","hunt and capture","追捕","https://ilrdc.tw/tow/2022/audio/word/3/26_67.wav"
"folfol","shatter","打碎","https://ilrdc.tw/tow/2022/audio/word/3/26_68.wav"
"polin","fall","倒(下)","https://ilrdc.tw/tow/2022/audio/word/3/26_69.wav"
"liyoc","twist","扭轉","https://ilrdc.tw/tow/2022/audio/word/3/26_70.wav"
"patireng","stand","豎立","https://ilrdc.tw/tow/2022/audio/word/3/26_71.wav"
"sakasak","trample on","踩踏","https://ilrdc.tw/tow/2022/audio/word/3/26_72.wav"
"hawang","cross over","跨過","https://ilrdc.tw/tow/2022/audio/word/3/26_73.wav"
"kerit","cut","割","https://ilrdc.tw/tow/2022/audio/word/3/26_74.wav"
"’emec","pinch","掐住","https://ilrdc.tw/tow/2022/audio/word/3/26_75.wav"
"paekel","repress","壓制","https://ilrdc.tw/tow/2022/audio/word/3/26_76.wav"
"pakaen","feed","餵食","https://ilrdc.tw/tow/2022/audio/word/3/26_77.wav"
"repet","arrest","捕抓","https://ilrdc.tw/tow/2022/audio/word/3/26_78.wav"
"’owal","pry open","撬開","https://ilrdc.tw/tow/2022/audio/word/3/26_79.wav"
"ripa’","step","(用腳)踏","https://ilrdc.tw/tow/2022/audio/word/3/26_80.wav"
"piepi","squash","壓扁","https://ilrdc.tw/tow/2022/audio/word/3/26_81.wav"
"mipodac","skin","剝皮","https://ilrdc.tw/tow/2022/audio/word/3/26_82.wav"
"sipasip","rub (e.g. lipstick; paint)","擦(如口紅；油漆)","https://ilrdc.tw/tow/2022/audio/word/3/26_83.wav"
"wadwad","flipping","亂翻","https://ilrdc.tw/tow/2022/audio/word/3/26_84.wav"
"lotlot","tumble","揉皺(衣物)","https://ilrdc.tw/tow/2022/audio/word/3/26_85.wav"
"micangeray","lean on","靠著","https://ilrdc.tw/tow/2022/audio/word/3/26_86.wav"
"sapedec","whip","鞭打","https://ilrdc.tw/tow/2022/audio/word/3/26_87.wav"
"tokinir","lie on the side","側臥","https://ilrdc.tw/tow/2022/audio/word/3/26_88.wav"
"mipodac","skin","削(水果)","https://ilrdc.tw/tow/2022/audio/word/3/26_89.wav"
"mika’ered","twisting","捻線","https://ilrdc.tw/tow/2022/audio/word/3/26_90.wav"
"sa’it","cut","剪","https://ilrdc.tw/tow/2022/audio/word/3/26_91.wav"
"tistis","cut off","砍除","https://ilrdc.tw/tow/2022/audio/word/3/26_92.wav"
"kawih","wave","招手","https://ilrdc.tw/tow/2022/audio/word/3/26_93.wav"
"setel","chop (meat)","剁","https://ilrdc.tw/tow/2022/audio/word/3/26_94.wav"
"tifek","beat","搗","https://ilrdc.tw/tow/2022/audio/word/3/26_95.wav"
"malapalo","fight","打架","https://ilrdc.tw/tow/2022/audio/word/3/26_96.wav"
"coeco","squeeze","擠","https://ilrdc.tw/tow/2022/audio/word/3/26_97.wav"
"ocekoy","lower your head down","低下頭","https://ilrdc.tw/tow/2022/audio/word/3/26_98.wav"
"taroh","pull (up)","拉(上來)","https://ilrdc.tw/tow/2022/audio/word/3/26_99.wav"
"korkor","dig","(用手)挖掘","https://ilrdc.tw/tow/2022/audio/word/3/26_100.wav"
"mitolak","peeling the bark of a tree","剝樹皮","https://ilrdc.tw/tow/2022/audio/word/3/26_101.wav"
"micoka","draw"," 畫圖","https://ilrdc.tw/tow/2022/audio/word/3/26_102.wav"
"simaanay","arbitrary"," 隨意","https://ilrdc.tw/tow/2022/audio/word/3/26_103.wav"
"hekakan","squat down","蹲下","https://ilrdc.tw/tow/2022/audio/word/3/26_104.wav"
"tomireng","stand up"," 起立","https://ilrdc.tw/tow/2022/audio/word/3/26_105.wav"
"kaen","eat","吃","https://ilrdc.tw/tow/2022/audio/word/3/27_01.wav"
"helip","suck in","吸","https://ilrdc.tw/tow/2022/audio/word/3/27_02.wav"
"minanom","drink","喝(水)","https://ilrdc.tw/tow/2022/audio/word/3/27_03.wav"
"mota’","vomit","吐","https://ilrdc.tw/tow/2022/audio/word/3/27_04.wav"
"kalat","bite","咬","https://ilrdc.tw/tow/2022/audio/word/3/27_05.wav"
"mero","swallow","吞嚥","https://ilrdc.tw/tow/2022/audio/word/3/27_06.wav"
"’enoc","swallow","吞下","https://ilrdc.tw/tow/2022/audio/word/3/27_07.wav"
"macedet","get burnt","燙到","https://ilrdc.tw/tow/2022/audio/word/3/27_08.wav"
"si’ed","choke (on)","噎到","https://ilrdc.tw/tow/2022/audio/word/3/27_09.wav"
"mafecol","full","飽食","https://ilrdc.tw/tow/2022/audio/word/3/27_10.wav"
"kemkem","chew","咀嚼","https://ilrdc.tw/tow/2022/audio/word/3/27_11.wav"
"so’aw","thirsty","渴","https://ilrdc.tw/tow/2022/audio/word/3/27_12.wav"
"’it’it","nibble","啃","https://ilrdc.tw/tow/2022/audio/word/3/27_13.wav"
"cahiw","hungry","餓","https://ilrdc.tw/tow/2022/audio/word/3/27_14.wav"
"komaen","eat","吃(東西)","https://ilrdc.tw/tow/2022/audio/word/3/27_15.wav"
"maranam","have breakfast","吃早餐","https://ilrdc.tw/tow/2022/audio/word/3/27_16.wav"
"malahok","have lunch","吃午餐","https://ilrdc.tw/tow/2022/audio/word/3/27_17.wav"
"malafi","have dinner","吃晚餐","https://ilrdc.tw/tow/2022/audio/word/3/27_18.wav"
"tatikeda","come across","遇到","https://ilrdc.tw/tow/2022/audio/word/3/28_01.wav"
"mafana’","know","知道","https://ilrdc.tw/tow/2022/audio/word/3/28_02.wav"
"nengneng","see","看","https://ilrdc.tw/tow/2022/audio/word/3/28_03.wav"
"sowal","say","說","https://ilrdc.tw/tow/2022/audio/word/3/28_04.wav"
"tawalen","forget (imperatives)","忘記(祈使)","https://ilrdc.tw/tow/2022/audio/word/3/28_05.wav"
"kecec","close (your) eyes","閉(眼睛)","https://ilrdc.tw/tow/2022/audio/word/3/28_06.wav"
"sanek","smell (as in smell)","聞(如聞味道)","https://ilrdc.tw/tow/2022/audio/word/3/28_07.wav"
"tefing","touch","觸摸(物品)","https://ilrdc.tw/tow/2022/audio/word/3/28_08.wav"
"tahidang","invite","邀請","https://ilrdc.tw/tow/2022/audio/word/3/28_09.wav"
"kacipinang","feel","感覺","https://ilrdc.tw/tow/2022/audio/word/3/28_10.wav"
"pakafana’","tell","告訴(別人)","https://ilrdc.tw/tow/2022/audio/word/3/28_11.wav"
"licay","ask","詢問","https://ilrdc.tw/tow/2022/audio/word/3/28_13.wav"
"hayda","agree","答應","https://ilrdc.tw/tow/2022/audio/word/3/28_14.wav"
"so’elin","believe","相信","https://ilrdc.tw/tow/2022/audio/word/3/28_15.wav"
"mikaketer","curse","謾罵","https://ilrdc.tw/tow/2022/audio/word/3/28_16.wav"
"kapa","touch (as in touching the body)","觸碰(如碰觸到身體)","https://ilrdc.tw/tow/2022/audio/word/3/28_17.wav"
"paca’of","respond","回應","https://ilrdc.tw/tow/2022/audio/word/3/28_18.wav"
"tengil","listen","聽","https://ilrdc.tw/tow/2022/audio/word/3/28_19.wav"
"tinac","lick","舔","https://ilrdc.tw/tow/2022/audio/word/3/28_20.wav"
"patolon","tell","交代(事情)","https://ilrdc.tw/tow/2022/audio/word/3/28_21.wav"
"cengaw","open your eyes","睜眼","https://ilrdc.tw/tow/2022/audio/word/3/28_22.wav"
"patosok","aim","瞄準","https://ilrdc.tw/tow/2022/audio/word/3/28_23.wav"
"pasifana’","teach (e.g. teaching someone to write)","教(如教人寫字)","https://ilrdc.tw/tow/2022/audio/word/3/28_24.wav"
"harateng","think","想(思考)","https://ilrdc.tw/tow/2022/audio/word/3/28_25.wav"
"tapal","observe","觀察","https://ilrdc.tw/tow/2022/audio/word/3/28_26.wav"
"mafana’","do","會(做某事)","https://ilrdc.tw/tow/2022/audio/word/3/28_27.wav"
"mitolon","pray","禱告","https://ilrdc.tw/tow/2022/audio/word/3/28_28.wav"
"olah","like","喜歡","https://ilrdc.tw/tow/2022/audio/word/3/28_29.wav"
"maolah","joy","喜愛","https://ilrdc.tw/tow/2022/audio/word/3/29_01.wav"
"talaw","fear","害怕","https://ilrdc.tw/tow/2022/audio/word/3/29_02.wav"
"tomangic","cry","哭","https://ilrdc.tw/tow/2022/audio/word/3/29_03.wav"
"maomi’","love","疼愛","https://ilrdc.tw/tow/2022/audio/word/3/29_04.wav"
"lipahak","happy","高興","https://ilrdc.tw/tow/2022/audio/word/3/29_05.wav"
"madefit","angry","生氣","https://ilrdc.tw/tow/2022/audio/word/3/29_06.wav"
"miolah","love and care","愛護","https://ilrdc.tw/tow/2022/audio/word/3/29_07.wav"
"macekok","shocked","嚇一跳","https://ilrdc.tw/tow/2022/audio/word/3/29_08.wav"
"lipahak","happy"," 快樂","https://ilrdc.tw/tow/2022/audio/word/3/29_09.wav"
"losimet","sort out","整理","https://ilrdc.tw/tow/2022/audio/word/3/30_01.wav"
"faca’","wash (cloth)","洗(衣物)","https://ilrdc.tw/tow/2022/audio/word/3/30_02.wav"
"tayal","work","工作","https://ilrdc.tw/tow/2022/audio/word/3/30_03.wav"
"tomerep","stop","停止","https://ilrdc.tw/tow/2022/audio/word/3/30_04.wav"
"mila’om","waste","浪費","https://ilrdc.tw/tow/2022/audio/word/3/30_05.wav"
"lomowad","get up","起床","https://ilrdc.tw/tow/2022/audio/word/3/30_06.wav"
"na’onen","good-bye (say good-bye to each other)","再見(如互道再見)","https://ilrdc.tw/tow/2022/audio/word/3/30_07.wav"
"misi’","urinate","小便","https://ilrdc.tw/tow/2022/audio/word/3/30_08.wav"
"mafoti’","sleep","睡覺","https://ilrdc.tw/tow/2022/audio/word/3/30_09.wav"
"mipacok","killing animals","殺牲畜","https://ilrdc.tw/tow/2022/audio/word/3/30_10.wav"
"toma’i","feces","大便","https://ilrdc.tw/tow/2022/audio/word/3/30_11.wav"
"pahanhan","rest","休息","https://ilrdc.tw/tow/2022/audio/word/3/30_12.wav"
"matokatok","sleepy","睏(想睡覺)","https://ilrdc.tw/tow/2022/audio/word/3/30_13.wav"
"miasik","clean","打掃","https://ilrdc.tw/tow/2022/audio/word/3/30_14.wav"
"minanam","learn","學習","https://ilrdc.tw/tow/2022/audio/word/3/30_15.wav"
"mawakang","lie down","躺臥","https://ilrdc.tw/tow/2022/audio/word/3/30_16.wav"
"cilemed","nightmare","做夢","https://ilrdc.tw/tow/2022/audio/word/3/30_17.wav"
"mitakaw","steal","偷竊","https://ilrdc.tw/tow/2022/audio/word/3/30_18.wav"
"safel","cook","煮(菜)","https://ilrdc.tw/tow/2022/audio/word/3/30_19.wav"
"corah","burn (like straw)","燒(如燒稻草)","https://ilrdc.tw/tow/2022/audio/word/3/30_20.wav"
"sowaf","yawn","打哈欠","https://ilrdc.tw/tow/2022/audio/word/3/30_21.wav"
"tamek","roast","烤(如烤地瓜)","https://ilrdc.tw/tow/2022/audio/word/3/30_22.wav"
"tangtang","cook (rice/meat/yams)","烹煮(飯／肉／地瓜)","https://ilrdc.tw/tow/2022/audio/word/3/30_23.wav"
"mitala","wait","等待","https://ilrdc.tw/tow/2022/audio/word/3/30_24.wav"
"patalakal","hunt","陷獵","https://ilrdc.tw/tow/2022/audio/word/3/30_25.wav"
"pawali","dry (e.g., drying clothes in the sun)","曬乾(如將衣服曬乾)","https://ilrdc.tw/tow/2022/audio/word/3/30_26.wav"
"hacolen","draw water with a ladle (imperatives)","以杓汲水(祈使)","https://ilrdc.tw/tow/2022/audio/word/3/30_27.wav"
"pasonol","drain (abatement)","將水排出(疏減)","https://ilrdc.tw/tow/2022/audio/word/3/30_28.wav"
"solimeten","pack up (imperatives, as in pack up)","收拾(祈使，如收拾東西)","https://ilrdc.tw/tow/2022/audio/word/3/30_29.wav"
"miilang","mill","碾(米)","https://ilrdc.tw/tow/2022/audio/word/3/30_30.wav"
"pahayhay","dry up","晾乾","https://ilrdc.tw/tow/2022/audio/word/3/30_31.wav"
"paoray","quilt","蓋被子","https://ilrdc.tw/tow/2022/audio/word/3/30_32.wav"
"pa’edil","shine/light up","照起來／照明","https://ilrdc.tw/tow/2022/audio/word/3/30_33.wav"
"mikesir","fry","炒(如炒花生)","https://ilrdc.tw/tow/2022/audio/word/3/30_34.wav"
"parakar","fishing for fish and shrimp by cage","以籠捕魚蝦","https://ilrdc.tw/tow/2022/audio/word/3/30_35.wav"
"rahkad","steam (as in steamed rice)","蒸(如蒸飯)","https://ilrdc.tw/tow/2022/audio/word/3/30_36.wav"
"paloma","plant","種植","https://ilrdc.tw/tow/2022/audio/word/3/30_37.wav"
"patiked","fish","釣魚","https://ilrdc.tw/tow/2022/audio/word/3/30_38.wav"
"misalikat","make a fire","生火","https://ilrdc.tw/tow/2022/audio/word/3/30_39.wav"
"cilahen","pickle (imperatives)","醃漬(祈使)","https://ilrdc.tw/tow/2022/audio/word/3/30_40.wav"
"’ongted","burnt","燒焦","https://ilrdc.tw/tow/2022/audio/word/3/30_41.wav"
"dipot","take care of","照顧","https://ilrdc.tw/tow/2022/audio/word/3/30_42.wav"
"leceng","cut (hair)","剪(頭髮)","https://ilrdc.tw/tow/2022/audio/word/3/30_43.wav"
"lalo","soak","浸泡","https://ilrdc.tw/tow/2022/audio/word/3/30_44.wav"
"fohat","lift off (as in lift off the lid).","掀開(如掀開蓋子)","https://ilrdc.tw/tow/2022/audio/word/3/30_45.wav"
"selen","bury","掩埋","https://ilrdc.tw/tow/2022/audio/word/3/30_46.wav"
"falicen","change (cloth)","替換(衣服)","https://ilrdc.tw/tow/2022/audio/word/3/30_47.wav"
"ciker","lock up","鎖上","https://ilrdc.tw/tow/2022/audio/word/3/30_48.wav"
"kafoti’an","make the bed","鋪床","https://ilrdc.tw/tow/2022/audio/word/3/30_49.wav"
"dohdoh","burn (as in burning the hair of prey)","燒(如燒獵物的毛)","https://ilrdc.tw/tow/2022/audio/word/3/30_50.wav"
"paspas","leaf stripping","剝葉","https://ilrdc.tw/tow/2022/audio/word/3/30_51.wav"
"cafo’ol","urge urination","尿急","https://ilrdc.tw/tow/2022/audio/word/3/30_52.wav"
"fakciw","measure","量測","https://ilrdc.tw/tow/2022/audio/word/3/30_53.wav"
"corah","burning","燃燒","https://ilrdc.tw/tow/2022/audio/word/3/30_54.wav"
"ca’iten","hang (Imperatives)","懸掛(祈使)","https://ilrdc.tw/tow/2022/audio/word/3/30_55.wav"
"todong","imitate","模仿","https://ilrdc.tw/tow/2022/audio/word/3/30_56.wav"
"pakaen","feed","飼養","https://ilrdc.tw/tow/2022/audio/word/3/30_57.wav"
"miciyan","fry","炒(飯菜)","https://ilrdc.tw/tow/2022/audio/word/3/30_58.wav"
"milangto","ignite","點火","https://ilrdc.tw/tow/2022/audio/word/3/30_59.wav"
"misa’osi","read","讀書","https://ilrdc.tw/tow/2022/audio/word/3/30_60.wav"
"minanom","drink","喝(水)","https://ilrdc.tw/tow/2022/audio/word/3/30_61.wav"
"karkar","dig","(用鋤具)挖掘","https://ilrdc.tw/tow/2022/audio/word/3/30_62.wav"
"maro’","live","(居)住","https://ilrdc.tw/tow/2022/audio/word/3/30_63.wav"
"romadiw","sing","唱歌","https://ilrdc.tw/tow/2022/audio/word/3/30_64.wav"
"salama","play","玩耍","https://ilrdc.tw/tow/2022/audio/word/3/30_65.wav"
"patay","death","死亡","https://ilrdc.tw/tow/2022/audio/word/3/31_01.wav"
"anako’","ouch","好痛","https://ilrdc.tw/tow/2022/audio/word/3/31_02.wav"
"madoka’","wounded","受傷","https://ilrdc.tw/tow/2022/audio/word/3/31_03.wav"
"masiday","lose","遺失","https://ilrdc.tw/tow/2022/audio/word/3/31_04.wav"
"adada","pain","痛","https://ilrdc.tw/tow/2022/audio/word/3/31_05.wav"
"maremes","bleed","流血","https://ilrdc.tw/tow/2022/audio/word/3/31_06.wav"
"cipoyapoy","pregnant","懷孕","https://ilrdc.tw/tow/2022/audio/word/3/31_07.wav"
"ma’oripay","living","活的","https://ilrdc.tw/tow/2022/audio/word/3/31_08.wav"
"ma’etot","fart","放屁","https://ilrdc.tw/tow/2022/audio/word/3/31_09.wav"
"pi’iw","lame","跛腳","https://ilrdc.tw/tow/2022/audio/word/3/31_10.wav"
"dipot","nurture","撫養","https://ilrdc.tw/tow/2022/audio/word/3/31_11.wav"
"molahad","growth","生長","https://ilrdc.tw/tow/2022/audio/word/3/31_12.wav"
"pi’edac","scar","疤","https://ilrdc.tw/tow/2022/audio/word/3/31_13.wav"
"caenget","itchy","癢","https://ilrdc.tw/tow/2022/audio/word/3/31_14.wav"
"matokatok","doze off","打瞌睡","https://ilrdc.tw/tow/2022/audio/word/3/31_15.wav"
"ma’esing","sneeze","打噴嚏","https://ilrdc.tw/tow/2022/audio/word/3/31_16.wav"
"alem’em","soreness","痠痛","https://ilrdc.tw/tow/2022/audio/word/3/31_18.wav"
"adada","sick","生病","https://ilrdc.tw/tow/2022/audio/word/3/31_19.wav"
"mafena’","festering","化膿","https://ilrdc.tw/tow/2022/audio/word/3/31_20.wav"
"ma’okak","slim","瘦(身形)","https://ilrdc.tw/tow/2022/audio/word/3/32_01.wav"
"kareteng","heavy (weight)","重(重量)","https://ilrdc.tw/tow/2022/audio/word/3/32_02.wav"
"kahmaw","light (weight)","輕(重量)","https://ilrdc.tw/tow/2022/audio/word/3/32_03.wav"
"takaraw","high (height)","高(身高)","https://ilrdc.tw/tow/2022/audio/word/3/32_04.wav"
"tata’ang","large","大的","https://ilrdc.tw/tow/2022/audio/word/3/32_05.wav"
"paener","short (height)","矮(身高)","https://ilrdc.tw/tow/2022/audio/word/3/32_06.wav"
"malalok","industrious","勤勞","https://ilrdc.tw/tow/2022/audio/word/3/32_07.wav"
"sienaw","cold","冷","https://ilrdc.tw/tow/2022/audio/word/3/32_08.wav"
"miming","small","小的","https://ilrdc.tw/tow/2022/audio/word/3/32_09.wav"
"adihay","many","多","https://ilrdc.tw/tow/2022/audio/word/3/32_10.wav"
"fangcal","pretty","漂亮","https://ilrdc.tw/tow/2022/audio/word/3/32_11.wav"
"ki’etec","ice-cold","冰冷","https://ilrdc.tw/tow/2022/audio/word/3/32_12.wav"
"do’et","hot","悶熱","https://ilrdc.tw/tow/2022/audio/word/3/32_13.wav"
"mamang","few","少的","https://ilrdc.tw/tow/2022/audio/word/3/32_14.wav"
"malasang","drunk","酒醉","https://ilrdc.tw/tow/2022/audio/word/3/32_15.wav"
"matawa","laugh","笑","https://ilrdc.tw/tow/2022/audio/word/3/32_16.wav"
"masenger","wet","濕的","https://ilrdc.tw/tow/2022/audio/word/3/32_17.wav"
"ecak
","ripe (of fruit)","熟","https://ilrdc.tw/tow/2022/audio/word/3/32_18.wav"
"kifetolay","thick","厚的","https://ilrdc.tw/tow/2022/audio/word/3/32_19.wav"
"manta’ay","undercooked (if this piece of meat is raw)","未熟的(如這塊肉是生的)","https://ilrdc.tw/tow/2022/audio/word/3/32_20.wav"
"kohpicay","thin","薄的","https://ilrdc.tw/tow/2022/audio/word/3/32_21.wav"
"’oning","dirty","髒","https://ilrdc.tw/tow/2022/audio/word/3/32_22.wav"
"toka","lazy","懶惰","https://ilrdc.tw/tow/2022/audio/word/3/32_23.wav"
"korac","clean","乾淨","https://ilrdc.tw/tow/2022/audio/word/3/32_24.wav"
"kalamkam","soon","很快","https://ilrdc.tw/tow/2022/audio/word/3/32_25.wav"
"taengad","bright","明亮","https://ilrdc.tw/tow/2022/audio/word/3/32_26.wav"
"masoeso","fat","胖(身形)","https://ilrdc.tw/tow/2022/audio/word/3/32_27.wav"
"ma’icang","dry","乾的","https://ilrdc.tw/tow/2022/audio/word/3/32_28.wav"
"roray","tired","累","https://ilrdc.tw/tow/2022/audio/word/3/32_29.wav"
"kasini’adaan","poor thing","好可憐","https://ilrdc.tw/tow/2022/audio/word/3/32_30.wav"
"faelohay","new","新的","https://ilrdc.tw/tow/2022/audio/word/3/32_31.wav"
"katelang","old","舊的","https://ilrdc.tw/tow/2022/audio/word/3/32_32.wav"
"ngata","near","近","https://ilrdc.tw/tow/2022/audio/word/3/32_33.wav"
"cedet","hot","燙","https://ilrdc.tw/tow/2022/audio/word/3/32_34.wav"
"matastas","spoiled","壞掉","https://ilrdc.tw/tow/2022/audio/word/3/32_35.wav"
"kaedah","spicy","辣","https://ilrdc.tw/tow/2022/audio/word/3/32_36.wav"
"maraay","far","遠","https://ilrdc.tw/tow/2022/audio/word/3/32_37.wav"
"lifawa","swelling","腫","https://ilrdc.tw/tow/2022/audio/word/3/32_38.wav"
"li’akong","bend","彎曲","https://ilrdc.tw/tow/2022/audio/word/3/32_39.wav"
"matenes","long","久的","https://ilrdc.tw/tow/2022/audio/word/3/32_40.wav"
"mapohaw","blind","瞎了","https://ilrdc.tw/tow/2022/audio/word/3/32_41.wav"
"sawarak","poison","毒","https://ilrdc.tw/tow/2022/audio/word/3/32_42.wav"
"kaeso’","delicious","很好吃","https://ilrdc.tw/tow/2022/audio/word/3/32_43.wav"
"kameleng","smooth","滑","https://ilrdc.tw/tow/2022/audio/word/3/32_44.wav"
"’angrer","bitter","苦","https://ilrdc.tw/tow/2022/audio/word/3/32_45.wav"
"koengel","fragile (e.g. this wire is prone to breakage)","脆弱(如這根鐵絲易斷裂)","https://ilrdc.tw/tow/2022/audio/word/3/32_46.wav"
"mangta’ay","unripe","  未成熟的(果實)","https://ilrdc.tw/tow/2022/audio/word/3/32_47.wav"
"palinik","stealthily","偷偷地","https://ilrdc.tw/tow/2022/audio/word/3/32_48.wav"
"’aloman","numerous","(人)眾多","https://ilrdc.tw/tow/2022/audio/word/3/32_49.wav"
"kahemaw","brisk","輕快","https://ilrdc.tw/tow/2022/audio/word/3/32_50.wav"
"’acicim","sour","酸","https://ilrdc.tw/tow/2022/audio/word/3/32_51.wav"
"kahecid","salty","鹹","https://ilrdc.tw/tow/2022/audio/word/3/32_52.wav"
"padeteng","intentional","故意","https://ilrdc.tw/tow/2022/audio/word/3/32_53.wav"
"maporaricay","pulpy","稀爛的","https://ilrdc.tw/tow/2022/audio/word/3/32_54.wav"
"tanektek","sturdy","壯碩","https://ilrdc.tw/tow/2022/audio/word/3/32_55.wav"
"diheko","warm","暖和","https://ilrdc.tw/tow/2022/audio/word/3/32_56.wav"
"tales","blunt","鈍的","https://ilrdc.tw/tow/2022/audio/word/3/32_57.wav"
"micedem","sweet","甘甜","https://ilrdc.tw/tow/2022/audio/word/3/32_58.wav"
"cipelak","astringent (taste)","澀澀的(味覺)","https://ilrdc.tw/tow/2022/audio/word/3/32_59.wav"
"’akawang
","tall and thin","高瘦(身材)","https://ilrdc.tw/tow/2022/audio/word/3/32_60.wav"
"tokinih","slant","(傾)斜","https://ilrdc.tw/tow/2022/audio/word/3/32_61.wav"
"matoni’","soft","軟","https://ilrdc.tw/tow/2022/audio/word/3/32_62.wav"
"’atekak","very hard","很硬","https://ilrdc.tw/tow/2022/audio/word/3/32_63.wav"
"’angliw","sour smell","酸臭","https://ilrdc.tw/tow/2022/audio/word/3/32_64.wav"
"moecel","straight","直","https://ilrdc.tw/tow/2022/audio/word/3/32_65.wav"
"matomes","full","滿了","https://ilrdc.tw/tow/2022/audio/word/3/32_66.wav"
"masolinga’ay","well","好好的","https://ilrdc.tw/tow/2022/audio/word/3/32_67.wav"
"kakahad","(space) spacious","(空間)寬敞","https://ilrdc.tw/tow/2022/audio/word/3/32_68.wav"
"matatodong","correct","正確","https://ilrdc.tw/tow/2022/audio/word/3/32_69.wav"
"mara’oteng","fully wetted","全濕透","https://ilrdc.tw/tow/2022/audio/word/3/32_70.wav"
"rara","slowly","慢慢","https://ilrdc.tw/tow/2022/audio/word/3/32_71.wav"
"falaefaay","warm","溫的(水)","https://ilrdc.tw/tow/2022/audio/word/3/32_72.wav"
"kifetol","coarse","粗(物)","https://ilrdc.tw/tow/2022/audio/word/3/32_73.wav"
"kakaya’","long","長","https://ilrdc.tw/tow/2022/audio/word/3/32_74.wav"
"mimingay","fine","細","https://ilrdc.tw/tow/2022/audio/word/3/32_75.wav"
"kamoko’","short","短","https://ilrdc.tw/tow/2022/audio/word/3/32_76.wav"
"faedet","hot","炎熱","https://ilrdc.tw/tow/2022/audio/word/3/32_77.wav"
"marohem","ripen","成熟(果實)","https://ilrdc.tw/tow/2022/audio/word/3/32_78.wav"
"matomes","full","滿滿","https://ilrdc.tw/tow/2022/audio/word/3/32_79.wav"
"tanestes","handsome","英俊","https://ilrdc.tw/tow/2022/audio/word/3/32_80.wav"
"mamahaen","should","應該","https://ilrdc.tw/tow/2022/audio/word/3/33_01.wav"
"caay ka eca","certain","一定","https://ilrdc.tw/tow/2022/audio/word/3/33_02.wav"
"manga’ay","able","能夠","https://ilrdc.tw/tow/2022/audio/word/3/33_03.wav"
"latek","possible","可能","https://ilrdc.tw/tow/2022/audio/word/3/33_04.wav"
"pahemek","celebrate","慶祝","https://ilrdc.tw/tow/2022/audio/word/3/33_05.wav"
"sisit","wipe","擦拭","https://ilrdc.tw/tow/2022/audio/word/3/33_06.wav"
"miocor","call","使喚","https://ilrdc.tw/tow/2022/audio/word/3/33_07.wav"
"tepik","fold","摺疊","https://ilrdc.tw/tow/2022/audio/word/3/34_01.wav"
"ngela’","split open","裂開","https://ilrdc.tw/tow/2022/audio/word/3/34_02.wav"
"midemak","use","使用","https://ilrdc.tw/tow/2022/audio/word/3/34_03.wav"
"marafi’","overflow (like water overflowing)","溢出(如水溢出來)","https://ilrdc.tw/tow/2022/audio/word/3/34_04.wav"
"padang","help","幫忙","https://ilrdc.tw/tow/2022/audio/word/3/34_05.wav"
"mikafit","attach","(有東西)附著","https://ilrdc.tw/tow/2022/audio/word/3/34_06.wav"
"palamlam","mix sth. with sth.","混以某物","https://ilrdc.tw/tow/2022/audio/word/3/34_07.wav"
"mangiyangi","shaken","被(搖)動的","https://ilrdc.tw/tow/2022/audio/word/3/34_08.wav"
"mitawasi","erase","刷除","https://ilrdc.tw/tow/2022/audio/word/3/34_09.wav"
"ti’er","depend","依賴","https://ilrdc.tw/tow/2022/audio/word/3/34_10.wav"
"taktak","pour","倒入","https://ilrdc.tw/tow/2022/audio/word/3/34_11.wav"
"tena’","block","阻擋","https://ilrdc.tw/tow/2022/audio/word/3/34_12.wav"
"pasiday","stay","留下","https://ilrdc.tw/tow/2022/audio/word/3/34_13.wav"
"soni","sound","聲響","https://ilrdc.tw/tow/2022/audio/word/3/34_14.wav"
"ta’elif","over","超過","https://ilrdc.tw/tow/2022/audio/word/3/34_15.wav"
"perar","crumble (of scree slope)","崩落","https://ilrdc.tw/tow/2022/audio/word/3/34_16.wav"
"paterep","brake","煞車","https://ilrdc.tw/tow/2022/audio/word/3/34_17.wav"
"kilim","search","尋找","https://ilrdc.tw/tow/2022/audio/word/3/34_18.wav"
"falah","throw away","丟棄","https://ilrdc.tw/tow/2022/audio/word/3/34_19.wav"
"lalang","prohibit","禁止","https://ilrdc.tw/tow/2022/audio/word/3/34_20.wav"
"ira","there are...","有","https://ilrdc.tw/tow/2022/audio/word/3/34_21.wav"
"’osaw","remain","剩下","https://ilrdc.tw/tow/2022/audio/word/3/34_22.wav"
"pateli","set up","設置","https://ilrdc.tw/tow/2022/audio/word/3/34_23.wav"
"misatapang","begin","開始","https://ilrdc.tw/tow/2022/audio/word/3/34_24.wav"
"malaheci","complete","完成","https://ilrdc.tw/tow/2022/audio/word/3/34_25.wav"
"mirawraw","pick on","找碴","https://ilrdc.tw/tow/2022/audio/word/3/34_26.wav"
"sanga’","make","製作(物品)","https://ilrdc.tw/tow/2022/audio/word/3/34_27.wav"
"matama","find","找到","https://ilrdc.tw/tow/2022/audio/word/3/34_28.wav"
"sa’osi","number (calculation)","數(計算)","https://ilrdc.tw/tow/2022/audio/word/3/34_29.wav"
"matilo","trapped","(獵物掉入陷阱)陷中","https://ilrdc.tw/tow/2022/audio/word/3/34_30.wav"
"pakasongtol","bang","撞擊某物","https://ilrdc.tw/tow/2022/audio/word/3/34_31.wav"
"liyon","rotate","旋轉","https://ilrdc.tw/tow/2022/audio/word/3/34_32.wav"
"lingod","surround","圍著某物","https://ilrdc.tw/tow/2022/audio/word/3/34_33.wav"
"fangcalay","good","好","https://ilrdc.tw/tow/2022/audio/word/3/34_34.wav"
"aray","thank you","謝謝","https://ilrdc.tw/tow/2022/audio/word/3/34_35.wav"
"aka kangodo","you’re welcome","不客氣","https://ilrdc.tw/tow/2022/audio/word/3/34_36.wav"
"awa","no","沒有","https://ilrdc.tw/tow/2022/audio/word/3/34_37.wav"
"simanay","it’s okay","沒關係","https://ilrdc.tw/tow/2022/audio/word/3/34_38.wav"
"naay","don’t","不要","https://ilrdc.tw/tow/2022/audio/word/3/35_01.wav"
"tati’ih","can't","不可以","https://ilrdc.tw/tow/2022/audio/word/3/35_02.wav"
"caayay","no (for reply)","不是(回答用)","https://ilrdc.tw/tow/2022/audio/word/3/35_03.wav"
"awa","none (negative of possession)","沒有(表擁有的否定詞)","https://ilrdc.tw/tow/2022/audio/word/3/35_04.wav"
"aka","don’t (for the imperative)","不要(祈使句用)","https://ilrdc.tw/tow/2022/audio/word/3/35_05.wav"
"hakeno","don’t know","不知道","https://ilrdc.tw/tow/2022/audio/word/3/35_06.wav"
"so’elin","really","真的","https://ilrdc.tw/tow/2022/audio/word/3/36_01.wav"
"matini","in the process of (doing something or happening)","正在","https://ilrdc.tw/tow/2022/audio/word/3/36_02.wav"
"simaanay","arbitrary","隨意","https://ilrdc.tw/tow/2022/audio/word/3/36_03.wav"
"hayda","okay","好的(沒問題)","https://ilrdc.tw/tow/2022/audio/word/3/36_04.wav"
"nawhan","because","因為","https://ilrdc.tw/tow/2022/audio/word/3/36_05.wav"
"ano masamaamaan","whether","不論","https://ilrdc.tw/tow/2022/audio/word/3/36_06.wav"
"tangsol","immediately","立即","https://ilrdc.tw/tow/2022/audio/word/3/36_07.wav"
"maedeng","enough","足夠","https://ilrdc.tw/tow/2022/audio/word/3/36_08.wav"
"miliyaw","again","再","https://ilrdc.tw/tow/2022/audio/word/3/36_09.wav"
"edeng","only","只有","https://ilrdc.tw/tow/2022/audio/word/3/36_10.wav"
"honi aca","just now","剛剛","https://ilrdc.tw/tow/2022/audio/word/3/36_11.wav"
"mamang","a little","少許","https://ilrdc.tw/tow/2022/audio/word/3/36_12.wav"
"pacarcar","temporary (leave for a moment)","暫時(離開一下)","https://ilrdc.tw/tow/2022/audio/word/3/36_13.wav"
"caayay","never","從不","https://ilrdc.tw/tow/2022/audio/word/3/36_14.wav"
"cakanga’ay","shouldn;t","不該","https://ilrdc.tw/tow/2022/audio/word/3/36_15.wav"
"orasaka","so","所以","https://ilrdc.tw/tow/2022/audio/word/3/36_16.wav"
"pararid","usually","經常","https://ilrdc.tw/tow/2022/audio/word/3/36_17.wav"
"ato","with","和","https://ilrdc.tw/tow/2022/audio/word/3/36_18.wav"
"pakatar","sometimes","偶爾","https://ilrdc.tw/tow/2022/audio/word/3/36_19.wav"
"hai","really (auxiliary verb)","是嗎(語助詞)","https://ilrdc.tw/tow/2022/audio/word/3/36_20.wav"
"ho","still (not yet)","還(尚未)","https://ilrdc.tw/tow/2022/audio/word/3/36_21.wav"
"ano","if","如果","https://ilrdc.tw/tow/2022/audio/word/3/36_22.wav"
"tato","very","很","https://ilrdc.tw/tow/2022/audio/word/3/36_23.wav"
"mahaen","so","如此","https://ilrdc.tw/tow/2022/audio/word/3/36_24.wav"
"latek","also","也許","https://ilrdc.tw/tow/2022/audio/word/3/36_25.wav"
"ihoni","just now","剛才","https://ilrdc.tw/tow/2022/audio/word/3/36_26.wav"
"saromi’ad","whole day","整天","https://ilrdc.tw/tow/2022/audio/word/3/36_27.wav"
"saheto","both","都","https://ilrdc.tw/tow/2022/audio/word/3/36_28.wav"
"aca","only","僅僅","https://ilrdc.tw/tow/2022/audio/word/3/36_29.wav"
"matiyatiya","although","雖然","https://ilrdc.tw/tow/2022/audio/word/3/36_30.wav"
"saw","(used in a question)","嗎(用在問句)","https://ilrdc.tw/tow/2022/audio/word/3/36_31.wav"
"ko","main marker (in all ethnic languages)","主格標記(各族用語)","https://ilrdc.tw/tow/2022/audio/word/3/36_32.wav"
"to","marked (in all ethnic languages)","受格標記(各族用語)","https://ilrdc.tw/tow/2022/audio/word/3/36_33.wav"
"no","genre marker (in all ethnic languages)","屬格標記(各族用語)","https://ilrdc.tw/tow/2022/audio/word/3/36_34.wav"
"itini","in (here)","在(這裡)","https://ilrdc.tw/tow/2022/audio/word/3/36_35.wav"
"manga’ay","do","可以(做某事)","https://ilrdc.tw/tow/2022/audio/word/3/36_36.wav"
"fola","fool","傻瓜","https://ilrdc.tw/tow/2022/audio/word/3/36_37.wav"
