"cecay","one","一","https://ilrdc.tw/tow/2022/audio/word/4/01_01.wav"
"tosa","two","二","https://ilrdc.tw/tow/2022/audio/word/4/01_02.wav"
"tolo","three","三","https://ilrdc.tw/tow/2022/audio/word/4/01_03.wav"
"sepat","four","四","https://ilrdc.tw/tow/2022/audio/word/4/01_04.wav"
"lima","five","五","https://ilrdc.tw/tow/2022/audio/word/4/01_05.wav"
"enem","six","六","https://ilrdc.tw/tow/2022/audio/word/4/01_06.wav"
"pito","seven","七","https://ilrdc.tw/tow/2022/audio/word/4/01_07.wav"
"falo","eight","八","https://ilrdc.tw/tow/2022/audio/word/4/01_08.wav"
"siwa","nine","九","https://ilrdc.tw/tow/2022/audio/word/4/01_09.wav"
"mo^tep","ten","十","https://ilrdc.tw/tow/2022/audio/word/4/01_10.wav"
"mo^tep ira ko cecay","eleven","十一","https://ilrdc.tw/tow/2022/audio/word/4/01_11.wav"
"mo^tep ira ko tosa","twelve","十二","https://ilrdc.tw/tow/2022/audio/word/4/01_12.wav"
"mo^tep ira ko tolo","thirteen","十三","https://ilrdc.tw/tow/2022/audio/word/4/01_13.wav"
"mo^tep ira ko sepat","fourteen","十四","https://ilrdc.tw/tow/2022/audio/word/4/01_14.wav"
"mo^tep ira ko lima","fifteen","十五","https://ilrdc.tw/tow/2022/audio/word/4/01_15.wav"
"mo^tep ira ko enem","sixteen","十六","https://ilrdc.tw/tow/2022/audio/word/4/01_16.wav"
"mo^tep ira ko pito","seventeen","十七","https://ilrdc.tw/tow/2022/audio/word/4/01_17.wav"
"mo^tep ila ko falo","eighteen","十八","https://ilrdc.tw/tow/2022/audio/word/4/01_18.wav"
"mo^tep ira ko siwa","nineteen","十九","https://ilrdc.tw/tow/2022/audio/word/4/01_19.wav"
"tosa polo’","twenty","二十  ","https://ilrdc.tw/tow/2022/audio/word/4/01_20.wav"
"tosa polo’ ira ko cecay","twenty one","二十一","https://ilrdc.tw/tow/2022/audio/word/4/01_21.wav"
"tosa polo’ ira ko tosa","twenty two","二十二","https://ilrdc.tw/tow/2022/audio/word/4/01_22.wav"
"tosa polo’ ira ko tolo","twenty three","二十三","https://ilrdc.tw/tow/2022/audio/word/4/01_23.wav"
"tosa polo’ ira ko sepat","twenty four","二十四","https://ilrdc.tw/tow/2022/audio/word/4/01_24.wav"
"tosa polo’ ira ko lima","twenty five","二十五","https://ilrdc.tw/tow/2022/audio/word/4/01_25.wav"
"tolo polo’","thirty","三十","https://ilrdc.tw/tow/2022/audio/word/4/01_26.wav"
"tolo polo’ ira ko cecay","thirty one","三十一","https://ilrdc.tw/tow/2022/audio/word/4/01_27.wav"
"sepat polo’","forty","四十","https://ilrdc.tw/tow/2022/audio/word/4/01_28.wav"
"lima polo’","fifty","五十","https://ilrdc.tw/tow/2022/audio/word/4/01_29.wav"
"enem polo’","sixty","六十","https://ilrdc.tw/tow/2022/audio/word/4/01_30.wav"
"pito polo’","seventy","七十","https://ilrdc.tw/tow/2022/audio/word/4/01_31.wav"
"falo polo’","eighty","八十","https://ilrdc.tw/tow/2022/audio/word/4/01_32.wav"
"siwa polo’","ninety","九十","https://ilrdc.tw/tow/2022/audio/word/4/01_33.wav"
" somo’ot","hundred","百","https://ilrdc.tw/tow/2022/audio/word/4/01_34.wav"
"cecay so’ot","one hundred","一百","https://ilrdc.tw/tow/2022/audio/word/4/01_35.wav"
"tosa so’ot","two hundred","兩百","https://ilrdc.tw/tow/2022/audio/word/4/01_36.wav"
"molefot/cecay lefot","one thousand","一千","https://ilrdc.tw/tow/2022/audio/word/4/01_37.wav"
" mamangay/
cowa ka hakowa","some","一些","https://ilrdc.tw/tow/2022/audio/word/4/01_38.wav"
"kinacecay","once","一次","https://ilrdc.tw/tow/2022/audio/word/4/01_39.wav"
"cecay faliling/cecay solsol","bunch","一串","https://ilrdc.tw/tow/2022/audio/word/4/01_40.wav"
"kahirahira","kind","各式各樣","https://ilrdc.tw/tow/2022/audio/word/4/01_41.wav"
" ’api","pair","一雙","https://ilrdc.tw/tow/2022/audio/word/4/01_42.wav"
"maemin ","entire","全部","https://ilrdc.tw/tow/2022/audio/word/4/01_43.wav"
"mamang","a little bit","一點點","https://ilrdc.tw/tow/2022/audio/word/4/01_44.wav"
"kalitosa","half","一半","https://ilrdc.tw/tow/2022/audio/word/4/01_45.wav"
"kiso","you","你 ","https://ilrdc.tw/tow/2022/audio/word/4/02_01.wav"
"kako","I","我","https://ilrdc.tw/tow/2022/audio/word/4/02_02.wav"
"cingra","he","他","https://ilrdc.tw/tow/2022/audio/word/4/02_03.wav"
"kamo ","you guys","你們","https://ilrdc.tw/tow/2022/audio/word/4/02_04.wav"
"kami","us","我們","https://ilrdc.tw/tow/2022/audio/word/4/02_05.wav"
"cangra","they","他們","https://ilrdc.tw/tow/2022/audio/word/4/02_06.wav"
"namo","yours","你們的","https://ilrdc.tw/tow/2022/audio/word/4/02_07.wav"
"niyam ","our","我們的","https://ilrdc.tw/tow/2022/audio/word/4/02_08.wav"
"nangra","their","他們的","https://ilrdc.tw/tow/2022/audio/word/4/02_09.wav"
"no miso","your","你的","https://ilrdc.tw/tow/2022/audio/word/4/02_10.wav"
"no mako","mine","我的","https://ilrdc.tw/tow/2022/audio/word/4/02_11.wav"
"no mira","his","他的","https://ilrdc.tw/tow/2022/audio/word/4/02_12.wav"
"kami","we (excluded)","我們(排除式)","https://ilrdc.tw/tow/2022/audio/word/4/02_13.wav"
"kita ","let’s (inclusive)","咱們(包含式)","https://ilrdc.tw/tow/2022/audio/word/4/02_14.wav"
"no mita","ours","咱們的","https://ilrdc.tw/tow/2022/audio/word/4/02_15.wav"
"kora","that","那個","https://ilrdc.tw/tow/2022/audio/word/4/02_16.wav"
" koni","this one","這個","https://ilrdc.tw/tow/2022/audio/word/4/02_17.wav"
"ni","here","這裡","https://ilrdc.tw/tow/2022/audio/word/4/02_18.wav"
"ra","there","那裡","https://ilrdc.tw/tow/2022/audio/word/4/02_19.wav"
"hatini","(like) this","(像)這樣","https://ilrdc.tw/tow/2022/audio/word/4/02_20.wav"
"pina ","how much","多少","https://ilrdc.tw/tow/2022/audio/word/4/03_01.wav"
"maan","what","什麼","https://ilrdc.tw/tow/2022/audio/word/4/03_02.wav"
"samaan","how","如何","https://ilrdc.tw/tow/2022/audio/word/4/03_03.wav"
"anohacowa ","when (not happening)","何時(未發生)","https://ilrdc.tw/tow/2022/audio/word/4/03_04.wav"
"cima","who","誰","https://ilrdc.tw/tow/2022/audio/word/4/03_05.wav"
"sakacowaay","which one","哪一個","https://ilrdc.tw/tow/2022/audio/word/4/03_06.wav"
"icowa ","where","哪裡","https://ilrdc.tw/tow/2022/audio/word/4/03_07.wav"
"nimaay","Whose is it?","是誰的","https://ilrdc.tw/tow/2022/audio/word/4/03_08.wav"
"mana","what","怎麼","https://ilrdc.tw/tow/2022/audio/word/4/03_09.wav"
"pina","how much","多少(歲；物)","https://ilrdc.tw/tow/2022/audio/word/4/03_10.wav"
"hakowa","how much (degree size)"," 多少(程度大小)","https://ilrdc.tw/tow/2022/audio/word/4/03_11.wav"
"icowa","where","什麼地方","https://ilrdc.tw/tow/2022/audio/word/4/03_12.wav"
"ihacowaay","when (has happened)","何時(已發生)","https://ilrdc.tw/tow/2022/audio/word/4/03_13.wav"
"mana","why","為什麼","https://ilrdc.tw/tow/2022/audio/word/4/03_14.wav"
"wama","dad","爸爸","https://ilrdc.tw/tow/2022/audio/word/4/04_01.wav"
"wina","mom","媽媽","https://ilrdc.tw/tow/2022/audio/word/4/04_02.wav"
"salikaka","cousins","堂、表兄弟姐妹","https://ilrdc.tw/tow/2022/audio/word/4/04_03.wav"
"sawamaan","male elder (grandfather; father-in-law)","男性長輩(祖父；外公；岳父)","https://ilrdc.tw/tow/2022/audio/word/4/04_04.wav"
"sawinaan","female elder (grandmother; mother-in-law)","女性長輩(祖母；外婆；岳母)","https://ilrdc.tw/tow/2022/audio/word/4/04_05.wav"
"salawina","relative","親戚","https://ilrdc.tw/tow/2022/audio/word/4/04_06.wav"
"ramod","spouse","配偶","https://ilrdc.tw/tow/2022/audio/word/4/04_07.wav"
"kadafo","daughter’s husband","女婿","https://ilrdc.tw/tow/2022/audio/word/4/04_08.wav"
"’ali ","wife’s brother","舅子","https://ilrdc.tw/tow/2022/audio/word/4/04_09.wav"
"’ali ","sister-in-law","弟媳","https://ilrdc.tw/tow/2022/audio/word/4/04_10.wav"
"’ali ","older brother’s wife","嫂嫂","https://ilrdc.tw/tow/2022/audio/word/4/04_11.wav"
"acawa","daughter-in-law","媳婦","https://ilrdc.tw/tow/2022/audio/word/4/04_12.wav"
"fofo","grandchild","孫子/孫女","https://ilrdc.tw/tow/2022/audio/word/4/04_13.wav"
"mararamoday","husband and wife","夫妻","https://ilrdc.tw/tow/2022/audio/word/4/04_14.wav"
"fa’inay","husband","丈夫","https://ilrdc.tw/tow/2022/audio/word/4/04_15.wav"
"lataper","in-law","姻親","https://ilrdc.tw/tow/2022/audio/word/4/04_16.wav"
"malikaka","sibling","兄弟姊妹","https://ilrdc.tw/tow/2022/audio/word/4/04_17.wav"
"kaka","brother","兄長","https://ilrdc.tw/tow/2022/audio/word/4/04_18.wav"
"kaka","brother and sister","(哥哥；姊姊)通稱","https://ilrdc.tw/tow/2022/audio/word/4/04_19.wav"
"fafahiyan a kaka","older sister","姊姊","https://ilrdc.tw/tow/2022/audio/word/4/04_20.wav"
"fa’inayan a kaka","older brother","哥哥","https://ilrdc.tw/tow/2022/audio/word/4/04_21.wav"
"safa","brother and sister","(弟弟；妹妹)通稱","https://ilrdc.tw/tow/2022/audio/word/4/04_22.wav"
"fa’nayan a safa","younger brother","弟弟","https://ilrdc.tw/tow/2022/audio/word/4/04_23.wav"
"fafahiyan a safa ","younger sister","妹妹","https://ilrdc.tw/tow/2022/audio/word/4/04_24.wav"
"faki  ","uncle","(伯父；叔叔；舅舅)通稱","https://ilrdc.tw/tow/2022/audio/word/4/04_25.wav"
"fai ","aunt","(伯母；嬸嬸；舅母)通稱  ","https://ilrdc.tw/tow/2022/audio/word/4/04_26.wav"
"ngangan","name","名字","https://ilrdc.tw/tow/2022/audio/word/4/05_01.wav"
"fa’inayan a wawa ","boy","男孩","https://ilrdc.tw/tow/2022/audio/word/4/05_02.wav"
"fafahiyan a wawa ","girl","女孩","https://ilrdc.tw/tow/2022/audio/word/4/05_03.wav"
"widang ","friend","朋友","https://ilrdc.tw/tow/2022/audio/word/4/05_04.wav"
" wawa","child","孩童","https://ilrdc.tw/tow/2022/audio/word/4/05_05.wav"
"malitengay","elderly people","老人家","https://ilrdc.tw/tow/2022/audio/word/4/05_06.wav"
"fafahiyan","female","女性","https://ilrdc.tw/tow/2022/audio/word/4/05_07.wav"
" fa’inayan","male","男性","https://ilrdc.tw/tow/2022/audio/word/4/05_08.wav"
"tamdaw","people","人","https://ilrdc.tw/tow/2022/audio/word/4/05_09.wav"
"ising","doctor","醫生","https://ilrdc.tw/tow/2022/audio/word/4/05_10.wav"
"singsi","teacher","老師","https://ilrdc.tw/tow/2022/audio/word/4/05_11.wav"
"’ada","enemy","敵人","https://ilrdc.tw/tow/2022/audio/word/4/05_12.wav"
"tapang","sir","長官","https://ilrdc.tw/tow/2022/audio/word/4/05_13.wav"
"lomataw","hooliganism","流氓","https://ilrdc.tw/tow/2022/audio/word/4/05_14.wav"
"kincac","police","警察","https://ilrdc.tw/tow/2022/audio/word/4/05_15.wav"
"Tangafolan","ethnic group (Taiwan), "plain tribes","平埔族","https://ilrdc.tw/tow/2022/audio/word/4/05_16.wav"
"Ngayngay","Hakka people","客家人","https://ilrdc.tw/tow/2022/audio/word/4/05_17.wav"
"kociw","principal","校長","https://ilrdc.tw/tow/2022/audio/word/4/05_18.wav"
"Payrang","Min Nan (Taiwanese)","閩南人","https://ilrdc.tw/tow/2022/audio/word/4/05_19.wav"
"kapah","young people","青年","https://ilrdc.tw/tow/2022/audio/word/4/05_20.wav"
"simpo","(spiritual) father","神父","https://ilrdc.tw/tow/2022/audio/word/4/05_21.wav"
"siwni","sister","修女","https://ilrdc.tw/tow/2022/audio/word/4/05_22.wav"
"Kowaping","mainlander","外省人","https://ilrdc.tw/tow/2022/audio/word/4/05_23.wav"
"kay^ing","miss","小姐","https://ilrdc.tw/tow/2022/audio/word/4/05_24.wav"
"mitiliday ","student","學生","https://ilrdc.tw/tow/2022/audio/word/4/05_25.wav"
"tangila","ear","耳朵","https://ilrdc.tw/tow/2022/audio/word/4/06_01.wav"
"cepi’","thigh","大腿","https://ilrdc.tw/tow/2022/audio/word/4/06_02.wav"
"mata","eye","眼睛","https://ilrdc.tw/tow/2022/audio/word/4/06_03.wav"
"pising/laway","face","臉","https://ilrdc.tw/tow/2022/audio/word/4/06_04.wav"
"ngoyos","mouth","嘴巴","https://ilrdc.tw/tow/2022/audio/word/4/06_05.wav"
"fongoh","head","頭","https://ilrdc.tw/tow/2022/audio/word/4/06_06.wav"
"kinoos","fingernail","指甲","https://ilrdc.tw/tow/2022/audio/word/4/06_07.wav"
"kamay","hand","手","https://ilrdc.tw/tow/2022/audio/word/4/06_08.wav"
"tatirengan ","body","身體","https://ilrdc.tw/tow/2022/audio/word/4/06_09.wav"
"ngoso’","nose","鼻子","https://ilrdc.tw/tow/2022/audio/word/4/06_10.wav"
"oo’","foot","腳","https://ilrdc.tw/tow/2022/audio/word/4/06_11.wav"
"wadis","teeth","牙齒","https://ilrdc.tw/tow/2022/audio/word/4/06_12.wav"
"fokes","hair","頭髮","https://ilrdc.tw/tow/2022/audio/word/4/06_13.wav"
" ’irang","blood","血","https://ilrdc.tw/tow/2022/audio/word/4/06_14.wav"
"titi","meat","肉","https://ilrdc.tw/tow/2022/audio/word/4/06_15.wav"
"atongol","forehead","額頭","https://ilrdc.tw/tow/2022/audio/word/4/06_16.wav"
"tiyad","belly","肚子","https://ilrdc.tw/tow/2022/audio/word/4/06_17.wav"
"coco","breast","乳房","https://ilrdc.tw/tow/2022/audio/word/4/06_18.wav"
"nonol","calf","小腿肚","https://ilrdc.tw/tow/2022/audio/word/4/06_19.wav"
"’afala","shoulder","肩膀","https://ilrdc.tw/tow/2022/audio/word/4/06_20.wav"
"ngaroy","chin","下巴","https://ilrdc.tw/tow/2022/audio/word/4/06_21.wav"
"koror","back","背部","https://ilrdc.tw/tow/2022/audio/word/4/06_22.wav"
"fanges","skin","皮膚","https://ilrdc.tw/tow/2022/audio/word/4/06_23.wav"
"falohang","thoracic cavity","胸腔","https://ilrdc.tw/tow/2022/audio/word/4/06_24.wav"
"panga","male genitalia","男性生殖器","https://ilrdc.tw/tow/2022/audio/word/4/06_25.wav"
"riti","female genitalia","女性生殖器","https://ilrdc.tw/tow/2022/audio/word/4/06_26.wav"
"fala’","lung","肺","https://ilrdc.tw/tow/2022/audio/word/4/06_27.wav"
"faloco’","heart","心臟","https://ilrdc.tw/tow/2022/audio/word/4/06_28.wav"
"ciko","elbow","手肘","https://ilrdc.tw/tow/2022/audio/word/4/06_29.wav"
"ngalay","saliva","口水","https://ilrdc.tw/tow/2022/audio/word/4/06_30.wav"
"toros","knee","膝蓋","https://ilrdc.tw/tow/2022/audio/word/4/06_31.wav"
"doka’","wound","傷口","https://ilrdc.tw/tow/2022/audio/word/4/06_32.wav"
"fitoka","stomach","胃","https://ilrdc.tw/tow/2022/audio/word/4/06_33.wav"
"’atay","liver","肝臟","https://ilrdc.tw/tow/2022/audio/word/4/06_34.wav"
"toloho’","phlegm","痰","https://ilrdc.tw/tow/2022/audio/word/4/06_35.wav"
"firo’ok  ","goiter","甲狀腺腫","https://ilrdc.tw/tow/2022/audio/word/4/06_36.wav"
"simal","grease","油脂","https://ilrdc.tw/tow/2022/audio/word/4/06_37.wav"
"fadowac","rib","肋骨","https://ilrdc.tw/tow/2022/audio/word/4/06_38.wav"
"tira’","gallbladder","膽囊","https://ilrdc.tw/tow/2022/audio/word/4/06_39.wav"
"salita’ang","thumb","拇指","https://ilrdc.tw/tow/2022/audio/word/4/06_40.wav"
"takolaw","throat","喉嚨","https://ilrdc.tw/tow/2022/audio/word/4/06_41.wav"
"sema","tongue","舌頭","https://ilrdc.tw/tow/2022/audio/word/4/06_42.wav"
"tatelecan","waist","腰部","https://ilrdc.tw/tow/2022/audio/word/4/06_43.wav"
"tarodo’","finger","手指","https://ilrdc.tw/tow/2022/audio/word/4/06_44.wav"
"sangotngot","front tooth","門牙","https://ilrdc.tw/tow/2022/audio/word/4/06_45.wav"
"sino’ot","sweat","汗水","https://ilrdc.tw/tow/2022/audio/word/4/06_46.wav"
"li’el","neck","脖子","https://ilrdc.tw/tow/2022/audio/word/4/06_47.wav"
"dinget","nasal mucus","鼻涕","https://ilrdc.tw/tow/2022/audio/word/4/06_48.wav"
"pokoh ","joint","關節","https://ilrdc.tw/tow/2022/audio/word/4/06_49.wav"
"hemot","buttocks","臀部","https://ilrdc.tw/tow/2022/audio/word/4/06_50.wav"
"saripa’","the sole of the foot","腳掌","https://ilrdc.tw/tow/2022/audio/word/4/06_51.wav"
"aliyocan","neck","頸子","https://ilrdc.tw/tow/2022/audio/word/4/06_52.wav"
"kakiri’an","armpit","腋窩","https://ilrdc.tw/tow/2022/audio/word/4/06_53.wav"
"fowa’","kidney","腎臟","https://ilrdc.tw/tow/2022/audio/word/4/06_54.wav"
"filfil","lip","嘴唇","https://ilrdc.tw/tow/2022/audio/word/4/06_55.wav"
"fanoh","fur","毛","https://ilrdc.tw/tow/2022/audio/word/4/06_56.wav"
"wikor","tail","尾巴","https://ilrdc.tw/tow/2022/audio/word/4/07_01.wav"
"diyong","pig","豬","https://ilrdc.tw/tow/2022/audio/word/4/07_02.wav"
"waco","dog","狗","https://ilrdc.tw/tow/2022/audio/word/4/07_03.wav"
"siri","sheep","羊","https://ilrdc.tw/tow/2022/audio/word/4/07_04.wav"
"posi","cat","貓","https://ilrdc.tw/tow/2022/audio/word/4/07_05.wav"
"’ayam","bird","鳥","https://ilrdc.tw/tow/2022/audio/word/4/07_06.wav"
"foting","fish","魚","https://ilrdc.tw/tow/2022/audio/word/4/07_07.wav"
" koko’","chicken","雞","https://ilrdc.tw/tow/2022/audio/word/4/07_08.wav"
"lotong","monkey","猴子","https://ilrdc.tw/tow/2022/audio/word/4/07_09.wav"
"kolong","cattle","牛","https://ilrdc.tw/tow/2022/audio/word/4/07_10.wav"
"kacingcon","mice (collectively)","老鼠(統稱)","https://ilrdc.tw/tow/2022/audio/word/4/07_11.wav"
"takora’","frog","青蛙","https://ilrdc.tw/tow/2022/audio/word/4/07_12.wav"
" ekong","owl","貓頭鷹","https://ilrdc.tw/tow/2022/audio/word/4/07_13.wav"
"arem","pangolin (manis pentadactylata)","穿山甲","https://ilrdc.tw/tow/2022/audio/word/4/07_14.wav"
"fafoy","boar","山豬","https://ilrdc.tw/tow/2022/audio/word/4/07_15.wav"
"topi","feral pigeon","野鴿子","https://ilrdc.tw/tow/2022/audio/word/4/07_16.wav"
"fao","insect (collectively)","蟲(統稱)","https://ilrdc.tw/tow/2022/audio/word/4/07_17.wav"
"rarokoh","turtle","烏龜","https://ilrdc.tw/tow/2022/audio/word/4/07_18.wav"
"oner","snake","蛇","https://ilrdc.tw/tow/2022/audio/word/4/07_19.wav"
"lawal","flying squirrel","飛鼠","https://ilrdc.tw/tow/2022/audio/word/4/07_20.wav"
"lokedaw","leopard","豹","https://ilrdc.tw/tow/2022/audio/word/4/07_21.wav"
"malonem","sambar (cervus eldii)","水鹿","https://ilrdc.tw/tow/2022/audio/word/4/07_22.wav"
"tomay","bear","熊","https://ilrdc.tw/tow/2022/audio/word/4/07_23.wav"
"mangcel","muntiacus reevesi","山羌","https://ilrdc.tw/tow/2022/audio/word/4/07_24.wav"
"dadipis","cockroach","蟑螂","https://ilrdc.tw/tow/2022/audio/word/4/07_25.wav"
"facacido’","dragonfly","蜻蜓","https://ilrdc.tw/tow/2022/audio/word/4/07_26.wav"
"’adipangpang","butterfly","蝴蝶","https://ilrdc.tw/tow/2022/audio/word/4/07_27.wav"
"falalotong","spider","蜘蛛","https://ilrdc.tw/tow/2022/audio/word/4/07_28.wav"
"panga/fotol","male reproductive organs","雄性動物生殖器官","https://ilrdc.tw/tow/2022/audio/word/4/07_29.wav"
"sofol","squirrel","松鼠","https://ilrdc.tw/tow/2022/audio/word/4/07_30.wav"
"kolafaw","vole","田鼠","https://ilrdc.tw/tow/2022/audio/word/4/07_31.wav"
"likes","mosquitoe","蚊子","https://ilrdc.tw/tow/2022/audio/word/4/07_32.wav"
"koto","head louse","頭蝨","https://ilrdc.tw/tow/2022/audio/word/4/07_33.wav"
"lalangaw","fly","蒼蠅","https://ilrdc.tw/tow/2022/audio/word/4/07_34.wav"
"facacenal","honeybee","蜜蜂","https://ilrdc.tw/tow/2022/audio/word/4/07_35.wav"
"’otoyan","male (animal)","雄性(動物)","https://ilrdc.tw/tow/2022/audio/word/4/07_36.wav"
"ciciw","suckling pig","乳豬","https://ilrdc.tw/tow/2022/audio/word/4/07_37.wav"
"maymay","duck","鴨","https://ilrdc.tw/tow/2022/audio/word/4/07_38.wav"
"arikak/atikak","earthworm","蚯蚓","https://ilrdc.tw/tow/2022/audio/word/4/07_39.wav"
"tina’i","animal giblets","動物的內臟","https://ilrdc.tw/tow/2022/audio/word/4/07_40.wav"
"facacenal","wasp","土蜂","https://ilrdc.tw/tow/2022/audio/word/4/07_41.wav"
"afar","shrimp","蝦","https://ilrdc.tw/tow/2022/audio/word/4/07_42.wav"
"eco","elephant","大象","https://ilrdc.tw/tow/2022/audio/word/4/07_43.wav"
"efa","horse","馬","https://ilrdc.tw/tow/2022/audio/word/4/07_44.wav"
"tawinaan","female (animal)","雌性(動物)","https://ilrdc.tw/tow/2022/audio/word/4/07_45.wav"
"kalang","crab","螃蟹","https://ilrdc.tw/tow/2022/audio/word/4/07_46.wav"
"  dadacdac","cicada","蟬","https://ilrdc.tw/tow/2022/audio/word/4/07_47.wav"
"rodak","hundred-pace snake","百步蛇","https://ilrdc.tw/tow/2022/audio/word/4/07_48.wav"
"sapikpik","wing","翅膀","https://ilrdc.tw/tow/2022/audio/word/4/07_49.wav"
"padadaki","bat","蝙蝠","https://ilrdc.tw/tow/2022/audio/word/4/07_50.wav"
"katacomoli","snail","蝸牛","https://ilrdc.tw/tow/2022/audio/word/4/07_51.wav"
"alicay","sparrow","麻雀","https://ilrdc.tw/tow/2022/audio/word/4/07_52.wav"
"fararangad","stag beetle","鍬形蟲","https://ilrdc.tw/tow/2022/audio/word/4/07_53.wav"
"lidep","eagle","老鷹","https://ilrdc.tw/tow/2022/audio/word/4/07_54.wav"
"kakonah","ant","螞蟻","https://ilrdc.tw/tow/2022/audio/word/4/07_55.wav"
"kaciw","goose","鵝","https://ilrdc.tw/tow/2022/audio/word/4/07_56.wav"
"’ayam","waterbird","水鳥","https://ilrdc.tw/tow/2022/audio/word/4/07_57.wav"
"dipong","nest","窩巢","https://ilrdc.tw/tow/2022/audio/word/4/07_58.wav"
"tatekoh","hornet","虎頭蜂","https://ilrdc.tw/tow/2022/audio/word/4/07_59.wav"
"’atimela","flea","跳蚤","https://ilrdc.tw/tow/2022/audio/word/4/07_60.wav"
"cacelakay","cobra","眼鏡蛇","https://ilrdc.tw/tow/2022/audio/word/4/07_61.wav"
"parang","crow","烏鴉","https://ilrdc.tw/tow/2022/audio/word/4/07_62.wav"
"totoy","puppy","幼犬","https://ilrdc.tw/tow/2022/audio/word/4/07_63.wav"
"waa’","horn","(動物的)角","https://ilrdc.tw/tow/2022/audio/word/4/07_64.wav"
"riri’","grasshopper","蚱蜢","https://ilrdc.tw/tow/2022/audio/word/4/07_65.wav"
"pawli","banana","香蕉","https://ilrdc.tw/tow/2022/audio/word/4/08_01.wav"
"adas","paddy","稻穀","https://ilrdc.tw/tow/2022/audio/word/4/08_02.wav"
"kilang","tree","樹","https://ilrdc.tw/tow/2022/audio/word/4/08_03.wav"
"tali","taro","芋頭","https://ilrdc.tw/tow/2022/audio/word/4/08_04.wav"
"tefos","sugar cane","甘蔗","https://ilrdc.tw/tow/2022/audio/word/4/08_05.wav"
"papah","leaf","葉子","https://ilrdc.tw/tow/2022/audio/word/4/08_06.wav"
"konga","sweet potato","甘藷","https://ilrdc.tw/tow/2022/audio/word/4/08_07.wav"
"asilo","tangerine","柑橘","https://ilrdc.tw/tow/2022/audio/word/4/08_08.wav"
"falo","flower","花朵","https://ilrdc.tw/tow/2022/audio/word/4/08_09.wav"
"ciyak","pumpkin","南瓜","https://ilrdc.tw/tow/2022/audio/word/4/08_10.wav"
"semot","weed","雜草","https://ilrdc.tw/tow/2022/audio/word/4/08_11.wav"
"ariray","corn","玉米","https://ilrdc.tw/tow/2022/audio/word/4/08_12.wav"
"icep","betel nut","檳榔","https://ilrdc.tw/tow/2022/audio/word/4/08_13.wav"
"awol","bamboo","竹子","https://ilrdc.tw/tow/2022/audio/word/4/08_14.wav"
"ca’ang","branch","樹枝","https://ilrdc.tw/tow/2022/audio/word/4/08_15.wav"
"heci ","fruit","(植物的)果實","https://ilrdc.tw/tow/2022/audio/word/4/08_16.wav"
"tefo’","bamboo shoot","竹筍","https://ilrdc.tw/tow/2022/audio/word/4/08_17.wav"
"faniw","edible mushroom","香菇","https://ilrdc.tw/tow/2022/audio/word/4/08_18.wav"
"talacay","pineapple","鳳梨","https://ilrdc.tw/tow/2022/audio/word/4/08_19.wav"
"rengos","grass","草","https://ilrdc.tw/tow/2022/audio/word/4/08_20.wav"
"oway","rattan","藤類","https://ilrdc.tw/tow/2022/audio/word/4/08_21.wav"
"lopas","peach","桃子","https://ilrdc.tw/tow/2022/audio/word/4/08_22.wav"
"somomo","plum","李子","https://ilrdc.tw/tow/2022/audio/word/4/08_23.wav"
"heci no losay","fruit","水果","https://ilrdc.tw/tow/2022/audio/word/4/08_24.wav"
"tatapangan no kilang / palamitan","treetop","樹頭","https://ilrdc.tw/tow/2022/audio/word/4/08_25.wav"
"talonged","agaric","木耳","https://ilrdc.tw/tow/2022/audio/word/4/08_26.wav"
"tomato","tomatoe","蕃茄","https://ilrdc.tw/tow/2022/audio/word/4/08_27.wav"
"lamit no kilang","root","樹根","https://ilrdc.tw/tow/2022/audio/word/4/08_28.wav"
"dapowak","wild lily","野百合","https://ilrdc.tw/tow/2022/audio/word/4/08_29.wav"
"lawilaw","giant elephant's ear","姑婆芋","https://ilrdc.tw/tow/2022/audio/word/4/08_30.wav"
"toto’","cucumber","胡瓜","https://ilrdc.tw/tow/2022/audio/word/4/08_31.wav"
"lokot","bird-nest fern","山蘇","https://ilrdc.tw/tow/2022/audio/word/4/08_32.wav"
"ningcing","carrot","胡蘿蔔","https://ilrdc.tw/tow/2022/audio/word/4/08_33.wav"
"ingcay","cabbage","空心菜","https://ilrdc.tw/tow/2022/audio/word/4/08_34.wav"
"kalitang","yard-long bean","長豆","https://ilrdc.tw/tow/2022/audio/word/4/08_35.wav"
"naniwac","green bean","綠豆","https://ilrdc.tw/tow/2022/audio/word/4/08_36.wav"
"emi","wheat","麥","https://ilrdc.tw/tow/2022/audio/word/4/08_37.wav"
"kenaw","green onion","蔥","https://ilrdc.tw/tow/2022/audio/word/4/08_38.wav"
"tawcay","bean sprout","豆芽","https://ilrdc.tw/tow/2022/audio/word/4/08_39.wav"
"acimeri","passion fruit","百香果","https://ilrdc.tw/tow/2022/audio/word/4/08_40.wav"
"korto’","yam","山藥","https://ilrdc.tw/tow/2022/audio/word/4/08_41.wav"
"hinoki","cypress","檜木","https://ilrdc.tw/tow/2022/audio/word/4/08_42.wav"
"sapal","seedling","幼苗","https://ilrdc.tw/tow/2022/audio/word/4/08_43.wav"
"sapaloma","seed","種子","https://ilrdc.tw/tow/2022/audio/word/4/08_44.wav"
"edox","wild strawberry","野草莓","https://ilrdc.tw/tow/2022/audio/word/4/08_45.wav"
"omi","plum","梅子","https://ilrdc.tw/tow/2022/audio/word/4/08_46.wav"
"mokaw","vegetable fern","過貓","https://ilrdc.tw/tow/2022/audio/word/4/08_47.wav"
"sakora","Taiwan cherry","山櫻花","https://ilrdc.tw/tow/2022/audio/word/4/08_48.wav"
"sedeng","stinging nettle","咬人貓","https://ilrdc.tw/tow/2022/audio/word/4/08_49.wav"
"imoc","mountain litsea","山胡椒","https://ilrdc.tw/tow/2022/audio/word/4/08_50.wav"
"fata’an","pigeon pea","樹豆","https://ilrdc.tw/tow/2022/audio/word/4/08_51.wav"
"kamoraw","grapefruit","柚子","https://ilrdc.tw/tow/2022/audio/word/4/08_52.wav"
"tamako","tobacco","菸草","https://ilrdc.tw/tow/2022/audio/word/4/08_53.wav"
"adiyamay","pepper (generic term)","辣椒(通稱)","https://ilrdc.tw/tow/2022/audio/word/4/08_54.wav"
"takomod","cotton","棉花","https://ilrdc.tw/tow/2022/audio/word/4/08_55.wav"
"konga","sweet potato","地瓜","https://ilrdc.tw/tow/2022/audio/word/4/08_56.wav"
"kodafes","guava","番石榴","https://ilrdc.tw/tow/2022/audio/word/4/08_57.wav"
"tilid","book","書","https://ilrdc.tw/tow/2022/audio/word/4/09_01.wav"
"payci","money","錢","https://ilrdc.tw/tow/2022/audio/word/4/09_02.wav"
"mali","ball","球","https://ilrdc.tw/tow/2022/audio/word/4/09_03.wav"
"cokowi","table","桌子","https://ilrdc.tw/tow/2022/audio/word/4/09_04.wav"
"tingwa","telephone","電話","https://ilrdc.tw/tow/2022/audio/word/4/09_05.wav"
"impic","pen","筆","https://ilrdc.tw/tow/2022/audio/word/4/09_06.wav"
"hakenang","chair","椅子","https://ilrdc.tw/tow/2022/audio/word/4/09_07.wav"
"sapaiyo","medicine","藥物","https://ilrdc.tw/tow/2022/audio/word/4/09_08.wav"
"tingnaw","computer","電腦","https://ilrdc.tw/tow/2022/audio/word/4/09_09.wav"
"dinay","umbrella","雨傘","https://ilrdc.tw/tow/2022/audio/word/4/09_10.wav"
"toki","watch","手錶","https://ilrdc.tw/tow/2022/audio/word/4/09_11.wav"
"toki","clocks and watches","鐘錶","https://ilrdc.tw/tow/2022/audio/word/4/09_12.wav"
"sakawit","hook","鉤子","https://ilrdc.tw/tow/2022/audio/word/4/09_13.wav"
"walay","fine line","細線","https://ilrdc.tw/tow/2022/audio/word/4/09_14.wav"
"saso’ot","rope","繩索","https://ilrdc.tw/tow/2022/audio/word/4/09_15.wav"
"rinom","needle","針","https://ilrdc.tw/tow/2022/audio/word/4/09_16.wav"
"asolo","wooden pestle","木杵","https://ilrdc.tw/tow/2022/audio/word/4/09_17.wav"
"ca’ang","twig"," 枝條","https://ilrdc.tw/tow/2022/audio/word/4/09_18.wav"
"hatapes ","sieve","篩子","https://ilrdc.tw/tow/2022/audio/word/4/09_19.wav"
"po’ot","knife","小刀","https://ilrdc.tw/tow/2022/audio/word/4/09_20.wav"
"tamina","ship","船隻","https://ilrdc.tw/tow/2022/audio/word/4/09_21.wav"
"kalatim","scissor","剪刀","https://ilrdc.tw/tow/2022/audio/word/4/09_22.wav"
"atang","charcoal","木炭","https://ilrdc.tw/tow/2022/audio/word/4/09_23.wav"
"fakic","bucket","水桶","https://ilrdc.tw/tow/2022/audio/word/4/09_24.wav"
"sapacemot","fishing rod","釣竿","https://ilrdc.tw/tow/2022/audio/word/4/09_25.wav"
"lawas","bamboo tube","竹筒","https://ilrdc.tw/tow/2022/audio/word/4/09_26.wav"
"dawdaw","light","電燈","https://ilrdc.tw/tow/2022/audio/word/4/09_27.wav"
"satahaf","lid","蓋子","https://ilrdc.tw/tow/2022/audio/word/4/09_28.wav"
"topipic","spatula","(竹製的)刮麻具","https://ilrdc.tw/tow/2022/audio/word/4/09_29.wav"
"kadit","filth","污垢","https://ilrdc.tw/tow/2022/audio/word/4/09_30.wav"
"tatifekan","wooden mortar","木臼","https://ilrdc.tw/tow/2022/audio/word/4/09_31.wav"
"sawfan","quilt","棉被","https://ilrdc.tw/tow/2022/audio/word/4/09_32.wav"
"kaysing","bowl","碗","https://ilrdc.tw/tow/2022/audio/word/4/09_33.wav"
"tafokod","net","網子","https://ilrdc.tw/tow/2022/audio/word/4/09_34.wav"
"dangah","rice cooker","飯鍋","https://ilrdc.tw/tow/2022/audio/word/4/09_35.wav"
"sarosaros","saw","鋸子","https://ilrdc.tw/tow/2022/audio/word/4/09_36.wav"
"dadokap","paper","紙張","https://ilrdc.tw/tow/2022/audio/word/4/09_37.wav"
"koppo","cup","杯子","https://ilrdc.tw/tow/2022/audio/word/4/09_38.wav"
"sapacemot","fishing tackle","釣具","https://ilrdc.tw/tow/2022/audio/word/4/09_39.wav"
"tisaki","bag","袋子","https://ilrdc.tw/tow/2022/audio/word/4/09_40.wav"
"sekop","turner","鍋鏟","https://ilrdc.tw/tow/2022/audio/word/4/09_41.wav"
"cakelis","axe","斧頭","https://ilrdc.tw/tow/2022/audio/word/4/09_42.wav"
"alapit","tong","夾子","https://ilrdc.tw/tow/2022/audio/word/4/09_43.wav"
"takar","bedding","床舖","https://ilrdc.tw/tow/2022/audio/word/4/09_44.wav"
"awakay","stalk","梗","https://ilrdc.tw/tow/2022/audio/word/4/09_45.wav"
"dadingoan","mirror","鏡子","https://ilrdc.tw/tow/2022/audio/word/4/09_46.wav"
"sakadademak","tool","工具","https://ilrdc.tw/tow/2022/audio/word/4/09_47.wav"
"pirit","wok","弧形(底)鍋","https://ilrdc.tw/tow/2022/audio/word/4/09_48.wav"
"afo","charcoal ash","炭灰","https://ilrdc.tw/tow/2022/audio/word/4/09_49.wav"
"talid","bottle","瓶子","https://ilrdc.tw/tow/2022/audio/word/4/09_50.wav"
"ilos","spoon","湯匙","https://ilrdc.tw/tow/2022/audio/word/4/09_51.wav"
"sala","dish","菜盤","https://ilrdc.tw/tow/2022/audio/word/4/09_52.wav"
"sasing","photograph","相片","https://ilrdc.tw/tow/2022/audio/word/4/09_53.wav"
"safon","soap","肥皂","https://ilrdc.tw/tow/2022/audio/word/4/09_54.wav"
"safitay","filter net","濾酒渣網","https://ilrdc.tw/tow/2022/audio/word/4/09_55.wav"
"sakares","comb","梳子","https://ilrdc.tw/tow/2022/audio/word/4/09_56.wav"
"safafa","sling","揹帶","https://ilrdc.tw/tow/2022/audio/word/4/09_57.wav"
"sapihpih","fan","扇子","https://ilrdc.tw/tow/2022/audio/word/4/09_58.wav"
"dangah","stockpot","湯鍋","https://ilrdc.tw/tow/2022/audio/word/4/09_59.wav"
"toto’","water ladle (for scooping water up)","水瓢(舀水用)","https://ilrdc.tw/tow/2022/audio/word/4/09_60.wav"
"ping-syang","refrigerator","電冰箱","https://ilrdc.tw/tow/2022/audio/word/4/09_61.wav"
"tilifi","television","電視","https://ilrdc.tw/tow/2022/audio/word/4/09_62.wav"
"hoso","pipe","水管","https://ilrdc.tw/tow/2022/audio/word/4/09_63.wav"
"tatangalan","pillow","枕頭","https://ilrdc.tw/tow/2022/audio/word/4/09_64.wav"
"satoktok","hammer","鐵鎚","https://ilrdc.tw/tow/2022/audio/word/4/09_65.wav"
"pacek","Iron nail","鐵釘","https://ilrdc.tw/tow/2022/audio/word/4/09_66.wav"
"tingal","the thing stuck between the teeth","卡在牙縫之物","https://ilrdc.tw/tow/2022/audio/word/4/09_67.wav"
"siwto/satonton","cleaver","菜刀","https://ilrdc.tw/tow/2022/audio/word/4/09_68.wav"
"tafokod","fishing net","魚網","https://ilrdc.tw/tow/2022/audio/word/4/09_69.wav"
"sasipasip","eraser","橡皮擦","https://ilrdc.tw/tow/2022/audio/word/4/09_70.wav"
"kadango","basket","簍子","https://ilrdc.tw/tow/2022/audio/word/4/09_71.wav"
"lalan","road","道路","https://ilrdc.tw/tow/2022/audio/word/4/10_01.wav"
"lotok","wooded mountain","山林","https://ilrdc.tw/tow/2022/audio/word/4/10_02.wav"
"ci’ci’","creek","小溪","https://ilrdc.tw/tow/2022/audio/word/4/10_03.wav"
"fali","wind","風","https://ilrdc.tw/tow/2022/audio/word/4/10_04.wav"
"tafok","sand","沙子","https://ilrdc.tw/tow/2022/audio/word/4/10_05.wav"
"sera","soil","泥土","https://ilrdc.tw/tow/2022/audio/word/4/10_06.wav"
"’alo","stream","河流","https://ilrdc.tw/tow/2022/audio/word/4/10_07.wav"
"fanaw","lake","湖泊","https://ilrdc.tw/tow/2022/audio/word/4/10_08.wav"
"kilakilangan","forest","森林","https://ilrdc.tw/tow/2022/audio/word/4/10_09.wav"
"ngara’","crevice","縫隙","https://ilrdc.tw/tow/2022/audio/word/4/10_10.wav"
"dihif","cave","洞穴","https://ilrdc.tw/tow/2022/audio/word/4/10_11.wav"
"tapang no tokos","at the foot of the mountain","山腳下","https://ilrdc.tw/tow/2022/audio/word/4/10_12.wav"
"apolaw","mound","土堆","https://ilrdc.tw/tow/2022/audio/word/4/10_13.wav"
"ofang no ongcoy","cavern","岩洞","https://ilrdc.tw/tow/2022/audio/word/4/10_14.wav"
"rengorengosan","grassland","草原","https://ilrdc.tw/tow/2022/audio/word/4/10_15.wav"
"onsing","hot spring","溫泉","https://ilrdc.tw/tow/2022/audio/word/4/10_16.wav"
"sa’owacan","canyon","峽谷","https://ilrdc.tw/tow/2022/audio/word/4/10_17.wav"
"ofang","cave","山洞","https://ilrdc.tw/tow/2022/audio/word/4/10_18.wav"
"ongcoy","rock","岩石","https://ilrdc.tw/tow/2022/audio/word/4/10_19.wav"
"cascas ","cascade","瀑布","https://ilrdc.tw/tow/2022/audio/word/4/10_20.wav"
"apapolo","independent hill","獨立的小山頭","https://ilrdc.tw/tow/2022/audio/word/4/10_21.wav"
"padipas","lofty mountains and steep hills","崇山峻嶺","https://ilrdc.tw/tow/2022/audio/word/4/10_22.wav"
"ma’orad","rainy","下雨","https://ilrdc.tw/tow/2022/audio/word/4/11_01.wav"
"cidal","sun","太陽","https://ilrdc.tw/tow/2022/audio/word/4/11_02.wav"
"folad","moon","月亮","https://ilrdc.tw/tow/2022/audio/word/4/11_03.wav"
"kakarayan","sky","天空","https://ilrdc.tw/tow/2022/audio/word/4/11_04.wav"
"fo’is","star","星星","https://ilrdc.tw/tow/2022/audio/word/4/11_05.wav"
"’orad","rain","雨","https://ilrdc.tw/tow/2022/audio/word/4/11_06.wav"
"so’eda","snow","雪","https://ilrdc.tw/tow/2022/audio/word/4/11_07.wav"
"kasienawan","winter","冬天","https://ilrdc.tw/tow/2022/audio/word/4/11_08.wav"
"laloodan","summer","夏天","https://ilrdc.tw/tow/2022/audio/word/4/11_09.wav"
"kakereng","thunder","雷","https://ilrdc.tw/tow/2022/audio/word/4/11_10.wav"
"ool","dew","露水","https://ilrdc.tw/tow/2022/audio/word/4/11_11.wav"
"toem","cloud","雲","https://ilrdc.tw/tow/2022/audio/word/4/11_12.wav"
"acefel","smoke","煙","https://ilrdc.tw/tow/2022/audio/word/4/11_13.wav"
"kalapiyat","lightning","閃電","https://ilrdc.tw/tow/2022/audio/word/4/11_14.wav"
"hadhad","dry land","旱田","https://ilrdc.tw/tow/2022/audio/word/4/11_15.wav"
"matoem","cloudy day","陰天","https://ilrdc.tw/tow/2022/audio/word/4/11_16.wav"
"namal","fire","火","https://ilrdc.tw/tow/2022/audio/word/4/11_17.wav"
"koli","ice","冰","https://ilrdc.tw/tow/2022/audio/word/4/11_18.wav"
"atoray","earthquake","地震","https://ilrdc.tw/tow/2022/audio/word/4/11_19.wav"
"adingo","shadow","影子","https://ilrdc.tw/tow/2022/audio/word/4/11_20.wav"
"faliyos","typhoon","颱風","https://ilrdc.tw/tow/2022/audio/word/4/11_21.wav"
"pedak","frost","霜","https://ilrdc.tw/tow/2022/audio/word/4/11_22.wav"
"tera’","drip","水滴","https://ilrdc.tw/tow/2022/audio/word/4/11_23.wav"
"manawnaw","flood","水患","https://ilrdc.tw/tow/2022/audio/word/4/11_24.wav"
"kacanglahan","spring","春天","https://ilrdc.tw/tow/2022/audio/word/4/11_25.wav"
"lawac no riyal","seaside","海邊","https://ilrdc.tw/tow/2022/audio/word/4/11_26.wav"
"kafarawfawan","autumn","秋天","https://ilrdc.tw/tow/2022/audio/word/4/11_27.wav"
"talakal ni Idek","rainbow","彩虹","https://ilrdc.tw/tow/2022/audio/word/4/11_28.wav"
"maringaring","sunset","日落","https://ilrdc.tw/tow/2022/audio/word/4/11_29.wav"
"to’eman","dusk","天黑","https://ilrdc.tw/tow/2022/audio/word/4/11_30.wav"
"tomerep ko ’orad","stop raining","雨停","https://ilrdc.tw/tow/2022/audio/word/4/11_31.wav"
"mafaliyos","typhoon.","刮颱風","https://ilrdc.tw/tow/2022/audio/word/4/11_32.wav"
"masadak ko cidal","sunrise","日出","https://ilrdc.tw/tow/2022/audio/word/4/11_33.wav"
"loma’","home","家","https://ilrdc.tw/tow/2022/audio/word/4/12_01.wav"
"palatawan","window","窗戶","https://ilrdc.tw/tow/2022/audio/word/4/12_02.wav"
"fawahan","door","門","https://ilrdc.tw/tow/2022/audio/word/4/12_03.wav"
"kongkoan","school","學校","https://ilrdc.tw/tow/2022/audio/word/4/12_04.wav"
"fakeloh","stone","石頭","https://ilrdc.tw/tow/2022/audio/word/4/12_05.wav"
"fadahong","roof","屋頂","https://ilrdc.tw/tow/2022/audio/word/4/12_06.wav"
"kayakay","bridge","橋樑","https://ilrdc.tw/tow/2022/audio/word/4/12_07.wav"
"taro’an","shack","工寮","https://ilrdc.tw/tow/2022/audio/word/4/12_08.wav"
"tata’ian","toilet","廁所","https://ilrdc.tw/tow/2022/audio/word/4/12_09.wav"
"hecek","pillar","柱子","https://ilrdc.tw/tow/2022/audio/word/4/12_10.wav"
"atol","rock pile","石堆","https://ilrdc.tw/tow/2022/audio/word/4/12_11.wav"
"pakoko’an","chicken coop","雞寮","https://ilrdc.tw/tow/2022/audio/word/4/12_12.wav"
"takaykayan","stair","樓梯","https://ilrdc.tw/tow/2022/audio/word/4/12_13.wav"
"satimolan","courtyard","庭院","https://ilrdc.tw/tow/2022/audio/word/4/12_14.wav"
"patih","wall","牆壁","https://ilrdc.tw/tow/2022/audio/word/4/12_15.wav"
"kofaw","barn","穀倉","https://ilrdc.tw/tow/2022/audio/word/4/12_16.wav"
"misafadahong","roofing","蓋屋頂","https://ilrdc.tw/tow/2022/audio/word/4/12_17.wav"
"misaadiper","building a fence","搭建圍籬","https://ilrdc.tw/tow/2022/audio/word/4/12_18.wav"
"saikoran","backyard","後院","https://ilrdc.tw/tow/2022/audio/word/4/12_19.wav"
"lalomiheca","next year","明年","https://ilrdc.tw/tow/2022/audio/word/4/13_01.wav"
"dadaya","evening","晚上","https://ilrdc.tw/tow/2022/audio/word/4/13_02.wav"
"nacila","yesterday","昨天","https://ilrdc.tw/tow/2022/audio/word/4/13_03.wav"
"anocila","tomorrow","明天","https://ilrdc.tw/tow/2022/audio/word/4/13_04.wav"
"anini","today","今天","https://ilrdc.tw/tow/2022/audio/word/4/13_05.wav"
"papacem","morning","早上","https://ilrdc.tw/tow/2022/audio/word/4/13_06.wav"
"romi’ad","daytime","白天","https://ilrdc.tw/tow/2022/audio/word/4/13_07.wav"
"inacila","day before yesterday","前天","https://ilrdc.tw/tow/2022/audio/word/4/13_08.wav"
"kanikalan","early morning","清晨","https://ilrdc.tw/tow/2022/audio/word/4/13_09.wav"
"to’eman","darkness","黑暗","https://ilrdc.tw/tow/2022/audio/word/4/13_10.wav"
"hakakerem","toward evening","傍晚","https://ilrdc.tw/tow/2022/audio/word/4/13_11.wav"
"dotoc","continue","接續","https://ilrdc.tw/tow/2022/audio/word/4/13_12.wav"
"lafii","midnight","半夜","https://ilrdc.tw/tow/2022/audio/word/4/13_13.wav"
"itiya","at that time","當時","https://ilrdc.tw/tow/2022/audio/word/4/13_14.wav"
"inaci:la","three days ago","大前天","https://ilrdc.tw/tow/2022/audio/word/4/13_15.wav"
"anosawni","in a minute","待會兒","https://ilrdc.tw/tow/2022/audio/word/4/13_16.wav"
"anoci:la","three days later","大後天","https://ilrdc.tw/tow/2022/audio/word/4/13_17.wav"
"tadengal","gleam","亮光","https://ilrdc.tw/tow/2022/audio/word/4/13_18.wav"
"anocila","the day after tomorrow","後天","https://ilrdc.tw/tow/2022/audio/word/4/13_19.wav"
"papacem","morning","上午","https://ilrdc.tw/tow/2022/audio/word/4/13_20.wav"
"cila","future","未來","https://ilrdc.tw/tow/2022/audio/word/4/13_21.wav"
"dadaya","night","夜","https://ilrdc.tw/tow/2022/audio/word/4/13_22.wav"
"kaemang ho","at an early age","年輕時","https://ilrdc.tw/tow/2022/audio/word/4/13_23.wav"
"pahoda","in a short while","一下子","https://ilrdc.tw/tow/2022/audio/word/4/13_24.wav"
"ikor no lahok","afternoon"," 下午","https://ilrdc.tw/tow/2022/audio/word/4/13_25.wav"
"toki","o’clock","(幾)點鐘","https://ilrdc.tw/tow/2022/audio/word/4/13_26.wav"
"pa’aliwacan","sunday","星期日","https://ilrdc.tw/tow/2022/audio/word/4/13_27.wav"
"mihecaan","year","年","https://ilrdc.tw/tow/2022/audio/word/4/13_28.wav"
"romi’ami’ad","everyday","天天","https://ilrdc.tw/tow/2022/audio/word/4/13_29.wav"
"hatini","now"," 現在","https://ilrdc.tw/tow/2022/audio/word/4/13_30.wav"
"kahofocan","birthday","生日","https://ilrdc.tw/tow/2022/audio/word/4/13_31.wav"
"laloma’","inside","裡面","https://ilrdc.tw/tow/2022/audio/word/4/14_01.wav"
"isakacowa","somewhere","在某處","https://ilrdc.tw/tow/2022/audio/word/4/14_02.wav"
"kafekang","above","上面","https://ilrdc.tw/tow/2022/audio/word/4/14_03.wav"
"ka’ayaw","front","前面","https://ilrdc.tw/tow/2022/audio/word/4/14_04.wav"
"laeno","below","下面","https://ilrdc.tw/tow/2022/audio/word/4/14_05.wav"
"tenok","middle","中間","https://ilrdc.tw/tow/2022/audio/word/4/14_06.wav"
"papotal","outside","外面","https://ilrdc.tw/tow/2022/audio/word/4/14_07.wav"
"tatihi","side","旁邊","https://ilrdc.tw/tow/2022/audio/word/4/14_08.wav"
"tatafaan","top","頂","https://ilrdc.tw/tow/2022/audio/word/4/14_09.wav"
"kawanan","the right side","右邊","https://ilrdc.tw/tow/2022/audio/word/4/14_10.wav"
"kawili","the left side","左邊","https://ilrdc.tw/tow/2022/audio/word/4/14_11.wav"
"tadimocokan","nook","角落","https://ilrdc.tw/tow/2022/audio/word/4/14_12.wav"
"laeno","beneath something","  某物之下","https://ilrdc.tw/tow/2022/audio/word/4/14_13.wav"
"ta’elif","pass","經過","https://ilrdc.tw/tow/2022/audio/word/4/14_14.wav"
"tahira","(from somewhere) to somewhere","(從某處)到某處","https://ilrdc.tw/tow/2022/audio/word/4/14_15.wav"
"naicowa","from somewhere","從某處","https://ilrdc.tw/tow/2022/audio/word/4/14_16.wav"
"mikohkoh","hoeing","鋤草","https://ilrdc.tw/tow/2022/audio/word/4/15_01.wav"
"mikangkang","plowing","犁田","https://ilrdc.tw/tow/2022/audio/word/4/15_02.wav"
"paloma","sowing","播種","https://ilrdc.tw/tow/2022/audio/word/4/15_03.wav"
"mipaloma","seedling (action)","種苗(動作)","https://ilrdc.tw/tow/2022/audio/word/4/15_04.wav"
"fakar","grain drying box","穀物乾燥簍","https://ilrdc.tw/tow/2022/audio/word/4/15_05.wav"
"kangkang","rake","犁","https://ilrdc.tw/tow/2022/audio/word/4/15_06.wav"
"kawkaw","scythe","鐮刀","https://ilrdc.tw/tow/2022/audio/word/4/15_07.wav"
"pitaw","backhoe","鋤頭","https://ilrdc.tw/tow/2022/audio/word/4/15_08.wav"
"kofaw","warehouse","倉庫","https://ilrdc.tw/tow/2022/audio/word/4/15_09.wav"
"pamatang","Open up","開墾","https://ilrdc.tw/tow/2022/audio/word/4/15_10.wav"
"tayhi","manure","肥料","https://ilrdc.tw/tow/2022/audio/word/4/15_11.wav"
"safitay","grain sifters","篩穀器具","https://ilrdc.tw/tow/2022/audio/word/4/15_12.wav"
"mirohem","accelerate the ripening (of fruit)","催熟(果實)","https://ilrdc.tw/tow/2022/audio/word/4/15_13.wav"
"asisiw","straw","稻草","https://ilrdc.tw/tow/2022/audio/word/4/15_14.wav"
"focol","bow","弓","https://ilrdc.tw/tow/2022/audio/word/4/16_01.wav"
"kotang","spear","矛","https://ilrdc.tw/tow/2022/audio/word/4/16_02.wav"
"pana’","arrow","箭矢","https://ilrdc.tw/tow/2022/audio/word/4/16_03.wav"
"sapariri’","bait","餌","https://ilrdc.tw/tow/2022/audio/word/4/16_04.wav"
"kowang","gun","槍","https://ilrdc.tw/tow/2022/audio/word/4/16_05.wav"
"fonos","hunting knife","獵刀","https://ilrdc.tw/tow/2022/audio/word/4/16_06.wav"
"hawan","straight hunting knife","直形獵刀","https://ilrdc.tw/tow/2022/audio/word/4/16_07.wav"
"’a’adopen","prey (collectively)","獵物(統稱)","https://ilrdc.tw/tow/2022/audio/word/4/16_08.wav"
"tekep","stone trap","石壓式陷阱","https://ilrdc.tw/tow/2022/audio/word/4/16_09.wav"
"wa’ir","noose trap","套頸式繩索陷阱","https://ilrdc.tw/tow/2022/audio/word/4/16_10.wav"
"tisaki","basket","籃子","https://ilrdc.tw/tow/2022/audio/word/4/16_11.wav"
"talakal","bird trap","捕鳥陷阱","https://ilrdc.tw/tow/2022/audio/word/4/16_12.wav"
"paysin","taboo","禁忌","https://ilrdc.tw/tow/2022/audio/word/4/17_01.wav"
"tiih","dream","夢","https://ilrdc.tw/tow/2022/audio/word/4/17_02.wav"
"sair","witchcraft","巫術","https://ilrdc.tw/tow/2022/audio/word/4/17_03.wav"
"kiwkay","church","教會","https://ilrdc.tw/tow/2022/audio/word/4/17_04.wav"
"pipatafangan to liteng","pas-vake","祖靈祭","https://ilrdc.tw/tow/2022/audio/word/4/17_05.wav"
"sarao’","misalisin","播種祭","https://ilrdc.tw/tow/2022/audio/word/4/17_06.wav"
"kawas","ghost","鬼魂","https://ilrdc.tw/tow/2022/audio/word/4/17_07.wav"
"sapi’edaw","witchcarft appliance (witch doctor use it for treatment)","法器(巫醫治病用)","https://ilrdc.tw/tow/2022/audio/word/4/17_08.wav"
"kafong","hat","帽子","https://ilrdc.tw/tow/2022/audio/word/4/18_01.wav"
"riko’","dress","衣服","https://ilrdc.tw/tow/2022/audio/word/4/18_02.wav"
"mitinooy","weave","編織","https://ilrdc.tw/tow/2022/audio/word/4/18_03.wav"
"tangalayan","belly band","肚兜","https://ilrdc.tw/tow/2022/audio/word/4/18_04.wav"
"capay","men’s earring","男用耳環","https://ilrdc.tw/tow/2022/audio/word/4/18_05.wav"
"fiting","women’s earring","女用耳環","https://ilrdc.tw/tow/2022/audio/word/4/18_06.wav"
"kafel","pants","褲子","https://ilrdc.tw/tow/2022/audio/word/4/18_07.wav"
"cicih","torn","破掉","https://ilrdc.tw/tow/2022/audio/word/4/18_08.wav"
"tadasay","headdress","頭飾","https://ilrdc.tw/tow/2022/audio/word/4/18_09.wav"
"sakawit","netting needle","編網針","https://ilrdc.tw/tow/2022/audio/word/4/18_10.wav"
"telec","belt","腰帶","https://ilrdc.tw/tow/2022/audio/word/4/18_11.wav"
"keliw","ramie","苧麻","https://ilrdc.tw/tow/2022/audio/word/4/18_12.wav"
"micengel","stain","染色","https://ilrdc.tw/tow/2022/audio/word/4/18_13.wav"
"kafel","women’s long pant","女性長褲","https://ilrdc.tw/tow/2022/audio/word/4/18_15.wav"
"keliw","boehmeria thread","苧麻線","https://ilrdc.tw/tow/2022/audio/word/4/18_16.wav"
"kiradom","cloth","布匹","https://ilrdc.tw/tow/2022/audio/word/4/18_17.wav"
"tadasay","makeup and accessories","妝扮飾物","https://ilrdc.tw/tow/2022/audio/word/4/18_18.wav"
"dangpaw","traditional blouse","傳統女上衣","https://ilrdc.tw/tow/2022/audio/word/4/18_19.wav"
"talip","traditional skirt","傳統女裙","https://ilrdc.tw/tow/2022/audio/word/4/18_20.wav"
"cokap","shoe","鞋子","https://ilrdc.tw/tow/2022/audio/word/4/18_21.wav"
"safafa","baby carrier","揹小孩的背帶","https://ilrdc.tw/tow/2022/audio/word/4/18_22.wav"
"fodoy","yarn","毛線","https://ilrdc.tw/tow/2022/audio/word/4/18_23.wav"
"talip","skirt","裙子","https://ilrdc.tw/tow/2022/audio/word/4/18_24.wav"
"pacacoyan","codpiece","男用遮陰布","https://ilrdc.tw/tow/2022/audio/word/4/18_25.wav"
"fadasay","men’s mesh bag","男用背負網袋","https://ilrdc.tw/tow/2022/audio/word/4/18_26.wav"
"pa’ayawan","breastplate","擋胸巾","https://ilrdc.tw/tow/2022/audio/word/4/18_27.wav"
"caca’edongan","sleeve","袖子","https://ilrdc.tw/tow/2022/audio/word/4/18_28.wav"
"riko’","jacket","上衣","https://ilrdc.tw/tow/2022/audio/word/4/18_29.wav"
"kawes no loto","headband (for women’s backpack)","頭帶(女用背籃用)","https://ilrdc.tw/tow/2022/audio/word/4/18_30.wav"
"keliw","vegetarian linen thread for weaving","織布用的素麻線","https://ilrdc.tw/tow/2022/audio/word/4/18_31.wav"
"misopil to mowa","scrape ramie","刮苧麻","https://ilrdc.tw/tow/2022/audio/word/4/18_32.wav"
"loto","bamboom back basket","女用揹籃","https://ilrdc.tw/tow/2022/audio/word/4/19_01.wav"
"kadango","round bamboo basket","圓形竹簍","https://ilrdc.tw/tow/2022/audio/word/4/19_02.wav"
"paso","bus","公車","https://ilrdc.tw/tow/2022/audio/word/4/20_01.wav"
"tingsa","bicycle","腳踏車","https://ilrdc.tw/tow/2022/audio/word/4/20_02.wav"
"siyataw","station","車站","https://ilrdc.tw/tow/2022/audio/word/4/20_03.wav"
"tayya","tire","輪胎","https://ilrdc.tw/tow/2022/audio/word/4/20_04.wav"
"tamina","ship","船","https://ilrdc.tw/tow/2022/audio/word/4/20_05.wav"
"paliding","car","車子","https://ilrdc.tw/tow/2022/audio/word/4/20_06.wav"
"kasoling","train","火車","https://ilrdc.tw/tow/2022/audio/word/4/20_07.wav"
"hemay","rice","飯","https://ilrdc.tw/tow/2022/audio/word/4/21_01.wav"
"nanom","water","水","https://ilrdc.tw/tow/2022/audio/word/4/21_02.wav"
"felac","rice","白米","https://ilrdc.tw/tow/2022/audio/word/4/21_03.wav"
"dateng","dish","菜餚","https://ilrdc.tw/tow/2022/audio/word/4/21_04.wav"
"dateng","green vegetable","青菜","https://ilrdc.tw/tow/2022/audio/word/4/21_05.wav"
"epah","wine","酒","https://ilrdc.tw/tow/2022/audio/word/4/21_06.wav"
"cinah","salt","鹽","https://ilrdc.tw/tow/2022/audio/word/4/21_07.wav"
"odax","honey","蜜","https://ilrdc.tw/tow/2022/audio/word/4/21_08.wav"
"fita’ol","egg","蛋","https://ilrdc.tw/tow/2022/audio/word/4/21_09.wav"
"simal","oil","油","https://ilrdc.tw/tow/2022/audio/word/4/21_10.wav"
"aredet","taste","味道","https://ilrdc.tw/tow/2022/audio/word/4/21_11.wav"
"kohaw","soup","湯","https://ilrdc.tw/tow/2022/audio/word/4/21_12.wav"
"kalitang","beans","豆類","https://ilrdc.tw/tow/2022/audio/word/4/21_13.wav"
"saytaw","daikon","白蘿蔔","https://ilrdc.tw/tow/2022/audio/word/4/21_14.wav"
"adas","grain","穀粒","https://ilrdc.tw/tow/2022/audio/word/4/21_15.wav"
"doway","glutinous rice","糯米","https://ilrdc.tw/tow/2022/audio/word/4/21_16.wav"
"kasaw","porridge","粥","https://ilrdc.tw/tow/2022/audio/word/4/21_17.wav"
"lamelo","millet","小米","https://ilrdc.tw/tow/2022/audio/word/4/21_18.wav"
"odax","sugar","糖","https://ilrdc.tw/tow/2022/audio/word/4/21_19.wav"
"titi no diyong","pork","豬肉","https://ilrdc.tw/tow/2022/audio/word/4/21_20.wav"
"towami","noodle","麵","https://ilrdc.tw/tow/2022/audio/word/4/21_21.wav"
"taw’iw","soy sauce","醬油","https://ilrdc.tw/tow/2022/audio/word/4/21_22.wav"
"tipos","indica rice","在來米","https://ilrdc.tw/tow/2022/audio/word/4/21_23.wav"
"afih","rice bran","米糠","https://ilrdc.tw/tow/2022/audio/word/4/21_24.wav"
"otong","flour","麵粉","https://ilrdc.tw/tow/2022/audio/word/4/21_25.wav"
"kohecal","white","白色","https://ilrdc.tw/tow/2022/audio/word/4/22_01.wav"
"koheting","black","黑色","https://ilrdc.tw/tow/2022/audio/word/4/22_02.wav"
"kahengang","red","紅色","https://ilrdc.tw/tow/2022/audio/word/4/22_03.wav"
"koetimay","purple","紫色的","https://ilrdc.tw/tow/2022/audio/word/4/22_04.wav"
"kaliyalaway","yellow","黃色的","https://ilrdc.tw/tow/2022/audio/word/4/22_05.wav"
"makolah","grey","灰色","https://ilrdc.tw/tow/2022/audio/word/4/22_07.wav"
"kangdaw","green","綠色","https://ilrdc.tw/tow/2022/audio/word/4/22_08.wav"
"cengel","color","顏色","https://ilrdc.tw/tow/2022/audio/word/4/22_09.wav"
"aw’aw","dog bark","狗吠聲","https://ilrdc.tw/tow/2022/audio/word/4/23_01.wav"
"radiw","song","歌","https://ilrdc.tw/tow/2022/audio/word/4/23_02.wav"
"natengilan","it is said...","聽說","https://ilrdc.tw/tow/2022/audio/word/4/24_01.wav"
"teked sa a cecay ","alone","獨自一人","https://ilrdc.tw/tow/2022/audio/word/4/24_02.wav"
"lecad","identical","相同","https://ilrdc.tw/tow/2022/audio/word/4/24_03.wav"
"niyaro’","tribe","部落","https://ilrdc.tw/tow/2022/audio/word/4/24_04.wav"
"romi’ad","day","日子","https://ilrdc.tw/tow/2022/audio/word/4/24_05.wav"
"hay","yes","是的","https://ilrdc.tw/tow/2022/audio/word/4/24_06.wav"
"caciyaw","language","語言","https://ilrdc.tw/tow/2022/audio/word/4/24_07.wav"
"’icel","strength","力量","https://ilrdc.tw/tow/2022/audio/word/4/24_08.wav"
"patosokan","target","目標","https://ilrdc.tw/tow/2022/audio/word/4/24_09.wav"
"serangawan","culture","文化","https://ilrdc.tw/tow/2022/audio/word/4/24_10.wav"
"epoc","meaning","意義","https://ilrdc.tw/tow/2022/audio/word/4/24_11.wav"
"pakayif","get married","結婚","https://ilrdc.tw/tow/2022/audio/word/4/24_12.wav"
"kahirahira","various","各色各樣","https://ilrdc.tw/tow/2022/audio/word/4/24_13.wav"
"’aca","price","價格","https://ilrdc.tw/tow/2022/audio/word/4/24_14.wav"
"sapimaan","purpose","用途","https://ilrdc.tw/tow/2022/audio/word/4/24_15.wav"
"raramod","marriage","婚姻","https://ilrdc.tw/tow/2022/audio/word/4/24_16.wav"
"apac","late","遲到","https://ilrdc.tw/tow/2022/audio/word/4/24_17.wav"
"’edef","close","關上","https://ilrdc.tw/tow/2022/audio/word/4/25_01.wav"
"paliwal","sell","賣","https://ilrdc.tw/tow/2022/audio/word/4/25_02.wav"
"tayra","go","去","https://ilrdc.tw/tow/2022/audio/word/4/25_03.wav"
"fohat","open","打開","https://ilrdc.tw/tow/2022/audio/word/4/25_04.wav"
"tahidang","come here","(叫人)過來","https://ilrdc.tw/tow/2022/audio/word/4/25_05.wav"
"’aca","buy","買","https://ilrdc.tw/tow/2022/audio/word/4/25_06.wav"
"feli","give","給","https://ilrdc.tw/tow/2022/audio/word/4/25_07.wav"
"tayni","come","來","https://ilrdc.tw/tow/2022/audio/word/4/25_08.wav"
"caliw","lend","借","https://ilrdc.tw/tow/2022/audio/word/4/25_09.wav"
"rakat","walk","走路","https://ilrdc.tw/tow/2022/audio/word/4/25_10.wav"
"liyas","go (away)","走(離開)","https://ilrdc.tw/tow/2022/audio/word/4/25_11.wav"
"efer","fly","飛","https://ilrdc.tw/tow/2022/audio/word/4/25_12.wav"
"cikayen","run (imperatives)","跑 (祈使)","https://ilrdc.tw/tow/2022/audio/word/4/25_13.wav"
"tahira","arrival","抵達","https://ilrdc.tw/tow/2022/audio/word/4/25_14.wav"
"patono","see a visitor out","送(客人)","https://ilrdc.tw/tow/2022/audio/word/4/25_15.wav"
"laliw","flee","逃跑","https://ilrdc.tw/tow/2022/audio/word/4/25_16.wav"
"comod","enter","進入","https://ilrdc.tw/tow/2022/audio/word/4/25_17.wav"
"tapolong","overturn","翻倒","https://ilrdc.tw/tow/2022/audio/word/4/25_18.wav"
"hawikid","bring","帶","https://ilrdc.tw/tow/2022/audio/word/4/25_19.wav"
"laplap","get rid of...","趕走","https://ilrdc.tw/tow/2022/audio/word/4/25_20.wav"
"tikol","turn back","折返","https://ilrdc.tw/tow/2022/audio/word/4/25_21.wav"
"lahad","growth","(植物)生長","https://ilrdc.tw/tow/2022/audio/word/4/25_22.wav"
"paliyas","get out of the way","讓開","https://ilrdc.tw/tow/2022/audio/word/4/25_23.wav"
"patelong","present","贈送(禮物)","https://ilrdc.tw/tow/2022/audio/word/4/25_24.wav"
"mililis to tokos","along the mountains","沿著山巒","https://ilrdc.tw/tow/2022/audio/word/4/25_25.wav"
"rasras","drop","(植物的果實)掉落","https://ilrdc.tw/tow/2022/audio/word/4/25_26.wav"
"cokacok","uphill","(往)上坡","https://ilrdc.tw/tow/2022/audio/word/4/25_27.wav"
"militemoh","call for","接(人)","https://ilrdc.tw/tow/2022/audio/word/4/25_28.wav"
"lakec","crossing the stream","越溪而過","https://ilrdc.tw/tow/2022/audio/word/4/25_29.wav"
"saeli","ask","向人家要(東西)","https://ilrdc.tw/tow/2022/audio/word/4/25_30.wav"
"taktak","pour","倒(水)","https://ilrdc.tw/tow/2022/audio/word/4/25_31.wav"
"pasayra","go","走(向某個方向)","https://ilrdc.tw/tow/2022/audio/word/4/25_32.wav"
"lalad","climb","(藤類植物)攀爬","https://ilrdc.tw/tow/2022/audio/word/4/25_33.wav"
"sarakarakat","take a stroll","逛一逛","https://ilrdc.tw/tow/2022/audio/word/4/25_34.wav"
"lepel","chase after","追","https://ilrdc.tw/tow/2022/audio/word/4/25_35.wav"
"takop","catch up","趕上","https://ilrdc.tw/tow/2022/audio/word/4/25_36.wav"
"pedoc","slip off","滑掉","https://ilrdc.tw/tow/2022/audio/word/4/25_37.wav"
"lacinowas","separate","分開","https://ilrdc.tw/tow/2022/audio/word/4/25_38.wav"
"hawikid","carry (e.g. with umbrella)"," 攜帶(如帶傘)","https://ilrdc.tw/tow/2022/audio/word/4/25_39.wav"
"ca’edong","put on (e.g. cloth)"," 穿(如穿衣服)","https://ilrdc.tw/tow/2022/audio/word/4/25_40.wav"
"cikafong","wear (e.g. hat)"," 戴(如戴帽子)","https://ilrdc.tw/tow/2022/audio/word/4/25_41.wav"
"sadak","appear","出現","https://ilrdc.tw/tow/2022/audio/word/4/25_42.wav"
"aro’","sitting"," 坐著","https://ilrdc.tw/tow/2022/audio/word/4/25_43.wav"
"tomireng","standing"," 站著","https://ilrdc.tw/tow/2022/audio/word/4/25_44.wav"
"’edef","shut (e.g. door,window)"," 關(門；窗)","https://ilrdc.tw/tow/2022/audio/word/4/25_45.wav"
"tatayni","coming","要來","https://ilrdc.tw/tow/2022/audio/word/4/25_46.wav"
"natayniay to","have been here before","來過","https://ilrdc.tw/tow/2022/audio/word/4/25_47.wav"
"natayraay to","gone"," 去了","https://ilrdc.tw/tow/2022/audio/word/4/25_48.wav"
"nafoy","crawl","爬行","https://ilrdc.tw/tow/2022/audio/word/4/25_49.wav"
"nengneng han","look like..."," 看起來","https://ilrdc.tw/tow/2022/audio/word/4/25_50.wav"
"liso’","visit","拜訪","https://ilrdc.tw/tow/2022/audio/word/4/25_51.wav"
"masadak","go out"," 出去","https://ilrdc.tw/tow/2022/audio/word/4/25_52.wav"
"takod/ teloc","jump","跳躍","https://ilrdc.tw/tow/2022/audio/word/4/26_01.wav"
"makero","dance","跳舞","https://ilrdc.tw/tow/2022/audio/word/4/26_02.wav"
"maro’","sit down","坐下","https://ilrdc.tw/tow/2022/audio/word/4/26_03.wav"
"loho","bend over","彎腰","https://ilrdc.tw/tow/2022/audio/word/4/26_04.wav"
"ca’it","hang","掛","https://ilrdc.tw/tow/2022/audio/word/4/26_05.wav"
"salama","play (e.g. ball)","玩(球)","https://ilrdc.tw/tow/2022/audio/word/4/26_06.wav"
"ala","pick up","拿取","https://ilrdc.tw/tow/2022/audio/word/4/26_07.wav"
"seti’","punch (e.g. people)","打(人)","https://ilrdc.tw/tow/2022/audio/word/4/26_08.wav"
"pacok","sting","刺","https://ilrdc.tw/tow/2022/audio/word/4/26_09.wav"
"mikowang","shoot","射擊","https://ilrdc.tw/tow/2022/audio/word/4/26_10.wav"
"tolo’","stumble","跌倒","https://ilrdc.tw/tow/2022/audio/word/4/26_11.wav"
"tenok","kick","踢","https://ilrdc.tw/tow/2022/audio/word/4/26_12.wav"
"coloh","push","推","https://ilrdc.tw/tow/2022/audio/word/4/26_13.wav"
"letek","felled","砍伐","https://ilrdc.tw/tow/2022/audio/word/4/26_14.wav"
"ngiyangi","shake","搖動","https://ilrdc.tw/tow/2022/audio/word/4/26_15.wav"
"pitek","break","折斷","https://ilrdc.tw/tow/2022/audio/word/4/26_16.wav"
"mirmir","tremble","發抖","https://ilrdc.tw/tow/2022/audio/word/4/26_17.wav"
"koskos","scratch itching","抓癢","https://ilrdc.tw/tow/2022/audio/word/4/26_18.wav"
"kocakoc/kodakod","climb","爬上(去)","https://ilrdc.tw/tow/2022/audio/word/4/26_19.wav"
"wakang","lie down","躺","https://ilrdc.tw/tow/2022/audio/word/4/26_20.wav"
"fafa","carry (somebody)","揹(人)","https://ilrdc.tw/tow/2022/audio/word/4/26_21.wav"
"pelpel","smash to pieces","敲碎","https://ilrdc.tw/tow/2022/audio/word/4/26_22.wav"
"tamolong","carry on one’s shoulder","扛","https://ilrdc.tw/tow/2022/audio/word/4/26_23.wav"
"wadwad","flip","翻動","https://ilrdc.tw/tow/2022/audio/word/4/26_24.wav"
"walin","roll down","滾落","https://ilrdc.tw/tow/2022/audio/word/4/26_25.wav"
"sontol","bump into","撞到","https://ilrdc.tw/tow/2022/audio/word/4/26_26.wav"
"afofo","hold","抱著","https://ilrdc.tw/tow/2022/audio/word/4/26_27.wav"
"iyof","blow","吹","https://ilrdc.tw/tow/2022/audio/word/4/26_28.wav"
"korkor","dig","挖掘","https://ilrdc.tw/tow/2022/audio/word/4/26_29.wav"
"cikcik","cut","切","https://ilrdc.tw/tow/2022/audio/word/4/26_30.wav"
"dangoy","swim","游泳","https://ilrdc.tw/tow/2022/audio/word/4/26_31.wav"
"himed","hide","藏起來","https://ilrdc.tw/tow/2022/audio/word/4/26_32.wav"
"cepet","catch","抓(如抓到動物)","https://ilrdc.tw/tow/2022/audio/word/4/26_33.wav"
"letek","chop","砍","https://ilrdc.tw/tow/2022/audio/word/4/26_34.wav"
"fafa","carry (something)","揹負(物品)","https://ilrdc.tw/tow/2022/audio/word/4/26_35.wav"
"pakilac","divide","分(東西)","https://ilrdc.tw/tow/2022/audio/word/4/26_36.wav"
"pela’","cut open","剖切","https://ilrdc.tw/tow/2022/audio/word/4/26_37.wav"
"so’ot","tie it up","綁住","https://ilrdc.tw/tow/2022/audio/word/4/26_38.wav"
"tengteng","pull","拉","https://ilrdc.tw/tow/2022/audio/word/4/26_39.wav"
"pela’","split","劈(木材)","https://ilrdc.tw/tow/2022/audio/word/4/26_40.wav"
"keton","rip","扯斷","https://ilrdc.tw/tow/2022/audio/word/4/26_41.wav"
"tatoy","draw (a bow)","提著","https://ilrdc.tw/tow/2022/audio/word/4/26_42.wav"
"metmet","hold it","握著","https://ilrdc.tw/tow/2022/audio/word/4/26_43.wav"
"falod","bundle","捆綁","https://ilrdc.tw/tow/2022/audio/word/4/26_44.wav"
"leken","hold down","按住","https://ilrdc.tw/tow/2022/audio/word/4/26_45.wav"
"fa’enot","pull out","拔除","https://ilrdc.tw/tow/2022/audio/word/4/26_46.wav"
"pili’","select","挑選","https://ilrdc.tw/tow/2022/audio/word/4/26_47.wav"
"folesak","spill","散撒","https://ilrdc.tw/tow/2022/audio/word/4/26_48.wav"
"toltol","peck","啄","https://ilrdc.tw/tow/2022/audio/word/4/26_49.wav"
"coenek","plug","插","https://ilrdc.tw/tow/2022/audio/word/4/26_50.wav"
"taring","pile up","堆積","https://ilrdc.tw/tow/2022/audio/word/4/26_51.wav"
"colo’","move","搬運","https://ilrdc.tw/tow/2022/audio/word/4/26_52.wav"
"fa’enot","pluck","拔出","https://ilrdc.tw/tow/2022/audio/word/4/26_53.wav"
"tiyol","stirring","攪動","https://ilrdc.tw/tow/2022/audio/word/4/26_54.wav"
"’enec","hold it down","壓住","https://ilrdc.tw/tow/2022/audio/word/4/26_55.wav"
"koskos","scratch and itch","搔癢","https://ilrdc.tw/tow/2022/audio/word/4/26_56.wav"
"metmet","make a fist","握拳","https://ilrdc.tw/tow/2022/audio/word/4/26_57.wav"
"pitpit","pluck","摘取","https://ilrdc.tw/tow/2022/audio/word/4/26_58.wav"
"ngoyangoy","shaking","晃動","https://ilrdc.tw/tow/2022/audio/word/4/26_59.wav"
"foheci","peel (peanuts; beans)","剝(花生；豆類)","https://ilrdc.tw/tow/2022/audio/word/4/26_60.wav"
"lakec","wade across the water","涉水而過","https://ilrdc.tw/tow/2022/audio/word/4/26_61.wav"
"ngernger","vibrate","震動","https://ilrdc.tw/tow/2022/audio/word/4/26_62.wav"
"tafo","packing","打包","https://ilrdc.tw/tow/2022/audio/word/4/26_63.wav"
"litod","harvest","採收","https://ilrdc.tw/tow/2022/audio/word/4/26_64.wav"
"renac","sharpen","(將器具)磨利","https://ilrdc.tw/tow/2022/audio/word/4/26_65.wav"
"ngiyangi","swing","(搖)動","https://ilrdc.tw/tow/2022/audio/word/4/26_66.wav"
"lepel","hunt and capture","追捕","https://ilrdc.tw/tow/2022/audio/word/4/26_67.wav"
"pelpel","shatter","打碎","https://ilrdc.tw/tow/2022/audio/word/4/26_68.wav"
"wakang","fall","倒(下)","https://ilrdc.tw/tow/2022/audio/word/4/26_69.wav"
"liyoc","twist","扭轉","https://ilrdc.tw/tow/2022/audio/word/4/26_70.wav"
"patireng","stand","豎立","https://ilrdc.tw/tow/2022/audio/word/4/26_71.wav"
"ripa’","trample on","踩踏","https://ilrdc.tw/tow/2022/audio/word/4/26_72.wav"
"hawang","cross over","跨過","https://ilrdc.tw/tow/2022/audio/word/4/26_73.wav"
"kerit","cut","割","https://ilrdc.tw/tow/2022/audio/word/4/26_74.wav"
"imec ","pinch","掐住","https://ilrdc.tw/tow/2022/audio/word/4/26_75.wav"
"piepi","repress","壓制","https://ilrdc.tw/tow/2022/audio/word/4/26_76.wav"
"pariri’","feed","餵食","https://ilrdc.tw/tow/2022/audio/word/4/26_77.wav"
"cepet","arrest","捕抓","https://ilrdc.tw/tow/2022/audio/word/4/26_78.wav"
"kowad","pry open","撬開","https://ilrdc.tw/tow/2022/audio/word/4/26_79.wav"
"ripa’","step","(用腳)踏","https://ilrdc.tw/tow/2022/audio/word/4/26_80.wav"
"pasakohepic","squash","壓扁","https://ilrdc.tw/tow/2022/audio/word/4/26_81.wav"
"litolak","skin","剝皮","https://ilrdc.tw/tow/2022/audio/word/4/26_82.wav"
"renaf","rub (e.g. lipstick; paint)","擦(如口紅；油漆)","https://ilrdc.tw/tow/2022/audio/word/4/26_83.wav"
"wadwad","flipping","亂翻","https://ilrdc.tw/tow/2022/audio/word/4/26_84.wav"
"ricaric","tumble","揉搓(衣物)","https://ilrdc.tw/tow/2022/audio/word/4/26_85.wav"
"cingray","lean on","靠著","https://ilrdc.tw/tow/2022/audio/word/4/26_86.wav"
"pacpac","whip","鞭打","https://ilrdc.tw/tow/2022/audio/word/4/26_87.wav"
"tokinil","lie on the side","側臥","https://ilrdc.tw/tow/2022/audio/word/4/26_88.wav"
"kelac","skin","削皮(水果)","https://ilrdc.tw/tow/2022/audio/word/4/26_89.wav"
"mika’erid","twisting","捻線","https://ilrdc.tw/tow/2022/audio/word/4/26_90.wav"
"kalatim","cut","剪","https://ilrdc.tw/tow/2022/audio/word/4/26_91.wav"
"tepoc","cut off","砍除","https://ilrdc.tw/tow/2022/audio/word/4/26_92.wav"
"wangawang","wave","招手","https://ilrdc.tw/tow/2022/audio/word/4/26_93.wav"
"tonton","chop (meat)","剁","https://ilrdc.tw/tow/2022/audio/word/4/26_94.wav"
"talik","beat","搗","https://ilrdc.tw/tow/2022/audio/word/4/26_95.wav"
"’odot","fight","打架","https://ilrdc.tw/tow/2022/audio/word/4/26_96.wav"
"coeco","squeeze","擠","https://ilrdc.tw/tow/2022/audio/word/4/26_97.wav"
"ocekoy","lower your head down","低下頭","https://ilrdc.tw/tow/2022/audio/word/4/26_98.wav"
"tengteng","pull (up)","拉(上來)","https://ilrdc.tw/tow/2022/audio/word/4/26_99.wav"
"korkor","dig","(用手)挖掘","https://ilrdc.tw/tow/2022/audio/word/4/26_100.wav"
"podac","peeling the bark of a tree","剝樹皮","https://ilrdc.tw/tow/2022/audio/word/4/26_101.wav"
"conga","draw"," 畫圖","https://ilrdc.tw/tow/2022/audio/word/4/26_102.wav"
"simaanay/patelas","arbitrary"," 隨意","https://ilrdc.tw/tow/2022/audio/word/4/26_103.wav"
"roho","squat down","蹲下","https://ilrdc.tw/tow/2022/audio/word/4/26_104.wav"
"tomireng","stand up"," 起立","https://ilrdc.tw/tow/2022/audio/word/4/26_105.wav"
"kaen","eat","吃","https://ilrdc.tw/tow/2022/audio/word/4/27_01.wav"
"helip","suck in","吸","https://ilrdc.tw/tow/2022/audio/word/4/27_02.wav"
"minanom","drink","喝","https://ilrdc.tw/tow/2022/audio/word/4/27_03.wav"
"ota’","vomit","吐","https://ilrdc.tw/tow/2022/audio/word/4/27_04.wav"
"kalat","bite","咬","https://ilrdc.tw/tow/2022/audio/word/4/27_05.wav"
"enoc","swallow","吞嚥","https://ilrdc.tw/tow/2022/audio/word/4/27_06.wav"
"ta’emod","swallow","吞下","https://ilrdc.tw/tow/2022/audio/word/4/27_07.wav"
"cedet","get burnt","燙到","https://ilrdc.tw/tow/2022/audio/word/4/27_08.wav"
"si’ed","choke (on)","噎到","https://ilrdc.tw/tow/2022/audio/word/4/27_09.wav"
"fecol","full","飽食","https://ilrdc.tw/tow/2022/audio/word/4/27_10.wav"
"kemkem","chew","咀嚼","https://ilrdc.tw/tow/2022/audio/word/4/27_11.wav"
"so’aw","thirsty","渴","https://ilrdc.tw/tow/2022/audio/word/4/27_12.wav"
"ngitngit","nibble","啃","https://ilrdc.tw/tow/2022/audio/word/4/27_13.wav"
"cahiw","hungry","餓","https://ilrdc.tw/tow/2022/audio/word/4/27_14.wav"
"kaen","eat","吃(東西)","https://ilrdc.tw/tow/2022/audio/word/4/27_15.wav"
"maranam","have breakfast","吃早餐","https://ilrdc.tw/tow/2022/audio/word/4/27_16.wav"
"malahok","have lunch","吃午餐","https://ilrdc.tw/tow/2022/audio/word/4/27_17.wav"
"malafi","have dinner","吃晚餐","https://ilrdc.tw/tow/2022/audio/word/4/27_18.wav"
"malitemoh","come across","遇到","https://ilrdc.tw/tow/2022/audio/word/4/28_01.wav"
"fana’","know","知道","https://ilrdc.tw/tow/2022/audio/word/4/28_02.wav"
"nengneng","see","看","https://ilrdc.tw/tow/2022/audio/word/4/28_03.wav"
"sowal","say","說","https://ilrdc.tw/tow/2022/audio/word/4/28_04.wav"
"tawalen","forget (imperatives)","忘記(祈使)","https://ilrdc.tw/tow/2022/audio/word/4/28_05.wav"
"kepit","close (your) eyes","閉(眼睛)","https://ilrdc.tw/tow/2022/audio/word/4/28_06.wav"
"hanek","smell (as in smell)","聞(如聞味道)","https://ilrdc.tw/tow/2022/audio/word/4/28_07.wav"
"kapkap","touch","觸摸(物品)","https://ilrdc.tw/tow/2022/audio/word/4/28_08.wav"
"tahidang","invite","邀請","https://ilrdc.tw/tow/2022/audio/word/4/28_09.wav"
"pasowal","tell","告訴(別人)","https://ilrdc.tw/tow/2022/audio/word/4/28_11.wav"
"  iyoy","calling (e.g. calling before feeding the chickens)","叫喚(如餵雞前會叫喚)","https://ilrdc.tw/tow/2022/audio/word/4/28_12.wav"
"licay","ask","詢問","https://ilrdc.tw/tow/2022/audio/word/4/28_13.wav"
"mihayda","agree","答應","https://ilrdc.tw/tow/2022/audio/word/4/28_14.wav"
"pakaso’elin","believe","相信","https://ilrdc.tw/tow/2022/audio/word/4/28_15.wav"
"po’i","curse","漫罵","https://ilrdc.tw/tow/2022/audio/word/4/28_16.wav"
"tefing","touch (as in touching the body)","觸碰(如碰觸到身體)","https://ilrdc.tw/tow/2022/audio/word/4/28_17.wav"
"pacako","respond","回應","https://ilrdc.tw/tow/2022/audio/word/4/28_18.wav"
"tengil","listen","聽","https://ilrdc.tw/tow/2022/audio/word/4/28_19.wav"
"nacnac","lick","舔","https://ilrdc.tw/tow/2022/audio/word/4/28_20.wav"
"patolon","tell","交代(事情)","https://ilrdc.tw/tow/2022/audio/word/4/28_21.wav"
"cengaw","open your eyes","睜眼","https://ilrdc.tw/tow/2022/audio/word/4/28_22.wav"
"patosek","aim","瞄準","https://ilrdc.tw/tow/2022/audio/word/4/28_23.wav"
"pakafana’","teach (e.g. teaching someone to write)","教(如教人寫字)","https://ilrdc.tw/tow/2022/audio/word/4/28_24.wav"
"haratengen","think","想(思考)","https://ilrdc.tw/tow/2022/audio/word/4/28_25.wav"
"nengneng","observe","觀察","https://ilrdc.tw/tow/2022/audio/word/4/28_26.wav"
"mafana’","do","會(做某事)","https://ilrdc.tw/tow/2022/audio/word/4/28_27.wav"
"tolon","pray","禱告","https://ilrdc.tw/tow/2022/audio/word/4/28_28.wav"
"olah","like","喜歡","https://ilrdc.tw/tow/2022/audio/word/4/28_29.wav"
"olah","joy","喜愛","https://ilrdc.tw/tow/2022/audio/word/4/29_01.wav"
"talaw","fear","害怕","https://ilrdc.tw/tow/2022/audio/word/4/29_02.wav"
"tangic","cry","哭","https://ilrdc.tw/tow/2022/audio/word/4/29_03.wav"
"olah","love","疼愛","https://ilrdc.tw/tow/2022/audio/word/4/29_04.wav"
"hemek","happy","高興","https://ilrdc.tw/tow/2022/audio/word/4/29_05.wav"
"keter","angry","生氣","https://ilrdc.tw/tow/2022/audio/word/4/29_06.wav"
"dimokos","love and care","愛護","https://ilrdc.tw/tow/2022/audio/word/4/29_07.wav"
"cekok","shocked","嚇一跳","https://ilrdc.tw/tow/2022/audio/word/4/29_08.wav"
"lipahak","happy"," 快樂","https://ilrdc.tw/tow/2022/audio/word/4/29_09.wav"
"solimet","sort out","整理","https://ilrdc.tw/tow/2022/audio/word/4/30_01.wav"
"faca’","wash (cloth)","洗(衣物)","https://ilrdc.tw/tow/2022/audio/word/4/30_02.wav"
"tayal","work","工作","https://ilrdc.tw/tow/2022/audio/word/4/30_03.wav"
"pasela’","stop","停止","https://ilrdc.tw/tow/2022/audio/word/4/30_04.wav"
"saloya’","waste","浪費","https://ilrdc.tw/tow/2022/audio/word/4/30_05.wav"
"lomowad","get up","起床","https://ilrdc.tw/tow/2022/audio/word/4/30_06.wav"
"arayom","good-bye (say good-bye to each other)","再見(如互道再見)","https://ilrdc.tw/tow/2022/audio/word/4/30_07.wav"
"maisi’","urinate","小便","https://ilrdc.tw/tow/2022/audio/word/4/30_08.wav"
"foti’","sleep","睡覺","https://ilrdc.tw/tow/2022/audio/word/4/30_09.wav"
"mipacok","killing animals","殺牲畜","https://ilrdc.tw/tow/2022/audio/word/4/30_10.wav"
"toma’i","feces","大便","https://ilrdc.tw/tow/2022/audio/word/4/30_11.wav"
"pahanhan","rest","休息","https://ilrdc.tw/tow/2022/audio/word/4/30_12.wav"
"tokatok","sleepy","睏(想睡覺)","https://ilrdc.tw/tow/2022/audio/word/4/30_13.wav"
"asik","clean","打掃","https://ilrdc.tw/tow/2022/audio/word/4/30_14.wav"
"minanam","learn","學習","https://ilrdc.tw/tow/2022/audio/word/4/30_15.wav"
"ti’enang","lie down","躺臥","https://ilrdc.tw/tow/2022/audio/word/4/30_16.wav"
"cinitiih","nightmare","做惡夢","https://ilrdc.tw/tow/2022/audio/word/4/30_17.wav"
"takaw","steal","偷竊","https://ilrdc.tw/tow/2022/audio/word/4/30_18.wav"
"misafel","cook","煮(菜)","https://ilrdc.tw/tow/2022/audio/word/4/30_19.wav"
"todoh","burn (like straw)","燒(如燒稻草)","https://ilrdc.tw/tow/2022/audio/word/4/30_20.wav"
"masowaf","yawn","打哈欠","https://ilrdc.tw/tow/2022/audio/word/4/30_21.wav"
"tamek","roast","烤(如烤地瓜)","https://ilrdc.tw/tow/2022/audio/word/4/30_22.wav"
"tangtang","cook (rice/meat/yams)","烹煮(飯／肉／地瓜)","https://ilrdc.tw/tow/2022/audio/word/4/30_23.wav"
"tala","wait","等待","https://ilrdc.tw/tow/2022/audio/word/4/30_24.wav"
"patalakal","hunt","陷獵","https://ilrdc.tw/tow/2022/audio/word/4/30_25.wav"
"pawali","dry (e.g., drying clothes in the sun)","曬乾(如將衣服曬乾)","https://ilrdc.tw/tow/2022/audio/word/4/30_26.wav"
"cihoken","draw water with a ladle (imperatives)","以杓汲水(祈使)","https://ilrdc.tw/tow/2022/audio/word/4/30_27.wav"
"lowanen ko nanom","drain (abatement)","將水排出(疏減)","https://ilrdc.tw/tow/2022/audio/word/4/30_28.wav"
"solimeten","pack up (imperatives, as in pack up)","收拾(祈使，如收拾東西)","https://ilrdc.tw/tow/2022/audio/word/4/30_29.wav"
"tifek","mill","碾(米)","https://ilrdc.tw/tow/2022/audio/word/4/30_30.wav"
"pawali","dry up","晾乾","https://ilrdc.tw/tow/2022/audio/word/4/30_31.wav"
"sisawfa","quilt","蓋被子","https://ilrdc.tw/tow/2022/audio/word/4/30_32.wav"
"patedi","shine/light up","照起來／照明","https://ilrdc.tw/tow/2022/audio/word/4/30_33.wav"
"ehir","fry","炒(如炒花生)","https://ilrdc.tw/tow/2022/audio/word/4/30_34.wav"
"pafo^fo","fishing for fish and shrimp by cage","以籠捕魚蝦","https://ilrdc.tw/tow/2022/audio/word/4/30_35.wav"
"mirahekad","steam (as in steamed rice)","蒸(如蒸飯)","https://ilrdc.tw/tow/2022/audio/word/4/30_36.wav"
"paloma","plant","種植","https://ilrdc.tw/tow/2022/audio/word/4/30_37.wav"
"pacemot","fish","釣魚","https://ilrdc.tw/tow/2022/audio/word/4/30_38.wav"
"romrom","make a fire","生火","https://ilrdc.tw/tow/2022/audio/word/4/30_39.wav"
"sakiroen","pickle (imperatives)","醃漬(祈使)","https://ilrdc.tw/tow/2022/audio/word/4/30_40.wav"
"’ong’ong","burnt","燒焦","https://ilrdc.tw/tow/2022/audio/word/4/30_41.wav"
"dipot","take care of","照顧","https://ilrdc.tw/tow/2022/audio/word/4/30_42.wav"
"leceng","cut (hair)","剪(頭髮)","https://ilrdc.tw/tow/2022/audio/word/4/30_43.wav"
"nengel","soak","浸泡","https://ilrdc.tw/tow/2022/audio/word/4/30_44.wav"
"fohat","lift off (as in lift off the lid).","掀開(如掀開蓋子)","https://ilrdc.tw/tow/2022/audio/word/4/30_45.wav"
"tadem","bury","掩埋","https://ilrdc.tw/tow/2022/audio/word/4/30_46.wav"
"celol","change (cloth)","替換(衣服)","https://ilrdc.tw/tow/2022/audio/word/4/30_47.wav"
"ta^ta","lock up","鎖上","https://ilrdc.tw/tow/2022/audio/word/4/30_48.wav"
"misikal","make the bed","鋪床","https://ilrdc.tw/tow/2022/audio/word/4/30_49.wav"
"ecic","burn (as in burning the hair of prey)","燒(如燒獵物的毛)","https://ilrdc.tw/tow/2022/audio/word/4/30_50.wav"
"pitpit","leaf stripping","剝葉","https://ilrdc.tw/tow/2022/audio/word/4/30_51.wav"
"cafool","urge urination","尿急","https://ilrdc.tw/tow/2022/audio/word/4/30_52.wav"
"fakeciw","measure","量測","https://ilrdc.tw/tow/2022/audio/word/4/30_53.wav"
"todoh","burning","燃燒","https://ilrdc.tw/tow/2022/audio/word/4/30_54.wav"
"ca’iten","hang (Imperatives)","懸掛(祈使)","https://ilrdc.tw/tow/2022/audio/word/4/30_55.wav"
"todong","imitate","模仿","https://ilrdc.tw/tow/2022/audio/word/4/30_56.wav"
"pariri’","feed","飼養","https://ilrdc.tw/tow/2022/audio/word/4/30_57.wav"
"ciyan","fry","炒(飯菜)","https://ilrdc.tw/tow/2022/audio/word/4/30_58.wav"
"totom","ignite","點火","https://ilrdc.tw/tow/2022/audio/word/4/30_59.wav"
"mitilid","read","讀書","https://ilrdc.tw/tow/2022/audio/word/4/30_60.wav"
"minanom","drink","喝(水)","https://ilrdc.tw/tow/2022/audio/word/4/30_61.wav"
"korkor","dig","(用鋤具)挖掘","https://ilrdc.tw/tow/2022/audio/word/4/30_62.wav"
"aro’","live","(居)住","https://ilrdc.tw/tow/2022/audio/word/4/30_63.wav"
"romadiw","sing","唱歌","https://ilrdc.tw/tow/2022/audio/word/4/30_64.wav"
"salama","play","玩耍","https://ilrdc.tw/tow/2022/audio/word/4/30_65.wav"
"patay","death","死亡","https://ilrdc.tw/tow/2022/audio/word/4/31_01.wav"
"adada","ouch","好痛","https://ilrdc.tw/tow/2022/audio/word/4/31_02.wav"
"madoka’","wounded","受傷","https://ilrdc.tw/tow/2022/audio/word/4/31_03.wav"
"masiday","lose","遺失","https://ilrdc.tw/tow/2022/audio/word/4/31_04.wav"
"adada","pain","痛","https://ilrdc.tw/tow/2022/audio/word/4/31_05.wav"
"ma’irang","bleed","流血","https://ilrdc.tw/tow/2022/audio/word/4/31_06.wav"
"sipoyapoy","pregnant","懷孕","https://ilrdc.tw/tow/2022/audio/word/4/31_07.wav"
"ma’oripay","living","活的","https://ilrdc.tw/tow/2022/audio/word/4/31_08.wav"
"maesos","fart","放屁","https://ilrdc.tw/tow/2022/audio/word/4/31_09.wav"
"pi’iw","lame","跛腳","https://ilrdc.tw/tow/2022/audio/word/4/31_10.wav"
"dipot","nurture","撫養","https://ilrdc.tw/tow/2022/audio/word/4/31_11.wav"
"malengaw","growth","生長","https://ilrdc.tw/tow/2022/audio/word/4/31_12.wav"
"kamamit","scar","疤","https://ilrdc.tw/tow/2022/audio/word/4/31_13.wav"
"caenget","itchy","癢","https://ilrdc.tw/tow/2022/audio/word/4/31_14.wav"
"tokatok","doze off","打瞌睡","https://ilrdc.tw/tow/2022/audio/word/4/31_15.wav"
"’esing","sneeze","打噴嚏","https://ilrdc.tw/tow/2022/audio/word/4/31_16.wav"
"adada","soreness","痠痛","https://ilrdc.tw/tow/2022/audio/word/4/31_18.wav"
"adada","sick","生病","https://ilrdc.tw/tow/2022/audio/word/4/31_19.wav"
"cifena’","festering","化膿","https://ilrdc.tw/tow/2022/audio/word/4/31_20.wav"
"ngiliw","slim","瘦(身形)","https://ilrdc.tw/tow/2022/audio/word/4/32_01.wav"
"kareteng","heavy (weight)","重(重量)","https://ilrdc.tw/tow/2022/audio/word/4/32_02.wav"
"kahemaw","light (weight)","輕(重量)","https://ilrdc.tw/tow/2022/audio/word/4/32_03.wav"
"akawang","high (height)","高(身高)","https://ilrdc.tw/tow/2022/audio/word/4/32_04.wav"
"taangayay","large","大的","https://ilrdc.tw/tow/2022/audio/word/4/32_05.wav"
"amerek","short (height)","矮(身高)","https://ilrdc.tw/tow/2022/audio/word/4/32_06.wav"
"lalok","industrious","勤勞","https://ilrdc.tw/tow/2022/audio/word/4/32_07.wav"
"sienaw","cold","冷","https://ilrdc.tw/tow/2022/audio/word/4/32_08.wav"
"mimingay","small","小的","https://ilrdc.tw/tow/2022/audio/word/4/32_09.wav"
"adihay","many","多","https://ilrdc.tw/tow/2022/audio/word/4/32_10.wav"
"makapah","pretty","漂亮","https://ilrdc.tw/tow/2022/audio/word/4/32_11.wav"
"kietec","ice-cold","冰冷","https://ilrdc.tw/tow/2022/audio/word/4/32_12.wav"
"maso’et","hot","悶熱","https://ilrdc.tw/tow/2022/audio/word/4/32_13.wav"
"mimingay","few","少的","https://ilrdc.tw/tow/2022/audio/word/4/32_14.wav"
"malasang","drunk","酒醉","https://ilrdc.tw/tow/2022/audio/word/4/32_15.wav"
"tawa","laugh","笑","https://ilrdc.tw/tow/2022/audio/word/4/32_16.wav"
"cepa’","wet","濕的","https://ilrdc.tw/tow/2022/audio/word/4/32_17.wav"
"rohem","ripe (of fruit)","熟","https://ilrdc.tw/tow/2022/audio/word/4/32_18.wav"
"kifetolay","thick","厚的","https://ilrdc.tw/tow/2022/audio/word/4/32_19.wav"
"manta’","undercooked (if this piece of meat is raw)","未熟的(如這塊肉是生的)","https://ilrdc.tw/tow/2022/audio/word/4/32_20.wav"
"kohepicay","thin","薄的","https://ilrdc.tw/tow/2022/audio/word/4/32_21.wav"
"kadit","dirty","髒","https://ilrdc.tw/tow/2022/audio/word/4/32_22.wav"
"toka","lazy","懶惰","https://ilrdc.tw/tow/2022/audio/word/4/32_23.wav"
"makorac","clean","乾淨","https://ilrdc.tw/tow/2022/audio/word/4/32_24.wav"
"kaliki","soon","很快","https://ilrdc.tw/tow/2022/audio/word/4/32_25.wav"
"tadengal","bright","明亮","https://ilrdc.tw/tow/2022/audio/word/4/32_26.wav"
"so^eso","fat","胖(身形)","https://ilrdc.tw/tow/2022/audio/word/4/32_27.wav"
"ma’icangay","dry","乾的","https://ilrdc.tw/tow/2022/audio/word/4/32_28.wav"
"roray","tired","累","https://ilrdc.tw/tow/2022/audio/word/4/32_29.wav"
"kasini’adaan","poor thing","好可憐","https://ilrdc.tw/tow/2022/audio/word/4/32_30.wav"
"fa^elohay","new","新的","https://ilrdc.tw/tow/2022/audio/word/4/32_31.wav"
"matelangay","old","舊的","https://ilrdc.tw/tow/2022/audio/word/4/32_32.wav"
"ngata","near","近","https://ilrdc.tw/tow/2022/audio/word/4/32_33.wav"
"cedet","hot","燙","https://ilrdc.tw/tow/2022/audio/word/4/32_34.wav"
"matastas","spoiled","壞掉","https://ilrdc.tw/tow/2022/audio/word/4/32_35.wav"
"kacedah","spicy","辣","https://ilrdc.tw/tow/2022/audio/word/4/32_36.wav"
"raay","far","遠","https://ilrdc.tw/tow/2022/audio/word/4/32_37.wav"
"lifawa","swelling","腫","https://ilrdc.tw/tow/2022/audio/word/4/32_38.wav"
"ikong","bend","彎曲","https://ilrdc.tw/tow/2022/audio/word/4/32_39.wav"
"halafinay","long","久的","https://ilrdc.tw/tow/2022/audio/word/4/32_40.wav"
"mapohaway to","blind","瞎了","https://ilrdc.tw/tow/2022/audio/word/4/32_41.wav"
"warak","poison","毒","https://ilrdc.tw/tow/2022/audio/word/4/32_42.wav"
"’aredet","delicious","很好吃","https://ilrdc.tw/tow/2022/audio/word/4/32_43.wav"
"kohenac","smooth","滑","https://ilrdc.tw/tow/2022/audio/word/4/32_44.wav"
"anenger","bitter","苦","https://ilrdc.tw/tow/2022/audio/word/4/32_45.wav"
"koengel","fragile (e.g. this wire is prone to breakage)","脆弱(如這根鐵絲易斷裂)","https://ilrdc.tw/tow/2022/audio/word/4/32_46.wav"
"manta’ay ","unripe","  未成熟的(果實)","https://ilrdc.tw/tow/2022/audio/word/4/32_47.wav"
"hokhok","stealthily","偷偷地","https://ilrdc.tw/tow/2022/audio/word/4/32_48.wav"
"aloman","numerous","(人)眾多","https://ilrdc.tw/tow/2022/audio/word/4/32_49.wav"
"kahemaw","brisk","輕快","https://ilrdc.tw/tow/2022/audio/word/4/32_50.wav"
"’acicim","sour","酸","https://ilrdc.tw/tow/2022/audio/word/4/32_51.wav"
"kahecid","salty","鹹","https://ilrdc.tw/tow/2022/audio/word/4/32_52.wav"
"patodong","intentional","故意","https://ilrdc.tw/tow/2022/audio/word/4/32_53.wav"
"maponi’ay","pulpy","稀爛的","https://ilrdc.tw/tow/2022/audio/word/4/32_54.wav"
"tanoktok","sturdy","壯碩","https://ilrdc.tw/tow/2022/audio/word/4/32_55.wav"
"diheko","warm","暖和","https://ilrdc.tw/tow/2022/audio/word/4/32_56.wav"
"malaresay","blunt","鈍的","https://ilrdc.tw/tow/2022/audio/word/4/32_57.wav"
"koesan","sweet","甘甜","https://ilrdc.tw/tow/2022/audio/word/4/32_58.wav"
"copelak/copelas","astringent (taste)","澀澀的(味覺)","https://ilrdc.tw/tow/2022/audio/word/4/32_59.wav"
"akawang a mangiliw","tall and thin","高瘦(身材)","https://ilrdc.tw/tow/2022/audio/word/4/32_60.wav"
"isil","slant","(傾)斜","https://ilrdc.tw/tow/2022/audio/word/4/32_61.wav"
"kona’i","soft","軟","https://ilrdc.tw/tow/2022/audio/word/4/32_62.wav"
"atekak","very hard","很硬","https://ilrdc.tw/tow/2022/audio/word/4/32_63.wav"
"’angliw","sour smell","酸臭","https://ilrdc.tw/tow/2022/audio/word/4/32_64.wav"
"moecel","straight","直","https://ilrdc.tw/tow/2022/audio/word/4/32_65.wav"
"matomesay to","full","滿了","https://ilrdc.tw/tow/2022/audio/word/4/32_66.wav"
"nga’ayay","well","好好的","https://ilrdc.tw/tow/2022/audio/word/4/32_67.wav"
"kakahad","(space) spacious","(空間)寬敞","https://ilrdc.tw/tow/2022/audio/word/4/32_68.wav"
"tatodong","correct","正確","https://ilrdc.tw/tow/2022/audio/word/4/32_69.wav"
"maopic","fully wetted","全濕透","https://ilrdc.tw/tow/2022/audio/word/4/32_70.wav"
"tayo","slowly","慢慢","https://ilrdc.tw/tow/2022/audio/word/4/32_71.wav"
"fala^efaay","warm","溫的(水)","https://ilrdc.tw/tow/2022/audio/word/4/32_72.wav"
"taakay","coarse","粗(物)","https://ilrdc.tw/tow/2022/audio/word/4/32_73.wav"
"ki’edaw","long","長","https://ilrdc.tw/tow/2022/audio/word/4/32_74.wav"
"kohepic","fine","細","https://ilrdc.tw/tow/2022/audio/word/4/32_75.wav"
"amoto’","short","短","https://ilrdc.tw/tow/2022/audio/word/4/32_76.wav"
"faedet","hot","炎熱","https://ilrdc.tw/tow/2022/audio/word/4/32_77.wav"
"rohem","ripen","成熟(果實)","https://ilrdc.tw/tow/2022/audio/word/4/32_78.wav"
"tomes","full","滿滿","https://ilrdc.tw/tow/2022/audio/word/4/32_79.wav"
"kapah","handsome","英俊","https://ilrdc.tw/tow/2022/audio/word/4/32_80.wav"
"mamahaehaen aca","should","應該","https://ilrdc.tw/tow/2022/audio/word/4/33_01.wav"
"cowa ka eca","certain","一定","https://ilrdc.tw/tow/2022/audio/word/4/33_02.wav"
"maedeng","able","能夠","https://ilrdc.tw/tow/2022/audio/word/4/33_03.wav"
"alatek","possible","可能","https://ilrdc.tw/tow/2022/audio/word/4/33_04.wav"
"maacang","celebrate","慶祝","https://ilrdc.tw/tow/2022/audio/word/4/33_05.wav"
"sipasip","wipe","擦拭","https://ilrdc.tw/tow/2022/audio/word/4/33_06.wav"
"ocol","call","使喚","https://ilrdc.tw/tow/2022/audio/word/4/33_07.wav"
"tepik","fold","摺疊","https://ilrdc.tw/tow/2022/audio/word/4/34_01.wav"
"pera’","split open","裂開","https://ilrdc.tw/tow/2022/audio/word/4/34_02.wav"
"cokaymas","use","使用","https://ilrdc.tw/tow/2022/audio/word/4/34_03.wav"
"lifowas","overflow (like water overflowing)","溢出(如水溢出來)","https://ilrdc.tw/tow/2022/audio/word/4/34_04.wav"
"patado","help","幫忙","https://ilrdc.tw/tow/2022/audio/word/4/34_05.wav"
"keting ","attach","(有東西)附著","https://ilrdc.tw/tow/2022/audio/word/4/34_06.wav"
"lamlam","mix sth. with sth.","混以某物","https://ilrdc.tw/tow/2022/audio/word/4/34_07.wav"
"mangiyangi","shaken","被(搖)動的","https://ilrdc.tw/tow/2022/audio/word/4/34_08.wav"
"mitawasi","erase","刷除","https://ilrdc.tw/tow/2022/audio/word/4/34_09.wav"
"ti’er","depend","依賴","https://ilrdc.tw/tow/2022/audio/word/4/34_10.wav"
"taktak","pour","倒入","https://ilrdc.tw/tow/2022/audio/word/4/34_11.wav"
"’eteng","block","阻擋","https://ilrdc.tw/tow/2022/audio/word/4/34_12.wav"
"siday","stay","留下","https://ilrdc.tw/tow/2022/audio/word/4/34_13.wav"
"ngiha","sound","聲響","https://ilrdc.tw/tow/2022/audio/word/4/34_14.wav"
"ta’elif","over","超過","https://ilrdc.tw/tow/2022/audio/word/4/34_15.wav"
"pelal","crumble (of scree slope)","崩落","https://ilrdc.tw/tow/2022/audio/word/4/34_16.wav"
"fo’ot","brake","煞車","https://ilrdc.tw/tow/2022/audio/word/4/34_17.wav"
"kilim","search","尋找","https://ilrdc.tw/tow/2022/audio/word/4/34_18.wav"
"falah /sawad","throw away","丟棄","https://ilrdc.tw/tow/2022/audio/word/4/34_19.wav"
"lalang","prohibit","禁止","https://ilrdc.tw/tow/2022/audio/word/4/34_20.wav"
"ira","there are...","有","https://ilrdc.tw/tow/2022/audio/word/4/34_21.wav"
"’osaw","remain","剩下","https://ilrdc.tw/tow/2022/audio/word/4/34_22.wav"
"pateli","set up","設置","https://ilrdc.tw/tow/2022/audio/word/4/34_23.wav"
"satapang","begin","開始","https://ilrdc.tw/tow/2022/audio/word/4/34_24.wav"
"laheci","complete","完成","https://ilrdc.tw/tow/2022/audio/word/4/34_25.wav"
"mikilimay to papo’ien","pick on","找碴","https://ilrdc.tw/tow/2022/audio/word/4/34_26.wav"
"sanga’","make","製作(物品)","https://ilrdc.tw/tow/2022/audio/word/4/34_27.wav"
"makilim","find","找到","https://ilrdc.tw/tow/2022/audio/word/4/34_28.wav"
"sa’osi","number (calculation)","數(計算)","https://ilrdc.tw/tow/2022/audio/word/4/34_29.wav"
"matalakal","trapped","(獵物掉入陷阱)陷中","https://ilrdc.tw/tow/2022/audio/word/4/34_30.wav"
"misontol","bang","撞擊某物","https://ilrdc.tw/tow/2022/audio/word/4/34_31.wav"
"liyon","rotate","旋轉","https://ilrdc.tw/tow/2022/audio/word/4/34_32.wav"
"takelen ","surround","圍著某物","https://ilrdc.tw/tow/2022/audio/word/4/34_33.wav"
"nga’ay","good","好","https://ilrdc.tw/tow/2022/audio/word/4/34_34.wav"
"ahowiday","thank you","謝謝","https://ilrdc.tw/tow/2022/audio/word/4/34_35.wav"
"awa","no","沒有","https://ilrdc.tw/tow/2022/audio/word/4/34_37.wav"
"nga’ay to","it’s okay","沒關係","https://ilrdc.tw/tow/2022/audio/word/4/34_38.wav"
"aka to ","don’t","不要","https://ilrdc.tw/tow/2022/audio/word/4/35_01.wav"
"ca kanga’ay","can't","不可以","https://ilrdc.tw/tow/2022/audio/word/4/35_02.wav"
"cowa","no (for reply)","不是(回答用)","https://ilrdc.tw/tow/2022/audio/word/4/35_03.wav"
"awa","none (negative of possession)","沒有(表擁有的否定詞)","https://ilrdc.tw/tow/2022/audio/word/4/35_04.wav"
"aka ka","don’t (for the imperative)","不要(祈使句用)","https://ilrdc.tw/tow/2022/audio/word/4/35_05.wav"
"hayken","don’t know","不知道","https://ilrdc.tw/tow/2022/audio/word/4/35_06.wav"
"so’elinay","really","真的","https://ilrdc.tw/tow/2022/audio/word/4/36_01.wav"
"simaanay","arbitrary","隨意","https://ilrdc.tw/tow/2022/audio/word/4/36_03.wav"
"nga’ay to","okay","好的(沒問題)","https://ilrdc.tw/tow/2022/audio/word/4/36_04.wav"
"nawhani","because","因為","https://ilrdc.tw/tow/2022/audio/word/4/36_05.wav"
"ano masamaan to","whether","不論","https://ilrdc.tw/tow/2022/audio/word/4/36_06.wav"
"tangsol","immediately","立即","https://ilrdc.tw/tow/2022/audio/word/4/36_07.wav"
"maedeng","enough","足夠","https://ilrdc.tw/tow/2022/audio/word/4/36_08.wav"
"liyaw","again","再","https://ilrdc.tw/tow/2022/audio/word/4/36_09.wav"
"edengan","only","只有","https://ilrdc.tw/tow/2022/audio/word/4/36_10.wav"
"isawni","just now","剛剛","https://ilrdc.tw/tow/2022/audio/word/4/36_11.wav"
"mamang","a little","少許","https://ilrdc.tw/tow/2022/audio/word/4/36_12.wav"
"haen han ho","temporary (leave for a moment)","暫時(離開一下)","https://ilrdc.tw/tow/2022/audio/word/4/36_13.wav"
"cowa ka","never","從不","https://ilrdc.tw/tow/2022/audio/word/4/36_14.wav"
"aka to","shouldn;t","不該","https://ilrdc.tw/tow/2022/audio/word/4/36_15.wav"
"mansa","so","所以","https://ilrdc.tw/tow/2022/audio/word/4/36_16.wav"
"rarid","usually","經常","https://ilrdc.tw/tow/2022/audio/word/4/36_17.wav"
"ato","with","和","https://ilrdc.tw/tow/2022/audio/word/4/36_18.wav"
"ihaw","really (auxiliary verb)","是嗎(語助詞)","https://ilrdc.tw/tow/2022/audio/word/4/36_20.wav"
"ho","still (not yet)","還(尚未)","https://ilrdc.tw/tow/2022/audio/word/4/36_21.wav"
"ano","if","如果","https://ilrdc.tw/tow/2022/audio/word/4/36_22.wav"
"nga","so","如此","https://ilrdc.tw/tow/2022/audio/word/4/36_24.wav"
"isawni","just now","剛才","https://ilrdc.tw/tow/2022/audio/word/4/36_26.wav"
"saromi’ad","whole day","整天","https://ilrdc.tw/tow/2022/audio/word/4/36_27.wav"
"saheto","both","都","https://ilrdc.tw/tow/2022/audio/word/4/36_28.wav"
"edengan","only","僅僅","https://ilrdc.tw/tow/2022/audio/word/4/36_29.wav"
"ano","although","雖然","https://ilrdc.tw/tow/2022/audio/word/4/36_30.wav"
"haw","(used in a question)","嗎(用在問句)","https://ilrdc.tw/tow/2022/audio/word/4/36_31.wav"
"ci, ko,  ca, koni, kora, koya","main marker (in all ethnic languages)","主格標記(各族用語)","https://ilrdc.tw/tow/2022/audio/word/4/36_32.wav"
"to, ci…an, toya, tora, toni","marked (in all ethnic languages)","受格標記(各族用語)","https://ilrdc.tw/tow/2022/audio/word/4/36_33.wav"
"no, ni, noni, nora, noya","genre marker (in all ethnic languages)","屬格標記(各族用語)","https://ilrdc.tw/tow/2022/audio/word/4/36_34.wav"
"i(tini)","in (here)","在(這裡)","https://ilrdc.tw/tow/2022/audio/word/4/36_35.wav"
"nga’ay","do","可以(做某事)","https://ilrdc.tw/tow/2022/audio/word/4/36_36.wav"
"apa","fool","傻瓜","https://ilrdc.tw/tow/2022/audio/word/4/36_37.wav"
