"utux","one","一","https://ilrdc.tw/tow/2022/audio/word/9/01_01.wav"
"sa’ing","two","二","https://ilrdc.tw/tow/2022/audio/word/9/01_02.wav"
"tugal","three","三","https://ilrdc.tw/tow/2022/audio/word/9/01_03.wav"
"paṟat","four","四","https://ilrdc.tw/tow/2022/audio/word/9/01_04.wav"
"ṟamagal","five","五","https://ilrdc.tw/tow/2022/audio/word/9/01_05.wav"
"matṟu","six","六","https://ilrdc.tw/tow/2022/audio/word/9/01_06.wav"
"mapitu’","seven","七","https://ilrdc.tw/tow/2022/audio/word/9/01_07.wav"
"maspat","eight","八","https://ilrdc.tw/tow/2022/audio/word/9/01_08.wav"
"ma’iru’","nine","九","https://ilrdc.tw/tow/2022/audio/word/9/01_09.wav"
"malapṟow","ten","十","https://ilrdc.tw/tow/2022/audio/word/9/01_10.wav"
"malapṟow utux","eleven","十一","https://ilrdc.tw/tow/2022/audio/word/9/01_11.wav"
"malapṟow sa’ing","twelve","十二","https://ilrdc.tw/tow/2022/audio/word/9/01_12.wav"
"malapṟow tugal","thirteen","十三","https://ilrdc.tw/tow/2022/audio/word/9/01_13.wav"
"malapṟow paṟat","fourteen","十四","https://ilrdc.tw/tow/2022/audio/word/9/01_14.wav"
"malapṟow ṟamagal","fifteen","十五","https://ilrdc.tw/tow/2022/audio/word/9/01_15.wav"
"malapṟow matṟu","sixteen","十六","https://ilrdc.tw/tow/2022/audio/word/9/01_16.wav"
"malapṟow mapitu’","seventeen","十七","https://ilrdc.tw/tow/2022/audio/word/9/01_17.wav"
"malapṟow maspat","eighteen","十八","https://ilrdc.tw/tow/2022/audio/word/9/01_18.wav"
"malapṟow ma’iru’","nineteen","十九","https://ilrdc.tw/tow/2022/audio/word/9/01_19.wav"
"mapusal","twenty","二十","https://ilrdc.tw/tow/2022/audio/word/9/01_20.wav"
"mapusal utux","twenty one","二十一","https://ilrdc.tw/tow/2022/audio/word/9/01_21.wav"
"mapusal sa’ing","twenty two","二十二","https://ilrdc.tw/tow/2022/audio/word/9/01_22.wav"
"mapusal tugal","twenty three","二十三","https://ilrdc.tw/tow/2022/audio/word/9/01_23.wav"
"mapusal paṟat","twenty four","二十四","https://ilrdc.tw/tow/2022/audio/word/9/01_24.wav"
"mapusal ṟamagal","twenty five","二十五","https://ilrdc.tw/tow/2022/audio/word/9/01_25.wav"
"matul","thirty","三十","https://ilrdc.tw/tow/2022/audio/word/9/01_26.wav"
"matul utux","thirty one","三十一","https://ilrdc.tw/tow/2022/audio/word/9/01_27.wav"
"maspatul","forty","四十","https://ilrdc.tw/tow/2022/audio/word/9/01_28.wav"
"marimal","fifty","五十","https://ilrdc.tw/tow/2022/audio/word/9/01_29.wav"
"matṟu mapgan","sixty","六十","https://ilrdc.tw/tow/2022/audio/word/9/01_30.wav"
"mapitu’ mapgan","seventy","七十","https://ilrdc.tw/tow/2022/audio/word/9/01_31.wav"
"maspat mapgan","eighty","八十","https://ilrdc.tw/tow/2022/audio/word/9/01_32.wav"
"ma’iru’ mapgan","ninety","九十","https://ilrdc.tw/tow/2022/audio/word/9/01_33.wav"
"kabhul","hundred","百","https://ilrdc.tw/tow/2022/audio/word/9/01_34.wav"
"utux kabhul","one hundred","一百","https://ilrdc.tw/tow/2022/audio/word/9/01_35.wav"
"sa’ing kabhul","two hundred","兩百","https://ilrdc.tw/tow/2022/audio/word/9/01_36.wav"
"malapṟow kabhul","one thousand","一千","https://ilrdc.tw/tow/2022/audio/word/9/01_37.wav"
"ruma","some","一些","https://ilrdc.tw/tow/2022/audio/word/9/01_38.wav"
"minutux","once","一次","https://ilrdc.tw/tow/2022/audio/word/9/01_39.wav"
"utux luhuw","bunch","一串","https://ilrdc.tw/tow/2022/audio/word/9/01_40.wav"
"lanlamu’","kind","種類","https://ilrdc.tw/tow/2022/audio/word/9/01_41.wav"
"mararusa’","pair","一雙","https://ilrdc.tw/tow/2022/audio/word/9/01_42.wav"
"kora’","entire","全部","https://ilrdc.tw/tow/2022/audio/word/9/01_43.wav"
"tikiy","a little bit","一點點","https://ilrdc.tw/tow/2022/audio/word/9/01_44.wav"
"cinkan","half","一半","https://ilrdc.tw/tow/2022/audio/word/9/01_45.wav"
" su’","you","你 ","https://ilrdc.tw/tow/2022/audio/word/9/02_01.wav"
"kung ","I","我","https://ilrdc.tw/tow/2022/audio/word/9/02_02.wav"
"hiya’","he","他","https://ilrdc.tw/tow/2022/audio/word/9/02_03.wav"
"mamu/cimu","you guys","你們","https://ilrdc.tw/tow/2022/audio/word/9/02_04.wav"
" min","us","我們","https://ilrdc.tw/tow/2022/audio/word/9/02_05.wav"
"laha’","they","他們","https://ilrdc.tw/tow/2022/audio/word/9/02_06.wav"
"cimunan","yours","你們的","https://ilrdc.tw/tow/2022/audio/word/9/02_07.wav"
"caminan","our","我們的","https://ilrdc.tw/tow/2022/audio/word/9/02_08.wav"
"lahan","their","他們的","https://ilrdc.tw/tow/2022/audio/word/9/02_09.wav"
"sinang","your","你的","https://ilrdc.tw/tow/2022/audio/word/9/02_10.wav"
"kinang","mine","我的","https://ilrdc.tw/tow/2022/audio/word/9/02_11.wav"
"hiyan","his","他的","https://ilrdc.tw/tow/2022/audio/word/9/02_12.wav"
"cami","we (excluded)","我們(排除式)","https://ilrdc.tw/tow/2022/audio/word/9/02_13.wav"
"ita’","let’s (inclusive)","咱們(包含式)","https://ilrdc.tw/tow/2022/audio/word/9/02_14.wav"
"ta’","ours","咱們的","https://ilrdc.tw/tow/2022/audio/word/9/02_15.wav"
"kaca","that","那個","https://ilrdc.tw/tow/2022/audio/word/9/02_16.wav"
"hani ","this one","這個","https://ilrdc.tw/tow/2022/audio/word/9/02_17.wav"
"sani","here","這裡","https://ilrdc.tw/tow/2022/audio/word/9/02_18.wav"
"saca","there","那裡","https://ilrdc.tw/tow/2022/audio/word/9/02_19.wav"
"yonani","(like) this","(像)這樣","https://ilrdc.tw/tow/2022/audio/word/9/02_20.wav"
"pira’","how much","多少","https://ilrdc.tw/tow/2022/audio/word/9/03_01.wav"
"amol","what","什麼","https://ilrdc.tw/tow/2022/audio/word/9/03_02.wav"
"sunno","how","如何","https://ilrdc.tw/tow/2022/audio/word/9/03_03.wav"
"kanon","when (not happening)","何時(未發生)","https://ilrdc.tw/tow/2022/audio/word/9/03_04.wav"
"ima’","who","誰","https://ilrdc.tw/tow/2022/audio/word/9/03_05.wav"
"moka inu’","which one","哪一個","https://ilrdc.tw/tow/2022/audio/word/9/03_06.wav"
"inu’","where","哪裡","https://ilrdc.tw/tow/2022/audio/word/9/03_07.wav"
"iman","Whose is it?","是誰的","https://ilrdc.tw/tow/2022/audio/word/9/03_08.wav"
"hunco’","what","怎麼","https://ilrdc.tw/tow/2022/audio/word/9/03_09.wav"
"pira’","how much","多少(歲；物)","https://ilrdc.tw/tow/2022/audio/word/9/03_10.wav"
"pira’","how much (degree size)"," 多少(程度大小)","https://ilrdc.tw/tow/2022/audio/word/9/03_11.wav"
"inu’","where","什麼地方","https://ilrdc.tw/tow/2022/audio/word/9/03_12.wav"
"kanon","when (has happened)","何時(已發生)","https://ilrdc.tw/tow/2022/audio/word/9/03_13.wav"
"hunco’","why","為什麼","https://ilrdc.tw/tow/2022/audio/word/9/03_14.wav"
"yaba’","dad","爸爸","https://ilrdc.tw/tow/2022/audio/word/9/04_01.wav"
"yaya’","mom","媽媽","https://ilrdc.tw/tow/2022/audio/word/9/04_02.wav"
"macsuse’","cousins","堂、表兄弟姐妹","https://ilrdc.tw/tow/2022/audio/word/9/04_03.wav"
"yutas","male elder (grandfather; father-in-law)","男性長輩(祖父；外公；岳父)","https://ilrdc.tw/tow/2022/audio/word/9/04_04.wav"
"yaki’","female elder (grandmother; mother-in-law)","女性長輩(祖母；外婆；岳母)","https://ilrdc.tw/tow/2022/audio/word/9/04_05.wav"
"raral","relative","親戚","https://ilrdc.tw/tow/2022/audio/word/9/04_06.wav"
" kanel","spouse","配偶","https://ilrdc.tw/tow/2022/audio/word/9/04_07.wav"
"yama’","daughter’s husband","女婿","https://ilrdc.tw/tow/2022/audio/word/9/04_08.wav"
"yaniy","wife’s brother","舅子","https://ilrdc.tw/tow/2022/audio/word/9/04_09.wav"
"sogi’","sister-in-law","弟媳","https://ilrdc.tw/tow/2022/audio/word/9/04_10.wav"
"irah","older brother’s wife","嫂嫂","https://ilrdc.tw/tow/2022/audio/word/9/04_11.wav"
"ina’","daughter-in-law","媳婦","https://ilrdc.tw/tow/2022/audio/word/9/04_12.wav"
"mago’","grandchild","孫子/孫女","https://ilrdc.tw/tow/2022/audio/word/9/04_13.wav"
"maskanel","husband and wife","夫妻","https://ilrdc.tw/tow/2022/audio/word/9/04_14.wav"
"malikuṟ","husband","丈夫","https://ilrdc.tw/tow/2022/audio/word/9/04_15.wav"
"masyaki","in-law","姻親","https://ilrdc.tw/tow/2022/audio/word/9/04_16.wav"
"macsuse’","sibling","兄弟姊妹","https://ilrdc.tw/tow/2022/audio/word/9/04_17.wav"
"asuṟan","brother","兄長","https://ilrdc.tw/tow/2022/audio/word/9/04_18.wav"
"asuṟan","brother and sister","(哥哥；姊姊)通稱","https://ilrdc.tw/tow/2022/audio/word/9/04_19.wav"
"asuṟan kanel","older sister","姊姊","https://ilrdc.tw/tow/2022/audio/word/9/04_20.wav"
"asuṟan malikuṟ","older brother","哥哥","https://ilrdc.tw/tow/2022/audio/word/9/04_21.wav"
"suse’","brother and sister","(弟弟；妹妹)通稱","https://ilrdc.tw/tow/2022/audio/word/9/04_22.wav"
"suse’ malikuṟ","younger brother","弟弟","https://ilrdc.tw/tow/2022/audio/word/9/04_23.wav"
"suse’ kanel","younger sister","妹妹","https://ilrdc.tw/tow/2022/audio/word/9/04_24.wav"
"mama’","uncle","(伯父；叔叔；舅舅)通稱","https://ilrdc.tw/tow/2022/audio/word/9/04_25.wav"
"yata’","aunt","(伯母；嬸嬸；舅母)通稱  ","https://ilrdc.tw/tow/2022/audio/word/9/04_26.wav"
"ralu’","name","名字","https://ilrdc.tw/tow/2022/audio/word/9/05_01.wav"
"ule’ malikuṟ","boy","男孩","https://ilrdc.tw/tow/2022/audio/word/9/05_02.wav"
"ule’ kanel","girl","女孩","https://ilrdc.tw/tow/2022/audio/word/9/05_03.wav"
"rangi’","friend","朋友","https://ilrdc.tw/tow/2022/audio/word/9/05_04.wav"
"ule’","child","孩童","https://ilrdc.tw/tow/2022/audio/word/9/05_05.wav"
"nabkis","elderly people","老人家","https://ilrdc.tw/tow/2022/audio/word/9/05_06.wav"
"kanel","female","女性","https://ilrdc.tw/tow/2022/audio/word/9/05_07.wav"
"malikuṟ","male","男性","https://ilrdc.tw/tow/2022/audio/word/9/05_08.wav"
"ci’uli’","people","人","https://ilrdc.tw/tow/2022/audio/word/9/05_09.wav"
"ising","doctor","醫生","https://ilrdc.tw/tow/2022/audio/word/9/05_10.wav"
"sinsi’","teacher","老師","https://ilrdc.tw/tow/2022/audio/word/9/05_11.wav"
"paris","enemy","敵人","https://ilrdc.tw/tow/2022/audio/word/9/05_12.wav"
"asuṟan","sir","長官","https://ilrdc.tw/tow/2022/audio/word/9/05_13.wav"
"roma’","hooliganism","流氓","https://ilrdc.tw/tow/2022/audio/word/9/05_14.wav"
"Kensacu’","police","警察","https://ilrdc.tw/tow/2022/audio/word/9/05_15.wav"
"Kihabu’","ethnic group (Taiwan), "plain tribes","平埔族","https://ilrdc.tw/tow/2022/audio/word/9/05_16.wav"
"Kahilang","Hakka people","客家人","https://ilrdc.tw/tow/2022/audio/word/9/05_17.wav"
"Kocyo","principal","校長","https://ilrdc.tw/tow/2022/audio/word/9/05_18.wav"
"Pamukan","Min Nan (Taiwanese)","閩南人","https://ilrdc.tw/tow/2022/audio/word/9/05_19.wav"
"se’eneng","young people","青年","https://ilrdc.tw/tow/2022/audio/word/9/05_20.wav"
"Singhu’","(spiritual) father","神父","https://ilrdc.tw/tow/2022/audio/word/9/05_21.wav"
"Syoni","sister","修女","https://ilrdc.tw/tow/2022/audio/word/9/05_22.wav"
"Taluw","mainlander","外省人","https://ilrdc.tw/tow/2022/audio/word/9/05_23.wav"
"rosi/mukurakis","miss","小姐","https://ilrdc.tw/tow/2022/audio/word/9/05_24.wav"
"seyto’","student","學生","https://ilrdc.tw/tow/2022/audio/word/9/05_25.wav"
"cange’","ear","耳朵","https://ilrdc.tw/tow/2022/audio/word/9/06_01.wav"
"muṟi’","thigh","大腿","https://ilrdc.tw/tow/2022/audio/word/9/06_02.wav"
"roṟi’","eye","眼睛","https://ilrdc.tw/tow/2022/audio/word/9/06_03.wav"
"raṟes","face","臉","https://ilrdc.tw/tow/2022/audio/word/9/06_04.wav"
"ngawa’","mouth","嘴巴","https://ilrdc.tw/tow/2022/audio/word/9/06_05.wav"
"tunux","head","頭","https://ilrdc.tw/tow/2022/audio/word/9/06_06.wav"
"kakamil","fingernail","指甲","https://ilrdc.tw/tow/2022/audio/word/9/06_07.wav"
"aba’","hand","手","https://ilrdc.tw/tow/2022/audio/word/9/06_08.wav"
"hi’","body","身體","https://ilrdc.tw/tow/2022/audio/word/9/06_09.wav"
"tangahen","nose","鼻子","https://ilrdc.tw/tow/2022/audio/word/9/06_10.wav"
"papak","foot","腳","https://ilrdc.tw/tow/2022/audio/word/9/06_11.wav"
"apnux","teeth","牙齒","https://ilrdc.tw/tow/2022/audio/word/9/06_12.wav"
"sinunux","hair","頭髮","https://ilrdc.tw/tow/2022/audio/word/9/06_13.wav"
"ramuṟux","blood","血","https://ilrdc.tw/tow/2022/audio/word/9/06_14.wav"
"hi’","meat","肉","https://ilrdc.tw/tow/2022/audio/word/9/06_15.wav"
"lihuṟ","forehead","額頭","https://ilrdc.tw/tow/2022/audio/word/9/06_16.wav"
"labos","belly","肚子","https://ilrdc.tw/tow/2022/audio/word/9/06_17.wav"
"bubu’","breast","乳房","https://ilrdc.tw/tow/2022/audio/word/9/06_18.wav"
"sinraku’","calf","小腿肚","https://ilrdc.tw/tow/2022/audio/word/9/06_19.wav"
"hangali’","shoulder","肩膀","https://ilrdc.tw/tow/2022/audio/word/9/06_20.wav"
"abalit","chin","下巴","https://ilrdc.tw/tow/2022/audio/word/9/06_21.wav"
"bukuy","back","背部","https://ilrdc.tw/tow/2022/audio/word/9/06_22.wav"
"kuṟaxil","skin","皮","https://ilrdc.tw/tow/2022/audio/word/9/06_23.wav"
"cagṟa’","thoracic cavity","胸腔","https://ilrdc.tw/tow/2022/audio/word/9/06_24.wav"
"bagax/ranax","male genitalia","男性生殖器","https://ilrdc.tw/tow/2022/audio/word/9/06_25.wav"
"pipi’","female genitalia","女性生殖器","https://ilrdc.tw/tow/2022/audio/word/9/06_26.wav"
"bahiluk","lung","肺","https://ilrdc.tw/tow/2022/audio/word/9/06_27.wav"
"bahak","heart","心臟","https://ilrdc.tw/tow/2022/audio/word/9/06_28.wav"
"hiku’","elbow","手肘","https://ilrdc.tw/tow/2022/audio/word/9/06_29.wav"
"langiy","saliva","口水","https://ilrdc.tw/tow/2022/audio/word/9/06_30.wav"
"tari’","knee","膝蓋","https://ilrdc.tw/tow/2022/audio/word/9/06_31.wav"
"ilis","wound","傷口","https://ilrdc.tw/tow/2022/audio/word/9/06_32.wav"
"lahbun","stomach","胃","https://ilrdc.tw/tow/2022/audio/word/9/06_33.wav"
"saṟik","liver","肝臟","https://ilrdc.tw/tow/2022/audio/word/9/06_34.wav"
"taṟuna’  ","phlegm","痰","https://ilrdc.tw/tow/2022/audio/word/9/06_35.wav"
"ba’iy","goiter","甲狀腺腫","https://ilrdc.tw/tow/2022/audio/word/9/06_36.wav"
"abura’","grease","油脂","https://ilrdc.tw/tow/2022/audio/word/9/06_37.wav"
"araw","rib","肋骨","https://ilrdc.tw/tow/2022/audio/word/9/06_38.wav"
"ṟuhung","gallbladder","膽囊","https://ilrdc.tw/tow/2022/audio/word/9/06_39.wav"
"uṟuk aba’","thumb","拇指","https://ilrdc.tw/tow/2022/audio/word/9/06_40.wav"
"olu’","throat","喉嚨","https://ilrdc.tw/tow/2022/audio/word/9/06_41.wav"
"hamalit","tongue","舌頭","https://ilrdc.tw/tow/2022/audio/word/9/06_42.wav"
"hawinuk","waist","腰部","https://ilrdc.tw/tow/2022/audio/word/9/06_43.wav"
"uṟuk aba’","finger","手指","https://ilrdc.tw/tow/2022/audio/word/9/06_44.wav"
"a’ulun apnux","front tooth","門牙","https://ilrdc.tw/tow/2022/audio/word/9/06_45.wav"
"rinang","sweat","汗水","https://ilrdc.tw/tow/2022/audio/word/9/06_46.wav"
"olu’","neck","脖子","https://ilrdc.tw/tow/2022/audio/word/9/06_47.wav"
"ngihi’","nasal mucus","鼻涕","https://ilrdc.tw/tow/2022/audio/word/9/06_48.wav"
"putut","joint","關節","https://ilrdc.tw/tow/2022/audio/word/9/06_49.wav"
" uten","buttocks","臀部","https://ilrdc.tw/tow/2022/audio/word/9/06_50.wav"
"apaṟ","the sole of the foot","腳掌","https://ilrdc.tw/tow/2022/audio/word/9/06_51.wav"
"waring","neck","頸子","https://ilrdc.tw/tow/2022/audio/word/9/06_52.wav"
"kiki’","armpit","腋窩","https://ilrdc.tw/tow/2022/audio/word/9/06_53.wav"
"ṟuhuṟ","kidney","腎臟","https://ilrdc.tw/tow/2022/audio/word/9/06_54.wav"
"parhung","lip","嘴唇","https://ilrdc.tw/tow/2022/audio/word/9/06_55.wav"
"kumis","fur","毛","https://ilrdc.tw/tow/2022/audio/word/9/06_56.wav"
"ngungu’","tail","尾巴","https://ilrdc.tw/tow/2022/audio/word/9/07_01.wav"
"baṟok","pig","豬","https://ilrdc.tw/tow/2022/audio/word/9/07_02.wav"
"huṟil","dog","狗","https://ilrdc.tw/tow/2022/audio/word/9/07_03.wav"
"mit","sheep","羊","https://ilrdc.tw/tow/2022/audio/word/9/07_04.wav"
"ngaw","cat","貓","https://ilrdc.tw/tow/2022/audio/word/9/07_05.wav"
"kabahni’","bird","鳥","https://ilrdc.tw/tow/2022/audio/word/9/07_06.wav"
"ucyux","fish","魚","https://ilrdc.tw/tow/2022/audio/word/9/07_07.wav"
"gilung","chicken","雞","https://ilrdc.tw/tow/2022/audio/word/9/07_08.wav"
"ṟungiy","monkey","猴子","https://ilrdc.tw/tow/2022/audio/word/9/07_09.wav"
"wanux","cattle","牛","https://ilrdc.tw/tow/2022/audio/word/9/07_10.wav"
"olit","mice (collectively)","老鼠(統稱)","https://ilrdc.tw/tow/2022/audio/word/9/07_11.wav"
"apatuṟ","frog","青蛙","https://ilrdc.tw/tow/2022/audio/word/9/07_12.wav"
"kuṟ","owl","貓頭鷹","https://ilrdc.tw/tow/2022/audio/word/9/07_13.wav"
"ong","pangolin (manis pentadactylata)","穿山甲","https://ilrdc.tw/tow/2022/audio/word/9/07_14.wav"
"baṟok nanahi’","boar","山豬","https://ilrdc.tw/tow/2022/audio/word/9/07_15.wav"
"tukara’","feral pigeon","野鴿子","https://ilrdc.tw/tow/2022/audio/word/9/07_16.wav"
"kuya’","insect (collectively)","蟲(統稱)","https://ilrdc.tw/tow/2022/audio/word/9/07_17.wav"
"kame’","turtle","烏龜","https://ilrdc.tw/tow/2022/audio/word/9/07_18.wav"
"kuya’","snake","蛇","https://ilrdc.tw/tow/2022/audio/word/9/07_19.wav"
"ṟapit","flying squirrel","飛鼠","https://ilrdc.tw/tow/2022/audio/word/9/07_20.wav"
"ṟaklit","leopard","豹","https://ilrdc.tw/tow/2022/audio/word/9/07_21.wav"
"wanux nanahi’","sambar (cervus eldii)","水鹿","https://ilrdc.tw/tow/2022/audio/word/9/07_22.wav"
"ngarux","bear","熊","https://ilrdc.tw/tow/2022/audio/word/9/07_23.wav"
"para’","muntiacus reevesi","山羌","https://ilrdc.tw/tow/2022/audio/word/9/07_24.wav"
"supux","cockroach","蟑螂","https://ilrdc.tw/tow/2022/audio/word/9/07_25.wav"
"lalosan","dragonfly","蜻蜓","https://ilrdc.tw/tow/2022/audio/word/9/07_26.wav"
"ṟapiriy","butterfly","蝴蝶","https://ilrdc.tw/tow/2022/audio/word/9/07_27.wav"
"nakarit","spider","蜘蛛","https://ilrdc.tw/tow/2022/audio/word/9/07_28.wav"
"ranax","male reproductive organs","雄性動物生殖器官","https://ilrdc.tw/tow/2022/audio/word/9/07_29.wav"
"buhut","squirrel","松鼠","https://ilrdc.tw/tow/2022/audio/word/9/07_30.wav"
"sanehaṟ","vole","田鼠","https://ilrdc.tw/tow/2022/audio/word/9/07_31.wav"
"putut","mosquitoe","蚊子","https://ilrdc.tw/tow/2022/audio/word/9/07_32.wav"
"kuhing","head louse","頭蝨","https://ilrdc.tw/tow/2022/audio/word/9/07_33.wav"
"ṟanglit","fly","蒼蠅","https://ilrdc.tw/tow/2022/audio/word/9/07_34.wav"
"hiṟing","honeybee","蜜蜂","https://ilrdc.tw/tow/2022/audio/word/9/07_35.wav"
" maktahuk ","male (animal)","雄性(動物)","https://ilrdc.tw/tow/2022/audio/word/9/07_36.wav"
"bik ","suckling pig","乳豬","https://ilrdc.tw/tow/2022/audio/word/9/07_37.wav"
"kukuk/bibiy","duck","鴨","https://ilrdc.tw/tow/2022/audio/word/9/07_38.wav"
"bicuw","earthworm","蚯蚓","https://ilrdc.tw/tow/2022/audio/word/9/07_39.wav"
"banga’","wasp","土蜂","https://ilrdc.tw/tow/2022/audio/word/9/07_41.wav"
"balulung","shrimp","蝦","https://ilrdc.tw/tow/2022/audio/word/9/07_42.wav"
"zo","elephant","大象","https://ilrdc.tw/tow/2022/audio/word/9/07_43.wav"
"ramiy","horse","馬","https://ilrdc.tw/tow/2022/audio/word/9/07_44.wav"
"puyaya’","female (animal)","雌性(動物)","https://ilrdc.tw/tow/2022/audio/word/9/07_45.wav"
"kakagang","crab","螃蟹","https://ilrdc.tw/tow/2022/audio/word/9/07_46.wav"
"caciret","cicada","蟬","https://ilrdc.tw/tow/2022/audio/word/9/07_47.wav"
"mahitung","hundred-pace snake","百步蛇","https://ilrdc.tw/tow/2022/audio/word/9/07_48.wav"
"alihuṟ","wing","翅膀","https://ilrdc.tw/tow/2022/audio/word/9/07_49.wav"
"ṟakarit","bat","蝙蝠","https://ilrdc.tw/tow/2022/audio/word/9/07_50.wav"
"tatacumuri’/katacumuri’","snail","蝸牛","https://ilrdc.tw/tow/2022/audio/word/9/07_51.wav"
"piluw","sparrow","麻雀","https://ilrdc.tw/tow/2022/audio/word/9/07_52.wav"
"ngatu’","stag beetle","鍬形蟲","https://ilrdc.tw/tow/2022/audio/word/9/07_53.wav"
"ṟuk","eagle","老鷹","https://ilrdc.tw/tow/2022/audio/word/9/07_54.wav"
"mama’","ant","螞蟻","https://ilrdc.tw/tow/2022/audio/word/9/07_55.wav"
"gacyo","goose","鵝","https://ilrdc.tw/tow/2022/audio/word/9/07_56.wav"
"  kabahni’","waterbird","水鳥","https://ilrdc.tw/tow/2022/audio/word/9/07_57.wav"
"ubu’","nest","窩巢","https://ilrdc.tw/tow/2022/audio/word/9/07_58.wav"
"ryung","hornet","虎頭蜂","https://ilrdc.tw/tow/2022/audio/word/9/07_59.wav"
"amugal","flea","跳蚤","https://ilrdc.tw/tow/2022/audio/word/9/07_60.wav"
" mahutang","cobra","眼鏡蛇","https://ilrdc.tw/tow/2022/audio/word/9/07_61.wav"
"te’ung","crow","烏鴉","https://ilrdc.tw/tow/2022/audio/word/9/07_62.wav"
"uṟuk huṟil","puppy","幼犬","https://ilrdc.tw/tow/2022/audio/word/9/07_63.wav"
"ihuṟ","horn","(動物的)角","https://ilrdc.tw/tow/2022/audio/word/9/07_64.wav"
"motung","grasshopper","蚱蜢","https://ilrdc.tw/tow/2022/audio/word/9/07_65.wav"
"ga’iloh","banana","香蕉","https://ilrdc.tw/tow/2022/audio/word/9/08_01.wav"
"pagiy","paddy","稻穀","https://ilrdc.tw/tow/2022/audio/word/9/08_02.wav"
"kahuni’","tree","樹","https://ilrdc.tw/tow/2022/audio/word/9/08_03.wav"
"cehuṟ","taro","芋頭","https://ilrdc.tw/tow/2022/audio/word/9/08_04.wav"
"cabilus/cabilis","sugar cane","甘蔗","https://ilrdc.tw/tow/2022/audio/word/9/08_05.wav"
"abaw","leaf","葉子","https://ilrdc.tw/tow/2022/audio/word/9/08_06.wav"
"ngahi’","sweet potato","甘藷","https://ilrdc.tw/tow/2022/audio/word/9/08_07.wav"
"namuru’","tangerine","柑橘","https://ilrdc.tw/tow/2022/audio/word/9/08_08.wav"
"ṟapak","flower","花朵","https://ilrdc.tw/tow/2022/audio/word/9/08_09.wav"
"tamurak","pumpkin","南瓜","https://ilrdc.tw/tow/2022/audio/word/9/08_10.wav"
"kankaman","weed","雜草","https://ilrdc.tw/tow/2022/audio/word/9/08_11.wav"
"atiy","corn","玉米","https://ilrdc.tw/tow/2022/audio/word/9/08_12.wav"
"binro’","betel nut","檳榔","https://ilrdc.tw/tow/2022/audio/word/9/08_13.wav"
"totah","bamboo","竹子","https://ilrdc.tw/tow/2022/audio/word/9/08_14.wav"
"araw","branch","樹枝","https://ilrdc.tw/tow/2022/audio/word/9/08_15.wav"
"buy","fruit","(植物的)果實","https://ilrdc.tw/tow/2022/audio/word/9/08_16.wav"
"ali’","bamboo shoot","竹筍","https://ilrdc.tw/tow/2022/audio/word/9/08_17.wav"
"ngiṟaw","edible mushroom","香菇","https://ilrdc.tw/tow/2022/audio/word/9/08_18.wav"
"saputu’","pineapple","鳳梨","https://ilrdc.tw/tow/2022/audio/word/9/08_19.wav"
"kaman","grass","草","https://ilrdc.tw/tow/2022/audio/word/9/08_20.wav"
"waxiy","rattan","藤類","https://ilrdc.tw/tow/2022/audio/word/9/08_21.wav"
"nabahṟi’","peach","桃子","https://ilrdc.tw/tow/2022/audio/word/9/08_22.wav"
"napol","plum","李子","https://ilrdc.tw/tow/2022/audio/word/9/08_23.wav"
"buy","fruit","水果","https://ilrdc.tw/tow/2022/audio/word/9/08_24.wav"
"puing kahuni’","treetop","樹頭","https://ilrdc.tw/tow/2022/audio/word/9/08_25.wav"
"kakalung","agaric","木耳","https://ilrdc.tw/tow/2022/audio/word/9/08_26.wav"
"tomato’","tomatoe","蕃茄","https://ilrdc.tw/tow/2022/audio/word/9/08_27.wav"
"gamil","root","樹根","https://ilrdc.tw/tow/2022/audio/word/9/08_28.wav"
"inuw te’ung","wild lily","野百合","https://ilrdc.tw/tow/2022/audio/word/9/08_29.wav"
"bagayaw","giant elephant's ear","姑婆芋","https://ilrdc.tw/tow/2022/audio/word/9/08_30.wav"
"ciyak","cucumber","胡瓜","https://ilrdc.tw/tow/2022/audio/word/9/08_31.wav"
"ṟaṟuhing","bird-nest fern","山蘇","https://ilrdc.tw/tow/2022/audio/word/9/08_32.wav"
"tolat tanah","carrot","胡蘿蔔","https://ilrdc.tw/tow/2022/audio/word/9/08_33.wav"
"sukiy unruṟux","yard-long bean","長豆","https://ilrdc.tw/tow/2022/audio/word/9/08_35.wav"
"layan","green bean","綠豆","https://ilrdc.tw/tow/2022/audio/word/9/08_36.wav"
"mugi’","wheat","麥","https://ilrdc.tw/tow/2022/audio/word/9/08_37.wav"
"inuw","green onion","蔥","https://ilrdc.tw/tow/2022/audio/word/9/08_38.wav"
"tanguw sukiy","bean sprout","豆芽","https://ilrdc.tw/tow/2022/audio/word/9/08_39.wav"
"tokeso’","passion fruit","百香果","https://ilrdc.tw/tow/2022/audio/word/9/08_40.wav"
"kakuyas","yam","山藥","https://ilrdc.tw/tow/2022/audio/word/9/08_41.wav"
"hinoki’","cypress","檜木","https://ilrdc.tw/tow/2022/audio/word/9/08_42.wav"
"rinol","seedling","幼苗","https://ilrdc.tw/tow/2022/audio/word/9/08_43.wav"
"gagra’/tane","seed","種子","https://ilrdc.tw/tow/2022/audio/word/9/08_44.wav"
"ṟiluk","wild strawberry","野草莓","https://ilrdc.tw/tow/2022/audio/word/9/08_45.wav"
"ume’","plum","梅子","https://ilrdc.tw/tow/2022/audio/word/9/08_46.wav"
"ṟumala’","vegetable fern","過貓","https://ilrdc.tw/tow/2022/audio/word/9/08_47.wav"
"aṟimux","Taiwan cherry","山櫻花","https://ilrdc.tw/tow/2022/audio/word/9/08_48.wav"
"iciga’","stinging nettle","咬人貓","https://ilrdc.tw/tow/2022/audio/word/9/08_49.wav"
"ma’uw","mountain litsea","山胡椒","https://ilrdc.tw/tow/2022/audio/word/9/08_50.wav"
"singut","pigeon pea","樹豆","https://ilrdc.tw/tow/2022/audio/word/9/08_51.wav"
"yutak","grapefruit","柚子","https://ilrdc.tw/tow/2022/audio/word/9/08_52.wav"
"tamaku’","tobacco","菸草","https://ilrdc.tw/tow/2022/audio/word/9/08_53.wav"
"urik","pepper (generic term)","辣椒(通稱)","https://ilrdc.tw/tow/2022/audio/word/9/08_54.wav"
"wata’","cotton","棉花","https://ilrdc.tw/tow/2022/audio/word/9/08_55.wav"
"ngahi’","sweet potato","地瓜","https://ilrdc.tw/tow/2022/audio/word/9/08_56.wav"
"uti’ gilung","guava","番石榴","https://ilrdc.tw/tow/2022/audio/word/9/08_57.wav"
"patas","book","書","https://ilrdc.tw/tow/2022/audio/word/9/09_01.wav"
"pila’","money","錢","https://ilrdc.tw/tow/2022/audio/word/9/09_02.wav"
"boru’","ball","球","https://ilrdc.tw/tow/2022/audio/word/9/09_03.wav"
"rakat patasan","table","桌子","https://ilrdc.tw/tow/2022/audio/word/9/09_04.wav"
"nawilung/rengwa","telephone","電話","https://ilrdc.tw/tow/2022/audio/word/9/09_05.wav"
"papatas","pen","筆","https://ilrdc.tw/tow/2022/audio/word/9/09_06.wav"
"rakat tataman","chair","椅子","https://ilrdc.tw/tow/2022/audio/word/9/09_07.wav"
"ayu’","medicine","藥物","https://ilrdc.tw/tow/2022/audio/word/9/09_08.wav"
"tennaw","computer","電腦","https://ilrdc.tw/tow/2022/audio/word/9/09_09.wav"
"taṟasi’","umbrella","雨傘","https://ilrdc.tw/tow/2022/audio/word/9/09_10.wav"
"tokei’","watch","手錶","https://ilrdc.tw/tow/2022/audio/word/9/09_11.wav"
"tokei’","clocks and watches","鐘錶","https://ilrdc.tw/tow/2022/audio/word/9/09_12.wav"
"paparong","hook","鉤子","https://ilrdc.tw/tow/2022/audio/word/9/09_13.wav"
"waṟiy","fine line","細線","https://ilrdc.tw/tow/2022/audio/word/9/09_14.wav"
"sinyuw","rope","繩索","https://ilrdc.tw/tow/2022/audio/word/9/09_15.wav"
"rong","needle","針","https://ilrdc.tw/tow/2022/audio/word/9/09_16.wav"
"asu’","wooden pestle","木杵","https://ilrdc.tw/tow/2022/audio/word/9/09_17.wav"
"araw","twig"," 枝條","https://ilrdc.tw/tow/2022/audio/word/9/09_18.wav"
"baluku’","sieve","篩子","https://ilrdc.tw/tow/2022/audio/word/9/09_19.wav"
"buli’","knife","小刀","https://ilrdc.tw/tow/2022/audio/word/9/09_20.wav"
"hune’","ship","船隻","https://ilrdc.tw/tow/2022/audio/word/9/09_21.wav"
"a’atak","scissor","剪刀","https://ilrdc.tw/tow/2022/audio/word/9/09_22.wav"
"ṟaṟu’","charcoal","木炭","https://ilrdc.tw/tow/2022/audio/word/9/09_23.wav"
"bakecu","bucket","水桶","https://ilrdc.tw/tow/2022/audio/word/9/09_24.wav"
"nanek","fishing rod","釣竿","https://ilrdc.tw/tow/2022/audio/word/9/09_25.wav"
"kopu’ totah","bamboo tube","竹筒","https://ilrdc.tw/tow/2022/audio/word/9/09_26.wav"
"rengki’","light","電燈","https://ilrdc.tw/tow/2022/audio/word/9/09_27.wav"
"a’umuk","lid","蓋子","https://ilrdc.tw/tow/2022/audio/word/9/09_28.wav"
"acak","spatula","(竹製的)刮麻具","https://ilrdc.tw/tow/2022/audio/word/9/09_29.wav"
"uraw","filth","污垢","https://ilrdc.tw/tow/2022/audio/word/9/09_30.wav"
"lahyung","wooden mortar","木臼","https://ilrdc.tw/tow/2022/audio/word/9/09_31.wav"
"capang","quilt","棉被","https://ilrdc.tw/tow/2022/audio/word/9/09_32.wav"
"ṟating","bowl","碗","https://ilrdc.tw/tow/2022/audio/word/9/09_33.wav"
"ṟakut","net","網子","https://ilrdc.tw/tow/2022/audio/word/9/09_34.wav"
"kama’","rice cooker","飯鍋","https://ilrdc.tw/tow/2022/audio/word/9/09_35.wav"
"kakulut","saw","鋸子","https://ilrdc.tw/tow/2022/audio/word/9/09_36.wav"
"kulabuy","paper","紙張","https://ilrdc.tw/tow/2022/audio/word/9/09_37.wav"
"kopu’","cup","杯子","https://ilrdc.tw/tow/2022/audio/word/9/09_38.wav"
"nanek","fishing tackle","釣具","https://ilrdc.tw/tow/2022/audio/word/9/09_39.wav"
"ṟubing","bag","袋子","https://ilrdc.tw/tow/2022/audio/word/9/09_40.wav"
"agibu’","turner","鍋鏟","https://ilrdc.tw/tow/2022/audio/word/9/09_41.wav"
"paru’","axe","斧頭","https://ilrdc.tw/tow/2022/audio/word/9/09_42.wav"
"pataṟak","tong","夾子","https://ilrdc.tw/tow/2022/audio/word/9/09_43.wav"
"apawi’","bedding","床舖","https://ilrdc.tw/tow/2022/audio/word/9/09_44.wav"
"amuṟu’","stalk","梗","https://ilrdc.tw/tow/2022/audio/word/9/09_45.wav"
"wagi’","mirror","鏡子","https://ilrdc.tw/tow/2022/audio/word/9/09_46.wav"
"angaya’","tool","工具","https://ilrdc.tw/tow/2022/audio/word/9/09_47.wav"
"liwas","wok","弧形(底)鍋","https://ilrdc.tw/tow/2022/audio/word/9/09_48.wav"
"abulit","charcoal ash","炭灰","https://ilrdc.tw/tow/2022/audio/word/9/09_49.wav"
"susuk","bottle","瓶子","https://ilrdc.tw/tow/2022/audio/word/9/09_50.wav"
"sari’","spoon","湯匙","https://ilrdc.tw/tow/2022/audio/word/9/09_51.wav"
"sara’","dish","菜盤","https://ilrdc.tw/tow/2022/audio/word/9/09_52.wav"
"sasing","photograph","相片","https://ilrdc.tw/tow/2022/audio/word/9/09_53.wav"
"sekeng","soap","肥皂","https://ilrdc.tw/tow/2022/audio/word/9/09_54.wav"
"sisiy","filter net","濾酒渣網","https://ilrdc.tw/tow/2022/audio/word/9/09_55.wav"
"hahiluk","comb","梳子","https://ilrdc.tw/tow/2022/audio/word/9/09_56.wav"
"paling","sling","揹帶","https://ilrdc.tw/tow/2022/audio/word/9/09_57.wav"
"tatapis","fan","扇子","https://ilrdc.tw/tow/2022/audio/word/9/09_58.wav"
"tepeh/tipeh","stockpot","湯鍋","https://ilrdc.tw/tow/2022/audio/word/9/09_59.wav"
"hita’","water ladle (for scooping water up)","水瓢(舀水用)","https://ilrdc.tw/tow/2022/audio/word/9/09_60.wav"
"pingsyang","refrigerator","電冰箱","https://ilrdc.tw/tow/2022/audio/word/9/09_61.wav"
"tensu’/terebi","television","電視","https://ilrdc.tw/tow/2022/audio/word/9/09_62.wav"
"hosu’","pipe","水管","https://ilrdc.tw/tow/2022/audio/word/9/09_63.wav"
"tano’an","pillow","枕頭","https://ilrdc.tw/tow/2022/audio/word/9/09_64.wav"
"tatuting","hammer","鐵鎚","https://ilrdc.tw/tow/2022/audio/word/9/09_65.wav"
"camu’","Iron nail","鐵釘","https://ilrdc.tw/tow/2022/audio/word/9/09_66.wav"
"cingas","the thing stuck between the teeth","卡在牙縫之物","https://ilrdc.tw/tow/2022/audio/word/9/09_67.wav"
"hocyo’","cleaver","菜刀","https://ilrdc.tw/tow/2022/audio/word/9/09_68.wav"
"ṟakut","fishing net","魚網","https://ilrdc.tw/tow/2022/audio/word/9/09_69.wav"
"papuṟut","eraser","橡皮擦","https://ilrdc.tw/tow/2022/audio/word/9/09_70.wav"
"ṟaṟawa’","basket","簍子","https://ilrdc.tw/tow/2022/audio/word/9/09_71.wav"
"tu’uy","road","道路","https://ilrdc.tw/tow/2022/audio/word/9/10_01.wav"
"lahlahuṟ","wooded mountain","山林","https://ilrdc.tw/tow/2022/audio/word/9/10_02.wav"
"gong","creek","小溪","https://ilrdc.tw/tow/2022/audio/word/9/10_03.wav"
"behuṟ","wind","風","https://ilrdc.tw/tow/2022/audio/word/9/10_04.wav"
"buna’iy","sand","沙子","https://ilrdc.tw/tow/2022/audio/word/9/10_05.wav"
"raxal","soil","泥土","https://ilrdc.tw/tow/2022/audio/word/9/10_06.wav"
"luling","stream","河流","https://ilrdc.tw/tow/2022/audio/word/9/10_07.wav"
"hagiru’","lake","湖泊","https://ilrdc.tw/tow/2022/audio/word/9/10_08.wav"
"lahlahuṟ","forest","森林","https://ilrdc.tw/tow/2022/audio/word/9/10_09.wav"
"ṟuw","crevice","縫隙","https://ilrdc.tw/tow/2022/audio/word/9/10_10.wav"
"baling","cave","洞穴","https://ilrdc.tw/tow/2022/audio/word/9/10_11.wav"
"kilhur","at the foot of the mountain","山腳下","https://ilrdc.tw/tow/2022/audio/word/9/10_12.wav"
"tolu’ raxal","mound","土堆","https://ilrdc.tw/tow/2022/audio/word/9/10_13.wav"
"baling uṟati’","cavern","岩洞","https://ilrdc.tw/tow/2022/audio/word/9/10_14.wav"
"na’umit","grassland","草原","https://ilrdc.tw/tow/2022/audio/word/9/10_15.wav"
"rahyang","hot spring","溫泉","https://ilrdc.tw/tow/2022/audio/word/9/10_16.wav"
" ṟukṟuk","canyon","峽谷","https://ilrdc.tw/tow/2022/audio/word/9/10_17.wav"
"baling uṟati’","cave","山洞","https://ilrdc.tw/tow/2022/audio/word/9/10_18.wav"
"urami’","rock","岩石","https://ilrdc.tw/tow/2022/audio/word/9/10_19.wav"
"tagli’","cascade","瀑布","https://ilrdc.tw/tow/2022/audio/word/9/10_20.wav"
"ragex makinbuti’","independent hill","獨立的小山頭","https://ilrdc.tw/tow/2022/audio/word/9/10_21.wav"
"raragex","lofty mountains and steep hills","崇山峻嶺","https://ilrdc.tw/tow/2022/audio/word/9/10_22.wav"
"umolax","rainy","下雨","https://ilrdc.tw/tow/2022/audio/word/9/11_01.wav"
"wagi’","sun","太陽","https://ilrdc.tw/tow/2022/audio/word/9/11_02.wav"
"buṟating","moon","月亮","https://ilrdc.tw/tow/2022/audio/word/9/11_03.wav"
"kaṟal","sky","天空","https://ilrdc.tw/tow/2022/audio/word/9/11_04.wav"
"hangitux","star","星星","https://ilrdc.tw/tow/2022/audio/word/9/11_05.wav"
"awalax","rain","雨","https://ilrdc.tw/tow/2022/audio/word/9/11_06.wav"
"hula’iy","snow","雪","https://ilrdc.tw/tow/2022/audio/word/9/11_07.wav"
"muhla’iy","winter","冬天","https://ilrdc.tw/tow/2022/audio/word/9/11_08.wav"
"abagan","summer","夏天","https://ilrdc.tw/tow/2022/audio/word/9/11_09.wav"
"balung","thunder","雷","https://ilrdc.tw/tow/2022/audio/word/9/11_10.wav"
"rimuṟ","dew","露水","https://ilrdc.tw/tow/2022/audio/word/9/11_11.wav"
"ṟulung","cloud","雲","https://ilrdc.tw/tow/2022/audio/word/9/11_12.wav"
"hagilu’","smoke","煙","https://ilrdc.tw/tow/2022/audio/word/9/11_13.wav"
"pasbalung","lightning","閃電","https://ilrdc.tw/tow/2022/audio/word/9/11_14.wav"
"raxal rangu’","dry land","旱田","https://ilrdc.tw/tow/2022/audio/word/9/11_15.wav"
"masuru’","cloudy day","陰天","https://ilrdc.tw/tow/2022/audio/word/9/11_16.wav"
"ṟana’","fire","火","https://ilrdc.tw/tow/2022/audio/word/9/11_17.wav"
"hula’iy","ice","冰","https://ilrdc.tw/tow/2022/audio/word/9/11_18.wav"
"monuw","earthquake","地震","https://ilrdc.tw/tow/2022/audio/word/9/11_19.wav"
"kukung","shadow","影子","https://ilrdc.tw/tow/2022/audio/word/9/11_20.wav"
"behuṟ","typhoon","颱風","https://ilrdc.tw/tow/2022/audio/word/9/11_21.wav"
"hula’iy","frost","霜","https://ilrdc.tw/tow/2022/audio/word/9/11_22.wav"
"turing","drip","水滴","https://ilrdc.tw/tow/2022/audio/word/9/11_23.wav"
"masṟinuw","flood","水患","https://ilrdc.tw/tow/2022/audio/word/9/11_24.wav"
"pakabagan","spring","春天","https://ilrdc.tw/tow/2022/audio/word/9/11_25.wav"
"syaw  wacilung","seaside","海邊","https://ilrdc.tw/tow/2022/audio/word/9/11_26.wav"
"pakmuhla’iy","autumn","秋天","https://ilrdc.tw/tow/2022/audio/word/9/11_27.wav"
"hungu’ amutux","rainbow","彩虹","https://ilrdc.tw/tow/2022/audio/word/9/11_28.wav"
"maṟuk wagi’","sunset","日落","https://ilrdc.tw/tow/2022/audio/word/9/11_29.wav"
"minakung","dusk","天黑","https://ilrdc.tw/tow/2022/audio/word/9/11_30.wav"
"masot","stop raining","雨停","https://ilrdc.tw/tow/2022/audio/word/9/11_31.wav"
"sabehuṟ","typhoon.","刮颱風","https://ilrdc.tw/tow/2022/audio/word/9/11_32.wav"
"pakarek wagi’","sunrise","日出","https://ilrdc.tw/tow/2022/audio/word/9/11_33.wav"
"moṟow","home","家","https://ilrdc.tw/tow/2022/audio/word/9/12_01.wav"
"garasu’","window","窗戶","https://ilrdc.tw/tow/2022/audio/word/9/12_02.wav"
"a’alu’","door","門","https://ilrdc.tw/tow/2022/audio/word/9/12_03.wav"
"papasba’an ci ke’/gako’","school","學校","https://ilrdc.tw/tow/2022/audio/word/9/12_04.wav"
"uṟati’","stone","石頭","https://ilrdc.tw/tow/2022/audio/word/9/12_05.wav"
"ramu’uy","roof","屋頂","https://ilrdc.tw/tow/2022/audio/word/9/12_06.wav"
"hungu’","bridge","橋樑","https://ilrdc.tw/tow/2022/audio/word/9/12_07.wav"
"nasali’","shack","工寮","https://ilrdc.tw/tow/2022/audio/word/9/12_08.wav"
"benzyo’","toilet","廁所","https://ilrdc.tw/tow/2022/audio/word/9/12_09.wav"
"cacu’","pillar","柱子","https://ilrdc.tw/tow/2022/audio/word/9/12_10.wav"
"ha’","rock pile","石牆","https://ilrdc.tw/tow/2022/audio/word/9/12_11.wav"
"ubu’ gilung","chicken coop","雞寮","https://ilrdc.tw/tow/2022/audio/word/9/12_12.wav"
"kayrang","stair","樓梯","https://ilrdc.tw/tow/2022/audio/word/9/12_13.wav"
"tanux","courtyard","庭院","https://ilrdc.tw/tow/2022/audio/word/9/12_14.wav"
"inabal","wall","牆壁","https://ilrdc.tw/tow/2022/audio/word/9/12_15.wav"
"kuhu’","barn","穀倉","https://ilrdc.tw/tow/2022/audio/word/9/12_16.wav"
"tumu’uy","roofing","蓋屋頂","https://ilrdc.tw/tow/2022/audio/word/9/12_17.wav"
"umalang","building a fence","搭建圍籬","https://ilrdc.tw/tow/2022/audio/word/9/12_18.wav"
"ung","backyard","後院","https://ilrdc.tw/tow/2022/audio/word/9/12_19.wav"
"kukaṟal","next year","明年","https://ilrdc.tw/tow/2022/audio/word/9/13_01.wav"
"malahngan","evening","晚上","https://ilrdc.tw/tow/2022/audio/word/9/13_02.wav"
"hira’","yesterday","昨天","https://ilrdc.tw/tow/2022/audio/word/9/13_03.wav"
"cuxan","tomorrow","明天","https://ilrdc.tw/tow/2022/audio/word/9/13_04.wav"
"soni’/kira’","today","今天","https://ilrdc.tw/tow/2022/audio/word/9/13_05.wav"
"sasan","morning","早上","https://ilrdc.tw/tow/2022/audio/word/9/13_06.wav"
"alen","daytime","白天","https://ilrdc.tw/tow/2022/audio/word/9/13_07.wav"
"makaha’","day before yesterday","前天","https://ilrdc.tw/tow/2022/audio/word/9/13_08.wav"
"maṟabuna’","early morning","清晨","https://ilrdc.tw/tow/2022/audio/word/9/13_09.wav"
"minakung","darkness","黑暗","https://ilrdc.tw/tow/2022/audio/word/9/13_10.wav"
"papaw","toward evening","傍晚","https://ilrdc.tw/tow/2022/audio/word/9/13_11.wav"
"paluhing","continue","接續","https://ilrdc.tw/tow/2022/audio/word/9/13_12.wav"
"cakan bangi’","midnight","半夜","https://ilrdc.tw/tow/2022/audio/word/9/13_13.wav"
"ci kaca","at that time","當時","https://ilrdc.tw/tow/2022/audio/word/9/13_14.wav"
"maktuṟon","three days ago","大前天","https://ilrdc.tw/tow/2022/audio/word/9/13_15.wav"
"kira’ haṟi’","in a minute","待會兒","https://ilrdc.tw/tow/2022/audio/word/9/13_16.wav"
"maktuṟon","three days later","大後天","https://ilrdc.tw/tow/2022/audio/word/9/13_17.wav"
"cex","gleam","亮光","https://ilrdc.tw/tow/2022/audio/word/9/13_18.wav"
"makaha’","the day after tomorrow","後天","https://ilrdc.tw/tow/2022/audio/word/9/13_19.wav"
"sasan","morning","上午","https://ilrdc.tw/tow/2022/audio/word/9/13_20.wav"
"babuw","future","未來","https://ilrdc.tw/tow/2022/audio/word/9/13_21.wav"
"bangi’","night","夜","https://ilrdc.tw/tow/2022/audio/word/9/13_22.wav"
"katana’an","at an early age","年輕時","https://ilrdc.tw/tow/2022/audio/word/9/13_23.wav"
"min_gagos","in a short while","一下子","https://ilrdc.tw/tow/2022/audio/word/9/13_24.wav"
"gaben","afternoon"," 下午","https://ilrdc.tw/tow/2022/audio/word/9/13_25.wav"
"wagi’","o’clock","(幾)點鐘","https://ilrdc.tw/tow/2022/audio/word/9/13_26.wav"
"rex ṟumuw","sunday","星期日","https://ilrdc.tw/tow/2022/audio/word/9/13_27.wav"
"ingkaṟalan","year","年","https://ilrdc.tw/tow/2022/audio/word/9/13_28.wav"
"karirex","everyday","天天","https://ilrdc.tw/tow/2022/audio/word/9/13_29.wav"
"micuw","now"," 現在","https://ilrdc.tw/tow/2022/audio/word/9/13_30.wav"
"kistagan","birthday","生日","https://ilrdc.tw/tow/2022/audio/word/9/13_31.wav"
"ṟik","inside","裡面","https://ilrdc.tw/tow/2022/audio/word/9/14_01.wav"
"cel  nak ki","somewhere","在某處","https://ilrdc.tw/tow/2022/audio/word/9/14_02.wav"
"bawi’","above","上面","https://ilrdc.tw/tow/2022/audio/word/9/14_03.wav"
"galeng","front","前面","https://ilrdc.tw/tow/2022/audio/word/9/14_04.wav"
"hugal","below","下面","https://ilrdc.tw/tow/2022/audio/word/9/14_05.wav"
"cacka’","middle","中間","https://ilrdc.tw/tow/2022/audio/word/9/14_06.wav"
"tanux","outside","外面","https://ilrdc.tw/tow/2022/audio/word/9/14_07.wav"
"bang/syaw","side","旁邊","https://ilrdc.tw/tow/2022/audio/word/9/14_08.wav"
"langu’","top","頂","https://ilrdc.tw/tow/2022/audio/word/9/14_09.wav"
"anali’","the right side","右邊","https://ilrdc.tw/tow/2022/audio/word/9/14_10.wav"
"il","the left side","左邊","https://ilrdc.tw/tow/2022/audio/word/9/14_11.wav"
"raṟi’","nook","角落","https://ilrdc.tw/tow/2022/audio/word/9/14_12.wav"
"ṟik na","beneath something","某物之下","https://ilrdc.tw/tow/2022/audio/word/9/14_13.wav"
"muke","pass","經過","https://ilrdc.tw/tow/2022/audio/word/9/14_14.wav"
"pasaring---nanu","(from somewhere) to somewhere","(從某處)到某處","https://ilrdc.tw/tow/2022/audio/word/9/14_15.wav"
"pasaring ci ka","from somewhere","從某處","https://ilrdc.tw/tow/2022/audio/word/9/14_16.wav"
"kunlabah","hoeing","鋤草","https://ilrdc.tw/tow/2022/audio/word/9/15_01.wav"
"tumabul","plowing","犁田","https://ilrdc.tw/tow/2022/audio/word/9/15_02.wav"
"gunṟa’","sowing","播種","https://ilrdc.tw/tow/2022/audio/word/9/15_03.wav"
"mamuhi’pagiy","seedling (action)","種苗(動作)","https://ilrdc.tw/tow/2022/audio/word/9/15_04.wav"
"ṟaṟawa’","grain drying box","穀物乾燥簍","https://ilrdc.tw/tow/2022/audio/word/9/15_05.wav"
"ot","rake","犁","https://ilrdc.tw/tow/2022/audio/word/9/15_06.wav"
"kaweh/keweh","scythe","鐮刀","https://ilrdc.tw/tow/2022/audio/word/9/15_07.wav"
"pinah/lalabah","backhoe","鋤頭","https://ilrdc.tw/tow/2022/audio/word/9/15_08.wav"
"soko’","warehouse","倉庫","https://ilrdc.tw/tow/2022/audio/word/9/15_09.wav"
"kunaga’uw","Open up","開墾","https://ilrdc.tw/tow/2022/audio/word/9/15_10.wav"
"hiryo’","manure","肥料","https://ilrdc.tw/tow/2022/audio/word/9/15_11.wav"
"baluku’","grain sifters","篩穀器具","https://ilrdc.tw/tow/2022/audio/word/9/15_12.wav"
"patahlun","accelerate the ripening (of fruit)","催熟(果實)","https://ilrdc.tw/tow/2022/audio/word/9/15_13.wav"
"upak pagiy","straw","稻草","https://ilrdc.tw/tow/2022/audio/word/9/15_14.wav"
"bahuni’","bow","弓","https://ilrdc.tw/tow/2022/audio/word/9/16_01.wav"
"talak","spear","矛","https://ilrdc.tw/tow/2022/audio/word/9/16_02.wav"
"panelu’","arrow","箭矢","https://ilrdc.tw/tow/2022/audio/word/9/16_03.wav"
"tinraruw","bait","餌","https://ilrdc.tw/tow/2022/audio/word/9/16_04.wav"
"hapuy/sax","gun","槍","https://ilrdc.tw/tow/2022/audio/word/9/16_05.wav"
"puting","hunting knife","獵刀","https://ilrdc.tw/tow/2022/audio/word/9/16_06.wav"
"puting","straight hunting knife","直形獵刀","https://ilrdc.tw/tow/2022/audio/word/9/16_07.wav"
"asinuw","prey (collectively)","獵物(統稱)","https://ilrdc.tw/tow/2022/audio/word/9/16_08.wav"
"katu’","stone trap","石壓式陷阱","https://ilrdc.tw/tow/2022/audio/word/9/16_09.wav"
"binong","noose trap","套頸式繩索陷阱","https://ilrdc.tw/tow/2022/audio/word/9/16_10.wav"
"ṟaṟawa’","basket","籃子","https://ilrdc.tw/tow/2022/audio/word/9/16_11.wav"
"ti’uṟa’ /waṟu’","bird trap","捕鳥陷阱","https://ilrdc.tw/tow/2022/audio/word/9/16_12.wav"
"pisani’","taboo","禁忌","https://ilrdc.tw/tow/2022/audio/word/9/17_01.wav"
"sipel","dream","夢","https://ilrdc.tw/tow/2022/audio/word/9/17_02.wav"
"murahu’","witchcraft","巫術","https://ilrdc.tw/tow/2022/audio/word/9/17_03.wav"
"kiyokay","church","教會","https://ilrdc.tw/tow/2022/audio/word/9/17_04.wav"
"paslakotas","pas-vake","祖靈祭","https://ilrdc.tw/tow/2022/audio/word/9/17_05.wav"
"sumetu’","misalisin","播種祭","https://ilrdc.tw/tow/2022/audio/word/9/17_06.wav"
"amutux","ghost","鬼魂","https://ilrdc.tw/tow/2022/audio/word/9/17_07.wav"
"bunuṟ","witchcarft appliance (witch doctor use it for treatment)","法器(巫醫治病用)","https://ilrdc.tw/tow/2022/audio/word/9/17_08.wav"
"tamuku’","hat","帽子","https://ilrdc.tw/tow/2022/audio/word/9/18_01.wav"
"lukus","dress","衣服","https://ilrdc.tw/tow/2022/audio/word/9/18_02.wav"
"tuminu’","weave","編織","https://ilrdc.tw/tow/2022/audio/word/9/18_03.wav"
"nabus","belly band","肚兜","https://ilrdc.tw/tow/2022/audio/word/9/18_04.wav"
"baṟikuw","men’s earring","男用耳環","https://ilrdc.tw/tow/2022/audio/word/9/18_05.wav"
"baṟikuw","women’s earring","女用耳環","https://ilrdc.tw/tow/2022/audio/word/9/18_06.wav"
"ara’","pants","褲子","https://ilrdc.tw/tow/2022/audio/word/9/18_07.wav"
"masgali’","torn","破掉","https://ilrdc.tw/tow/2022/audio/word/9/18_08.wav"
"kaka","headdress","頭飾","https://ilrdc.tw/tow/2022/audio/word/9/18_09.wav"
"rong","netting needle","編網針","https://ilrdc.tw/tow/2022/audio/word/9/18_10.wav"
"habuk","belt","腰帶","https://ilrdc.tw/tow/2022/audio/word/9/18_11.wav"
"nuka’","ramie","苧麻","https://ilrdc.tw/tow/2022/audio/word/9/18_12.wav"
"cumong","stain","染色","https://ilrdc.tw/tow/2022/audio/word/9/18_13.wav"
"minaṟ","floating fabric","浮織","https://ilrdc.tw/tow/2022/audio/word/9/18_14.wav"
"ara’","women’s long pant","女性長褲","https://ilrdc.tw/tow/2022/audio/word/9/18_15.wav"
"waṟiy nuka’","boehmeria thread","苧麻線","https://ilrdc.tw/tow/2022/audio/word/9/18_16.wav"
"gali’","cloth","布匹","https://ilrdc.tw/tow/2022/audio/word/9/18_17.wav"
"tararang","makeup and accessories","妝扮飾物","https://ilrdc.tw/tow/2022/audio/word/9/18_18.wav"
"lukus pababawin","traditional blouse","傳統女上衣","https://ilrdc.tw/tow/2022/audio/word/9/18_19.wav"
"ṟibul","traditional skirt","傳統女裙","https://ilrdc.tw/tow/2022/audio/word/9/18_20.wav"
"sapit","shoe","鞋子","https://ilrdc.tw/tow/2022/audio/word/9/18_21.wav"
"paling","baby carrier","揹小孩的背帶","https://ilrdc.tw/tow/2022/audio/word/9/18_22.wav"
"keyto’","yarn","毛線","https://ilrdc.tw/tow/2022/audio/word/9/18_23.wav"
"sukato’","skirt","裙子","https://ilrdc.tw/tow/2022/audio/word/9/18_24.wav"
"honrori’","codpiece","男用遮陰布","https://ilrdc.tw/tow/2022/audio/word/9/18_25.wav"
"tokan","men’s mesh bag","男用背負網袋","https://ilrdc.tw/tow/2022/audio/word/9/18_26.wav"
"ratah","breastplate","擋胸巾","https://ilrdc.tw/tow/2022/audio/word/9/18_27.wav"
"uṟit","sleeve","袖子","https://ilrdc.tw/tow/2022/audio/word/9/18_28.wav"
"uwagi’ pababawin","jacket","上衣","https://ilrdc.tw/tow/2022/audio/word/9/18_29.wav"
"wakili’","headband (for women’s backpack)","頭帶(女用背籃用)","https://ilrdc.tw/tow/2022/audio/word/9/18_30.wav"
"waṟiy","vegetarian linen thread for weaving","織布用的素麻線","https://ilrdc.tw/tow/2022/audio/word/9/18_31.wav"
"kunkagiy","scrape ramie","刮苧麻","https://ilrdc.tw/tow/2022/audio/word/9/18_32.wav"
"kagiri’","bamboom back basket","女用揹籃","https://ilrdc.tw/tow/2022/audio/word/9/19_01.wav"
"ṟaṟawa’","round bamboo basket","圓形竹簍","https://ilrdc.tw/tow/2022/audio/word/9/19_02.wav"
"basu’","bus","公車","https://ilrdc.tw/tow/2022/audio/word/9/20_01.wav"
"ritensya’","bicycle","腳踏車","https://ilrdc.tw/tow/2022/audio/word/9/20_02.wav"
"eki’","station","車站","https://ilrdc.tw/tow/2022/audio/word/9/20_03.wav"
"taturuy","tire","輪胎","https://ilrdc.tw/tow/2022/audio/word/9/20_04.wav"
"hune’/tataku’","ship","船","https://ilrdc.tw/tow/2022/audio/word/9/20_05.wav"
"ṟaṟulu’","car","車子","https://ilrdc.tw/tow/2022/audio/word/9/20_06.wav"
"kisya’","train","火車","https://ilrdc.tw/tow/2022/audio/word/9/20_07.wav"
"mami’ ","rice","飯","https://ilrdc.tw/tow/2022/audio/word/9/21_01.wav"
"use’","water","水","https://ilrdc.tw/tow/2022/audio/word/9/21_02.wav"
"box","rice","白米","https://ilrdc.tw/tow/2022/audio/word/9/21_03.wav"
"raramat","dish","菜餚","https://ilrdc.tw/tow/2022/audio/word/9/21_04.wav"
"ṟagu’","green vegetable","青菜","https://ilrdc.tw/tow/2022/audio/word/9/21_05.wav"
"aguw","wine","酒","https://ilrdc.tw/tow/2022/audio/word/9/21_06.wav"
"timu’","salt","鹽","https://ilrdc.tw/tow/2022/audio/word/9/21_07.wav"
"aṟingu’ hiṟing","honey","蜜","https://ilrdc.tw/tow/2022/audio/word/9/21_08.wav"
"baṟing","egg","蛋","https://ilrdc.tw/tow/2022/audio/word/9/21_09.wav"
"abura’","oil","油","https://ilrdc.tw/tow/2022/audio/word/9/21_10.wav"
"kinsaknaxan","taste","味道","https://ilrdc.tw/tow/2022/audio/word/9/21_11.wav"
"aṟingu’","soup","湯","https://ilrdc.tw/tow/2022/audio/word/9/21_12.wav"
"sukiy","beans","豆類","https://ilrdc.tw/tow/2022/audio/word/9/21_13.wav"
"tolat","daikon","白蘿蔔","https://ilrdc.tw/tow/2022/audio/word/9/21_14.wav"
"pagiy","grain","穀粒","https://ilrdc.tw/tow/2022/audio/word/9/21_15.wav"
"rangil","glutinous rice","糯米","https://ilrdc.tw/tow/2022/audio/word/9/21_16.wav"
"mami’ ṟuming","porridge","粥","https://ilrdc.tw/tow/2022/audio/word/9/21_17.wav"
"turakis","millet","小米","https://ilrdc.tw/tow/2022/audio/word/9/21_18.wav"
"sato’","sugar","糖","https://ilrdc.tw/tow/2022/audio/word/9/21_19.wav"
"seng","pork","豬肉","https://ilrdc.tw/tow/2022/audio/word/9/21_20.wav"
"pari’","noodle","麵","https://ilrdc.tw/tow/2022/audio/word/9/21_21.wav"
"soyu’","soy sauce","醬油","https://ilrdc.tw/tow/2022/audio/word/9/21_22.wav"
"put","indica rice","在來米","https://ilrdc.tw/tow/2022/audio/word/9/21_23.wav"
"paruk","rice bran","米糠","https://ilrdc.tw/tow/2022/audio/word/9/21_24.wav"
"urongko’","flour","麵粉","https://ilrdc.tw/tow/2022/audio/word/9/21_25.wav"
"malabu’","white","白色","https://ilrdc.tw/tow/2022/audio/word/9/22_01.wav"
"makalux","black","黑色","https://ilrdc.tw/tow/2022/audio/word/9/22_02.wav"
"matanah","red","紅色","https://ilrdc.tw/tow/2022/audio/word/9/22_03.wav"
"magasumaṟ","purple","紫色的","https://ilrdc.tw/tow/2022/audio/word/9/22_04.wav"
"magasulu’","yellow","黃色的","https://ilrdc.tw/tow/2022/audio/word/9/22_05.wav"
"kamati’","brown","咖啡色","https://ilrdc.tw/tow/2022/audio/word/9/22_06.wav"
"muraxal","grey","灰色","https://ilrdc.tw/tow/2022/audio/word/9/22_07.wav"
"magaṟagu’","green","綠色","https://ilrdc.tw/tow/2022/audio/word/9/22_08.wav"
"iro’","color","顏色","https://ilrdc.tw/tow/2022/audio/word/9/22_09.wav"
"gow gow","dog bark","狗吠聲","https://ilrdc.tw/tow/2022/audio/word/9/23_01.wav"
"awas","song","歌","https://ilrdc.tw/tow/2022/audio/word/9/23_02.wav"
"pinungan/ma","it is said...","聽說","https://ilrdc.tw/tow/2022/audio/word/9/24_01.wav"
"muti’","alone","獨自一人","https://ilrdc.tw/tow/2022/audio/word/9/24_02.wav"
"mintana’","identical","相同","https://ilrdc.tw/tow/2022/audio/word/9/24_03.wav"
"alang","tribe","部落","https://ilrdc.tw/tow/2022/audio/word/9/24_04.wav"
"rex","day","日子","https://ilrdc.tw/tow/2022/audio/word/9/24_05.wav"
"ho’","yes","是的","https://ilrdc.tw/tow/2022/audio/word/9/24_06.wav"
"ke’","language","語言","https://ilrdc.tw/tow/2022/audio/word/9/24_07.wav"
"ugil","strength","力量","https://ilrdc.tw/tow/2022/audio/word/9/24_08.wav"
"cungus","target","目標","https://ilrdc.tw/tow/2022/audio/word/9/24_09.wav"
"gagaṟux","culture","文化","https://ilrdc.tw/tow/2022/audio/word/9/24_10.wav"
"cungus","meaning","意義","https://ilrdc.tw/tow/2022/audio/word/9/24_11.wav"
"masuṟe’","get married","結婚","https://ilrdc.tw/tow/2022/audio/word/9/24_12.wav"
"lanlamu’","various","各色各樣","https://ilrdc.tw/tow/2022/audio/word/9/24_13.wav"
"kito’","price","價格","https://ilrdc.tw/tow/2022/audio/word/9/24_14.wav"
"hicolun","purpose","用途","https://ilrdc.tw/tow/2022/audio/word/9/24_15.wav"
"pin gagalan","marriage","婚姻","https://ilrdc.tw/tow/2022/audio/word/9/24_16.wav"
"sunṟahu’","late","遲到","https://ilrdc.tw/tow/2022/audio/word/9/24_17.wav"
"uluy","close","關上","https://ilrdc.tw/tow/2022/audio/word/9/25_01.wav"
"maginbiniy","sell","賣","https://ilrdc.tw/tow/2022/audio/word/9/25_02.wav"
"waṟal","go","去","https://ilrdc.tw/tow/2022/audio/word/9/25_03.wav"
"gawahi’","open","打開","https://ilrdc.tw/tow/2022/audio/word/9/25_04.wav"
"awah","come here","(叫人)過來","https://ilrdc.tw/tow/2022/audio/word/9/25_05.wav"
"miniy","buy","買","https://ilrdc.tw/tow/2022/audio/word/9/25_06.wav"
"mi’","give","給","https://ilrdc.tw/tow/2022/audio/word/9/25_07.wav"
"awah","come","來","https://ilrdc.tw/tow/2022/audio/word/9/25_08.wav"
"kacik","lend","借","https://ilrdc.tw/tow/2022/audio/word/9/25_09.wav"
"maskakiy","walk","走路","https://ilrdc.tw/tow/2022/audio/word/9/25_10.wav"
"magiy","go (away)","走(離開)","https://ilrdc.tw/tow/2022/audio/word/9/25_11.wav"
"mulaka’","fly","飛","https://ilrdc.tw/tow/2022/audio/word/9/25_12.wav"
"tatalang","run (imperatives)","跑 (祈使)","https://ilrdc.tw/tow/2022/audio/word/9/25_13.wav"
"tehuk","arrival","抵達","https://ilrdc.tw/tow/2022/audio/word/9/25_14.wav"
"matu’","see a visitor out","送(客人)","https://ilrdc.tw/tow/2022/audio/word/9/25_15.wav"
"tumalang","flee","逃跑","https://ilrdc.tw/tow/2022/audio/word/9/25_16.wav"
"maṟuk","enter","進入","https://ilrdc.tw/tow/2022/audio/word/9/25_17.wav"
"matakur/mascik","overturn","翻倒","https://ilrdc.tw/tow/2022/audio/word/9/25_18.wav"
"maras","bring","帶","https://ilrdc.tw/tow/2022/audio/word/9/25_19.wav"
"papageran","get rid of...","趕走","https://ilrdc.tw/tow/2022/audio/word/9/25_20.wav"
"mubinah","turn back","折返","https://ilrdc.tw/tow/2022/audio/word/9/25_21.wav"
"murkes","growth","(植物)生長","https://ilrdc.tw/tow/2022/audio/word/9/25_22.wav"
"hari’","get out of the way","讓開","https://ilrdc.tw/tow/2022/audio/word/9/25_23.wav"
"bini’","present","贈送(禮物)","https://ilrdc.tw/tow/2022/audio/word/9/25_24.wav"
"murunaw ragex","along the mountains","沿著山巒","https://ilrdc.tw/tow/2022/audio/word/9/25_25.wav"
"mistuw","drop","(植物的果實)掉落","https://ilrdc.tw/tow/2022/audio/word/9/25_26.wav"
"makurakes","uphill","(往)上坡","https://ilrdc.tw/tow/2022/audio/word/9/25_27.wav"
"munos","call for","接(人)","https://ilrdc.tw/tow/2022/audio/word/9/25_28.wav"
"mascaṟak","crossing the stream","越溪而過","https://ilrdc.tw/tow/2022/audio/word/9/25_29.wav"
"masina’","ask","向人家要(東西)","https://ilrdc.tw/tow/2022/audio/word/9/25_30.wav"
"cumuy","pour","倒(水)","https://ilrdc.tw/tow/2022/audio/word/9/25_31.wav"
"mukura’","go","走(向某個方向)","https://ilrdc.tw/tow/2022/audio/word/9/25_32.wav"
"runkes","climb","(藤類植物)攀爬","https://ilrdc.tw/tow/2022/audio/word/9/25_33.wav"
"ṟumigaw","take a stroll","逛一逛","https://ilrdc.tw/tow/2022/audio/word/9/25_34.wav"
"pari’","chase after","追","https://ilrdc.tw/tow/2022/audio/word/9/25_35.wav"
"sunngala’","catch up","趕上","https://ilrdc.tw/tow/2022/audio/word/9/25_36.wav"
"tahṟuti’","slip off","滑掉","https://ilrdc.tw/tow/2022/audio/word/9/25_37.wav"
"matolax","separate","分開","https://ilrdc.tw/tow/2022/audio/word/9/25_38.wav"
"maras","carry (e.g. with umbrella)"," 攜帶(如帶傘)","https://ilrdc.tw/tow/2022/audio/word/9/25_39.wav"
"palukus","put on (e.g. cloth)"," 穿(如穿衣服)","https://ilrdc.tw/tow/2022/audio/word/9/25_40.wav"
"maktamuku’","wear (e.g. hat)"," 戴(如戴帽子)","https://ilrdc.tw/tow/2022/audio/word/9/25_41.wav"
"pakaṟek","appear","出現","https://ilrdc.tw/tow/2022/audio/word/9/25_42.wav"
"matama’","sitting"," 坐著","https://ilrdc.tw/tow/2022/audio/word/9/25_43.wav"
"macaruw","standing"," 站著","https://ilrdc.tw/tow/2022/audio/word/9/25_44.wav"
"uluy","shut (e.g. door,window)"," 關(門；窗)","https://ilrdc.tw/tow/2022/audio/word/9/25_45.wav"
"mamoh","coming","要來","https://ilrdc.tw/tow/2022/audio/word/9/25_46.wav"
"minoh","have been here before","來過","https://ilrdc.tw/tow/2022/audio/word/9/25_47.wav"
"minsa’","gone"," 去了","https://ilrdc.tw/tow/2022/audio/word/9/25_48.wav"
"unkaraw","crawl","爬行","https://ilrdc.tw/tow/2022/audio/word/9/25_49.wav"
"taxan ga","look like..."," 看起來","https://ilrdc.tw/tow/2022/audio/word/9/25_50.wav"
"matisal","visit","拜訪","https://ilrdc.tw/tow/2022/audio/word/9/25_51.wav"
"usa’","go out"," 出去","https://ilrdc.tw/tow/2022/audio/word/9/25_52.wav"
"mastitaṟil","jump","跳躍","https://ilrdc.tw/tow/2022/audio/word/9/26_01.wav"
"maṟuy/mayugi’","dance","跳舞","https://ilrdc.tw/tow/2022/audio/word/9/26_02.wav"
"tatama’","sit down","坐下","https://ilrdc.tw/tow/2022/audio/word/9/26_03.wav"
"maromul","bend over","彎腰","https://ilrdc.tw/tow/2022/audio/word/9/26_04.wav"
"pa’aya’","hang","掛","https://ilrdc.tw/tow/2022/audio/word/9/26_05.wav"
"pasboru’","play (e.g. ball)","玩(球)","https://ilrdc.tw/tow/2022/audio/word/9/26_06.wav"
"magal","pick up","拿取","https://ilrdc.tw/tow/2022/audio/word/9/26_07.wav"
"mahiy","punch (e.g. people)","打(人)","https://ilrdc.tw/tow/2022/audio/word/9/26_08.wav"
"meta’","sting","刺","https://ilrdc.tw/tow/2022/audio/word/9/26_09.wav"
"cunbu’","shoot","射擊","https://ilrdc.tw/tow/2022/audio/word/9/26_10.wav"
"matakuṟ","stumble","跌倒","https://ilrdc.tw/tow/2022/audio/word/9/26_11.wav"
"kunlakah","kick","踢","https://ilrdc.tw/tow/2022/audio/word/9/26_12.wav"
"gunraṟas","push","推","https://ilrdc.tw/tow/2022/audio/word/9/26_13.wav"
"kumut","felled","砍伐","https://ilrdc.tw/tow/2022/audio/word/9/26_14.wav"
"siṟuy","shake","搖動","https://ilrdc.tw/tow/2022/audio/word/9/26_15.wav"
"gamun","break","折斷","https://ilrdc.tw/tow/2022/audio/word/9/26_16.wav"
"mabilbil","tremble","發抖","https://ilrdc.tw/tow/2022/audio/word/9/26_17.wav"
"kunkuy","scratch itching","抓癢","https://ilrdc.tw/tow/2022/audio/word/9/26_18.wav"
"runkes","climb","爬上(去)","https://ilrdc.tw/tow/2022/audio/word/9/26_19.wav"
"tarahya’","lie down","躺","https://ilrdc.tw/tow/2022/audio/word/9/26_20.wav"
"mapanga’","carry (somebody)","揹(人)","https://ilrdc.tw/tow/2022/audio/word/9/26_21.wav"
"tamakun","smash to pieces","敲碎","https://ilrdc.tw/tow/2022/audio/word/9/26_22.wav"
"mahngali’","carry on one’s shoulder","扛","https://ilrdc.tw/tow/2022/audio/word/9/26_23.wav"
"pascik","flip","翻動","https://ilrdc.tw/tow/2022/audio/word/9/26_24.wav"
"makakuṟul","roll down","滾落","https://ilrdc.tw/tow/2022/audio/word/9/26_25.wav"
"patatung","bump into","撞到","https://ilrdc.tw/tow/2022/audio/word/9/26_26.wav"
"gumiba’","hold","抱著","https://ilrdc.tw/tow/2022/audio/word/9/26_27.wav"
"yumuk","blow","吹","https://ilrdc.tw/tow/2022/audio/word/9/26_28.wav"
"kumexul","dig","挖掘","https://ilrdc.tw/tow/2022/audio/word/9/26_29.wav"
"umak","cut","切","https://ilrdc.tw/tow/2022/audio/word/9/26_30.wav"
"lumanguy","swim","游泳","https://ilrdc.tw/tow/2022/audio/word/9/26_31.wav"
"lingun","hide","藏起來","https://ilrdc.tw/tow/2022/audio/word/9/26_32.wav"
"kunṟak","catch","抓(如抓到動物)","https://ilrdc.tw/tow/2022/audio/word/9/26_33.wav"
"kumut","chop","砍","https://ilrdc.tw/tow/2022/audio/word/9/26_34.wav"
"mapanga’","carry (something)","揹負(物品)","https://ilrdc.tw/tow/2022/audio/word/9/26_35.wav"
"mapuli’","divide","分(東西)","https://ilrdc.tw/tow/2022/audio/word/9/26_36.wav"
"mok","cut open","剖切","https://ilrdc.tw/tow/2022/audio/word/9/26_37.wav"
"bahli","tie it up","綁住","https://ilrdc.tw/tow/2022/audio/word/9/26_38.wav"
"humuluy","pull","拉","https://ilrdc.tw/tow/2022/audio/word/9/26_39.wav"
"sunaw","split","劈(木材)","https://ilrdc.tw/tow/2022/audio/word/9/26_40.wav"
"paslangi","rip","扯斷","https://ilrdc.tw/tow/2022/audio/word/9/26_41.wav"
"rumili’","draw (a bow)","提著","https://ilrdc.tw/tow/2022/audio/word/9/26_42.wav"
"bing","hold it","握著","https://ilrdc.tw/tow/2022/audio/word/9/26_43.wav"
"mahul","bundle","捆綁","https://ilrdc.tw/tow/2022/audio/word/9/26_44.wav"
"apxi","hold down","按住","https://ilrdc.tw/tow/2022/audio/word/9/26_45.wav"
"humoṟak","pull out","拔除","https://ilrdc.tw/tow/2022/audio/word/9/26_46.wav"
"gumoṟow","select","挑選","https://ilrdc.tw/tow/2022/audio/word/9/26_47.wav"
"gumaṟang","spill","散撒","https://ilrdc.tw/tow/2022/audio/word/9/26_48.wav"
"umatung","peck","啄","https://ilrdc.tw/tow/2022/audio/word/9/26_49.wav"
"cumek","plug","插","https://ilrdc.tw/tow/2022/audio/word/9/26_50.wav"
"umuxul","pile up","堆積","https://ilrdc.tw/tow/2022/audio/word/9/26_51.wav"
"humakut","move","搬運","https://ilrdc.tw/tow/2022/audio/word/9/26_52.wav"
"humoṟak","pluck","拔出","https://ilrdc.tw/tow/2022/audio/word/9/26_53.wav"
" pascik","stirring","攪動","https://ilrdc.tw/tow/2022/audio/word/9/26_54.wav"
"apxan","hold it down","壓住","https://ilrdc.tw/tow/2022/audio/word/9/26_55.wav"
"kungkuy","scratch and itch","搔癢","https://ilrdc.tw/tow/2022/audio/word/9/26_56.wav"
"rumumul","make a fist","握拳","https://ilrdc.tw/tow/2022/audio/word/9/26_57.wav"
"lumamu’","pluck","摘取","https://ilrdc.tw/tow/2022/audio/word/9/26_58.wav"
"maṟuy","shaking","晃動","https://ilrdc.tw/tow/2022/audio/word/9/26_59.wav"
"pababox","peel (peanuts; beans)","剝(花生；豆類)","https://ilrdc.tw/tow/2022/audio/word/9/26_60.wav"
"mascaṟak/gumoṟow","wade across the water","涉水而過","https://ilrdc.tw/tow/2022/audio/word/9/26_61.wav"
"maṟuy","vibrate","振動","https://ilrdc.tw/tow/2022/audio/word/9/26_62.wav"
"cabuy","packing","打包","https://ilrdc.tw/tow/2022/audio/word/9/26_63.wav"
"kunloh","harvest","採收","https://ilrdc.tw/tow/2022/audio/word/9/26_64.wav"
"lunhaw","sharpen","(將器具)磨利","https://ilrdc.tw/tow/2022/audio/word/9/26_65.wav"
"ṟumuy","swing","(搖)動","https://ilrdc.tw/tow/2022/audio/word/9/26_66.wav"
"pari’","hunt and capture","追捕","https://ilrdc.tw/tow/2022/audio/word/9/26_67.wav"
"pastamuyan","shatter","打碎","https://ilrdc.tw/tow/2022/audio/word/9/26_68.wav"
"matakuṟ","fall","倒(下)","https://ilrdc.tw/tow/2022/audio/word/9/26_69.wav"
"pataṟitun","twist","扭轉","https://ilrdc.tw/tow/2022/audio/word/9/26_70.wav"
" pacaruw","stand","豎立","https://ilrdc.tw/tow/2022/audio/word/9/26_71.wav"
"kakah","trample on","踩踏","https://ilrdc.tw/tow/2022/audio/word/9/26_72.wav"
"umara’","cross over","跨過","https://ilrdc.tw/tow/2022/audio/word/9/26_73.wav"
"ta’e","cut","割","https://ilrdc.tw/tow/2022/audio/word/9/26_74.wav"
"bicekun","pinch","掐住","https://ilrdc.tw/tow/2022/audio/word/9/26_75.wav"
"unpux","repress","壓制","https://ilrdc.tw/tow/2022/audio/word/9/26_76.wav"
"rumanga’","feed","餵食","https://ilrdc.tw/tow/2022/audio/word/9/26_77.wav"
"kaṟapun","arrest","捕抓","https://ilrdc.tw/tow/2022/audio/word/9/26_78.wav"
"tutingun","pry open","撬開","https://ilrdc.tw/tow/2022/audio/word/9/26_79.wav"
"kilkahan","step","(用腳)踏","https://ilrdc.tw/tow/2022/audio/word/9/26_80.wav"
"kapicun","squash","壓扁","https://ilrdc.tw/tow/2022/audio/word/9/26_81.wav"
"ṟumula’","skin","剝皮","https://ilrdc.tw/tow/2022/audio/word/9/26_82.wav"
"coman","rub (e.g. lipstick; paint)","擦(如口紅；油漆)","https://ilrdc.tw/tow/2022/audio/word/9/26_83.wav"
"humubu’","flipping","亂翻","https://ilrdc.tw/tow/2022/audio/word/9/26_84.wav"
"gungaṟgaṟ","tumble","揉搓(衣物)","https://ilrdc.tw/tow/2022/audio/word/9/26_85.wav"
"pasaw","lean on","靠著","https://ilrdc.tw/tow/2022/audio/word/9/26_86.wav"
"sumiliy","whip","鞭打","https://ilrdc.tw/tow/2022/audio/word/9/26_87.wav"
"mahkuṟ","lie on the side","側臥","https://ilrdc.tw/tow/2022/audio/word/9/26_88.wav"
"umalit","skin","削(水果)","https://ilrdc.tw/tow/2022/audio/word/9/26_89.wav"
"patira’","twisting","捻線","https://ilrdc.tw/tow/2022/audio/word/9/26_90.wav"
"umatak","cut","剪","https://ilrdc.tw/tow/2022/audio/word/9/26_91.wav"
"kumut","cut off","砍除","https://ilrdc.tw/tow/2022/audio/word/9/26_92.wav"
"tapeh","wave","招手","https://ilrdc.tw/tow/2022/audio/word/9/26_93.wav"
"tuntu’","chop (meat)","剁","https://ilrdc.tw/tow/2022/audio/word/9/26_94.wav"
"cunghu’","beat","搗","https://ilrdc.tw/tow/2022/audio/word/9/26_95.wav"
"mababahiy","fight","打架","https://ilrdc.tw/tow/2022/audio/word/9/26_96.wav"
"mapapakcul","squeeze","擠","https://ilrdc.tw/tow/2022/audio/word/9/26_97.wav"
"mastukung","lower your head down","低下頭","https://ilrdc.tw/tow/2022/audio/word/9/26_98.wav"
" humuluy","pull (up)","拉(上來)","https://ilrdc.tw/tow/2022/audio/word/9/26_99.wav"
"kumexul","dig","(用手)挖掘","https://ilrdc.tw/tow/2022/audio/word/9/26_100.wav"
"ṟumula’","peeling the bark of a tree","剝樹皮","https://ilrdc.tw/tow/2022/audio/word/9/26_101.wav"
"matas","draw"," 畫圖","https://ilrdc.tw/tow/2022/audio/word/9/26_102.wav"
"mahmut","arbitrary"," 隨意","https://ilrdc.tw/tow/2022/audio/word/9/26_103.wav"
"tararanguw","squat down","蹲下","https://ilrdc.tw/tow/2022/audio/word/9/26_104.wav"
"tatuli’","stand up"," 起立","https://ilrdc.tw/tow/2022/audio/word/9/26_105.wav"
"mani’","eat","吃","https://ilrdc.tw/tow/2022/audio/word/9/27_01.wav"
"hunyak","suck in","吸","https://ilrdc.tw/tow/2022/audio/word/9/27_02.wav"
"ma’abu’","drink","喝","https://ilrdc.tw/tow/2022/audio/word/9/27_03.wav"
"muta’","vomit","吐","https://ilrdc.tw/tow/2022/audio/word/9/27_04.wav"
"kumat","bite","咬","https://ilrdc.tw/tow/2022/audio/word/9/27_05.wav"
"umatang/untang","swallow","吞嚥","https://ilrdc.tw/tow/2022/audio/word/9/27_06.wav"
"atamun","swallow","吞下","https://ilrdc.tw/tow/2022/audio/word/9/27_07.wav"
"patulingun","get burnt","燙到","https://ilrdc.tw/tow/2022/audio/word/9/27_08.wav"
"sabicekan","choke (on)","噎到","https://ilrdc.tw/tow/2022/audio/word/9/27_09.wav"
"matangi’","full","飽食","https://ilrdc.tw/tow/2022/audio/word/9/27_10.wav"
"paskani’","chew","咀嚼","https://ilrdc.tw/tow/2022/audio/word/9/27_11.wav"
"muhya’","thirsty","渴","https://ilrdc.tw/tow/2022/audio/word/9/27_12.wav"
"guntagat","nibble","啃","https://ilrdc.tw/tow/2022/audio/word/9/27_13.wav"
"ma’uṟiy","hungry","餓","https://ilrdc.tw/tow/2022/audio/word/9/27_14.wav"
"mani’","eat","吃(東西)","https://ilrdc.tw/tow/2022/audio/word/9/27_15.wav"
"mani’ nani’un sasan","have breakfast","吃早餐","https://ilrdc.tw/tow/2022/audio/word/9/27_16.wav"
"mani’ cakan rex","have lunch","吃午餐","https://ilrdc.tw/tow/2022/audio/word/9/27_17.wav"
"mani’ kin_gaben","have dinner","吃晚餐","https://ilrdc.tw/tow/2022/audio/word/9/27_18.wav"
"pakalu’","come across","遇到","https://ilrdc.tw/tow/2022/audio/word/9/28_01.wav"
"ba’un","know","知道","https://ilrdc.tw/tow/2022/audio/word/9/28_02.wav"
"matox","see","看","https://ilrdc.tw/tow/2022/audio/word/9/28_03.wav"
"kumaṟal","say","說","https://ilrdc.tw/tow/2022/audio/word/9/28_04.wav"
"ṟungiy","forget (imperatives)","忘記(祈使)","https://ilrdc.tw/tow/2022/audio/word/9/28_05.wav"
"kami’","close (your) eyes","閉(眼睛)","https://ilrdc.tw/tow/2022/audio/word/9/28_06.wav"
" sinkanaxan","smell (as in smell)","聞(如聞味道)","https://ilrdc.tw/tow/2022/audio/word/9/28_07.wav"
"tosun","touch","觸摸(物品)","https://ilrdc.tw/tow/2022/audio/word/9/28_08.wav"
"cumun","invite","邀請","https://ilrdc.tw/tow/2022/audio/word/9/28_09.wav"
"kisli’","feel","感覺","https://ilrdc.tw/tow/2022/audio/word/9/28_10.wav"
"ma’ut","tell","告訴(別人)","https://ilrdc.tw/tow/2022/audio/word/9/28_11.wav"
"kuk kuk kuk","calling (e.g. calling before feeding the chickens)","叫喚(如餵雞前會叫喚)","https://ilrdc.tw/tow/2022/audio/word/9/28_12.wav"
"panaṟit","ask","詢問","https://ilrdc.tw/tow/2022/audio/word/9/28_13.wav"
"sumoṟal","agree","答應","https://ilrdc.tw/tow/2022/audio/word/9/28_14.wav"
"tanabuy","believe","相信","https://ilrdc.tw/tow/2022/audio/word/9/28_15.wav"
"masang","curse","謾罵","https://ilrdc.tw/tow/2022/audio/word/9/28_16.wav"
"tumos","touch (as in touching the body)","觸碰(如碰觸到身體)","https://ilrdc.tw/tow/2022/audio/word/9/28_17.wav"
"cumik","respond","回應","https://ilrdc.tw/tow/2022/audio/word/9/28_18.wav"
"mung","listen","聽","https://ilrdc.tw/tow/2022/audio/word/9/28_19.wav"
"humimu’","lick","舔","https://ilrdc.tw/tow/2022/audio/word/9/28_20.wav"
"sunbili’","tell","交代(事情)","https://ilrdc.tw/tow/2022/audio/word/9/28_21.wav"
"kumugeh","open your eyes","睜眼","https://ilrdc.tw/tow/2022/audio/word/9/28_22.wav"
"pastalang","aim","瞄準","https://ilrdc.tw/tow/2022/audio/word/9/28_23.wav"
"pasba’","teach (e.g. teaching someone to write)","教(如教人寫字)","https://ilrdc.tw/tow/2022/audio/word/9/28_24.wav"
"lunglung","think","想(思考)","https://ilrdc.tw/tow/2022/audio/word/9/28_25.wav"
"matox","observe","觀察","https://ilrdc.tw/tow/2022/audio/word/9/28_26.wav"
"ba’","do","會(做某事)","https://ilrdc.tw/tow/2022/audio/word/9/28_27.wav"
"pakalimu’/inori’","pray","禱告","https://ilrdc.tw/tow/2022/audio/word/9/28_28.wav"
"kisli’","like","喜歡","https://ilrdc.tw/tow/2022/audio/word/9/28_29.wav"
"kisli’","joy","喜愛","https://ilrdc.tw/tow/2022/audio/word/9/29_01.wav"
"mangungu’","fear","害怕","https://ilrdc.tw/tow/2022/audio/word/9/29_02.wav"
"mangilis","cry","哭","https://ilrdc.tw/tow/2022/audio/word/9/29_03.wav"
"umalu’","love","疼愛","https://ilrdc.tw/tow/2022/audio/word/9/29_04.wav"
"ma’as","happy","高興","https://ilrdc.tw/tow/2022/audio/word/9/29_05.wav"
"masang","angry","生氣","https://ilrdc.tw/tow/2022/audio/word/9/29_06.wav"
"si’alu’","love and care","愛護","https://ilrdc.tw/tow/2022/audio/word/9/29_07.wav"
"minakux","shocked","嚇一跳","https://ilrdc.tw/tow/2022/audio/word/9/29_08.wav"
"ma’as","happy"," 快樂","https://ilrdc.tw/tow/2022/audio/word/9/29_09.wav"
"kumogi’","sort out","整理","https://ilrdc.tw/tow/2022/audio/word/9/30_01.wav"
"mabaxu’","wash (cloth)","洗(衣物)","https://ilrdc.tw/tow/2022/audio/word/9/30_02.wav"
"pumahun","work","工作","https://ilrdc.tw/tow/2022/audio/word/9/30_03.wav"
"pahnguw","stop","停止","https://ilrdc.tw/tow/2022/audio/word/9/30_04.wav"
"humiri’","waste","浪費","https://ilrdc.tw/tow/2022/audio/word/9/30_05.wav"
"matatuli’","get up","起床","https://ilrdc.tw/tow/2022/audio/word/9/30_06.wav"
"pasugagiy","good-bye (say good-bye to each other)","再見(如互道再見)","https://ilrdc.tw/tow/2022/audio/word/9/30_07.wav"
"matabus","urinate","小便","https://ilrdc.tw/tow/2022/audio/word/9/30_08.wav"
"mabel","sleep","睡覺","https://ilrdc.tw/tow/2022/audio/word/9/30_09.wav"
"pakaruw","killing animals","殺牲畜","https://ilrdc.tw/tow/2022/audio/word/9/30_10.wav"
"masuti’","feces","大便","https://ilrdc.tw/tow/2022/audio/word/9/30_11.wav"
"mahnguw","rest","休息","https://ilrdc.tw/tow/2022/audio/word/9/30_12.wav"
"masuṟak","sleepy","睏(想睡覺)","https://ilrdc.tw/tow/2022/audio/word/9/30_13.wav"
"cumopah","clean","打掃","https://ilrdc.tw/tow/2022/audio/word/9/30_14.wav"
"sunbaba’","learn","學習","https://ilrdc.tw/tow/2022/audio/word/9/30_15.wav"
"tarahya’","lie down","躺臥","https://ilrdc.tw/tow/2022/audio/word/9/30_16.wav"
"taramaṟux","nightmare","做惡夢","https://ilrdc.tw/tow/2022/audio/word/9/30_17.wav"
"ungkuri’","steal","偷竊","https://ilrdc.tw/tow/2022/audio/word/9/30_18.wav"
"tumahuk","cook","煮(菜)","https://ilrdc.tw/tow/2022/audio/word/9/30_19.wav"
"cumuling","burn (like straw)","燒(如燒稻草)","https://ilrdc.tw/tow/2022/audio/word/9/30_20.wav"
"pastahuy","yawn","打哈欠","https://ilrdc.tw/tow/2022/audio/word/9/30_21.wav"
"umaxiy","roast","烤(如烤地瓜)","https://ilrdc.tw/tow/2022/audio/word/9/30_22.wav"
"pahpuy","cook (rice/meat/yams)","烹煮(飯／肉／地瓜)","https://ilrdc.tw/tow/2022/audio/word/9/30_23.wav"
"mana’","wait","等待","https://ilrdc.tw/tow/2022/audio/word/9/30_24.wav"
"malung","hunt","陷獵","https://ilrdc.tw/tow/2022/audio/word/9/30_25.wav"
"mugel","dry (e.g., drying clothes in the sun)","曬乾(如將衣服曬乾)","https://ilrdc.tw/tow/2022/audio/word/9/30_26.wav"
"hogi","draw water with a ladle (imperatives)","以杓汲水(祈使)","https://ilrdc.tw/tow/2022/audio/word/9/30_27.wav"
"ulici/pulici","drain (abatement)","將水排出(疏減)","https://ilrdc.tw/tow/2022/audio/word/9/30_28.wav"
"kugi’i","pack up (imperatives, as in pack up)","收拾(祈使，如收拾東西)","https://ilrdc.tw/tow/2022/audio/word/9/30_29.wav"
"cunghu’","mill","碾(米)","https://ilrdc.tw/tow/2022/audio/word/9/30_30.wav"
"rangan","dry up","晾乾","https://ilrdc.tw/tow/2022/audio/word/9/30_31.wav"
"humilaw","quilt","蓋被子","https://ilrdc.tw/tow/2022/audio/word/9/30_32.wav"
"papilaw","shine/light up","照起來／照明","https://ilrdc.tw/tow/2022/audio/word/9/30_33.wav"
"patakalux","fry","炒(如炒花生)","https://ilrdc.tw/tow/2022/audio/word/9/30_34.wav"
"paskobu’","fishing for fish and shrimp by cage","以籠捕魚蝦","https://ilrdc.tw/tow/2022/audio/word/9/30_35.wav"
"paskakilux","steam (as in steamed rice)","蒸(如蒸飯)","https://ilrdc.tw/tow/2022/audio/word/9/30_36.wav"
"mamuhi’","plant","種植","https://ilrdc.tw/tow/2022/audio/word/9/30_37.wav"
"panek","fish","釣魚","https://ilrdc.tw/tow/2022/audio/word/9/30_38.wav"
"manaxu’","make a fire","生火","https://ilrdc.tw/tow/2022/audio/word/9/30_39.wav"
"amasi","pickle (imperatives)","醃漬(祈使)","https://ilrdc.tw/tow/2022/audio/word/9/30_40.wav"
"matukalux","burnt","燒焦","https://ilrdc.tw/tow/2022/audio/word/9/30_41.wav"
"gunlasuw","take care of","照顧","https://ilrdc.tw/tow/2022/audio/word/9/30_42.wav"
"pa’atak","cut (hair)","剪(頭髮)","https://ilrdc.tw/tow/2022/audio/word/9/30_43.wav"
"unbuw","soak","浸泡","https://ilrdc.tw/tow/2022/audio/word/9/30_44.wav"
"gawahi’","lift off (as in lift off the lid).","掀開(如掀開蓋子)","https://ilrdc.tw/tow/2022/audio/word/9/30_45.wav"
"unbul","bury","掩埋","https://ilrdc.tw/tow/2022/audio/word/9/30_46.wav"
"yumuw","change (cloth)","替換(衣服)","https://ilrdc.tw/tow/2022/audio/word/9/30_47.wav"
"bihawan","lock up","鎖上","https://ilrdc.tw/tow/2022/audio/word/9/30_48.wav"
"sumamaw","make the bed","鋪床","https://ilrdc.tw/tow/2022/audio/word/9/30_49.wav"
"sumaṟuk","burn (as in burning the hair of prey)","燒(如燒獵物的毛)","https://ilrdc.tw/tow/2022/audio/word/9/30_50.wav"
"ṟumula’ ","leaf stripping","剝葉","https://ilrdc.tw/tow/2022/audio/word/9/30_51.wav"
"mata’ihul","urge urination","尿急","https://ilrdc.tw/tow/2022/audio/word/9/30_52.wav"
"cunpung","measure","量測","https://ilrdc.tw/tow/2022/audio/word/9/30_53.wav"
"maculing","burning","燃燒","https://ilrdc.tw/tow/2022/audio/word/9/30_54.wav"
"sipa’aya’","hang (Imperatives)","懸掛(祈使)","https://ilrdc.tw/tow/2022/audio/word/9/30_55.wav"
"pasulung","imitate","模仿","https://ilrdc.tw/tow/2022/audio/word/9/30_56.wav"
"rumanga’","feed","飼養","https://ilrdc.tw/tow/2022/audio/word/9/30_57.wav"
"patukalux","fry","炒(飯菜)","https://ilrdc.tw/tow/2022/audio/word/9/30_58.wav"
"mutung","ignite","點火","https://ilrdc.tw/tow/2022/audio/word/9/30_59.wav"
"lunpuw","read","讀書","https://ilrdc.tw/tow/2022/audio/word/9/30_60.wav"
" ma’abu’","drink","喝(水)","https://ilrdc.tw/tow/2022/audio/word/9/30_61.wav"
"kumexul","dig","(用鋤具)挖掘","https://ilrdc.tw/tow/2022/audio/word/9/30_62.wav"
"kakelan","live","(居)住","https://ilrdc.tw/tow/2022/audio/word/9/30_63.wav"
"mawas","sing","唱歌","https://ilrdc.tw/tow/2022/audio/word/9/30_64.wav"
"masalahaw","play","玩耍","https://ilrdc.tw/tow/2022/audio/word/9/30_65.wav"
"mahu’il","death","死亡","https://ilrdc.tw/tow/2022/audio/word/9/31_01.wav"
"alagiy","ouch","好痛","https://ilrdc.tw/tow/2022/audio/word/9/31_02.wav"
"ma’ilis","wounded","受傷","https://ilrdc.tw/tow/2022/audio/word/9/31_03.wav"
"maguṟuw","lose","遺失","https://ilrdc.tw/tow/2022/audio/word/9/31_04.wav"
"muxal","pain","痛","https://ilrdc.tw/tow/2022/audio/word/9/31_05.wav"
"masramuṟux","bleed","流血","https://ilrdc.tw/tow/2022/audio/word/9/31_06.wav"
"matasuw","pregnant","懷孕","https://ilrdc.tw/tow/2022/audio/word/9/31_07.wav"
"mayanux","living","活的","https://ilrdc.tw/tow/2022/audio/word/9/31_08.wav"
"ti’uti’","fart","放屁","https://ilrdc.tw/tow/2022/audio/word/9/31_09.wav"
"mapika’","lame","跛腳","https://ilrdc.tw/tow/2022/audio/word/9/31_10.wav"
"rumanga’","nurture","撫養","https://ilrdc.tw/tow/2022/audio/word/9/31_11.wav"
"murkes","growth","生長","https://ilrdc.tw/tow/2022/audio/word/9/31_12.wav"
"balaw","scar","疤","https://ilrdc.tw/tow/2022/audio/word/9/31_13.wav"
"makakuy","itchy","癢","https://ilrdc.tw/tow/2022/audio/word/9/31_14.wav"
"masuṟak","doze off","打瞌睡","https://ilrdc.tw/tow/2022/audio/word/9/31_15.wav"
"kusbingut","sneeze","打噴嚏","https://ilrdc.tw/tow/2022/audio/word/9/31_16.wav"
"ka’alang","marry to a non-ethnic clan member","嫁給非本族群的族人","https://ilrdc.tw/tow/2022/audio/word/9/31_17.wav"
"muxal","soreness","痠痛","https://ilrdc.tw/tow/2022/audio/word/9/31_18.wav"
"muxal","sick","生病","https://ilrdc.tw/tow/2022/audio/word/9/31_19.wav"
"masngahu’","festering","化膿","https://ilrdc.tw/tow/2022/audio/word/9/31_20.wav"
"mahikang","slim","瘦(身形)","https://ilrdc.tw/tow/2022/audio/word/9/32_01.wav"
"aṟusuw","heavy (weight)","重(重量)","https://ilrdc.tw/tow/2022/audio/word/9/32_02.wav"
"lahbuw","light (weight)","輕(重量)","https://ilrdc.tw/tow/2022/audio/word/9/32_03.wav"
"babawi’","high (height)","高(身高)","https://ilrdc.tw/tow/2022/audio/word/9/32_04.wav"
"yotas","large","大的","https://ilrdc.tw/tow/2022/audio/word/9/32_05.wav"
"lalabu’","short (height)","矮(身高)","https://ilrdc.tw/tow/2022/audio/word/9/32_06.wav"
"angṟat","industrious","勤勞","https://ilrdc.tw/tow/2022/audio/word/9/32_07.wav"
"gahṟa’","cold","冷","https://ilrdc.tw/tow/2022/audio/word/9/32_08.wav"
"yuyuk","small","小的","https://ilrdc.tw/tow/2022/audio/word/9/32_09.wav"
"payux","many","多","https://ilrdc.tw/tow/2022/audio/word/9/32_10.wav"
"mabatunux","pretty","漂亮","https://ilrdc.tw/tow/2022/audio/word/9/32_11.wav"
"matagahṟa’","ice-cold","冰冷","https://ilrdc.tw/tow/2022/audio/word/9/32_12.wav"
"makakilux","hot","悶熱","https://ilrdc.tw/tow/2022/audio/word/9/32_13.wav"
"bilak","few","少的","https://ilrdc.tw/tow/2022/audio/word/9/32_14.wav"
"masnukan","drunk","酒醉","https://ilrdc.tw/tow/2022/audio/word/9/32_15.wav"
"mase’","laugh","笑","https://ilrdc.tw/tow/2022/audio/word/9/32_16.wav"
"mahuṟi’","wet","濕的","https://ilrdc.tw/tow/2022/audio/word/9/32_17.wav"
"mahu’il","ripe (of fruit)","熟","https://ilrdc.tw/tow/2022/audio/word/9/32_18.wav"
"kahmaṟ","thick","厚的","https://ilrdc.tw/tow/2022/audio/word/9/32_19.wav"
"matelu’","undercooked (if this piece of meat is raw)","未熟的(如這塊肉是生的)","https://ilrdc.tw/tow/2022/audio/word/9/32_20.wav"
"lahmi’","thin","薄的","https://ilrdc.tw/tow/2022/audio/word/9/32_21.wav"
"maṟukat","dirty","髒","https://ilrdc.tw/tow/2022/audio/word/9/32_22.wav"
"ma’ilang","lazy","懶惰","https://ilrdc.tw/tow/2022/audio/word/9/32_23.wav"
"malabu’","clean","乾淨","https://ilrdc.tw/tow/2022/audio/word/9/32_24.wav"
"halilaw","soon","很快","https://ilrdc.tw/tow/2022/audio/word/9/32_25.wav"
"piscex","bright","明亮","https://ilrdc.tw/tow/2022/audio/word/9/32_26.wav"
"katuhuṟ","fat","胖(身形)","https://ilrdc.tw/tow/2022/audio/word/9/32_27.wav"
"marangu’","dry","乾的","https://ilrdc.tw/tow/2022/audio/word/9/32_28.wav"
"mawit","tired","累","https://ilrdc.tw/tow/2022/audio/word/9/32_29.wav"
"saminalu’","poor thing","好可憐","https://ilrdc.tw/tow/2022/audio/word/9/32_30.wav"
"ga’aṟus","new","新的","https://ilrdc.tw/tow/2022/audio/word/9/32_31.wav"
"cacil","old","舊的","https://ilrdc.tw/tow/2022/audio/word/9/32_32.wav"
"subeh","near","近","https://ilrdc.tw/tow/2022/audio/word/9/32_33.wav"
"makilux","hot","燙","https://ilrdc.tw/tow/2022/audio/word/9/32_34.wav"
"mahiri’","spoiled","壞掉","https://ilrdc.tw/tow/2022/audio/word/9/32_35.wav"
"sa’urik","spicy","辣","https://ilrdc.tw/tow/2022/audio/word/9/32_36.wav"
"tuhya’","far","遠","https://ilrdc.tw/tow/2022/audio/word/9/32_37.wav"
"tubaba’","swelling","腫","https://ilrdc.tw/tow/2022/audio/word/9/32_38.wav"
"ma’iṟi’","bend","彎曲","https://ilrdc.tw/tow/2022/audio/word/9/32_39.wav"
"buse’ na","long","久的","https://ilrdc.tw/tow/2022/audio/word/9/32_40.wav"
"maṟitux","blind","瞎了","https://ilrdc.tw/tow/2022/audio/word/9/32_41.wav"
"roku’","poison","毒","https://ilrdc.tw/tow/2022/audio/word/9/32_42.wav"
"sanahyagal","delicious","很好吃","https://ilrdc.tw/tow/2022/audio/word/9/32_43.wav"
"tahṟuti’","smooth","滑","https://ilrdc.tw/tow/2022/audio/word/9/32_44.wav"
"mangihuṟ","bitter","苦","https://ilrdc.tw/tow/2022/audio/word/9/32_45.wav"
"mepoh","fragile (e.g. this wire is prone to breakage)","脆弱(如這根鐵絲易斷裂)","https://ilrdc.tw/tow/2022/audio/word/9/32_46.wav"
"matelu’","unripe","  未成熟的(果實)","https://ilrdc.tw/tow/2022/audio/word/9/32_47.wav"
"ungkuri’","stealthily","偷偷地","https://ilrdc.tw/tow/2022/audio/word/9/32_48.wav"
"habaṟaw","numerous","(人)眾多","https://ilrdc.tw/tow/2022/audio/word/9/32_49.wav"
"lahbuw","brisk","輕快","https://ilrdc.tw/tow/2022/audio/word/9/32_50.wav"
"mangihuṟ","sour","酸","https://ilrdc.tw/tow/2022/audio/word/9/32_51.wav"
"satimu’","salty","鹹","https://ilrdc.tw/tow/2022/audio/word/9/32_52.wav"
"minanangi’","intentional","故意","https://ilrdc.tw/tow/2022/audio/word/9/32_53.wav"
"mastamak","pulpy","稀爛的","https://ilrdc.tw/tow/2022/audio/word/9/32_54.wav"
"matakalang","sturdy","壯碩","https://ilrdc.tw/tow/2022/audio/word/9/32_55.wav"
"hulhul","warm","暖和","https://ilrdc.tw/tow/2022/audio/word/9/32_56.wav"
"ini’ pihuṟi’","blunt","鈍的","https://ilrdc.tw/tow/2022/audio/word/9/32_57.wav"
"sanahyagal","sweet","甘甜","https://ilrdc.tw/tow/2022/audio/word/9/32_58.wav"
"saupang","astringent (taste)","澀澀的(味覺)","https://ilrdc.tw/tow/2022/audio/word/9/32_59.wav"
"mahikang ci takokuw","tall and thin","高瘦(身材)","https://ilrdc.tw/tow/2022/audio/word/9/32_60.wav"
" masbabang","slant","(傾)斜","https://ilrdc.tw/tow/2022/audio/word/9/32_61.wav"
"mahnuk","soft","軟","https://ilrdc.tw/tow/2022/audio/word/9/32_62.wav"
"maskitu’","very hard","很硬","https://ilrdc.tw/tow/2022/audio/word/9/32_63.wav"
"sabangi’","sour smell","酸臭","https://ilrdc.tw/tow/2022/audio/word/9/32_64.wav"
"maglu’ing","straight","直","https://ilrdc.tw/tow/2022/audio/word/9/32_65.wav"
"paspun ","full","滿了","https://ilrdc.tw/tow/2022/audio/word/9/32_66.wav"
"balbale’","well","好好的","https://ilrdc.tw/tow/2022/audio/word/9/32_67.wav"
"wasti’","(space) spacious","(空間)寬敞","https://ilrdc.tw/tow/2022/audio/word/9/32_68.wav"
"caṟung","correct","正確","https://ilrdc.tw/tow/2022/audio/word/9/32_69.wav"
"mahuṟi’","fully wetted","全濕透","https://ilrdc.tw/tow/2022/audio/word/9/32_70.wav"
"kinhayuw","slowly","慢慢","https://ilrdc.tw/tow/2022/audio/word/9/32_71.wav"
"hulhul","warm","溫的(水)","https://ilrdc.tw/tow/2022/audio/word/9/32_72.wav"
"katuhuṟ","coarse","粗(物)","https://ilrdc.tw/tow/2022/audio/word/9/32_73.wav"
"unruṟux","long","長","https://ilrdc.tw/tow/2022/audio/word/9/32_74.wav"
"asiluw","fine","細","https://ilrdc.tw/tow/2022/audio/word/9/32_75.wav"
"purung","short","短","https://ilrdc.tw/tow/2022/audio/word/9/32_76.wav"
"makilux","hot","炎熱","https://ilrdc.tw/tow/2022/audio/word/9/32_77.wav"
"matanah","ripen","成熟(果實)","https://ilrdc.tw/tow/2022/audio/word/9/32_78.wav"
"paspun","full","滿滿","https://ilrdc.tw/tow/2022/audio/word/9/32_79.wav"
"mabatunux","handsome","英俊","https://ilrdc.tw/tow/2022/audio/word/9/32_80.wav"
" ki","should","應該","https://ilrdc.tw/tow/2022/audio/word/9/33_01.wav"
"caṟung","certain","一定","https://ilrdc.tw/tow/2022/audio/word/9/33_02.wav"
"anak","able","能夠","https://ilrdc.tw/tow/2022/audio/word/9/33_03.wav"
"hala","possible","可能","https://ilrdc.tw/tow/2022/audio/word/9/33_04.wav"
"suna’as","celebrate","慶祝","https://ilrdc.tw/tow/2022/audio/word/9/33_05.wav"
"umu’","wipe","擦拭","https://ilrdc.tw/tow/2022/audio/word/9/33_06.wav"
"tumu’","call","使喚","https://ilrdc.tw/tow/2022/audio/word/9/33_07.wav"
"ungkul","fold","摺疊","https://ilrdc.tw/tow/2022/audio/word/9/34_01.wav"
"macilak","split open","裂開","https://ilrdc.tw/tow/2022/audio/word/9/34_02.wav"
"ming","use","使用","https://ilrdc.tw/tow/2022/audio/word/9/34_03.wav"
" macuy","overflow (like water overflowing)","溢出(如水溢出來)","https://ilrdc.tw/tow/2022/audio/word/9/34_04.wav"
"rumow","help","幫忙","https://ilrdc.tw/tow/2022/audio/word/9/34_05.wav"
"tukapah","attach","(有東西)附著","https://ilrdc.tw/tow/2022/audio/word/9/34_06.wav"
"inmagan","mix sth. with sth.","混以某物","https://ilrdc.tw/tow/2022/audio/word/9/34_07.wav"
"ṟenun","shaken","被(搖)動的","https://ilrdc.tw/tow/2022/audio/word/9/34_08.wav"
"gasgasan","erase","刷除","https://ilrdc.tw/tow/2022/audio/word/9/34_09.wav"
"parangel","depend","依賴","https://ilrdc.tw/tow/2022/audio/word/9/34_10.wav"
"hunṟi’","pour","倒入","https://ilrdc.tw/tow/2022/audio/word/9/34_11.wav"
"unreng","block","阻擋","https://ilrdc.tw/tow/2022/audio/word/9/34_12.wav"
"sunbili’","stay","留下","https://ilrdc.tw/tow/2022/audio/word/9/34_13.wav"
"hinaṟang","sound","聲響","https://ilrdc.tw/tow/2022/audio/word/9/34_14.wav"
"hunṟinas","over","超過","https://ilrdc.tw/tow/2022/audio/word/9/34_15.wav"
"masluhuy","crumble (of scree slope)","崩落","https://ilrdc.tw/tow/2022/audio/word/9/34_16.wav"
"runru’/pasbureki’","brake","煞車","https://ilrdc.tw/tow/2022/audio/word/9/34_17.wav"
"malahang","search","尋找","https://ilrdc.tw/tow/2022/audio/word/9/34_18.wav"
"pabuling","throw away","丟棄","https://ilrdc.tw/tow/2022/audio/word/9/34_19.wav"
"huntul","prohibit","禁止","https://ilrdc.tw/tow/2022/audio/word/9/34_20.wav"
"kelan","there are...","有","https://ilrdc.tw/tow/2022/audio/word/9/34_21.wav"
"mastahaṟ","remain","剩下","https://ilrdc.tw/tow/2022/audio/word/9/34_22.wav"
"pusa’","set up","設置","https://ilrdc.tw/tow/2022/audio/word/9/34_23.wav"
"pasaring","begin","開始","https://ilrdc.tw/tow/2022/audio/word/9/34_24.wav"
"su’un","complete","完成","https://ilrdc.tw/tow/2022/audio/word/9/34_25.wav"
"moṟit","pick on","找碴","https://ilrdc.tw/tow/2022/audio/word/9/34_26.wav"
"sunbale’","make","製作(物品)","https://ilrdc.tw/tow/2022/audio/word/9/34_27.wav"
"lon","find","找到","https://ilrdc.tw/tow/2022/audio/word/9/34_28.wav"
"lapuw","number (calculation)","數(計算)","https://ilrdc.tw/tow/2022/audio/word/9/34_29.wav"
"turiun","trapped","(獵物掉入陷阱)陷中","https://ilrdc.tw/tow/2022/audio/word/9/34_30.wav"
"patatung","bang","撞擊某物","https://ilrdc.tw/tow/2022/audio/word/9/34_31.wav"
"mati’uṟit","rotate","旋轉","https://ilrdc.tw/tow/2022/audio/word/9/34_32.wav"
"palibu’","surround","圍著某物","https://ilrdc.tw/tow/2022/audio/word/9/34_33.wav"
"ramas","good","好","https://ilrdc.tw/tow/2022/audio/word/9/34_34.wav"
"bahbah","thank you","謝謝","https://ilrdc.tw/tow/2022/audio/word/9/34_35.wav"
"ini’ hico’","you’re welcome","不客氣","https://ilrdc.tw/tow/2022/audio/word/9/34_36.wav"
"ungat","no","沒有","https://ilrdc.tw/tow/2022/audio/word/9/34_37.wav"
"eri’nak","it’s okay","沒關係","https://ilrdc.tw/tow/2022/audio/word/9/34_38.wav"
"iya’","don’t","不要","https://ilrdc.tw/tow/2022/audio/word/9/35_01.wav"
"iya’","can't","不可以","https://ilrdc.tw/tow/2022/audio/word/9/35_02.wav"
"aṟat","no (for reply)","不是(回答用)","https://ilrdc.tw/tow/2022/audio/word/9/35_03.wav"
"ungat","none (negative of possession)","沒有(表擁有的否定詞)","https://ilrdc.tw/tow/2022/audio/word/9/35_04.wav"
"iya’","don’t (for the imperative)","不要(祈使句用)","https://ilrdc.tw/tow/2022/audio/word/9/35_05.wav"
"ini’ ba’iy","don’t know","不知道","https://ilrdc.tw/tow/2022/audio/word/9/35_06.wav"
"caṟung","really","真的","https://ilrdc.tw/tow/2022/audio/word/9/36_01.wav"
"cel","in the process of (doing something or happening)","正在","https://ilrdc.tw/tow/2022/audio/word/9/36_02.wav"
"mahmut","arbitrary","隨意","https://ilrdc.tw/tow/2022/audio/word/9/36_03.wav"
"ho’ ga","okay","好的(沒問題)","https://ilrdc.tw/tow/2022/audio/word/9/36_04.wav"
"yaka","because","因為","https://ilrdc.tw/tow/2022/audio/word/9/36_05.wav"
"anak yona inu’","whether","不論","https://ilrdc.tw/tow/2022/audio/word/9/36_06.wav"
"ininah","immediately","立即","https://ilrdc.tw/tow/2022/audio/word/9/36_07.wav"
"tana’","enough","足夠","https://ilrdc.tw/tow/2022/audio/word/9/36_08.wav"
"luṟi","again","再","https://ilrdc.tw/tow/2022/audio/word/9/36_09.wav"
"nanak","only","只有","https://ilrdc.tw/tow/2022/audio/word/9/36_10.wav"
"ci micuw","just now","剛剛","https://ilrdc.tw/tow/2022/audio/word/9/36_11.wav"
"tikiy","a little","少許","https://ilrdc.tw/tow/2022/audio/word/9/36_12.wav"
"pasal","temporary (leave for a moment)","暫時(離開一下)","https://ilrdc.tw/tow/2022/audio/word/9/36_13.wav"
"ini’ bah","never","從不","https://ilrdc.tw/tow/2022/audio/word/9/36_14.wav"
"kana","shouldn;t","不該","https://ilrdc.tw/tow/2022/audio/word/9/36_15.wav"
"kani ga","so","所以","https://ilrdc.tw/tow/2022/audio/word/9/36_16.wav"
"karirex","usually","經常","https://ilrdc.tw/tow/2022/audio/word/9/36_17.wav"
"lu","with","和","https://ilrdc.tw/tow/2022/audio/word/9/36_18.wav"
"tin_git","sometimes","偶爾","https://ilrdc.tw/tow/2022/audio/word/9/36_19.wav"
"ong","really (auxiliary verb)","是嗎(語助詞)","https://ilrdc.tw/tow/2022/audio/word/9/36_20.wav"
"ini’","still (not yet)","還(尚未)","https://ilrdc.tw/tow/2022/audio/word/9/36_21.wav"
"minlu","if","如果","https://ilrdc.tw/tow/2022/audio/word/9/36_22.wav"
"sun","very","很","https://ilrdc.tw/tow/2022/audio/word/9/36_23.wav"
"sun kani","so","如此","https://ilrdc.tw/tow/2022/audio/word/9/36_24.wav"
"uṟi","also","也","https://ilrdc.tw/tow/2022/audio/word/9/36_25.wav"
"ci micuw","just now","剛才","https://ilrdc.tw/tow/2022/audio/word/9/36_26.wav"
"mahilu’","whole day","整天","https://ilrdc.tw/tow/2022/audio/word/9/36_27.wav"
"nak","both","都","https://ilrdc.tw/tow/2022/audio/word/9/36_28.wav"
"nanak","only","僅僅","https://ilrdc.tw/tow/2022/audio/word/9/36_29.wav"
"ana nak","although","雖然","https://ilrdc.tw/tow/2022/audio/word/9/36_30.wav"
"kay","(used in a question)","嗎(用在問句)","https://ilrdc.tw/tow/2022/audio/word/9/36_31.wav"
"ka","main marker (in all ethnic languages)","主格標記(各族用語)","https://ilrdc.tw/tow/2022/audio/word/9/36_32.wav"
"ka","marked (in all ethnic languages)","受格標記(各族用語)","https://ilrdc.tw/tow/2022/audio/word/9/36_33.wav"
"ni","genre marker (in all ethnic languages)","屬格標記(各族用語)","https://ilrdc.tw/tow/2022/audio/word/9/36_34.wav"
"nel","in (here)","在(這裡)","https://ilrdc.tw/tow/2022/audio/word/9/36_35.wav"
"anak","do","可以(做某事)","https://ilrdc.tw/tow/2022/audio/word/9/36_36.wav"
"ngangah","fool","傻瓜","https://ilrdc.tw/tow/2022/audio/word/9/36_37.wav"
