" ’aehae’","one","一","https://ilrdc.tw/tow/2022/audio/word/13/01_01.wav"
"roSa’","two","二","https://ilrdc.tw/tow/2022/audio/word/13/01_02.wav"
"to:o’","three","三","https://ilrdc.tw/tow/2022/audio/word/13/01_03.wav"
"Sopat","four","四","https://ilrdc.tw/tow/2022/audio/word/13/01_04.wav"
"haseb","five","五","https://ilrdc.tw/tow/2022/audio/word/13/01_05.wav"
"SayboSi:","six","六","https://ilrdc.tw/tow/2022/audio/word/13/01_06.wav"
"SayboSi: o ’aehae’","seven","七","https://ilrdc.tw/tow/2022/audio/word/13/01_07.wav"
"maykaSpat","eight","八","https://ilrdc.tw/tow/2022/audio/word/13/01_08.wav"
"hae’hae’","nine","九","https://ilrdc.tw/tow/2022/audio/word/13/01_09.wav"
"lampez","ten","十","https://ilrdc.tw/tow/2022/audio/word/13/01_10.wav"
"lampez o ’aehae’","eleven","十一","https://ilrdc.tw/tow/2022/audio/word/13/01_11.wav"
"lampez o roSa’","twelve","十二","https://ilrdc.tw/tow/2022/audio/word/13/01_12.wav"
"lampez o to:o’","thirteen","十三","https://ilrdc.tw/tow/2022/audio/word/13/01_13.wav"
"lampez o Sopat","fourteen","十四","https://ilrdc.tw/tow/2022/audio/word/13/01_14.wav"
"lampez o haseb","fifteen","十五","https://ilrdc.tw/tow/2022/audio/word/13/01_15.wav"
"lampez o SayboSi:","sixteen","十六","https://ilrdc.tw/tow/2022/audio/word/13/01_16.wav"
"lampez o SayboSi: o ’aehae’","seventeen","十七","https://ilrdc.tw/tow/2022/audio/word/13/01_17.wav"
"lampez o maykaSpat","eighteen","十八","https://ilrdc.tw/tow/2022/audio/word/13/01_18.wav"
"lampez o hae’hae’","nineteen","十九","https://ilrdc.tw/tow/2022/audio/word/13/01_19.wav"
"Sam’iyaeh","twenty","二十","https://ilrdc.tw/tow/2022/audio/word/13/01_20.wav"
"Sam’iyaeh o ’aehae’","twenty one","二十一","https://ilrdc.tw/tow/2022/audio/word/13/01_21.wav"
"Sam’iyaeh o roSa’","twenty two","二十二","https://ilrdc.tw/tow/2022/audio/word/13/01_22.wav"
"Sam’iyaeh o to:o’","twenty three","二十三","https://ilrdc.tw/tow/2022/audio/word/13/01_23.wav"
"Sam’iyaeh o Sopat","twenty four","二十四","https://ilrdc.tw/tow/2022/audio/word/13/01_24.wav"
"Sam’iyaeh o haseb","twenty five","二十五","https://ilrdc.tw/tow/2022/audio/word/13/01_25.wav"
"mato:ol","thirty","三十","https://ilrdc.tw/tow/2022/audio/word/13/01_26.wav"
"mato:ol o ’aehae’","thirty one","三十一","https://ilrdc.tw/tow/2022/audio/word/13/01_27.wav"
"monoSpat","forty","四十","https://ilrdc.tw/tow/2022/audio/word/13/01_28.wav"
"monaseb","fifty","五十","https://ilrdc.tw/tow/2022/audio/word/13/01_29.wav"
"monSayboSi:","sixty","六十","https://ilrdc.tw/tow/2022/audio/word/13/01_30.wav"
"monSayboSi: o ’aehae’","seventy","七十","https://ilrdc.tw/tow/2022/audio/word/13/01_31.wav"
"monmaykaSpat","eighty","八十","https://ilrdc.tw/tow/2022/audio/word/13/01_32.wav"
"monhae’hae’","ninety","九十","https://ilrdc.tw/tow/2022/audio/word/13/01_33.wav"
"kaboehoel","hundred","百","https://ilrdc.tw/tow/2022/audio/word/13/01_34.wav"
" ’aehae’ kinkaboehoel","one hundred","一百","https://ilrdc.tw/tow/2022/audio/word/13/01_35.wav"
"roSa’ kinkaboehoel","two hundred","兩百","https://ilrdc.tw/tow/2022/audio/word/13/01_36.wav"
"’aehae’ siyaen","one thousand","一千","https://ilrdc.tw/tow/2022/audio/word/13/01_37.wav"
"pizpiza’ / ’ititi’an","some","一些","https://ilrdc.tw/tow/2022/audio/word/13/01_38.wav"
"monhael","once","一次","https://ilrdc.tw/tow/2022/audio/word/13/01_39.wav"
"’aehae’ ’awlang","bunch","一串","https://ilrdc.tw/tow/2022/audio/word/13/01_40.wav"
"Sinrahoe’","kind","種類","https://ilrdc.tw/tow/2022/audio/word/13/01_41.wav"
"hahi:il/sabsaboeh","entire","全部","https://ilrdc.tw/tow/2022/audio/word/13/01_43.wav"
"’it’iti’an","a little bit","一點點","https://ilrdc.tw/tow/2022/audio/word/13/01_44.wav"
"tiniroSa’/hinghingha’an","half","一半","https://ilrdc.tw/tow/2022/audio/word/13/01_45.wav"
"So’o","you","你 ","https://ilrdc.tw/tow/2022/audio/word/13/02_01.wav"
"yako","I","我","https://ilrdc.tw/tow/2022/audio/word/13/02_02.wav"
"siya","he","他","https://ilrdc.tw/tow/2022/audio/word/13/02_03.wav"
"moyo","you guys","你們","https://ilrdc.tw/tow/2022/audio/word/13/02_04.wav"
"yami","us","我們","https://ilrdc.tw/tow/2022/audio/word/13/02_05.wav"
"lasiya","they","他們","https://ilrdc.tw/tow/2022/audio/word/13/02_06.wav"
"nimon / ’inmoyo’a","yours","你們的","https://ilrdc.tw/tow/2022/audio/word/13/02_07.wav"
"niya’om / ’iniya’oma","our","我們的","https://ilrdc.tw/tow/2022/audio/word/13/02_08.wav"
"nasiya / ’inasiya’a","their","他們的","https://ilrdc.tw/tow/2022/audio/word/13/02_09.wav"
"niSo’ / ’inSo’o’a","your","你的","https://ilrdc.tw/tow/2022/audio/word/13/02_10.wav"
"ma’an / ’inmana’a/’inma’ana","mine","我的","https://ilrdc.tw/tow/2022/audio/word/13/02_11.wav"
"nisiya / ’insiya’a","his","他的","https://ilrdc.tw/tow/2022/audio/word/13/02_12.wav"
"yami","we (excluded)","我們(排除式)","https://ilrdc.tw/tow/2022/audio/word/13/02_13.wav"
"’ita’","let’s (inclusive)","我們(包含式)","https://ilrdc.tw/tow/2022/audio/word/13/02_14.wav"
"mita’ / ’inmita’a","ours","咱們的","https://ilrdc.tw/tow/2022/audio/word/13/02_15.wav"
"hiza","that","那個","https://ilrdc.tw/tow/2022/audio/word/13/02_16.wav"
"hini","this one","這個","https://ilrdc.tw/tow/2022/audio/word/13/02_17.wav"
"rini","here","這裡","https://ilrdc.tw/tow/2022/audio/word/13/02_18.wav"
"riza/haSon（不可見","there","那裡","https://ilrdc.tw/tow/2022/audio/word/13/02_19.wav"
"nakhini","(like) this","(像)這樣","https://ilrdc.tw/tow/2022/audio/word/13/02_20.wav"
"piza’ / koza’","how much","多少","https://ilrdc.tw/tow/2022/audio/word/13/03_01.wav"
"kano’","what","什麼","https://ilrdc.tw/tow/2022/audio/word/13/03_02.wav"
"nak’ino’","how","如何","https://ilrdc.tw/tow/2022/audio/word/13/03_03.wav"
"’inowan","when (not happening)","何時(未發生)","https://ilrdc.tw/tow/2022/audio/word/13/03_04.wav"
"hiya’","who","誰","https://ilrdc.tw/tow/2022/audio/word/13/03_05.wav"
"hayno’ ’aehae’","which one","哪一個","https://ilrdc.tw/tow/2022/audio/word/13/03_06.wav"
"hayno’ / rayno’","where","哪裡","https://ilrdc.tw/tow/2022/audio/word/13/03_07.wav"
"’in hiya’ a","Whose is it?","是誰的","https://ilrdc.tw/tow/2022/audio/word/13/03_08.wav"
"’ampowa’ /nak’ino’","what","怎麼","https://ilrdc.tw/tow/2022/audio/word/13/03_09.wav"
"piza’ / koza’","how much","多少(歲；物)","https://ilrdc.tw/tow/2022/audio/word/13/03_10.wav"
"koza’","how much (degree size)"," 多少(程度大小)","https://ilrdc.tw/tow/2022/audio/word/13/03_11.wav"
"hayno’","where","什麼地方","https://ilrdc.tw/tow/2022/audio/word/13/03_12.wav"
"ka’inowan","when (has happened)","何時(已發生)","https://ilrdc.tw/tow/2022/audio/word/13/03_13.wav"
"’ampowa’","why","為什麼","https://ilrdc.tw/tow/2022/audio/word/13/03_14.wav"
"yaba’","dad","爸爸","https://ilrdc.tw/tow/2022/audio/word/13/04_01.wav"
" ’oya’","mom","媽媽","https://ilrdc.tw/tow/2022/audio/word/13/04_02.wav"
"’aehael","cousins","堂、表兄弟姐妹","https://ilrdc.tw/tow/2022/audio/word/13/04_03.wav"
"baki’","male elder (grandfather; father-in-law)","男性長輩(祖父；外公；岳父)","https://ilrdc.tw/tow/2022/audio/word/13/04_04.wav"
"koko’ ","female elder (grandmother; mother-in-law)","女性長輩(祖母；外婆；岳母)","https://ilrdc.tw/tow/2022/audio/word/13/04_05.wav"
" ’aeh’aehael","relative","親戚","https://ilrdc.tw/tow/2022/audio/word/13/04_06.wav"
"ba:iS","spouse","配偶","https://ilrdc.tw/tow/2022/audio/word/13/04_07.wav"
"yama’","daughter’s husband","女婿","https://ilrdc.tw/tow/2022/audio/word/13/04_08.wav"
" ’anay","wife’s brother","舅子","https://ilrdc.tw/tow/2022/audio/word/13/04_09.wav"
"towanay","sister-in-law","弟媳","https://ilrdc.tw/tow/2022/audio/word/13/04_10.wav"
"towanay","older brother’s wife","嫂嫂","https://ilrdc.tw/tow/2022/audio/word/13/04_11.wav"
"yanay","daughter-in-law","媳婦","https://ilrdc.tw/tow/2022/audio/word/13/04_12.wav"
"koso’","grandchild","孫子/孫女","https://ilrdc.tw/tow/2022/audio/word/13/04_13.wav"
" ’aehae’ halapaw","husband and wife","夫妻","https://ilrdc.tw/tow/2022/audio/word/13/04_14.wav"
"tatama’ ma’an / kamamanra:an ma’an ","husband","丈夫","https://ilrdc.tw/tow/2022/audio/word/13/04_15.wav"
" ’aeh’aehael ","in-law","姻親","https://ilrdc.tw/tow/2022/audio/word/13/04_16.wav"
"’aehael","sibling","兄弟姊妹","https://ilrdc.tw/tow/2022/audio/word/13/04_17.wav"
"minatini’ kamamanra:an","brother","兄長","https://ilrdc.tw/tow/2022/audio/word/13/04_18.wav"
"minatini’","brother and sister","(哥哥；姊姊)通稱","https://ilrdc.tw/tow/2022/audio/word/13/04_19.wav"
"minatini’ minkoringan","older sister","姊姊","https://ilrdc.tw/tow/2022/audio/word/13/04_20.wav"
"minatini’ kamamanra:an","older brother","哥哥","https://ilrdc.tw/tow/2022/audio/word/13/04_21.wav"
"minayti’","brother and sister","(弟弟；妹妹)通稱","https://ilrdc.tw/tow/2022/audio/word/13/04_22.wav"
"minayti’ kamamanra:an","younger brother","弟弟","https://ilrdc.tw/tow/2022/audio/word/13/04_23.wav"
"minayti’ minkoringan","younger sister","妹妹","https://ilrdc.tw/tow/2022/audio/word/13/04_24.wav"
"mama’","uncle","(伯父；叔叔；舅舅)通稱","https://ilrdc.tw/tow/2022/audio/word/13/04_25.wav"
" ’ata’","aunt","(伯母；嬸嬸；舅母)通稱  ","https://ilrdc.tw/tow/2022/audio/word/13/04_26.wav"
"raro:o’","name","名字","https://ilrdc.tw/tow/2022/audio/word/13/05_01.wav"
"korkoring kamamanra:an","boy","男孩","https://ilrdc.tw/tow/2022/audio/word/13/05_02.wav"
"korkoring minkoringan","girl","女孩","https://ilrdc.tw/tow/2022/audio/word/13/05_03.wav"
"kapa’onhaelan","friend","朋友","https://ilrdc.tw/tow/2022/audio/word/13/05_04.wav"
"korkoring","child","孩童","https://ilrdc.tw/tow/2022/audio/word/13/05_05.wav"
"tatini’","elderly people","老人家","https://ilrdc.tw/tow/2022/audio/word/13/05_06.wav"
" minkoringan","female","女性","https://ilrdc.tw/tow/2022/audio/word/13/05_07.wav"
"kamamanra:an","male","男性","https://ilrdc.tw/tow/2022/audio/word/13/05_08.wav"
"mae’iyaeh","people","人","https://ilrdc.tw/tow/2022/audio/word/13/05_09.wav"
"sinsang","doctor","醫生","https://ilrdc.tw/tow/2022/audio/word/13/05_10.wav"
"kamatortoroe’","teacher","老師","https://ilrdc.tw/tow/2022/audio/word/13/05_11.wav"
"’aelae’","enemy","敵人","https://ilrdc.tw/tow/2022/audio/word/13/05_12.wav"
"tahoki’","sir","長官","https://ilrdc.tw/tow/2022/audio/word/13/05_13.wav"
"’ima ’aewhay mae’iyaeh / kalinga’","hooliganism","流氓","https://ilrdc.tw/tow/2022/audio/word/13/05_14.wav"
"kinSat ","police","警察","https://ilrdc.tw/tow/2022/audio/word/13/05_15.wav"
"panaeh","ethnic group (Taiwan), "plain tribes","平埔族","https://ilrdc.tw/tow/2022/audio/word/13/05_16.wav"
"moto:","Hakka people","客家人","https://ilrdc.tw/tow/2022/audio/word/13/05_17.wav"
"tahoki’","principal","校長","https://ilrdc.tw/tow/2022/audio/word/13/05_18.wav"
"kamsiyolang","Min Nan (Taiwanese)","閩南人","https://ilrdc.tw/tow/2022/audio/word/13/05_19.wav"
" ’al’alak ","young people","青年","https://ilrdc.tw/tow/2022/audio/word/13/05_20.wav"
"Say kabih no wasal","mainlander","外省人","https://ilrdc.tw/tow/2022/audio/word/13/05_23.wav"
"kabina:o’","miss","小姐","https://ilrdc.tw/tow/2022/audio/word/13/05_24.wav"
"kamakiSka:at","student","學生","https://ilrdc.tw/tow/2022/audio/word/13/05_25.wav"
"sale’e: / sali’i:","ear","耳朵","https://ilrdc.tw/tow/2022/audio/word/13/06_01.wav"
"rinkelan","thigh","大腿","https://ilrdc.tw/tow/2022/audio/word/13/06_02.wav"
"masa’","eye","眼睛","https://ilrdc.tw/tow/2022/audio/word/13/06_03.wav"
"kinmae’iyaehan","face","臉","https://ilrdc.tw/tow/2022/audio/word/13/06_04.wav"
"ngabas","mouth","嘴巴","https://ilrdc.tw/tow/2022/audio/word/13/06_05.wav"
"ta’oeloeh","head","頭","https://ilrdc.tw/tow/2022/audio/word/13/06_06.wav"
"kaklokoeh","fingernail","指甲","https://ilrdc.tw/tow/2022/audio/word/13/06_07.wav"
"hima’","hand","手","https://ilrdc.tw/tow/2022/audio/word/13/06_08.wav"
"basang","body","身體","https://ilrdc.tw/tow/2022/audio/word/13/06_09.wav"
"kangeselan","nose","鼻子","https://ilrdc.tw/tow/2022/audio/word/13/06_10.wav"
"’ae’ay","foot","腳","https://ilrdc.tw/tow/2022/audio/word/13/06_11.wav"
"nepen / ngepen","teeth","牙齒","https://ilrdc.tw/tow/2022/audio/word/13/06_12.wav"
"bekeS / bokeS","hair","頭髮","https://ilrdc.tw/tow/2022/audio/word/13/06_13.wav"
"ramo’","blood","血","https://ilrdc.tw/tow/2022/audio/word/13/06_14.wav"
"bori:","meat","肉","https://ilrdc.tw/tow/2022/audio/word/13/06_15.wav"
"rae’iS","forehead","額頭","https://ilrdc.tw/tow/2022/audio/word/13/06_16.wav"
"tiyal","belly","肚子","https://ilrdc.tw/tow/2022/audio/word/13/06_17.wav"
"hoehoe’","breast","乳房","https://ilrdc.tw/tow/2022/audio/word/13/06_18.wav"
"kinotimo’an","calf","小腿肚","https://ilrdc.tw/tow/2022/audio/word/13/06_19.wav"
"’aba:a’","shoulder","肩膀","https://ilrdc.tw/tow/2022/audio/word/13/06_20.wav"
"ngo:o’","chin","下巴","https://ilrdc.tw/tow/2022/audio/word/13/06_21.wav"
"hikor ","back","背部","https://ilrdc.tw/tow/2022/audio/word/13/06_22.wav"
"bangeS","skin","皮","https://ilrdc.tw/tow/2022/audio/word/13/06_23.wav"
"ka:ra’","thoracic cavity","胸腔","https://ilrdc.tw/tow/2022/audio/word/13/06_24.wav"
"tewes / bosoe’","male genitalia","男性生殖器","https://ilrdc.tw/tow/2022/audio/word/13/06_25.wav"
"kapiSiyan / topi’","female genitalia","女性生殖器","https://ilrdc.tw/tow/2022/audio/word/13/06_26.wav"
"bae:ae’","lung","肺","https://ilrdc.tw/tow/2022/audio/word/13/06_27.wav"
"’ae:o’","heart","心臟","https://ilrdc.tw/tow/2022/audio/word/13/06_28.wav"
"hiko’","elbow","手肘","https://ilrdc.tw/tow/2022/audio/word/13/06_29.wav"
"haSab","saliva","口水","https://ilrdc.tw/tow/2022/audio/word/13/06_30.wav"
"poe’oe’","knee","膝蓋","https://ilrdc.tw/tow/2022/audio/word/13/06_31.wav"
"pangih","wound","傷口","https://ilrdc.tw/tow/2022/audio/word/13/06_32.wav"
"biskol","stomach","胃","https://ilrdc.tw/tow/2022/audio/word/13/06_33.wav"
"rae’ael","liver","肝臟","https://ilrdc.tw/tow/2022/audio/word/13/06_34.wav"
"haha:ok","phlegm","痰","https://ilrdc.tw/tow/2022/audio/word/13/06_35.wav"
"bi’i:","goiter","甲狀腺腫","https://ilrdc.tw/tow/2022/audio/word/13/06_36.wav"
"Sima:","grease","油脂","https://ilrdc.tw/tow/2022/audio/word/13/06_37.wav"
"SawiS","rib","肋骨","https://ilrdc.tw/tow/2022/audio/word/13/06_38.wav"
"pae’zo’","gallbladder","膽囊","https://ilrdc.tw/tow/2022/audio/word/13/06_39.wav"
"babaki’","thumb","拇指","https://ilrdc.tw/tow/2022/audio/word/13/06_40.wav"
"kaSlar","throat","喉嚨","https://ilrdc.tw/tow/2022/audio/word/13/06_41.wav"
"kaehma’","tongue","舌頭","https://ilrdc.tw/tow/2022/audio/word/13/06_42.wav"
"kiri:","waist","腰部","https://ilrdc.tw/tow/2022/audio/word/13/06_43.wav"
"tatroe’","finger","手指","https://ilrdc.tw/tow/2022/audio/word/13/06_44.wav"
"ka’o:olan","front tooth","門牙","https://ilrdc.tw/tow/2022/audio/word/13/06_45.wav"
"rarang","sweat","汗水","https://ilrdc.tw/tow/2022/audio/word/13/06_46.wav"
"wareng","neck","脖子","https://ilrdc.tw/tow/2022/audio/word/13/06_47.wav"
"ngesel","nasal mucus","鼻涕","https://ilrdc.tw/tow/2022/audio/word/13/06_48.wav"
"linotor","joint","關節","https://ilrdc.tw/tow/2022/audio/word/13/06_49.wav"
"tezek / tozek","buttocks","臀部","https://ilrdc.tw/tow/2022/audio/word/13/06_50.wav"
"rapal","the sole of the foot","腳掌","https://ilrdc.tw/tow/2022/audio/word/13/06_51.wav"
"wareng","neck","頸子","https://ilrdc.tw/tow/2022/audio/word/13/06_52.wav"
"ka’iyayan","armpit","腋窩","https://ilrdc.tw/tow/2022/audio/word/13/06_53.wav"
"koko’","kidney","腎臟","https://ilrdc.tw/tow/2022/audio/word/13/06_54.wav"
"taroS","lip","嘴唇","https://ilrdc.tw/tow/2022/audio/word/13/06_55.wav"
"romiS / ’oeboeh","fur","毛","https://ilrdc.tw/tow/2022/audio/word/13/06_56.wav"
"kiko:","tail","尾巴","https://ilrdc.tw/tow/2022/audio/word/13/07_01.wav"
"baboy","pig","豬","https://ilrdc.tw/tow/2022/audio/word/13/07_02.wav"
"’aehoe’","dog","狗","https://ilrdc.tw/tow/2022/audio/word/13/07_03.wav"
"Siri’","sheep","羊","https://ilrdc.tw/tow/2022/audio/word/13/07_04.wav"
"ngiyaw","cat","貓","https://ilrdc.tw/tow/2022/audio/word/13/07_05.wav"
"kabkabaehae:","bird","鳥","https://ilrdc.tw/tow/2022/audio/word/13/07_06.wav"
"’aelaw","fish","魚","https://ilrdc.tw/tow/2022/audio/word/13/07_07.wav"
"tata:a’","chicken","雞","https://ilrdc.tw/tow/2022/audio/word/13/07_08.wav"
"hosong ","monkey","猴子","https://ilrdc.tw/tow/2022/audio/word/13/07_09.wav"
"katin","cattle","牛","https://ilrdc.tw/tow/2022/audio/word/13/07_10.wav"
"’aewhaeS","mice (collectively)","老鼠(統稱)","https://ilrdc.tw/tow/2022/audio/word/13/07_11.wav"
"takem","frog","青蛙","https://ilrdc.tw/tow/2022/audio/word/13/07_12.wav"
"kal’oe’","owl","貓頭鷹","https://ilrdc.tw/tow/2022/audio/word/13/07_13.wav"
"’ae:em","pangolin (manis pentadactylata)","穿山甲","https://ilrdc.tw/tow/2022/audio/word/13/07_14.wav"
"waliSan","boar","山豬","https://ilrdc.tw/tow/2022/audio/word/13/07_15.wav"
"ba:oz","feral pigeon","野鴿子","https://ilrdc.tw/tow/2022/audio/word/13/07_16.wav"
"SibSiba:i’","insect (collectively)","蟲(統稱)","https://ilrdc.tw/tow/2022/audio/word/13/07_17.wav"
"rakolo’","turtle","烏龜","https://ilrdc.tw/tow/2022/audio/word/13/07_18.wav"
"Siba:i’","snake","蛇","https://ilrdc.tw/tow/2022/audio/word/13/07_19.wav"
"hapis","flying squirrel","飛鼠","https://ilrdc.tw/tow/2022/audio/word/13/07_20.wav"
"hekheklaw","leopard","豹","https://ilrdc.tw/tow/2022/audio/word/13/07_21.wav"
"wa’ae’","sambar (cervus eldii)","水鹿","https://ilrdc.tw/tow/2022/audio/word/13/07_22.wav"
"somay","bear","熊","https://ilrdc.tw/tow/2022/audio/word/13/07_23.wav"
"hako’","muntiacus reevesi","山羌","https://ilrdc.tw/tow/2022/audio/word/13/07_24.wav"
"ra:hib","cockroach","蟑螂","https://ilrdc.tw/tow/2022/audio/word/13/07_25.wav"
"’ay’ayloSay","dragonfly","蜻蜓","https://ilrdc.tw/tow/2022/audio/word/13/07_26.wav"
"papa:o’","butterfly","蝴蝶","https://ilrdc.tw/tow/2022/audio/word/13/07_27.wav"
"tokangang","spider","蜘蛛","https://ilrdc.tw/tow/2022/audio/word/13/07_28.wav"
"kakolay","male reproductive organs","雄性動物生殖器官","https://ilrdc.tw/tow/2022/audio/word/13/07_29.wav"
"kabhoet","squirrel","松鼠","https://ilrdc.tw/tow/2022/audio/word/13/07_30.wav"
"’ae’roS","vole","田鼠","https://ilrdc.tw/tow/2022/audio/word/13/07_31.wav"
"tatango:","mosquitoe","蚊子","https://ilrdc.tw/tow/2022/audio/word/13/07_32.wav"
"koso’","head louse","頭蝨","https://ilrdc.tw/tow/2022/audio/word/13/07_33.wav"
"nga:aw","fly","蒼蠅","https://ilrdc.tw/tow/2022/audio/word/13/07_34.wav"
"walwalo’","honeybee","蜜蜂","https://ilrdc.tw/tow/2022/audio/word/13/07_35.wav"
"balaS","male (animal)","雄性(動物)","https://ilrdc.tw/tow/2022/audio/word/13/07_36.wav"
"kilkilo’ noka baboy","suckling pig","乳豬","https://ilrdc.tw/tow/2022/audio/word/13/07_37.wav"
"bibi:","duck","鴨","https://ilrdc.tw/tow/2022/audio/word/13/07_38.wav"
"hewel / hoewel","earthworm","蚯蚓","https://ilrdc.tw/tow/2022/audio/word/13/07_39.wav"
"ma’asay","animal giblets","動物的內臟","https://ilrdc.tw/tow/2022/audio/word/13/07_40.wav"
"babnal","wasp","土蜂","https://ilrdc.tw/tow/2022/audio/word/13/07_41.wav"
"’oeson","shrimp","蝦","https://ilrdc.tw/tow/2022/audio/word/13/07_42.wav"
"ba:ong","elephant","大象","https://ilrdc.tw/tow/2022/audio/word/13/07_43.wav"
"hanowan","horse","馬","https://ilrdc.tw/tow/2022/audio/word/13/07_44.wav"
"hipo’ ","female (animal)","雌性(動物)","https://ilrdc.tw/tow/2022/audio/word/13/07_45.wav"
"ka:ang","crab","螃蟹","https://ilrdc.tw/tow/2022/audio/word/13/07_46.wav"
"lala:i’","cicada","蟬","https://ilrdc.tw/tow/2022/audio/word/13/07_47.wav"
"mintatini’an","hundred-pace snake","百步蛇","https://ilrdc.tw/tow/2022/audio/word/13/07_48.wav"
"palir","wing","翅膀","https://ilrdc.tw/tow/2022/audio/word/13/07_49.wav"
"ziyas","bat","蝙蝠","https://ilrdc.tw/tow/2022/audio/word/13/07_50.wav"
"mona:","snail","蝸牛","https://ilrdc.tw/tow/2022/audio/word/13/07_51.wav"
"pe:es","sparrow","麻雀","https://ilrdc.tw/tow/2022/audio/word/13/07_52.wav"
"kabilowi’","stag beetle","鍬形蟲","https://ilrdc.tw/tow/2022/audio/word/13/07_53.wav"
"kowaw","eagle","老鷹","https://ilrdc.tw/tow/2022/audio/word/13/07_54.wav"
"’ae’aewzaeh","ant","螞蟻","https://ilrdc.tw/tow/2022/audio/word/13/07_55.wav"
"tababon","goose","鵝","https://ilrdc.tw/tow/2022/audio/word/13/07_56.wav"
"wakwak ","waterbird","水鳥","https://ilrdc.tw/tow/2022/audio/word/13/07_57.wav"
"libo’ ","nest","窩巢","https://ilrdc.tw/tow/2022/audio/word/13/07_58.wav"
"katorhoer","hornet","虎頭蜂","https://ilrdc.tw/tow/2022/audio/word/13/07_59.wav"
"kae’tim","flea","跳蚤","https://ilrdc.tw/tow/2022/audio/word/13/07_60.wav"
"haeShaeS ","cobra","眼鏡蛇","https://ilrdc.tw/tow/2022/audio/word/13/07_61.wav"
"’ang’ae’","crow","烏鴉","https://ilrdc.tw/tow/2022/audio/word/13/07_62.wav"
"kilkilo’","puppy","幼犬","https://ilrdc.tw/tow/2022/audio/word/13/07_63.wav"
"kah’ong","horn","(動物的)角","https://ilrdc.tw/tow/2022/audio/word/13/07_64.wav"
"’a’aSem 
","grasshopper","蚱蜢","https://ilrdc.tw/tow/2022/audio/word/13/07_65.wav"
"tawmo’","banana","香蕉","https://ilrdc.tw/tow/2022/audio/word/13/08_01.wav"
"ka:mez","paddy","稻穀","https://ilrdc.tw/tow/2022/audio/word/13/08_02.wav"
"kaehoy","tree","樹","https://ilrdc.tw/tow/2022/audio/word/13/08_03.wav"
"rokol","taro","芋頭","https://ilrdc.tw/tow/2022/audio/word/13/08_04.wav"
"kaSboS / katboS","sugar cane","甘蔗","https://ilrdc.tw/tow/2022/audio/word/13/08_05.wav"
"biyae’","leaf","葉子","https://ilrdc.tw/tow/2022/audio/word/13/08_06.wav"
"’aewpir","sweet potato","甘藷","https://ilrdc.tw/tow/2022/audio/word/13/08_07.wav"
"’iyok","tangerine","柑橘","https://ilrdc.tw/tow/2022/audio/word/13/08_08.wav"
"pongaeh","flower","花朵","https://ilrdc.tw/tow/2022/audio/word/13/08_09.wav"
"lilom","pumpkin","南瓜","https://ilrdc.tw/tow/2022/audio/word/13/08_10.wav"
"hinhinbetel","weed","雜草","https://ilrdc.tw/tow/2022/audio/word/13/08_11.wav"
"baesaeh","corn","玉米","https://ilrdc.tw/tow/2022/audio/word/13/08_12.wav"
"pinlong","betel nut","檳榔","https://ilrdc.tw/tow/2022/audio/word/13/08_13.wav"
"raromaeh","bamboo","竹子","https://ilrdc.tw/tow/2022/audio/word/13/08_14.wav"
"noka kaehoy hawaw","branch","樹枝","https://ilrdc.tw/tow/2022/audio/word/13/08_15.wav"
"boway","fruit","(植物的)果實","https://ilrdc.tw/tow/2022/audio/word/13/08_16.wav"
"’anhi’","bamboo shoot","竹筍","https://ilrdc.tw/tow/2022/audio/word/13/08_17.wav"
"kae’niw","edible mushroom","香菇","https://ilrdc.tw/tow/2022/audio/word/13/08_18.wav"
"pangrang","pineapple","鳳梨","https://ilrdc.tw/tow/2022/audio/word/13/08_19.wav"
"hinbetel ","grass","草","https://ilrdc.tw/tow/2022/audio/word/13/08_20.wav"
"wa:or","rattan","藤類","https://ilrdc.tw/tow/2022/audio/word/13/08_21.wav"
"’a:imapizosan","peach","桃子","https://ilrdc.tw/tow/2022/audio/word/13/08_22.wav"
"’a:im","plum","李子","https://ilrdc.tw/tow/2022/audio/word/13/08_23.wav"
"boway","fruit","水果","https://ilrdc.tw/tow/2022/audio/word/13/08_24.wav"
"pingi’","treetop","樹頭","https://ilrdc.tw/tow/2022/audio/word/13/08_25.wav"
"topon","agaric","木耳","https://ilrdc.tw/tow/2022/audio/word/13/08_26.wav"
"wawarang","tomatoe","蕃茄","https://ilrdc.tw/tow/2022/audio/word/13/08_27.wav"
"hames ","root","樹根","https://ilrdc.tw/tow/2022/audio/word/13/08_28.wav"
"boehi’","wild lily","野百合","https://ilrdc.tw/tow/2022/audio/word/13/08_29.wav"
"biyara:","giant elephant's ear","姑婆芋","https://ilrdc.tw/tow/2022/audio/word/13/08_30.wav"
"karali’","cucumber","胡瓜","https://ilrdc.tw/tow/2022/audio/word/13/08_31.wav"
"rawko’","bird-nest fern","山蘇","https://ilrdc.tw/tow/2022/audio/word/13/08_32.wav"
"’iniyangangilaeh sitaew","carrot","胡蘿蔔","https://ilrdc.tw/tow/2022/audio/word/13/08_33.wav"
"talobong por’oe’","cabbage","空心菜","https://ilrdc.tw/tow/2022/audio/word/13/08_34.wav"
"’in noka moto: a hewek","yard-long bean","長豆","https://ilrdc.tw/tow/2022/audio/word/13/08_35.wav"
"tawSa’","green bean","綠豆","https://ilrdc.tw/tow/2022/audio/word/13/08_36.wav"
"無此詞","wheat","麥","https://ilrdc.tw/tow/2022/audio/word/13/08_37.wav"
"oe’oeng","green onion","蔥","https://ilrdc.tw/tow/2022/audio/word/13/08_38.wav"
"hoewek pinabasez","bean sprout","豆芽","https://ilrdc.tw/tow/2022/audio/word/13/08_39.wav"
"taboka’","passion fruit","百香果","https://ilrdc.tw/tow/2022/audio/word/13/08_40.wav"
"Sako:","yam","山藥","https://ilrdc.tw/tow/2022/audio/word/13/08_41.wav"
"hinoki’","cypress","檜木","https://ilrdc.tw/tow/2022/audio/word/13/08_42.wav"
"basez","seedling","幼苗","https://ilrdc.tw/tow/2022/audio/word/13/08_43.wav"
"binSi’","seed","種子","https://ilrdc.tw/tow/2022/audio/word/13/08_44.wav"
"hilok","wild strawberry","野草莓","https://ilrdc.tw/tow/2022/audio/word/13/08_45.wav"
"’a:imaboehoe:","plum","梅子","https://ilrdc.tw/tow/2022/audio/word/13/08_46.wav"
"ma:ong","vegetable fern","過貓","https://ilrdc.tw/tow/2022/audio/word/13/08_47.wav"
"Singil","Taiwan cherry","山櫻花","https://ilrdc.tw/tow/2022/audio/word/13/08_48.wav"
"kalangiyaw","stinging nettle","咬人貓","https://ilrdc.tw/tow/2022/audio/word/13/08_49.wav"
"mae’aew","mountain litsea","山胡椒","https://ilrdc.tw/tow/2022/audio/word/13/08_50.wav"
"Senget","pigeon pea","樹豆","https://ilrdc.tw/tow/2022/audio/word/13/08_51.wav"
"morok ","grapefruit","柚子","https://ilrdc.tw/tow/2022/audio/word/13/08_52.wav"
"tamako’","tobacco","菸草","https://ilrdc.tw/tow/2022/audio/word/13/08_53.wav"
"silih","pepper (generic term)","辣椒(通稱)","https://ilrdc.tw/tow/2022/audio/word/13/08_54.wav"
"poway","cotton","棉花","https://ilrdc.tw/tow/2022/audio/word/13/08_55.wav"
"’aewpir","sweet potato","地瓜","https://ilrdc.tw/tow/2022/audio/word/13/08_56.wav"
"lapowar","guava","番石榴","https://ilrdc.tw/tow/2022/audio/word/13/08_57.wav"
"kina:at","book","書","https://ilrdc.tw/tow/2022/audio/word/13/09_01.wav"
"rayhil","money","錢","https://ilrdc.tw/tow/2022/audio/word/13/09_02.wav"
" mali’","ball","球","https://ilrdc.tw/tow/2022/audio/word/13/09_03.wav"
"talka:","table","桌子","https://ilrdc.tw/tow/2022/audio/word/13/09_04.wav"
"laleke:","telephone","電話","https://ilrdc.tw/tow/2022/audio/word/13/09_05.wav"
"kaka:at","pen","筆","https://ilrdc.tw/tow/2022/audio/word/13/09_06.wav"
"kabat / kaSa:engan","chair","椅子","https://ilrdc.tw/tow/2022/audio/word/13/09_07.wav"
"’iyo’","medicine","藥物","https://ilrdc.tw/tow/2022/audio/word/13/09_08.wav"
"tiyaenaw","computer","電腦","https://ilrdc.tw/tow/2022/audio/word/13/09_09.wav"
"ra:ma’","umbrella","雨傘","https://ilrdc.tw/tow/2022/audio/word/13/09_10.wav"
"toki:","watch","手錶","https://ilrdc.tw/tow/2022/audio/word/13/09_11.wav"
"toki:","clocks and watches","鐘錶","https://ilrdc.tw/tow/2022/audio/word/13/09_12.wav"
"kaka:i:","hook","鉤子","https://ilrdc.tw/tow/2022/audio/word/13/09_13.wav"
"wa:ay","fine line","細線","https://ilrdc.tw/tow/2022/audio/word/13/09_14.wav"
"Sina:iS","rope","繩索","https://ilrdc.tw/tow/2022/audio/word/13/09_15.wav"
"ti’a’","needle","針","https://ilrdc.tw/tow/2022/audio/word/13/09_16.wav"
"’aSo’","wooden pestle","木杵","https://ilrdc.tw/tow/2022/audio/word/13/09_17.wav"
"hawaw","twig","枝條","https://ilrdc.tw/tow/2022/audio/word/13/09_18.wav"
"zazi:iz","sieve","篩子","https://ilrdc.tw/tow/2022/audio/word/13/09_19.wav"
"habiS","knife","小刀","https://ilrdc.tw/tow/2022/audio/word/13/09_20.wav"
"palono’","ship","船隻","https://ilrdc.tw/tow/2022/audio/word/13/09_21.wav"
"kakato:","scissor","剪刀","https://ilrdc.tw/tow/2022/audio/word/13/09_22.wav"
"bizo’","charcoal","木炭","https://ilrdc.tw/tow/2022/audio/word/13/09_23.wav"
"tanowan","bucket","水桶","https://ilrdc.tw/tow/2022/audio/word/13/09_24.wav"
"kapnazip","fishing rod","釣竿","https://ilrdc.tw/tow/2022/audio/word/13/09_25.wav"
"talobong","bamboo tube","竹筒","https://ilrdc.tw/tow/2022/audio/word/13/09_26.wav"
"kapahiyo’","light","電燈","https://ilrdc.tw/tow/2022/audio/word/13/09_27.wav"
"hahmek ","lid","蓋子","https://ilrdc.tw/tow/2022/audio/word/13/09_28.wav"
"SaSa:il","spatula","(竹製的)刮麻具","https://ilrdc.tw/tow/2022/audio/word/13/09_29.wav"
"kata:","filth","污垢","https://ilrdc.tw/tow/2022/audio/word/13/09_30.wav"
"loehong","wooden mortar","木臼","https://ilrdc.tw/tow/2022/audio/word/13/09_31.wav"
"poway","quilt","棉被","https://ilrdc.tw/tow/2022/audio/word/13/09_32.wav"
"powawan","bowl","碗","https://ilrdc.tw/tow/2022/audio/word/13/09_33.wav"
"tata:oS","net","網子","https://ilrdc.tw/tow/2022/audio/word/13/09_34.wav"
"Sanpolo:","rice cooker","飯鍋","https://ilrdc.tw/tow/2022/audio/word/13/09_35.wav"
"hahiwa’","saw","鋸子","https://ilrdc.tw/tow/2022/audio/word/13/09_36.wav"
"zinowas","paper","紙張","https://ilrdc.tw/tow/2022/audio/word/13/09_37.wav"
"talobong","cup","杯子","https://ilrdc.tw/tow/2022/audio/word/13/09_38.wav"
"kapnazip","fishing tackle","釣具","https://ilrdc.tw/tow/2022/audio/word/13/09_39.wav"
"hobos ","bag","袋子","https://ilrdc.tw/tow/2022/audio/word/13/09_40.wav"
" ’a’ibo:","turner","鍋鏟","https://ilrdc.tw/tow/2022/audio/word/13/09_41.wav"
"yasam","axe","斧頭","https://ilrdc.tw/tow/2022/audio/word/13/09_42.wav"
" ’a’apis","tong","夾子","https://ilrdc.tw/tow/2022/audio/word/13/09_43.wav"
"halapaw","bedding","床舖","https://ilrdc.tw/tow/2022/audio/word/13/09_44.wav"
" ’eweng","stalk","梗","https://ilrdc.tw/tow/2022/audio/word/13/09_45.wav"
"ka’alingo’an","mirror","鏡子","https://ilrdc.tw/tow/2022/audio/word/13/09_46.wav"
"kakrangi’an","tool","工具","https://ilrdc.tw/tow/2022/audio/word/13/09_47.wav"
"balayan","wok","弧形(底)鍋","https://ilrdc.tw/tow/2022/audio/word/13/09_48.wav"
"’abo’","charcoal ash","炭灰","https://ilrdc.tw/tow/2022/audio/word/13/09_49.wav"
"binbiniSitan","bottle","瓶子","https://ilrdc.tw/tow/2022/audio/word/13/09_50.wav"
"ngongo:o’","spoon","湯匙","https://ilrdc.tw/tow/2022/audio/word/13/09_51.wav"
"Sara’","dish","菜盤","https://ilrdc.tw/tow/2022/audio/word/13/09_52.wav"
"’inalingo’","photograph","相片","https://ilrdc.tw/tow/2022/audio/word/13/09_53.wav"
"babaehi’ ","soap","肥皂","https://ilrdc.tw/tow/2022/audio/word/13/09_54.wav"
" kaloSekSekan","filter net","濾酒渣網","https://ilrdc.tw/tow/2022/audio/word/13/09_55.wav"
"kakowaS","comb","梳子","https://ilrdc.tw/tow/2022/audio/word/13/09_56.wav"
"kaway","sling","揹帶","https://ilrdc.tw/tow/2022/audio/word/13/09_57.wav"
"kabo:bo:","fan","扇子","https://ilrdc.tw/tow/2022/audio/word/13/09_58.wav"
"koloban","stockpot","湯鍋","https://ilrdc.tw/tow/2022/audio/word/13/09_59.wav"
"taba’ ","water ladle (for scooping water up)","水瓢(舀水用)","https://ilrdc.tw/tow/2022/audio/word/13/09_60.wav"
"kapak’iya’zawan","refrigerator","電冰箱","https://ilrdc.tw/tow/2022/audio/word/13/09_61.wav"
"tilibi:","television","電視","https://ilrdc.tw/tow/2022/audio/word/13/09_62.wav"
" ’inaro:","pipe","水管","https://ilrdc.tw/tow/2022/audio/word/13/09_63.wav"
"katakSipene’an","pillow","枕頭","https://ilrdc.tw/tow/2022/audio/word/13/09_64.wav"
"konon","hammer","鐵鎚","https://ilrdc.tw/tow/2022/audio/word/13/09_65.wav"
"pono:","Iron nail","鐵釘","https://ilrdc.tw/tow/2022/audio/word/13/09_66.wav"
"SingaS","the thing stuck between the teeth","卡在牙縫之物","https://ilrdc.tw/tow/2022/audio/word/13/09_67.wav"
"kakaltatimae’","cleaver","菜刀","https://ilrdc.tw/tow/2022/audio/word/13/09_68.wav"
"tata:oS","fishing net","魚網","https://ilrdc.tw/tow/2022/audio/word/13/09_69.wav"
"tati:iS","eraser","橡皮擦","https://ilrdc.tw/tow/2022/audio/word/13/09_70.wav"
"kala’","basket","簍子","https://ilrdc.tw/tow/2022/audio/word/13/09_71.wav"
"ra:an / kapanra:anan","road","道路","https://ilrdc.tw/tow/2022/audio/word/13/10_01.wav"
"’oes’oeso’an","wooded mountain","山林","https://ilrdc.tw/tow/2022/audio/word/13/10_02.wav"
"lolongan","creek","小溪","https://ilrdc.tw/tow/2022/audio/word/13/10_03.wav"
"ba:i’","wind","風","https://ilrdc.tw/tow/2022/audio/word/13/10_04.wav"
"bonaz","sand","沙子","https://ilrdc.tw/tow/2022/audio/word/13/10_05.wav"
"ra:i’","soil","泥土","https://ilrdc.tw/tow/2022/audio/word/13/10_06.wav"
"ba:la’","stream","河流","https://ilrdc.tw/tow/2022/audio/word/13/10_07.wav"
"waswasal","lake","湖泊","https://ilrdc.tw/tow/2022/audio/word/13/10_08.wav"
"kaehkaehoyan","forest","森林","https://ilrdc.tw/tow/2022/audio/word/13/10_09.wav"
"ponoehba:","crevice","縫隙","https://ilrdc.tw/tow/2022/audio/word/13/10_10.wav"
"hinoroe’","cave","洞穴","https://ilrdc.tw/tow/2022/audio/word/13/10_11.wav"
"kamaSal","at the foot of the mountain","山腳下","https://ilrdc.tw/tow/2022/audio/word/13/10_12.wav"
"ra:i’ rinoton","mound","土堆","https://ilrdc.tw/tow/2022/audio/word/13/10_13.wav"
"kalhib","cavern","岩洞","https://ilrdc.tw/tow/2022/audio/word/13/10_14.wav"
"hinhinbetelan","grassland","草原","https://ilrdc.tw/tow/2022/audio/word/13/10_15.wav"
"kamarika:","hot spring","溫泉","https://ilrdc.tw/tow/2022/audio/word/13/10_16.wav"
" ’at’ataSan","canyon","峽谷","https://ilrdc.tw/tow/2022/audio/word/13/10_17.wav"
"kalhib","cave","山洞","https://ilrdc.tw/tow/2022/audio/word/13/10_18.wav"
"kar’al","rock","岩石","https://ilrdc.tw/tow/2022/audio/word/13/10_19.wav"
"poSpoS","cascade","瀑布","https://ilrdc.tw/tow/2022/audio/word/13/10_20.wav"
"’o:’o:ol","independent hill","獨立的小山頭","https://ilrdc.tw/tow/2022/audio/word/13/10_21.wav"
"kakoko:olan ","lofty mountains and steep hills","崇山峻嶺","https://ilrdc.tw/tow/2022/audio/word/13/10_22.wav"
" ’omoral","rainy","下雨","https://ilrdc.tw/tow/2022/audio/word/13/11_01.wav"
"hahila:","sun","太陽","https://ilrdc.tw/tow/2022/audio/word/13/11_02.wav"
"’ilaS","moon","月亮","https://ilrdc.tw/tow/2022/audio/word/13/11_03.wav"
"kawaS","sky","天空","https://ilrdc.tw/tow/2022/audio/word/13/11_04.wav"
"bintoe’an","star","星星","https://ilrdc.tw/tow/2022/audio/word/13/11_05.wav"
"’a’oral","rain","雨","https://ilrdc.tw/tow/2022/audio/word/13/11_06.wav"
"hahola’","snow","雪","https://ilrdc.tw/tow/2022/audio/word/13/11_07.wav"
" ’amiSan","winter","冬天","https://ilrdc.tw/tow/2022/audio/word/13/11_08.wav"
"haba:an","summer","夏天","https://ilrdc.tw/tow/2022/audio/word/13/11_09.wav"
"bi:wa’","thunder","雷","https://ilrdc.tw/tow/2022/audio/word/13/11_10.wav"
"lamo:","dew","露水","https://ilrdc.tw/tow/2022/audio/word/13/11_11.wav"
"homom","cloud","雲","https://ilrdc.tw/tow/2022/audio/word/13/11_12.wav"
"kasbol","smoke","煙","https://ilrdc.tw/tow/2022/audio/word/13/11_13.wav"
" palomikas","lightning","閃電","https://ilrdc.tw/tow/2022/audio/word/13/11_14.wav"
" ’oem’oemaeh","dry land","旱田","https://ilrdc.tw/tow/2022/audio/word/13/11_15.wav"
"Se’em","cloudy day","陰天","https://ilrdc.tw/tow/2022/audio/word/13/11_16.wav"
"hapoy","fire","火","https://ilrdc.tw/tow/2022/audio/word/13/11_17.wav"
"hahola’","ice","冰","https://ilrdc.tw/tow/2022/audio/word/13/11_18.wav"
"laliw","earthquake","地震","https://ilrdc.tw/tow/2022/audio/word/13/11_19.wav"
"la:ong","shadow","影子","https://ilrdc.tw/tow/2022/audio/word/13/11_20.wav"
"ba:yoS","typhoon","颱風","https://ilrdc.tw/tow/2022/audio/word/13/11_21.wav"
"hahola’","frost","霜","https://ilrdc.tw/tow/2022/audio/word/13/11_22.wav"
"tinoroe’","drip","水滴","https://ilrdc.tw/tow/2022/audio/word/13/11_23.wav"
"hinaw","flood","水患","https://ilrdc.tw/tow/2022/audio/word/13/11_24.wav"
"naba:an","spring","春天","https://ilrdc.tw/tow/2022/audio/word/13/11_25.wav"
"wasal langi:","seaside","海邊","https://ilrdc.tw/tow/2022/audio/word/13/11_26.wav"
"na’amiSan","autumn","秋天","https://ilrdc.tw/tow/2022/audio/word/13/11_27.wav"
"haleb noka habon / ’in noka habon a haleb","rainbow","彩虹","https://ilrdc.tw/tow/2022/audio/word/13/11_28.wav"
"heheb","sunset","日落","https://ilrdc.tw/tow/2022/audio/word/13/11_29.wav"
" ’iyasiwi’ / ’iyaso’i’","dusk","天黑","https://ilrdc.tw/tow/2022/audio/word/13/11_30.wav"
"mintawaeh","stop raining","雨停","https://ilrdc.tw/tow/2022/audio/word/13/11_31.wav"
"ba:yoS","typhoon.","刮颱風","https://ilrdc.tw/tow/2022/audio/word/13/11_32.wav"
"paynaehpo’","sunrise","日出","https://ilrdc.tw/tow/2022/audio/word/13/11_33.wav"
"taew’an","home","家","https://ilrdc.tw/tow/2022/audio/word/13/12_01.wav"
"hinohaes","window","窗戶","https://ilrdc.tw/tow/2022/audio/word/13/12_02.wav"
" ’a’leb","door","門","https://ilrdc.tw/tow/2022/audio/word/13/12_03.wav"
"kakiSka:atan","school","學校","https://ilrdc.tw/tow/2022/audio/word/13/12_04.wav"
"bato’","stone","石頭","https://ilrdc.tw/tow/2022/audio/word/13/12_05.wav"
"sinakeban","roof","屋頂","https://ilrdc.tw/tow/2022/audio/word/13/12_06.wav"
"haleb","bridge","橋樑","https://ilrdc.tw/tow/2022/audio/word/13/12_07.wav"
"hataS","shack","工寮","https://ilrdc.tw/tow/2022/audio/word/13/12_08.wav"
"kata’owan","toilet","廁所","https://ilrdc.tw/tow/2022/audio/word/13/12_09.wav"
"kae’er","pillar","柱子","https://ilrdc.tw/tow/2022/audio/word/13/12_10.wav"
"bato’ rinoton","rock pile","石堆","https://ilrdc.tw/tow/2022/audio/word/13/12_11.wav"
"kawnatata:a’an","chicken coop","雞寮","https://ilrdc.tw/tow/2022/audio/word/13/12_12.wav"
"hahangaw","stair","樓梯","https://ilrdc.tw/tow/2022/audio/word/13/12_13.wav"
"latar ","courtyard","庭院","https://ilrdc.tw/tow/2022/audio/word/13/12_14.wav"
"binlengan","wall","牆壁","https://ilrdc.tw/tow/2022/audio/word/13/12_15.wav"
"saksaka:","barn","穀倉","https://ilrdc.tw/tow/2022/audio/word/13/12_16.wav"
"somakeb","roofing","蓋屋頂","https://ilrdc.tw/tow/2022/audio/word/13/12_17.wav"
" ’omayzing","building a fence","搭建圍籬","https://ilrdc.tw/tow/2022/audio/word/13/12_18.wav"
" taew’an hikor","backyard","後院","https://ilrdc.tw/tow/2022/audio/word/13/12_19.wav"
"koe’hael","next year","明年","https://ilrdc.tw/tow/2022/audio/word/13/13_01.wav"
"hae:wan","evening","晚上","https://ilrdc.tw/tow/2022/audio/word/13/13_02.wav"
"kahiya’","yesterday","昨天","https://ilrdc.tw/tow/2022/audio/word/13/13_03.wav"
"rim’aen","tomorrow","明天","https://ilrdc.tw/tow/2022/audio/word/13/13_04.wav"
"kaysa’an","today","今天","https://ilrdc.tw/tow/2022/audio/word/13/13_05.wav"
"ririm’aenan","morning","早上","https://ilrdc.tw/tow/2022/audio/word/13/13_06.wav"
"hila:an","daytime","白天","https://ilrdc.tw/tow/2022/audio/word/13/13_07.wav"
"kahakri’ael","day before yesterday","前天","https://ilrdc.tw/tow/2022/audio/word/13/13_08.wav"
"ririm’aenan","early morning","清晨","https://ilrdc.tw/tow/2022/audio/word/13/13_09.wav"
" ’iyasiwi’an/ ’iyaso’i’an
","darkness","黑暗","https://ilrdc.tw/tow/2022/audio/word/13/13_10.wav"
"rohaenan","toward evening","傍晚","https://ilrdc.tw/tow/2022/audio/word/13/13_11.wav"
"paSilotor / lomotor","continue","接續","https://ilrdc.tw/tow/2022/audio/word/13/13_12.wav"
" ’iwazwaz","midnight","半夜","https://ilrdc.tw/tow/2022/audio/word/13/13_13.wav"
" ’isahiza","at that time","當時","https://ilrdc.tw/tow/2022/audio/word/13/13_14.wav"
"kasa:ol / kasina:olan","three days ago","大前天","https://ilrdc.tw/tow/2022/audio/word/13/13_15.wav"
" ’insa’an/naehan","in a minute","待會兒","https://ilrdc.tw/tow/2022/audio/word/13/13_16.wav"
"sa:ol","three days later","大後天","https://ilrdc.tw/tow/2022/audio/word/13/13_17.wav"
"tinisikas","gleam","亮光","https://ilrdc.tw/tow/2022/audio/word/13/13_18.wav"
"kari’ael","the day after tomorrow","後天","https://ilrdc.tw/tow/2022/audio/word/13/13_19.wav"
"karim’aenan","morning","上午","https://ilrdc.tw/tow/2022/audio/word/13/13_20.wav"
"mayhael","future","未來","https://ilrdc.tw/tow/2022/audio/word/13/13_21.wav"
"hae:wan","night","夜","https://ilrdc.tw/tow/2022/audio/word/13/13_22.wav"
"’ima ’al’alak","at an early age","年輕時","https://ilrdc.tw/tow/2022/audio/word/13/13_23.wav"
"honha:i’","in a short while","一下子","https://ilrdc.tw/tow/2022/audio/word/13/13_24.wav"
"hila:an","afternoon"," 下午","https://ilrdc.tw/tow/2022/audio/word/13/13_25.wav"
"hin-(+數詞)","o’clock","(幾)點鐘","https://ilrdc.tw/tow/2022/audio/word/13/13_26.wav"
"kaSangayan","sunday","星期日","https://ilrdc.tw/tow/2022/audio/word/13/13_27.wav"
"tinal’oemaeh","year","年","https://ilrdc.tw/tow/2022/audio/word/13/13_28.wav"
"sa’sa’ih ka hahila:","everyday","天天","https://ilrdc.tw/tow/2022/audio/word/13/13_29.wav"
" ’isahini ","now"," 現在","https://ilrdc.tw/tow/2022/audio/word/13/13_30.wav"
"hinbasezan ka hahila:","birthday","生日","https://ilrdc.tw/tow/2022/audio/word/13/13_31.wav"
" ’i:zo’","inside","裡面","https://ilrdc.tw/tow/2022/audio/word/13/14_01.wav"
"ha:aw","somewhere","在某處","https://ilrdc.tw/tow/2022/audio/word/13/14_02.wav"
"babaw","above","上面","https://ilrdc.tw/tow/2022/audio/word/13/14_03.wav"
"kati’ae’lae’/ray kinmae’iyaehan","front","前面","https://ilrdc.tw/tow/2022/audio/word/13/14_04.wav"
"wahoer / kamaSal","below","下面","https://ilrdc.tw/tow/2022/audio/word/13/14_05.wav"
"wazwaz","middle","中間","https://ilrdc.tw/tow/2022/audio/word/13/14_06.wav"
"latar","outside","外面","https://ilrdc.tw/tow/2022/audio/word/13/14_07.wav"
"langi:","side","旁邊","https://ilrdc.tw/tow/2022/audio/word/13/14_08.wav"
"sinakeban","top","頂","https://ilrdc.tw/tow/2022/audio/word/13/14_09.wav"
"ka’nal","the right side","右邊","https://ilrdc.tw/tow/2022/audio/word/13/14_10.wav"
"kayi’","the left side","左邊","https://ilrdc.tw/tow/2022/audio/word/13/14_11.wav"
"kalihokan","nook","角落","https://ilrdc.tw/tow/2022/audio/word/13/14_12.wav"
"wahoer / kamaSal","beneath something","某物之下","https://ilrdc.tw/tow/2022/audio/word/13/14_13.wav"
"payziza’","pass","經過","https://ilrdc.tw/tow/2022/audio/word/13/14_14.wav"
" ’ila ha:aw","(from somewhere) to somewhere","(從某處)到某處","https://ilrdc.tw/tow/2022/audio/word/13/14_15.wav"
"’in’alay","from somewhere","從某處","https://ilrdc.tw/tow/2022/audio/word/13/14_16.wav"
"komerker","hoeing","鋤草","https://ilrdc.tw/tow/2022/audio/word/13/15_01.wav"
"tal’oemaeh","plowing","犁田","https://ilrdc.tw/tow/2022/audio/word/13/15_02.wav"
"tomokoeh","sowing","播種","https://ilrdc.tw/tow/2022/audio/word/13/15_03.wav"
"mamowa’ ka binSi’","seedling (action)","種苗(動作)","https://ilrdc.tw/tow/2022/audio/word/13/15_04.wav"
"hakeb","grain drying box","穀物乾燥簍","https://ilrdc.tw/tow/2022/audio/word/13/15_05.wav"
"’a’amar","rake","犁","https://ilrdc.tw/tow/2022/audio/word/13/15_06.wav"
"hahiwa’","scythe","鐮刀","https://ilrdc.tw/tow/2022/audio/word/13/15_07.wav"
"tatawae’","backhoe","鋤頭","https://ilrdc.tw/tow/2022/audio/word/13/15_08.wav"
"saksaka:","warehouse","倉庫","https://ilrdc.tw/tow/2022/audio/word/13/15_09.wav"
"komaloeh","Open up","開墾","https://ilrdc.tw/tow/2022/audio/word/13/15_10.wav"
" hiliyo:","manure","肥料","https://ilrdc.tw/tow/2022/audio/word/13/15_11.wav"
"zazi:iz","grain sifters","篩穀器具","https://ilrdc.tw/tow/2022/audio/word/13/15_12.wav"
"remek","accelerate the ripening (of fruit)","催熟(果實)","https://ilrdc.tw/tow/2022/audio/word/13/15_13.wav"
"minpazayan","straw","稻草","https://ilrdc.tw/tow/2022/audio/word/13/15_14.wav"
"boehoe:","bow","弓","https://ilrdc.tw/tow/2022/audio/word/13/16_01.wav"
"hobak ","spear","矛","https://ilrdc.tw/tow/2022/audio/word/13/16_02.wav"
"hoSoS  ","arrow","箭矢","https://ilrdc.tw/tow/2022/audio/word/13/16_03.wav"
"tatabo: ","bait","餌","https://ilrdc.tw/tow/2022/audio/word/13/16_04.wav"
"wawatos","gun","槍","https://ilrdc.tw/tow/2022/audio/word/13/16_05.wav"
"malat","hunting knife","獵刀","https://ilrdc.tw/tow/2022/audio/word/13/16_06.wav"
"sibal","straight hunting knife","直形獵刀","https://ilrdc.tw/tow/2022/audio/word/13/16_07.wav"
"’inalep","prey (collectively)","獵物(統稱)","https://ilrdc.tw/tow/2022/audio/word/13/16_08.wav"
"linanger","stone trap","石壓式陷阱","https://ilrdc.tw/tow/2022/audio/word/13/16_09.wav"
"talnga’","noose trap","套頸式繩索陷阱","https://ilrdc.tw/tow/2022/audio/word/13/16_10.wav"
" kala’","basket","籃子","https://ilrdc.tw/tow/2022/audio/word/13/16_11.wav"
"Sihilok","bird trap","捕鳥陷阱","https://ilrdc.tw/tow/2022/audio/word/13/16_12.wav"
"poSiyan","taboo","禁忌","https://ilrdc.tw/tow/2022/audio/word/13/17_01.wav"
"kaSpi’","dream","夢","https://ilrdc.tw/tow/2022/audio/word/13/17_02.wav"
"komawa’","witchcraft","巫術","https://ilrdc.tw/tow/2022/audio/word/13/17_03.wav"
"kakiShabonan","church","教會","https://ilrdc.tw/tow/2022/audio/word/13/17_04.wav"
"paSbaki’","pas-vake","祖靈祭","https://ilrdc.tw/tow/2022/audio/word/13/17_05.wav"
"pit’aza’","misalisin","播種祭","https://ilrdc.tw/tow/2022/audio/word/13/17_06.wav"
"habon","ghost","鬼魂","https://ilrdc.tw/tow/2022/audio/word/13/17_07.wav"
"kapiro:o’ / kaparhaep","witchcarft appliance (witch doctor use it for treatment)","法器(巫醫治病用)","https://ilrdc.tw/tow/2022/audio/word/13/17_08.wav"
"tatpo’","hat","帽子","https://ilrdc.tw/tow/2022/audio/word/13/18_01.wav"
"kayba:en","dress","衣服","https://ilrdc.tw/tow/2022/audio/word/13/18_02.wav"
"tomnon","weave","編織","https://ilrdc.tw/tow/2022/audio/word/13/18_03.wav"
"tawyaeh","belly band","肚兜","https://ilrdc.tw/tow/2022/audio/word/13/18_04.wav"
"babaton","men’s earring","男用耳環","https://ilrdc.tw/tow/2022/audio/word/13/18_05.wav"
"lalawir","women’s earring","女用耳環","https://ilrdc.tw/tow/2022/audio/word/13/18_06.wav"
"hahngae’","pants","褲子","https://ilrdc.tw/tow/2022/audio/word/13/18_07.wav"
"minSawi’ ","torn","破掉","https://ilrdc.tw/tow/2022/audio/word/13/18_08.wav"
"kapaSket","headdress","頭飾","https://ilrdc.tw/tow/2022/audio/word/13/18_09.wav"
"ti’a’","netting needle","編網針","https://ilrdc.tw/tow/2022/audio/word/13/18_10.wav"
"kapaksel","belt","腰帶","https://ilrdc.tw/tow/2022/audio/word/13/18_11.wav"
"kakiw","ramie","苧麻","https://ilrdc.tw/tow/2022/audio/word/13/18_12.wav"
"rememe:","stain","染色","https://ilrdc.tw/tow/2022/audio/word/13/18_13.wav"
"sinihoe: hinoba:ang","floating fabric","浮織","https://ilrdc.tw/tow/2022/audio/word/13/18_14.wav"
"hahngae’","women’s long pant","女性長褲","https://ilrdc.tw/tow/2022/audio/word/13/18_15.wav"
"Sinikiw","boehmeria thread","苧麻線","https://ilrdc.tw/tow/2022/audio/word/13/18_16.wav"
"tinnon","cloth","布匹","https://ilrdc.tw/tow/2022/audio/word/13/18_17.wav"
"katal’izaeh","makeup and accessories","妝扮飾物","https://ilrdc.tw/tow/2022/audio/word/13/18_18.wav"
"katoeh","traditional blouse","傳統女上衣","https://ilrdc.tw/tow/2022/audio/word/13/18_19.wav"
"totoS","traditional skirt","傳統女裙","https://ilrdc.tw/tow/2022/audio/word/13/18_20.wav"
"hahoway","shoe","鞋子","https://ilrdc.tw/tow/2022/audio/word/13/18_21.wav"
"patay","baby carrier","揹小孩的背帶","https://ilrdc.tw/tow/2022/audio/word/13/18_22.wav"
"wa:ay","yarn","毛線","https://ilrdc.tw/tow/2022/audio/word/13/18_23.wav"
"totoS ","skirt","裙子","https://ilrdc.tw/tow/2022/audio/word/13/18_24.wav"
"kapakbo:ol","codpiece","男用遮陰布","https://ilrdc.tw/tow/2022/audio/word/13/18_25.wav"
"kaway","men’s mesh bag","男用背負網袋","https://ilrdc.tw/tow/2022/audio/word/13/18_26.wav"
"tawyaeh","breastplate","擋胸巾","https://ilrdc.tw/tow/2022/audio/word/13/18_27.wav"
"kapohima’","sleeve","袖子","https://ilrdc.tw/tow/2022/audio/word/13/18_28.wav"
"katoeh","jacket","上衣","https://ilrdc.tw/tow/2022/audio/word/13/18_29.wav"
"wakil","headband (for women’s backpack)","背（肩）帶","https://ilrdc.tw/tow/2022/audio/word/13/18_30.wav"
"Sinikiw","vegetarian linen thread for weaving","織布用的素麻線","https://ilrdc.tw/tow/2022/audio/word/13/18_31.wav"
"Soma:ir","scrape ramie","刮苧麻","https://ilrdc.tw/tow/2022/audio/word/13/18_32.wav"
"takil","bamboom back basket","女用揹籃","https://ilrdc.tw/tow/2022/audio/word/13/19_01.wav"
"kala’","round bamboo basket","圓形竹簍","https://ilrdc.tw/tow/2022/audio/word/13/19_02.wav"
"baSe’","bus","公車","https://ilrdc.tw/tow/2022/audio/word/13/20_01.wav"
"ritinSiya’","bicycle","腳踏車","https://ilrdc.tw/tow/2022/audio/word/13/20_02.wav"
"ka’intani’an","station","車站","https://ilrdc.tw/tow/2022/audio/word/13/20_03.wav"
"koroma’ / nom romnay","tire","輪胎","https://ilrdc.tw/tow/2022/audio/word/13/20_04.wav"
"palono’","ship","船","https://ilrdc.tw/tow/2022/audio/word/13/20_05.wav"
"kapapama’an","car","車子","https://ilrdc.tw/tow/2022/audio/word/13/20_06.wav"
"kalihapoyan","train","火車","https://ilrdc.tw/tow/2022/audio/word/13/20_07.wav"
"pazay","rice","飯","https://ilrdc.tw/tow/2022/audio/word/13/21_01.wav"
"ralom","water","水","https://ilrdc.tw/tow/2022/audio/word/13/21_02.wav"
"Si’Si’","rice","白米","https://ilrdc.tw/tow/2022/audio/word/13/21_03.wav"
"tatimae’","dish","菜餚","https://ilrdc.tw/tow/2022/audio/word/13/21_04.wav"
"por’oe’","green vegetable","青菜","https://ilrdc.tw/tow/2022/audio/word/13/21_05.wav"
"pinobae:aeh","wine","酒","https://ilrdc.tw/tow/2022/audio/word/13/21_06.wav"
"timo’","salt","鹽","https://ilrdc.tw/tow/2022/audio/word/13/21_07.wav"
"walo’ / tinralom","honey","蜜","https://ilrdc.tw/tow/2022/audio/word/13/21_08.wav"
"’oesizo:","egg","蛋","https://ilrdc.tw/tow/2022/audio/word/13/21_09.wav"
"zazalas","oil","油","https://ilrdc.tw/tow/2022/audio/word/13/21_10.wav"
"sinazek","taste","味道","https://ilrdc.tw/tow/2022/audio/word/13/21_11.wav"
"kasnaw","soup","湯","https://ilrdc.tw/tow/2022/audio/word/13/21_12.wav"
"hewek","beans","豆類","https://ilrdc.tw/tow/2022/audio/word/13/21_13.wav"
"sitaew","daikon","白蘿蔔","https://ilrdc.tw/tow/2022/audio/word/13/21_14.wav"
"ka:mez","grain","穀粒","https://ilrdc.tw/tow/2022/audio/word/13/21_15.wav"
"ho’ol ","glutinous rice","糯米","https://ilrdc.tw/tow/2022/audio/word/13/21_16.wav"
"siningo:","porridge","粥","https://ilrdc.tw/tow/2022/audio/word/13/21_17.wav"
"tata’","millet","小米","https://ilrdc.tw/tow/2022/audio/word/13/21_18.wav"
"walo’","sugar","糖","https://ilrdc.tw/tow/2022/audio/word/13/21_19.wav"
"’ayam","pork","豬肉","https://ilrdc.tw/tow/2022/audio/word/13/21_20.wav"
"wa:ay","noodle","麵","https://ilrdc.tw/tow/2022/audio/word/13/21_21.wav"
"tawyo: / Soyo:","soy sauce","醬油","https://ilrdc.tw/tow/2022/audio/word/13/21_22.wav"
"bolasih","indica rice","在來米","https://ilrdc.tw/tow/2022/audio/word/13/21_23.wav"
"ka’sa’","rice bran","米糠","https://ilrdc.tw/tow/2022/audio/word/13/21_24.wav"
"(無此詞彙)","flour","麵粉","https://ilrdc.tw/tow/2022/audio/word/13/21_25.wav"
"bolalasan","white","白色","https://ilrdc.tw/tow/2022/audio/word/13/22_01.wav"
"’elngihan","black","黑色","https://ilrdc.tw/tow/2022/audio/word/13/22_02.wav"
"ngangilaehan","red","紅色","https://ilrdc.tw/tow/2022/audio/word/13/22_03.wav"
"pezngesan","purple","紫色的","https://ilrdc.tw/tow/2022/audio/word/13/22_04.wav"
"habiyalan ","yellow","黃色的","https://ilrdc.tw/tow/2022/audio/word/13/22_05.wav"
"habhabiyalan","brown","咖啡色","https://ilrdc.tw/tow/2022/audio/word/13/22_06.wav"
"’oelpoehan","grey","灰色","https://ilrdc.tw/tow/2022/audio/word/13/22_07.wav"
"hes’ezan","green","綠色","https://ilrdc.tw/tow/2022/audio/word/13/22_08.wav"
"rineme: ","color","顏色","https://ilrdc.tw/tow/2022/audio/word/13/22_09.wav"
"tinbong","dog bark","狗吠聲","https://ilrdc.tw/tow/2022/audio/word/13/23_01.wav"
"kapa:tol","song","歌","https://ilrdc.tw/tow/2022/audio/word/13/23_02.wav"
"kinbazae’an","it is said...","聽說","https://ilrdc.tw/tow/2022/audio/word/13/24_01.wav"
"nonak","alone","獨自一人","https://ilrdc.tw/tow/2022/audio/word/13/24_02.wav"
"hingha’","identical","相同","https://ilrdc.tw/tow/2022/audio/word/13/24_03.wav"
" ’asang / hito’","tribe","部落","https://ilrdc.tw/tow/2022/audio/word/13/24_04.wav"
"hahila:","day","日子","https://ilrdc.tw/tow/2022/audio/word/13/24_05.wav"
"’ihi’","yes","是的","https://ilrdc.tw/tow/2022/audio/word/13/24_06.wav"
"kapayaka:i’","language","語言","https://ilrdc.tw/tow/2022/audio/word/13/24_07.wav"
"wa’is","strength","力量","https://ilrdc.tw/tow/2022/audio/word/13/24_08.wav"
"katalsekelan","target","目標","https://ilrdc.tw/tow/2022/audio/word/13/24_09.wav"
"kaspengan","culture","文化","https://ilrdc.tw/tow/2022/audio/word/13/24_10.wav"
"Sapang howaw","meaning","意義","https://ilrdc.tw/tow/2022/audio/word/13/24_11.wav"
"makaksi’ael","get married","結婚","https://ilrdc.tw/tow/2022/audio/word/13/24_12.wav"
"’inak’ino’ino’an","various","各色各樣","https://ilrdc.tw/tow/2022/audio/word/13/24_13.wav"
"kababae:iwan","price","價格","https://ilrdc.tw/tow/2022/audio/word/13/24_14.wav"
"nom powa’ / kapowa’en","purpose","用途","https://ilrdc.tw/tow/2022/audio/word/13/24_15.wav"
"makaksi’ael","marriage","婚姻","https://ilrdc.tw/tow/2022/audio/word/13/24_16.wav"
"papahowih","late","遲到","https://ilrdc.tw/tow/2022/audio/word/13/24_17.wav"
"’eleb","close","關上","https://ilrdc.tw/tow/2022/audio/word/13/25_01.wav"
"tibae:iw","sell","賣","https://ilrdc.tw/tow/2022/audio/word/13/25_02.wav"
" ’oSa’  / rima’","go","去","https://ilrdc.tw/tow/2022/audio/word/13/25_03.wav"
" hawaeh","open","打開","https://ilrdc.tw/tow/2022/audio/word/13/25_04.wav"
"wa:i’ ila","come here","(叫人)過來","https://ilrdc.tw/tow/2022/audio/word/13/25_05.wav"
"bae:iw","buy","買","https://ilrdc.tw/tow/2022/audio/word/13/25_06.wav"
"be:ay ","give","給","https://ilrdc.tw/tow/2022/audio/word/13/25_07.wav"
"wa:i’","come","來","https://ilrdc.tw/tow/2022/audio/word/13/25_08.wav"
"Sibae:aeh","lend","借","https://ilrdc.tw/tow/2022/audio/word/13/25_09.wav"
"panra:an","walk","走路","https://ilrdc.tw/tow/2022/audio/word/13/25_10.wav"
"rae:iw ","go (away)","走(離開)","https://ilrdc.tw/tow/2022/audio/word/13/25_11.wav"
"homayap","fly","飛","https://ilrdc.tw/tow/2022/audio/word/13/25_12.wav"
"’ae’ae:aew","run (imperatives)","跑 (祈使)","https://ilrdc.tw/tow/2022/audio/word/13/25_13.wav"
"potngor","arrival","抵達","https://ilrdc.tw/tow/2022/audio/word/13/25_14.wav"
"Somater","see a visitor out","送(客人)","https://ilrdc.tw/tow/2022/audio/word/13/25_15.wav"
"rae:iw","flee","逃跑","https://ilrdc.tw/tow/2022/audio/word/13/25_16.wav"
"kaS’abo’","enter","進入","https://ilrdc.tw/tow/2022/audio/word/13/25_17.wav"
"pakalbel","overturn","翻倒","https://ilrdc.tw/tow/2022/audio/word/13/25_18.wav"
"maraS","bring","帶","https://ilrdc.tw/tow/2022/audio/word/13/25_19.wav"
"Sowaw","get rid of...","趕走","https://ilrdc.tw/tow/2022/audio/word/13/25_20.wav"
"lobaeh","turn back","折返","https://ilrdc.tw/tow/2022/audio/word/13/25_21.wav"
"sem’el","growth","(植物)生長","https://ilrdc.tw/tow/2022/audio/word/13/25_22.wav"
"’ikakoraeh","get out of the way","讓開","https://ilrdc.tw/tow/2022/audio/word/13/25_23.wav"
"sa’oe’","present","贈送(禮物)","https://ilrdc.tw/tow/2022/audio/word/13/25_24.wav"
"kako:ol","along the mountains","沿著山巒","https://ilrdc.tw/tow/2022/audio/word/13/25_25.wav"
"mehes","drop","(植物的果實)掉落","https://ilrdc.tw/tow/2022/audio/word/13/25_26.wav"
"manakiS","uphill","(往)上坡","https://ilrdc.tw/tow/2022/audio/word/13/25_27.wav"
"mari’","call for","接(人)","https://ilrdc.tw/tow/2022/audio/word/13/25_28.wav"
"tapez","crossing the stream","越溪而過","https://ilrdc.tw/tow/2022/audio/word/13/25_29.wav"
"Somina’","ask","向人家要(東西)","https://ilrdc.tw/tow/2022/audio/word/13/25_30.wav"
"Sibih","pour","倒(水)","https://ilrdc.tw/tow/2022/audio/word/13/25_31.wav"
"mayziza","go","走(向某個方向)","https://ilrdc.tw/tow/2022/audio/word/13/25_32.wav"
"Somakap","climb","(藤類植物)攀爬","https://ilrdc.tw/tow/2022/audio/word/13/25_33.wav"
"manmanra:an","take a stroll","逛一逛","https://ilrdc.tw/tow/2022/audio/word/13/25_34.wav"
"Somowaw","chase after","追","https://ilrdc.tw/tow/2022/audio/word/13/25_35.wav"
"somakel","catch up","趕上","https://ilrdc.tw/tow/2022/audio/word/13/25_36.wav"
"monSo:ol","slip off","滑掉","https://ilrdc.tw/tow/2022/audio/word/13/25_37.wav"
"rasiwazay","separate","分開","https://ilrdc.tw/tow/2022/audio/word/13/25_38.wav"
"maraS","carry (e.g. with umbrella)"," 攜帶(如帶傘)","https://ilrdc.tw/tow/2022/audio/word/13/25_39.wav"
"homiba:","put on (e.g. cloth)"," 穿(如穿衣服)","https://ilrdc.tw/tow/2022/audio/word/13/25_40.wav"
"tatpo’","wear (e.g. hat)"," 戴(如戴帽子)","https://ilrdc.tw/tow/2022/audio/word/13/25_41.wav"
"kas’oehaez","appear","出現","https://ilrdc.tw/tow/2022/audio/word/13/25_42.wav"
"minaSa:eng","sitting"," 坐著","https://ilrdc.tw/tow/2022/audio/word/13/25_43.wav"
"miniriri:i’","standing","站著","https://ilrdc.tw/tow/2022/audio/word/13/25_44.wav"
"’eleb","shut (e.g. door,window)"," 關(門；窗)","https://ilrdc.tw/tow/2022/audio/word/13/25_45.wav"
"’am mowa:i’","coming","要來","https://ilrdc.tw/tow/2022/audio/word/13/25_46.wav"
"minowa:i’","have been here before","來過","https://ilrdc.tw/tow/2022/audio/word/13/25_47.wav"
" rima’ ila ","gone"," 去了","https://ilrdc.tw/tow/2022/audio/word/13/25_48.wav"
"homakama’","crawl","爬行","https://ilrdc.tw/tow/2022/audio/word/13/25_49.wav"
"kita’en","look like..."," 看起來","https://ilrdc.tw/tow/2022/audio/word/13/25_50.wav"
"komita’ / payrarongaw","visit","拜訪","https://ilrdc.tw/tow/2022/audio/word/13/25_51.wav"
"kaSlatar","go out"," 出去","https://ilrdc.tw/tow/2022/audio/word/13/25_52.wav"
"tomkaw","jump","跳躍","https://ilrdc.tw/tow/2022/audio/word/13/26_01.wav"
"homlal","dance","跳舞","https://ilrdc.tw/tow/2022/audio/word/13/26_02.wav"
"Sa:eng","sit down","坐下","https://ilrdc.tw/tow/2022/audio/word/13/26_03.wav"
"homoroko’","bend over","彎腰","https://ilrdc.tw/tow/2022/audio/word/13/26_04.wav"
"halay","hang","掛","https://ilrdc.tw/tow/2022/audio/word/13/26_05.wav"
"makakSiyae’","play (e.g. ball)","玩(球)","https://ilrdc.tw/tow/2022/audio/word/13/26_06.wav"
"mari’","pick up","拿取","https://ilrdc.tw/tow/2022/audio/word/13/26_07.wav"
"Sembet","punch (e.g. people)","打(人)","https://ilrdc.tw/tow/2022/audio/word/13/26_08.wav"
"hazab","sting","刺","https://ilrdc.tw/tow/2022/audio/word/13/26_09.wav"
"panae’","shoot","射擊","https://ilrdc.tw/tow/2022/audio/word/13/26_10.wav"
"ngizo’","stumble","跌倒","https://ilrdc.tw/tow/2022/audio/word/13/26_11.wav"
"tako:","kick","踢","https://ilrdc.tw/tow/2022/audio/word/13/26_12.wav"
"kontotol","push","推","https://ilrdc.tw/tow/2022/audio/word/13/26_13.wav"
"kinmaeh","felled","砍伐","https://ilrdc.tw/tow/2022/audio/word/13/26_14.wav"
"lalengeS","shake","搖動","https://ilrdc.tw/tow/2022/audio/word/13/26_15.wav"
"tipoetoeh / ti’oetoeh","break","折斷","https://ilrdc.tw/tow/2022/audio/word/13/26_16.wav"
"mantete:","tremble","發抖","https://ilrdc.tw/tow/2022/audio/word/13/26_17.wav"
"kaka:aw","scratch itching","抓癢","https://ilrdc.tw/tow/2022/audio/word/13/26_18.wav"
"ta:’itol","climb","爬上(去)","https://ilrdc.tw/tow/2022/audio/word/13/26_19.wav"
"paywawa:ak","lie down","躺","https://ilrdc.tw/tow/2022/audio/word/13/26_20.wav"
"pama’","carry (somebody)","揹(人)","https://ilrdc.tw/tow/2022/audio/word/13/26_21.wav"
"hintari:","smash to pieces","敲碎","https://ilrdc.tw/tow/2022/audio/word/13/26_22.wav"
"homangal","carry on one’s shoulder","扛","https://ilrdc.tw/tow/2022/audio/word/13/26_23.wav"
"panibih","flip","翻動","https://ilrdc.tw/tow/2022/audio/word/13/26_24.wav"
"hintabo’","roll down","滾落","https://ilrdc.tw/tow/2022/audio/word/13/26_25.wav"
"tomono’","bump into","撞到","https://ilrdc.tw/tow/2022/audio/word/13/26_26.wav"
"’inawpo’","hold","抱著","https://ilrdc.tw/tow/2022/audio/word/13/26_27.wav"
"hiyop","blow","吹","https://ilrdc.tw/tow/2022/audio/word/13/26_28.wav"
"kowih","dig","挖掘","https://ilrdc.tw/tow/2022/audio/word/13/26_29.wav"
"hiwa’","cut","切","https://ilrdc.tw/tow/2022/audio/word/13/26_30.wav"
"lalangoy","swim","游泳","https://ilrdc.tw/tow/2022/audio/word/13/26_31.wav"
"Sa:il","hide","藏起來","https://ilrdc.tw/tow/2022/audio/word/13/26_32.wav"
"rakep","catch","抓(如抓到動物)","https://ilrdc.tw/tow/2022/audio/word/13/26_33.wav"
"paSraya’ / kinmaeh","chop","砍","https://ilrdc.tw/tow/2022/audio/word/13/26_34.wav"
"pama’","carry (something)","揹負(物品)","https://ilrdc.tw/tow/2022/audio/word/13/26_35.wav"
" ’a’apol","divide","分(東西)","https://ilrdc.tw/tow/2022/audio/word/13/26_36.wav"
"lakay","cut open","剖切","https://ilrdc.tw/tow/2022/audio/word/13/26_37.wav"
"botoe’","tie it up","綁住","https://ilrdc.tw/tow/2022/audio/word/13/26_38.wav"
"hoehoeh","pull","拉","https://ilrdc.tw/tow/2022/audio/word/13/26_39.wav"
"laehae:","split","劈(木材)","https://ilrdc.tw/tow/2022/audio/word/13/26_40.wav"
" ’al’oetoeh","rip","扯斷","https://ilrdc.tw/tow/2022/audio/word/13/26_41.wav"
"sisil","draw (a bow)","提著","https://ilrdc.tw/tow/2022/audio/word/13/26_42.wav"
"pakme:","hold it","握著","https://ilrdc.tw/tow/2022/audio/word/13/26_43.wav"
"botoe’","bundle","捆綁","https://ilrdc.tw/tow/2022/audio/word/13/26_44.wav"
"konre’re’","hold down","按住","https://ilrdc.tw/tow/2022/audio/word/13/26_45.wav"
"hebel","pull out","拔除","https://ilrdc.tw/tow/2022/audio/word/13/26_46.wav"
"pawhi:il ","select","挑選","https://ilrdc.tw/tow/2022/audio/word/13/26_47.wav"
"be:eS","spill","散撒","https://ilrdc.tw/tow/2022/audio/word/13/26_48.wav"
"tangoe’","peck","啄","https://ilrdc.tw/tow/2022/audio/word/13/26_49.wav"
"silaeh","plug","插","https://ilrdc.tw/tow/2022/audio/word/13/26_50.wav"
"roton","pile up","堆積","https://ilrdc.tw/tow/2022/audio/word/13/26_51.wav"
"Sobowaw","move","搬運","https://ilrdc.tw/tow/2022/audio/word/13/26_52.wav"
"hebel","pluck","拔出","https://ilrdc.tw/tow/2022/audio/word/13/26_53.wav"
" ’ilo’","stirring","攪動","https://ilrdc.tw/tow/2022/audio/word/13/26_54.wav"
"’opi:","hold it down","壓住","https://ilrdc.tw/tow/2022/audio/word/13/26_55.wav"
"zikzik","scratch and itch","搔癢","https://ilrdc.tw/tow/2022/audio/word/13/26_56.wav"
"makme:","make a fist","握拳","https://ilrdc.tw/tow/2022/audio/word/13/26_57.wav"
"tiklih","pluck","摘取","https://ilrdc.tw/tow/2022/audio/word/13/26_58.wav"
"kakoway","shaking","晃動","https://ilrdc.tw/tow/2022/audio/word/13/26_59.wav"
"bolak","peel (peanuts; beans)","剝(花生；豆類)","https://ilrdc.tw/tow/2022/audio/word/13/26_60.wav"
"tapez","wade across the water","涉水而過","https://ilrdc.tw/tow/2022/audio/word/13/26_61.wav"
"tete:","vibrate","振動","https://ilrdc.tw/tow/2022/audio/word/13/26_62.wav"
"potoy","packing","打包","https://ilrdc.tw/tow/2022/audio/word/13/26_63.wav"
"kemsem / romokrok","harvest","採收","https://ilrdc.tw/tow/2022/audio/word/13/26_64.wav"
"sizab","sharpen","(將器具)磨利","https://ilrdc.tw/tow/2022/audio/word/13/26_65.wav"
"lalengeS","swing","(搖)動","https://ilrdc.tw/tow/2022/audio/word/13/26_66.wav"
"Somowaw","hunt and capture","追捕","https://ilrdc.tw/tow/2022/audio/word/13/26_67.wav"
"tomartari:","shatter","打碎","https://ilrdc.tw/tow/2022/audio/word/13/26_68.wav"
"malbel","fall","倒(下)","https://ilrdc.tw/tow/2022/audio/word/13/26_69.wav"
"wakit ","twist","扭轉","https://ilrdc.tw/tow/2022/audio/word/13/26_70.wav"
"tomi’er","stand","豎立","https://ilrdc.tw/tow/2022/audio/word/13/26_71.wav"
"Somarak / kaStata:","trample on","踩踏","https://ilrdc.tw/tow/2022/audio/word/13/26_72.wav"
"kaSkoraeh","cross over","跨過","https://ilrdc.tw/tow/2022/audio/word/13/26_73.wav"
"homiwa’","cut","割","https://ilrdc.tw/tow/2022/audio/word/13/26_74.wav"
"se’e:","pinch","掐住","https://ilrdc.tw/tow/2022/audio/word/13/26_75.wav"
"konre’re’","repress","壓制","https://ilrdc.tw/tow/2022/audio/word/13/26_76.wav"
"tabo:","feed","餵食","https://ilrdc.tw/tow/2022/audio/word/13/26_77.wav"
"rakep","arrest","捕抓","https://ilrdc.tw/tow/2022/audio/word/13/26_78.wav"
"biyawen","pry open","撬開","https://ilrdc.tw/tow/2022/audio/word/13/26_79.wav"
"Somarak","step","(用腳)踏","https://ilrdc.tw/tow/2022/audio/word/13/26_80.wav"
"konpiyak / kon’ipa’","squash","壓扁","https://ilrdc.tw/tow/2022/audio/word/13/26_81.wav"
"komolala’","skin","剝皮","https://ilrdc.tw/tow/2022/audio/word/13/26_82.wav"
" pori:","rub (e.g. lipstick; paint)","擦(如口紅；油漆)","https://ilrdc.tw/tow/2022/audio/word/13/26_83.wav"
"malkalkal","flipping","亂翻","https://ilrdc.tw/tow/2022/audio/word/13/26_84.wav"
"poepoe:oeh","tumble","揉搓(衣物)","https://ilrdc.tw/tow/2022/audio/word/13/26_85.wav"
"maSraehray","lean on","靠著","https://ilrdc.tw/tow/2022/audio/word/13/26_86.wav"
"Sawik","whip","鞭打","https://ilrdc.tw/tow/2022/audio/word/13/26_87.wav"
"maSkirkiri:","lie on the side","側臥","https://ilrdc.tw/tow/2022/audio/word/13/26_88.wav"
" ’omazip","skin","削(水果)","https://ilrdc.tw/tow/2022/audio/word/13/26_89.wav"
" ’omiyang","twisting","捻線","https://ilrdc.tw/tow/2022/audio/word/13/26_90.wav"
"kato:","cut","剪","https://ilrdc.tw/tow/2022/audio/word/13/26_91.wav"
"kinmaeh / SikSik","cut off","砍除","https://ilrdc.tw/tow/2022/audio/word/13/26_92.wav"
"kae:oeh","wave","招手","https://ilrdc.tw/tow/2022/audio/word/13/26_93.wav"
"tektek","chop (meat)","剁","https://ilrdc.tw/tow/2022/audio/word/13/26_94.wav"
"to’to’","beat","搗","https://ilrdc.tw/tow/2022/audio/word/13/26_95.wav"
"kakoring","fight","打架","https://ilrdc.tw/tow/2022/audio/word/13/26_96.wav"
"kakon’es’es / kepe:","squeeze","擠","https://ilrdc.tw/tow/2022/audio/word/13/26_97.wav"
"honroko’","lower your head down","低下頭","https://ilrdc.tw/tow/2022/audio/word/13/26_98.wav"
"hoehoeh / ’alraya’","pull (up)","拉(上來)","https://ilrdc.tw/tow/2022/audio/word/13/26_99.wav"
"kowih","dig","(用手)挖掘","https://ilrdc.tw/tow/2022/audio/word/13/26_100.wav"
"tomowak","peeling the bark of a tree","剝樹皮","https://ilrdc.tw/tow/2022/audio/word/13/26_101.wav"
"hoba:ang","draw"," 畫圖","https://ilrdc.tw/tow/2022/audio/word/13/26_102.wav"
"waSwaSak","arbitrary"," 隨意","https://ilrdc.tw/tow/2022/audio/word/13/26_103.wav"
"miyataltaliki:","squat down","蹲下","https://ilrdc.tw/tow/2022/audio/word/13/26_104.wav"
"’in’itol","stand up"," 起立","https://ilrdc.tw/tow/2022/audio/word/13/26_105.wav"
"si’ael","eat","吃","https://ilrdc.tw/tow/2022/audio/word/13/27_01.wav"
" ’oes’oes","suck in","吸","https://ilrdc.tw/tow/2022/audio/word/13/27_02.wav"
"rae’oe:","drink","喝","https://ilrdc.tw/tow/2022/audio/word/13/27_03.wav"
"moetae’","vomit","吐","https://ilrdc.tw/tow/2022/audio/word/13/27_04.wav"
"ka:as","bite","咬","https://ilrdc.tw/tow/2022/audio/word/13/27_05.wav"
"Sa’en","swallow","吞嚥","https://ilrdc.tw/tow/2022/audio/word/13/27_06.wav"
"Sa’enen","swallow","吞下","https://ilrdc.tw/tow/2022/audio/word/13/27_07.wav"
"peSnehen / zelesen","get burnt","燙到","https://ilrdc.tw/tow/2022/audio/word/13/27_08.wav"
"Sobis’i:","choke (on)","噎到","https://ilrdc.tw/tow/2022/audio/word/13/27_09.wav"
"baba:ok","full","飽食","https://ilrdc.tw/tow/2022/audio/word/13/27_10.wav"
"taetae’","chew","咀嚼","https://ilrdc.tw/tow/2022/audio/word/13/27_11.wav"
"miyaralom","thirsty","渴","https://ilrdc.tw/tow/2022/audio/word/13/27_12.wav"
"kotkot","nibble","啃","https://ilrdc.tw/tow/2022/audio/word/13/27_13.wav"
"kitoya’","hungry","餓","https://ilrdc.tw/tow/2022/audio/word/13/27_14.wav"
"somi’ael","eat","吃(東西)","https://ilrdc.tw/tow/2022/audio/word/13/27_15.wav"
"komhama’","have breakfast","吃早餐","https://ilrdc.tw/tow/2022/audio/word/13/27_16.wav"
"komsi’ael","have lunch","吃午餐","https://ilrdc.tw/tow/2022/audio/word/13/27_17.wav"
"komSa:o’","have dinner","吃晚餐","https://ilrdc.tw/tow/2022/audio/word/13/27_18.wav"
"sasbong","come across","遇到","https://ilrdc.tw/tow/2022/audio/word/13/28_01.wav"
"ra:am","know","知道","https://ilrdc.tw/tow/2022/audio/word/13/28_02.wav"
"kita’","see","看","https://ilrdc.tw/tow/2022/audio/word/13/28_03.wav"
"payaka:i’","say","說","https://ilrdc.tw/tow/2022/audio/word/13/28_04.wav"
"ngowip","forget (imperatives)","忘記(祈使)","https://ilrdc.tw/tow/2022/audio/word/13/28_05.wav"
"Senga’nga’","close (your) eyes","閉(眼睛)","https://ilrdc.tw/tow/2022/audio/word/13/28_06.wav"
"sazek","smell (as in smell)","聞(如聞味道)","https://ilrdc.tw/tow/2022/audio/word/13/28_07.wav"
"pon’a:iS / bilis","touch","觸摸(物品)","https://ilrdc.tw/tow/2022/audio/word/13/28_08.wav"
"roma:ol ","invite","邀請","https://ilrdc.tw/tow/2022/audio/word/13/28_09.wav"
"bazae’en","feel","感覺","https://ilrdc.tw/tow/2022/audio/word/13/28_10.wav"
"panabih","tell","告訴(別人)","https://ilrdc.tw/tow/2022/audio/word/13/28_11.wav"
" ’oma:ih","calling (e.g. calling before feeding the chickens)","叫喚(如餵雞前會叫喚)","https://ilrdc.tw/tow/2022/audio/word/13/28_12.wav"
"singozaw","ask","詢問","https://ilrdc.tw/tow/2022/audio/word/13/28_13.wav"
"Siwa’","agree","答應","https://ilrdc.tw/tow/2022/audio/word/13/28_14.wav"
"paka:i’","believe","相信","https://ilrdc.tw/tow/2022/audio/word/13/28_15.wav"
" ’angang","curse","謾罵","https://ilrdc.tw/tow/2022/audio/word/13/28_16.wav"
"pon’a:iS","touch (as in touching the body)","觸碰(如碰觸到身體)","https://ilrdc.tw/tow/2022/audio/word/13/28_17.wav"
" tiSkobae:oeh ","respond","回應","https://ilrdc.tw/tow/2022/audio/word/13/28_18.wav"
"bazae’","listen","聽","https://ilrdc.tw/tow/2022/audio/word/13/28_19.wav"
"ziyae’","lick","舔","https://ilrdc.tw/tow/2022/audio/word/13/28_20.wav"
"pa’alowa’","tell","交代(事情)","https://ilrdc.tw/tow/2022/audio/word/13/28_21.wav"
"tomamasa’ / mamasa’","open your eyes","睜眼","https://ilrdc.tw/tow/2022/audio/word/13/28_22.wav"
"tomirmaraw","aim","瞄準","https://ilrdc.tw/tow/2022/audio/word/13/28_23.wav"
"tortoroe’","teach (e.g. teaching someone to write)","教(如教人寫字)","https://ilrdc.tw/tow/2022/audio/word/13/28_24.wav"
"ma’az’azem","think","想(思考)","https://ilrdc.tw/tow/2022/audio/word/13/28_25.wav"
"komitkita’","observe","觀察","https://ilrdc.tw/tow/2022/audio/word/13/28_26.wav"
"ra:am","do","會(做某事)","https://ilrdc.tw/tow/2022/audio/word/13/28_27.wav"
"balong","pray","禱告","https://ilrdc.tw/tow/2022/audio/word/13/28_28.wav"
"minowa’ ","like","喜歡","https://ilrdc.tw/tow/2022/audio/word/13/28_29.wav"
"Sarara’","joy","喜愛","https://ilrdc.tw/tow/2022/audio/word/13/29_01.wav"
"tikot","fear","害怕","https://ilrdc.tw/tow/2022/audio/word/13/29_02.wav"
"hangih","cry","哭","https://ilrdc.tw/tow/2022/audio/word/13/29_03.wav"
"Sobaeh","love","疼愛","https://ilrdc.tw/tow/2022/audio/word/13/29_04.wav"
"Siyae’","happy","高興","https://ilrdc.tw/tow/2022/audio/word/13/29_05.wav"
"bi’i: ","angry","生氣","https://ilrdc.tw/tow/2022/audio/word/13/29_06.wav"
"Sobaeh","love and care","愛護","https://ilrdc.tw/tow/2022/audio/word/13/29_07.wav"
"homSoS ","shocked","嚇一跳","https://ilrdc.tw/tow/2022/audio/word/13/29_08.wav"
"kinSiyae’","happy"," 快樂","https://ilrdc.tw/tow/2022/audio/word/13/29_09.wav"
"tal’izaeh ","sort out","整理","https://ilrdc.tw/tow/2022/audio/word/13/30_01.wav"
"baehi’","wash (cloth)","洗(衣物)","https://ilrdc.tw/tow/2022/audio/word/13/30_02.wav"
"matawaw","work","工作","https://ilrdc.tw/tow/2022/audio/word/13/30_03.wav"
"mintani’","stop","停止","https://ilrdc.tw/tow/2022/audio/word/13/30_04.wav"
"’omaS’aSay","waste","浪費","https://ilrdc.tw/tow/2022/audio/word/13/30_05.wav"
"min’itol","get up","起床","https://ilrdc.tw/tow/2022/audio/word/13/30_06.wav"
"pil’awan","good-bye (say good-bye to each other)","再見(如互道再見)","https://ilrdc.tw/tow/2022/audio/word/13/30_07.wav"
"homboe’","urinate","小便","https://ilrdc.tw/tow/2022/audio/word/13/30_08.wav"
"pae’rem","sleep","睡覺","https://ilrdc.tw/tow/2022/audio/word/13/30_09.wav"
"pal-(接動物名)","killing animals","殺牲畜","https://ilrdc.tw/tow/2022/audio/word/13/30_10.wav"
"sa’i’","feces","大便","https://ilrdc.tw/tow/2022/audio/word/13/30_11.wav"
"maSangay","rest","休息","https://ilrdc.tw/tow/2022/audio/word/13/30_12.wav"
"lala:or / So’So’oy","sleepy","睏(想睡覺)","https://ilrdc.tw/tow/2022/audio/word/13/30_13.wav"
"sapoeh","clean","打掃","https://ilrdc.tw/tow/2022/audio/word/13/30_14.wav"
"tatoroe’","learn","學習","https://ilrdc.tw/tow/2022/audio/word/13/30_15.wav"
"maywawa:ak","lie down","躺臥","https://ilrdc.tw/tow/2022/audio/word/13/30_16.wav"
"’aewhay ka kaSpi’","nightmare","做惡夢","https://ilrdc.tw/tow/2022/audio/word/13/30_17.wav"
"karma’","steal","偷竊","https://ilrdc.tw/tow/2022/audio/word/13/30_18.wav"
"talek","cook","煮(菜)","https://ilrdc.tw/tow/2022/audio/word/13/30_19.wav"
"baso’","burn (like straw)","燒(如燒稻草)","https://ilrdc.tw/tow/2022/audio/word/13/30_20.wav"
"maSowab","yawn","打哈欠","https://ilrdc.tw/tow/2022/audio/word/13/30_21.wav"
"soloeh","roast","烤(如烤地瓜)","https://ilrdc.tw/tow/2022/audio/word/13/30_22.wav"
"talek","cook (rice/meat/yams)","烹煮(飯／肉／地瓜)","https://ilrdc.tw/tow/2022/audio/word/13/30_23.wav"
"’ayna:a’","wait","等待","https://ilrdc.tw/tow/2022/audio/word/13/30_24.wav"
"baseng","hunt","陷獵","https://ilrdc.tw/tow/2022/audio/word/13/30_25.wav"
"patiS’ae:’ae:iw","dry (e.g., drying clothes in the sun)","曬乾(如將衣服曬乾)","https://ilrdc.tw/tow/2022/audio/word/13/30_26.wav"
"kaehos","draw water with a ladle (imperatives)","以杓汲水(祈使)","https://ilrdc.tw/tow/2022/audio/word/13/30_27.wav"
"paklo’arol","drain (abatement)","將水排出(疏減)","https://ilrdc.tw/tow/2022/audio/word/13/30_28.wav"
"tal’izaeh","pack up (imperatives, as in pack up)","收拾(祈使，如收拾東西)","https://ilrdc.tw/tow/2022/audio/word/13/30_29.wav"
"homariri:","mill","碾(米)","https://ilrdc.tw/tow/2022/audio/word/13/30_30.wav"
"panrahi:","dry up","晾乾","https://ilrdc.tw/tow/2022/audio/word/13/30_31.wav"
"sisaw","quilt","蓋被子","https://ilrdc.tw/tow/2022/audio/word/13/30_32.wav"
"pahiyo’","shine/light up","照起來／照明","https://ilrdc.tw/tow/2022/audio/word/13/30_33.wav"
"hangra:","fry","炒(如炒花生)","https://ilrdc.tw/tow/2022/audio/word/13/30_34.wav"
"Somako:o’","fishing for fish and shrimp by cage","以籠捕魚蝦","https://ilrdc.tw/tow/2022/audio/word/13/30_35.wav"
"pilwaha:an","steam (as in steamed rice)","蒸(如蒸飯)","https://ilrdc.tw/tow/2022/audio/word/13/30_36.wav"
"pamowa’","plant","種植","https://ilrdc.tw/tow/2022/audio/word/13/30_37.wav"
"nazip","fish","釣魚","https://ilrdc.tw/tow/2022/audio/word/13/30_38.wav"
"Somo’alay","make a fire","生火","https://ilrdc.tw/tow/2022/audio/word/13/30_39.wav"
" ’omaS","pickle (imperatives)","醃漬(祈使)","https://ilrdc.tw/tow/2022/audio/word/13/30_40.wav"
"Sil’aeto’","burnt","燒焦","https://ilrdc.tw/tow/2022/audio/word/13/30_41.wav"
"kalahang","take care of","照顧","https://ilrdc.tw/tow/2022/audio/word/13/30_42.wav"
"ke:eb / koroeh","cut (hair)","剪(頭髮)","https://ilrdc.tw/tow/2022/audio/word/13/30_43.wav"
"somnge:","soak","浸泡","https://ilrdc.tw/tow/2022/audio/word/13/30_44.wav"
" ’altikal","lift off (as in lift off the lid).","掀開(如掀開蓋子)","https://ilrdc.tw/tow/2022/audio/word/13/30_45.wav"
"hebeng","bury","掩埋","https://ilrdc.tw/tow/2022/audio/word/13/30_46.wav"
"Sihiwih","change (cloth)","替換(衣服)","https://ilrdc.tw/tow/2022/audio/word/13/30_47.wav"
"soksok","lock up","鎖上","https://ilrdc.tw/tow/2022/audio/word/13/30_48.wav"
"Sapel","make the bed","鋪床","https://ilrdc.tw/tow/2022/audio/word/13/30_49.wav"
"soloeh","burn (as in burning the hair of prey)","燒(如燒獵物的毛)","https://ilrdc.tw/tow/2022/audio/word/13/30_50.wav"
"hapaeh","leaf stripping","剝葉","https://ilrdc.tw/tow/2022/audio/word/13/30_51.wav"
"’iyahinbo’ ","urge urination","尿急","https://ilrdc.tw/tow/2022/audio/word/13/30_52.wav"
"hola’","measure","量測","https://ilrdc.tw/tow/2022/audio/word/13/30_53.wav"
"Sahoe’","burning","燃燒","https://ilrdc.tw/tow/2022/audio/word/13/30_54.wav"
" halay","hang (Imperatives)","懸掛(祈使)","https://ilrdc.tw/tow/2022/audio/word/13/30_55.wav"
"Saro:ol","imitate","模仿","https://ilrdc.tw/tow/2022/audio/word/13/30_56.wav"
"Sompan","feed","飼養","https://ilrdc.tw/tow/2022/audio/word/13/30_57.wav"
"hangra:","fry","炒(飯菜)","https://ilrdc.tw/tow/2022/audio/word/13/30_58.wav"
"tono:","ignite","點火","https://ilrdc.tw/tow/2022/audio/word/13/30_59.wav"
"kiSka:at","read","讀書","https://ilrdc.tw/tow/2022/audio/word/13/30_60.wav"
"rae’oe:","drink","喝(水)","https://ilrdc.tw/tow/2022/audio/word/13/30_61.wav"
"kowih","dig","(用鋤具)挖掘","https://ilrdc.tw/tow/2022/audio/word/13/30_62.wav"
"rowaSek","live","(居)住","https://ilrdc.tw/tow/2022/audio/word/13/30_63.wav"
"ma:tol","sing","唱歌","https://ilrdc.tw/tow/2022/audio/word/13/30_64.wav"
"makakSiyae’","play","玩耍","https://ilrdc.tw/tow/2022/audio/word/13/30_65.wav"
"masay","death","死亡","https://ilrdc.tw/tow/2022/audio/word/13/31_01.wav"
"biSbiS a tomal","ouch","好痛","https://ilrdc.tw/tow/2022/audio/word/13/31_02.wav"
"tipangih","wounded","受傷","https://ilrdc.tw/tow/2022/audio/word/13/31_03.wav"
"pawka’","lose","遺失","https://ilrdc.tw/tow/2022/audio/word/13/31_04.wav"
"biSbiS","pain","痛","https://ilrdc.tw/tow/2022/audio/word/13/31_05.wav"
"ramo’ramo’an","bleed","流血","https://ilrdc.tw/tow/2022/audio/word/13/31_06.wav"
"’omaySi’","pregnant","懷孕","https://ilrdc.tw/tow/2022/audio/word/13/31_07.wav"
"’i’iyaeh","living","活的","https://ilrdc.tw/tow/2022/audio/word/13/31_08.wav"
"’omtot","fart","放屁","https://ilrdc.tw/tow/2022/audio/word/13/31_09.wav"
"pa:ih","lame","跛腳","https://ilrdc.tw/tow/2022/audio/word/13/31_10.wav"
"malahang","nurture","撫養","https://ilrdc.tw/tow/2022/audio/word/13/31_11.wav"
"som’el ","growth","生長","https://ilrdc.tw/tow/2022/audio/word/13/31_12.wav"
" ’arap","scar","疤","https://ilrdc.tw/tow/2022/audio/word/13/31_13.wav"
"kaksis","itchy","癢","https://ilrdc.tw/tow/2022/audio/word/13/31_14.wav"
"lala:or","doze off","打瞌睡","https://ilrdc.tw/tow/2022/audio/word/13/31_15.wav"
"minhae’tiS","sneeze","打噴嚏","https://ilrdc.tw/tow/2022/audio/word/13/31_16.wav"
"hinra:iy kan’aroma’ Sinrahoe’","marry to a non-ethnic clan member","嫁給非本族群的族人","https://ilrdc.tw/tow/2022/audio/word/13/31_17.wav"
"biSbiS","soreness","痠痛","https://ilrdc.tw/tow/2022/audio/word/13/31_18.wav"
"’ayaeh","sick","生病","https://ilrdc.tw/tow/2022/audio/word/13/31_19.wav"
"ma:nani’","festering","化膿","https://ilrdc.tw/tow/2022/audio/word/13/31_20.wav"
"bali’","slim","瘦(身形)","https://ilrdc.tw/tow/2022/audio/word/13/32_01.wav"
"Sil’i: ","heavy (weight)","重(重量)","https://ilrdc.tw/tow/2022/audio/word/13/32_02.wav"
"hil’awan","light (weight)","輕(重量)","https://ilrdc.tw/tow/2022/audio/word/13/32_03.wav"
"’ibabaw ","high (height)","高(身高)","https://ilrdc.tw/tow/2022/audio/word/13/32_04.wav"
"sopaloy / sobae:oeh","large","大的","https://ilrdc.tw/tow/2022/audio/word/13/32_05.wav"
" ’ir’ira:i’an","short (height)","矮(身高)","https://ilrdc.tw/tow/2022/audio/word/13/32_06.wav"
"makakreng","industrious","勤勞","https://ilrdc.tw/tow/2022/audio/word/13/32_07.wav"
"maskes","cold","冷","https://ilrdc.tw/tow/2022/audio/word/13/32_08.wav"
" ’ima ’ol’olae’an","small","小的","https://ilrdc.tw/tow/2022/audio/word/13/32_09.wav"
" ’akoey","many","多","https://ilrdc.tw/tow/2022/audio/word/13/32_10.wav"
"’alowingan/ ’e’enawan","pretty","漂亮","https://ilrdc.tw/tow/2022/audio/word/13/32_11.wav"
"maskes","ice-cold","冰冷","https://ilrdc.tw/tow/2022/audio/word/13/32_12.wav"
"rikrika: ","hot","悶熱","https://ilrdc.tw/tow/2022/audio/word/13/32_13.wav"
" ’it’iti’an ","few","少的","https://ilrdc.tw/tow/2022/audio/word/13/32_14.wav"
"boSok","drunk","酒醉","https://ilrdc.tw/tow/2022/audio/word/13/32_15.wav"
"sawa’","laugh","笑","https://ilrdc.tw/tow/2022/audio/word/13/32_16.wav"
"mis’oeh","wet","濕的","https://ilrdc.tw/tow/2022/audio/word/13/32_17.wav"
" ’as’asay","ripe (of fruit)","熟","https://ilrdc.tw/tow/2022/audio/word/13/32_18.wav"
"karpa:","thick","厚的","https://ilrdc.tw/tow/2022/audio/word/13/32_19.wav"
"mantae’","undercooked (if this piece of meat is raw)","未熟的(如這塊肉是生的)","https://ilrdc.tw/tow/2022/audio/word/13/32_20.wav"
"lihlihpihan","thin","薄的","https://ilrdc.tw/tow/2022/audio/word/13/32_21.wav"
"hara:i’ ","dirty","髒","https://ilrdc.tw/tow/2022/audio/word/13/32_22.wav"
"ba:in","lazy","懶惰","https://ilrdc.tw/tow/2022/audio/word/13/32_23.wav"
"’okik hara:i’ / ra:nawan","clean","乾淨","https://ilrdc.tw/tow/2022/audio/word/13/32_24.wav"
" ’alikaeh","soon","很快","https://ilrdc.tw/tow/2022/audio/word/13/32_25.wav"
"tilka:an","bright","明亮","https://ilrdc.tw/tow/2022/audio/word/13/32_26.wav"
"kerpe: ","fat","胖(身形)","https://ilrdc.tw/tow/2022/audio/word/13/32_27.wav"
"’ae:’ae:iw","dry","乾的","https://ilrdc.tw/tow/2022/audio/word/13/32_28.wav"
"hopay","tired","累","https://ilrdc.tw/tow/2022/audio/word/13/32_29.wav"
"pakpaka’alo’an","poor thing","好可憐","https://ilrdc.tw/tow/2022/audio/word/13/32_30.wav"
"SaSo’","new","新的","https://ilrdc.tw/tow/2022/audio/word/13/32_31.wav"
"tatini’","old","舊的","https://ilrdc.tw/tow/2022/audio/word/13/32_32.wav"
"’al’alihan","near","近","https://ilrdc.tw/tow/2022/audio/word/13/32_33.wav"
"zeles / peSneh","hot","燙","https://ilrdc.tw/tow/2022/audio/word/13/32_34.wav"
"’aewhay","spoiled","壞掉","https://ilrdc.tw/tow/2022/audio/word/13/32_35.wav"
"pae’is","spicy","辣","https://ilrdc.tw/tow/2022/audio/word/13/32_36.wav"
"ra:waS","far","遠","https://ilrdc.tw/tow/2022/audio/word/13/32_37.wav"
"ma:riyae’","swelling","腫","https://ilrdc.tw/tow/2022/audio/word/13/32_38.wav"
"kakaw","bend","彎曲","https://ilrdc.tw/tow/2022/audio/word/13/32_39.wav"
"honaehnge:","long","久的","https://ilrdc.tw/tow/2022/audio/word/13/32_40.wav"
"posik ila","blind","瞎了","https://ilrdc.tw/tow/2022/audio/word/13/32_41.wav"
"tatoba’","poison","毒","https://ilrdc.tw/tow/2022/audio/word/13/32_42.wav"
"kayzaeh si’aelen","delicious","很好吃","https://ilrdc.tw/tow/2022/audio/word/13/32_43.wav"
"haloehan","smooth","滑","https://ilrdc.tw/tow/2022/audio/word/13/32_44.wav"
" ’az’ez","bitter","苦","https://ilrdc.tw/tow/2022/audio/word/13/32_45.wav"
"hapapong","fragile (e.g. this wire is prone to breakage)","脆弱(如這根鐵絲易斷裂)","https://ilrdc.tw/tow/2022/audio/word/13/32_46.wav"
" ’al’alingo’","unripe","  未成熟的(果實)","https://ilrdc.tw/tow/2022/audio/word/13/32_47.wav"
"patranga’","stealthily","偷偷地","https://ilrdc.tw/tow/2022/audio/word/13/32_48.wav"
"haeba:an","numerous","(人)眾多","https://ilrdc.tw/tow/2022/audio/word/13/32_49.wav"
"hil’awan","brisk","輕快","https://ilrdc.tw/tow/2022/audio/word/13/32_50.wav"
"’aehis","sour","酸","https://ilrdc.tw/tow/2022/audio/word/13/32_51.wav"
"bangih","salty","鹹","https://ilrdc.tw/tow/2022/audio/word/13/32_52.wav"
"tomiSapang","intentional","故意","https://ilrdc.tw/tow/2022/audio/word/13/32_53.wav"
"mintari:","pulpy","稀爛的","https://ilrdc.tw/tow/2022/audio/word/13/32_54.wav"
"haliwatekan","sturdy","壯碩","https://ilrdc.tw/tow/2022/audio/word/13/32_55.wav"
"ha:olhoel","warm","暖和","https://ilrdc.tw/tow/2022/audio/word/13/32_56.wav"
"toSpokan","blunt","鈍的","https://ilrdc.tw/tow/2022/audio/word/13/32_57.wav"
"’anhil","sweet","甘甜","https://ilrdc.tw/tow/2022/audio/word/13/32_58.wav"
"pakpakezan","astringent (taste)","澀澀的(味覺)","https://ilrdc.tw/tow/2022/audio/word/13/32_59.wav"
" ’ibabaw o bali’","tall and thin","高瘦(身材)","https://ilrdc.tw/tow/2022/audio/word/13/32_60.wav"
"’a’iringan","slant","(傾)斜","https://ilrdc.tw/tow/2022/audio/word/13/32_61.wav"
"hororay","soft","軟","https://ilrdc.tw/tow/2022/audio/word/13/32_62.wav"
"ma’is a tomal ","very hard","很硬","https://ilrdc.tw/tow/2022/audio/word/13/32_63.wav"
"miSbabangoe’","sour smell","酸臭","https://ilrdc.tw/tow/2022/audio/word/13/32_64.wav"
"leheh","straight","直","https://ilrdc.tw/tow/2022/audio/word/13/32_65.wav"
"mayha’ha’ ila","full","滿了","https://ilrdc.tw/tow/2022/audio/word/13/32_66.wav"
"kaykayzaehan","well","好好的","https://ilrdc.tw/tow/2022/audio/word/13/32_67.wav"
"mowahil","(space) spacious","(空間)寬敞","https://ilrdc.tw/tow/2022/audio/word/13/32_68.wav"
"maylal’oz","correct","正確","https://ilrdc.tw/tow/2022/audio/word/13/32_69.wav"
"min’am’amet","fully wetted","全濕透","https://ilrdc.tw/tow/2022/audio/word/13/32_70.wav"
"balbalay","slowly","慢慢","https://ilrdc.tw/tow/2022/audio/word/13/32_71.wav"
"nabnaban ","warm","溫的(水)","https://ilrdc.tw/tow/2022/audio/word/13/32_72.wav"
"rarahoe’","coarse","粗(物)","https://ilrdc.tw/tow/2022/audio/word/13/32_73.wav"
"’inaro’","long","長","https://ilrdc.tw/tow/2022/audio/word/13/32_74.wav"
"sase:ez","fine","細","https://ilrdc.tw/tow/2022/audio/word/13/32_75.wav"
"’itoSan","short","短","https://ilrdc.tw/tow/2022/audio/word/13/32_76.wav"
"rikrika:","hot","炎熱","https://ilrdc.tw/tow/2022/audio/word/13/32_77.wav"
"’as’asay","ripen","成熟(果實)","https://ilrdc.tw/tow/2022/audio/word/13/32_78.wav"
"mayha’ha’","full","滿滿","https://ilrdc.tw/tow/2022/audio/word/13/32_79.wav"
"tomal a tomal","handsome","英俊","https://ilrdc.tw/tow/2022/audio/word/13/32_80.wav"
"ma’ ’am nak’isa:a’","should","應該","https://ilrdc.tw/tow/2022/audio/word/13/33_01.wav"
"sa’owaz / sa’iwaz","certain","一定","https://ilrdc.tw/tow/2022/audio/word/13/33_02.wav"
"kayzaeh","able","能夠","https://ilrdc.tw/tow/2022/audio/word/13/33_03.wav"
"ra:amen","possible","可能","https://ilrdc.tw/tow/2022/audio/word/13/33_04.wav"
"papSiyay","celebrate","慶祝","https://ilrdc.tw/tow/2022/audio/word/13/33_05.wav"
"ti:iS","wipe","擦拭","https://ilrdc.tw/tow/2022/audio/word/13/33_06.wav"
"tomrong","call","使喚","https://ilrdc.tw/tow/2022/audio/word/13/33_07.wav"
"sipsip","fold","摺疊","https://ilrdc.tw/tow/2022/audio/word/13/34_01.wav"
"minlakay","split open","裂開","https://ilrdc.tw/tow/2022/audio/word/13/34_02.wav"
"nom","use","用於","https://ilrdc.tw/tow/2022/audio/word/13/34_03.wav"
"losae:aeh","overflow (like water overflowing)","溢出(如水溢出來)","https://ilrdc.tw/tow/2022/audio/word/13/34_04.wav"
"tilhaehael","help","幫忙","https://ilrdc.tw/tow/2022/audio/word/13/34_05.wav"
"rompe:","attach","(有東西)黏貼","https://ilrdc.tw/tow/2022/audio/word/13/34_06.wav"
"homamez","mix sth. with sth.","混合","https://ilrdc.tw/tow/2022/audio/word/13/34_07.wav"
"linalengeS","shaken","被(搖)動的","https://ilrdc.tw/tow/2022/audio/word/13/34_08.wav"
"SowaSen","erase","刷除","https://ilrdc.tw/tow/2022/audio/word/13/34_09.wav"
"Sominter","depend","依賴","https://ilrdc.tw/tow/2022/audio/word/13/34_10.wav"
"Sibih","pour","倒入","https://ilrdc.tw/tow/2022/audio/word/13/34_11.wav"
"’emlet","block","阻擋","https://ilrdc.tw/tow/2022/audio/word/13/34_12.wav"
"’omo:ol","stay","留下","https://ilrdc.tw/tow/2022/audio/word/13/34_13.wav"
"hinngas ","sound","聲響","https://ilrdc.tw/tow/2022/audio/word/13/34_14.wav"
"minsalaz","over","超過","https://ilrdc.tw/tow/2022/audio/word/13/34_15.wav"
"minhae:ar","crumble (of scree slope)","崩落","https://ilrdc.tw/tow/2022/audio/word/13/34_16.wav"
"pa’intani’","brake","煞車","https://ilrdc.tw/tow/2022/audio/word/13/34_17.wav"
"ki:im","search","尋找","https://ilrdc.tw/tow/2022/audio/word/13/34_18.wav"
"boloe’","throw away","丟棄","https://ilrdc.tw/tow/2022/audio/word/13/34_19.wav"
"’elet","prohibit","禁止","https://ilrdc.tw/tow/2022/audio/word/13/34_20.wav"
"hayza’","there are...","有","https://ilrdc.tw/tow/2022/audio/word/13/34_21.wav"
"mayngaso’","remain","剩下","https://ilrdc.tw/tow/2022/audio/word/13/34_22.wav"
"’aSkan","set up","設置","https://ilrdc.tw/tow/2022/audio/word/13/34_23.wav"
"tomay’alay","begin","開始","https://ilrdc.tw/tow/2022/audio/word/13/34_24.wav"
"sizaeh","complete","完成","https://ilrdc.tw/tow/2022/audio/word/13/34_25.wav"
"komawtaw","pick on","找碴","https://ilrdc.tw/tow/2022/audio/word/13/34_26.wav"
"paskayzaeh","make","製作(物品)","https://ilrdc.tw/tow/2022/audio/word/13/34_27.wav"
"tihoero:","find","找到","https://ilrdc.tw/tow/2022/audio/word/13/34_28.wav"
"Sepe:","number (calculation)","數(計算)","https://ilrdc.tw/tow/2022/audio/word/13/34_29.wav"
"pateleng","trapped","(獵物掉入陷阱)陷中","https://ilrdc.tw/tow/2022/audio/word/13/34_30.wav"
"tomono’","bang","撞擊某物","https://ilrdc.tw/tow/2022/audio/word/13/34_31.wav"
"hinSaylo’ ","rotate","旋轉","https://ilrdc.tw/tow/2022/audio/word/13/34_32.wav"
"’alebe:","surround","圍著某物","https://ilrdc.tw/tow/2022/audio/word/13/34_33.wav"
"kayzaeh","good","好的","https://ilrdc.tw/tow/2022/audio/word/13/34_34.wav"
"ma’alo’","thank you","謝謝","https://ilrdc.tw/tow/2022/audio/word/13/34_35.wav"
"’izi’ kaSikar","you’re welcome","不客氣","https://ilrdc.tw/tow/2022/audio/word/13/34_36.wav"
"’oka’ / ’okay","no","沒有","https://ilrdc.tw/tow/2022/audio/word/13/34_37.wav"
"’oka’ ka howaw / kayzaeh","it’s okay","沒關係","https://ilrdc.tw/tow/2022/audio/word/13/34_38.wav"
"kayni’","don’t","不要","https://ilrdc.tw/tow/2022/audio/word/13/35_01.wav"
"’izi’","can't","不可以","https://ilrdc.tw/tow/2022/audio/word/13/35_02.wav"
"’oka’","no (for reply)"," 不是(回答用)","https://ilrdc.tw/tow/2022/audio/word/13/35_03.wav"
"’oka’","none (negative of possession)","沒有(表擁有的否定詞)","https://ilrdc.tw/tow/2022/audio/word/13/35_04.wav"
" ’izi’","don’t (for the imperative)","不要(祈使句用)","https://ilrdc.tw/tow/2022/audio/word/13/35_05.wav"
"kiraeh / ’okik ra:ami","don’t know","不知道","https://ilrdc.tw/tow/2022/audio/word/13/35_06.wav"
"Sapang / sa’owaz","really","真的","https://ilrdc.tw/tow/2022/audio/word/13/36_01.wav"
"mam","in the process of (doing something or happening)","正在","https://ilrdc.tw/tow/2022/audio/word/13/36_02.wav"
"waSwaSak ","arbitrary","隨意","https://ilrdc.tw/tow/2022/audio/word/13/36_03.wav"
"kayzaeh","okay","好的(沒問題)","https://ilrdc.tw/tow/2022/audio/word/13/36_04.wav"
"’isa:a’","because","因為","https://ilrdc.tw/tow/2022/audio/word/13/36_05.wav"
"’ana","whether","不論","https://ilrdc.tw/tow/2022/audio/word/13/36_06.wav"
"makSa’","immediately","立即","https://ilrdc.tw/tow/2022/audio/word/13/36_07.wav"
"lal’oz","enough","足夠","https://ilrdc.tw/tow/2022/audio/word/13/36_08.wav"
"ma’ ","again","再","https://ilrdc.tw/tow/2022/audio/word/13/36_09.wav"
"nanaw","only","只有","https://ilrdc.tw/tow/2022/audio/word/13/36_10.wav"
"baba:aw","just now","剛剛","https://ilrdc.tw/tow/2022/audio/word/13/36_11.wav"
"sowiti’","a little","少許","https://ilrdc.tw/tow/2022/audio/word/13/36_12.wav"
"honha:i’","temporary (leave for a moment)","暫時(離開一下)","https://ilrdc.tw/tow/2022/audio/word/13/36_13.wav"
"’inokik","never","從不","https://ilrdc.tw/tow/2022/audio/word/13/36_14.wav"
"’izi’","shouldn;t","不該","https://ilrdc.tw/tow/2022/audio/word/13/36_15.wav"
"’isa:a’","so","所以","https://ilrdc.tw/tow/2022/audio/word/13/36_16.wav"
"rengreng","usually","經常","https://ilrdc.tw/tow/2022/audio/word/13/36_17.wav"
"ki / kil","with","和","https://ilrdc.tw/tow/2022/audio/word/13/36_18.wav"
"mak’aehae’","sometimes","偶爾","https://ilrdc.tw/tow/2022/audio/word/13/36_19.wav"
"nak’isaza ay / ’ihi’ ay","really (auxiliary verb)","是嗎(語助詞)","https://ilrdc.tw/tow/2022/audio/word/13/36_20.wav"
"’i’ini’ ","still (not yet)","還(尚未)","https://ilrdc.tw/tow/2022/audio/word/13/36_21.wav"
"So:","if","如果","https://ilrdc.tw/tow/2022/audio/word/13/36_22.wav"
"kin / (動詞+) a tomal","very","很","https://ilrdc.tw/tow/2022/audio/word/13/36_23.wav"
"nakhini","so","如此","https://ilrdc.tw/tow/2022/audio/word/13/36_24.wav"
"ma’","also","也","https://ilrdc.tw/tow/2022/audio/word/13/36_25.wav"
"baba:aw","just now","剛才","https://ilrdc.tw/tow/2022/audio/word/13/36_26.wav"
"’aehae’ hahila:","whole day","整天","https://ilrdc.tw/tow/2022/audio/word/13/36_27.wav"
"saboeh","both","都","https://ilrdc.tw/tow/2022/audio/word/13/36_28.wav"
"nanaw","only","僅僅","https://ilrdc.tw/tow/2022/audio/word/13/36_29.wav"
"’ana","although","雖然","https://ilrdc.tw/tow/2022/audio/word/13/36_30.wav"
"ay","(used in a question)","嗎(用在問句)","https://ilrdc.tw/tow/2022/audio/word/13/36_31.wav"
"ka","main marker (in all ethnic languages)","主格標記(各族用語)","https://ilrdc.tw/tow/2022/audio/word/13/36_32.wav"
"ka","marked (in all ethnic languages)","受格標記(各族用語)","https://ilrdc.tw/tow/2022/audio/word/13/36_33.wav"
"noka","genre marker (in all ethnic languages)","屬格標記(各族用語)","https://ilrdc.tw/tow/2022/audio/word/13/36_34.wav"
"ray / ’ay","in (here)","在(這裡)","https://ilrdc.tw/tow/2022/audio/word/13/36_35.wav"
"kayzaeh","do","可以(做某事)","https://ilrdc.tw/tow/2022/audio/word/13/36_36.wav"
"ngoray","fool","傻瓜","https://ilrdc.tw/tow/2022/audio/word/13/36_37.wav"
