"kingal","one","一","https://ilrdc.tw/tow/2022/audio/word/17/01_01.wav"
"dha","two","二","https://ilrdc.tw/tow/2022/audio/word/17/01_02.wav"
"tru","three","三","https://ilrdc.tw/tow/2022/audio/word/17/01_03.wav"
"spac","four","四","https://ilrdc.tw/tow/2022/audio/word/17/01_04.wav"
"rima","five","五","https://ilrdc.tw/tow/2022/audio/word/17/01_05.wav"
"mataru","six","六","https://ilrdc.tw/tow/2022/audio/word/17/01_06.wav"
"empitu","seven","七","https://ilrdc.tw/tow/2022/audio/word/17/01_07.wav"
"mspac","eight","八","https://ilrdc.tw/tow/2022/audio/word/17/01_08.wav"
"mngari","nine","九","https://ilrdc.tw/tow/2022/audio/word/17/01_09.wav"
"maxal","ten","十","https://ilrdc.tw/tow/2022/audio/word/17/01_10.wav"
"maxal kingal","eleven","十一","https://ilrdc.tw/tow/2022/audio/word/17/01_11.wav"
"maxal dha","twelve","十二","https://ilrdc.tw/tow/2022/audio/word/17/01_12.wav"
"maxal tru","thirteen","十三","https://ilrdc.tw/tow/2022/audio/word/17/01_13.wav"
"maxal spac","fourteen","十四","https://ilrdc.tw/tow/2022/audio/word/17/01_14.wav"
"maxal rima","fifteen","十五","https://ilrdc.tw/tow/2022/audio/word/17/01_15.wav"
"maxal mataru","sixteen","十六","https://ilrdc.tw/tow/2022/audio/word/17/01_16.wav"
"maxal empitu","seventeen","十七","https://ilrdc.tw/tow/2022/audio/word/17/01_17.wav"
"maxal mspac","eighteen","十八","https://ilrdc.tw/tow/2022/audio/word/17/01_18.wav"
"maxal mngari","nineteen","十九","https://ilrdc.tw/tow/2022/audio/word/17/01_19.wav"
"empusal","twenty","二十  ","https://ilrdc.tw/tow/2022/audio/word/17/01_20.wav"
"empusal kingal","twenty one","二十一","https://ilrdc.tw/tow/2022/audio/word/17/01_21.wav"
"empusal dha","twenty two","二十二","https://ilrdc.tw/tow/2022/audio/word/17/01_22.wav"
"empusal tru","twenty three","二十三","https://ilrdc.tw/tow/2022/audio/word/17/01_23.wav"
"empusal spac","twenty four","二十四","https://ilrdc.tw/tow/2022/audio/word/17/01_24.wav"
"empusal rima","twenty five","二十五","https://ilrdc.tw/tow/2022/audio/word/17/01_25.wav"
"mtrul","thirty","三十","https://ilrdc.tw/tow/2022/audio/word/17/01_26.wav"
"mtrul kingal","thirty one","三十一","https://ilrdc.tw/tow/2022/audio/word/17/01_27.wav"
"mspatul","forty","四十","https://ilrdc.tw/tow/2022/audio/word/17/01_28.wav"
"mrimal","fifty","五十","https://ilrdc.tw/tow/2022/audio/word/17/01_29.wav"
"mataru kmxalan","sixty","六十","https://ilrdc.tw/tow/2022/audio/word/17/01_30.wav"
"empitu kmxalan","seventy","七十","https://ilrdc.tw/tow/2022/audio/word/17/01_31.wav"
"mspac kmxalan","eighty","八十","https://ilrdc.tw/tow/2022/audio/word/17/01_32.wav"
"mngari kmxalan","ninety","九十","https://ilrdc.tw/tow/2022/audio/word/17/01_33.wav"
"kbkuy","hundred","百","https://ilrdc.tw/tow/2022/audio/word/17/01_34.wav"
"kingal kbkuy","one hundred","一百","https://ilrdc.tw/tow/2022/audio/word/17/01_35.wav"
"dha kbkuy ","two hundred","兩百","https://ilrdc.tw/tow/2022/audio/word/17/01_36.wav"
"maxal kbkuy","one thousand","一千","https://ilrdc.tw/tow/2022/audio/word/17/01_37.wav"
"ciway","some","一些","https://ilrdc.tw/tow/2022/audio/word/17/01_38.wav"
"pxal","once","一次","https://ilrdc.tw/tow/2022/audio/word/17/01_39.wav"
"kingal qapal","bunch","一串","https://ilrdc.tw/tow/2022/audio/word/17/01_40.wav"
"klgan","kind","種類","https://ilrdc.tw/tow/2022/audio/word/17/01_41.wav"
" mddha","pair","一雙","https://ilrdc.tw/tow/2022/audio/word/17/01_42.wav"
"kana","entire","全部","https://ilrdc.tw/tow/2022/audio/word/17/01_43.wav"
"cipiq","a little bit","一點點","https://ilrdc.tw/tow/2022/audio/word/17/01_44.wav"
"dka","half","一半","https://ilrdc.tw/tow/2022/audio/word/17/01_45.wav"
"isu","you","你 ","https://ilrdc.tw/tow/2022/audio/word/17/02_01.wav"
"yaku","I","我","https://ilrdc.tw/tow/2022/audio/word/17/02_02.wav"
"hiya","he","他","https://ilrdc.tw/tow/2022/audio/word/17/02_03.wav"
"yamu","you guys","你們","https://ilrdc.tw/tow/2022/audio/word/17/02_04.wav"
"yami","us","我們","https://ilrdc.tw/tow/2022/audio/word/17/02_05.wav"
"dhiya","they","他們","https://ilrdc.tw/tow/2022/audio/word/17/02_06.wav"
"namu","yours","你們的","https://ilrdc.tw/tow/2022/audio/word/17/02_07.wav"
"(n)nami","our","我們的","https://ilrdc.tw/tow/2022/audio/word/17/02_08.wav"
"(n)ndhiya","their","他們的","https://ilrdc.tw/tow/2022/audio/word/17/02_09.wav"
"nisu","your","你的","https://ilrdc.tw/tow/2022/audio/word/17/02_10.wav"
"mu","mine","我的","https://ilrdc.tw/tow/2022/audio/word/17/02_11.wav"
"na","his","他的","https://ilrdc.tw/tow/2022/audio/word/17/02_12.wav"
"nami","we (excluded)","我們(排除式)","https://ilrdc.tw/tow/2022/audio/word/17/02_13.wav"
"ita","let’s (inclusive)","咱們(包含式)","https://ilrdc.tw/tow/2022/audio/word/17/02_14.wav"
"(n)nita","ours","咱們的","https://ilrdc.tw/tow/2022/audio/word/17/02_15.wav"
"gaga","that","那個","https://ilrdc.tw/tow/2022/audio/word/17/02_16.wav"
"nii","this one","這個","https://ilrdc.tw/tow/2022/audio/word/17/02_17.wav"
"hini","here","這裡","https://ilrdc.tw/tow/2022/audio/word/17/02_18.wav"
"hiya","there","那裡","https://ilrdc.tw/tow/2022/audio/word/17/02_19.wav"
" (saw) nii ","(like) this","(像)這樣","https://ilrdc.tw/tow/2022/audio/word/17/02_20.wav"
"piya","how much","多少","https://ilrdc.tw/tow/2022/audio/word/17/03_01.wav"
"manu","what","什麼","https://ilrdc.tw/tow/2022/audio/word/17/03_02.wav"
"shuya","how","如何","https://ilrdc.tw/tow/2022/audio/word/17/03_03.wav"
"knuwan","when (not happening)","何時(未發生)","https://ilrdc.tw/tow/2022/audio/word/17/03_04.wav"
"ima","who","誰","https://ilrdc.tw/tow/2022/audio/word/17/03_05.wav"
"tgeima","which one","哪一個(人)","https://ilrdc.tw/tow/2022/audio/word/17/03_06.wav"
"inu","where","哪裡","https://ilrdc.tw/tow/2022/audio/word/17/03_07.wav"
"(n)nima","Whose is it?","是誰的","https://ilrdc.tw/tow/2022/audio/word/17/03_08.wav"
"hmnuya","what","怎麼","https://ilrdc.tw/tow/2022/audio/word/17/03_09.wav"
"piya","how much","多少(歲；物)","https://ilrdc.tw/tow/2022/audio/word/17/03_10.wav"
"khnu","how much (degree size)"," 多少(程度大小)","https://ilrdc.tw/tow/2022/audio/word/17/03_11.wav"
"inu","where","什麼地方","https://ilrdc.tw/tow/2022/audio/word/17/03_12.wav"
"snuwan","when (has happened)","何時(已發生)","https://ilrdc.tw/tow/2022/audio/word/17/03_13.wav"
"hmuya","why","為什麼","https://ilrdc.tw/tow/2022/audio/word/17/03_14.wav"
"tama","dad","爸爸","https://ilrdc.tw/tow/2022/audio/word/17/04_01.wav"
"bubu","mom","媽媽","https://ilrdc.tw/tow/2022/audio/word/17/04_02.wav"
" nirih mnswayi","cousins","堂、表兄弟姐妹","https://ilrdc.tw/tow/2022/audio/word/17/04_03.wav"
"tama rudan","male elder (grandfather; father-in-law)","男性長輩(祖父；外公；岳父)","https://ilrdc.tw/tow/2022/audio/word/17/04_04.wav"
"bubu rudan ","female elder (grandmother; mother-in-law)","女性長輩(祖母；外婆；岳母)","https://ilrdc.tw/tow/2022/audio/word/17/04_05.wav"
"dadan","relative","親戚","https://ilrdc.tw/tow/2022/audio/word/17/04_06.wav"
"dungus","spouse","配偶","https://ilrdc.tw/tow/2022/audio/word/17/04_07.wav"
"ama","daughter’s husband","女婿","https://ilrdc.tw/tow/2022/audio/word/17/04_08.wav"
"anay","wife’s brother","舅子","https://ilrdc.tw/tow/2022/audio/word/17/04_09.wav"
"angu","sister-in-law","弟媳","https://ilrdc.tw/tow/2022/audio/word/17/04_10.wav"
"ata","older brother’s wife","嫂嫂","https://ilrdc.tw/tow/2022/audio/word/17/04_11.wav"
"ina","daughter-in-law","媳婦","https://ilrdc.tw/tow/2022/audio/word/17/04_12.wav"
"laqi laqi","grandchild","孫子/孫女","https://ilrdc.tw/tow/2022/audio/word/17/04_13.wav"
"msdungus","husband and wife","夫妻","https://ilrdc.tw/tow/2022/audio/word/17/04_14.wav"
"snaw","husband","丈夫","https://ilrdc.tw/tow/2022/audio/word/17/04_15.wav"
"lupung ","in-law","姻親","https://ilrdc.tw/tow/2022/audio/word/17/04_16.wav"
"mnswayi","sibling","兄弟姊妹","https://ilrdc.tw/tow/2022/audio/word/17/04_17.wav"
"qbsuran snaw","brother","兄長","https://ilrdc.tw/tow/2022/audio/word/17/04_18.wav"
"qbsuran","brother and sister","(哥哥；姊姊)通稱","https://ilrdc.tw/tow/2022/audio/word/17/04_19.wav"
"qbsuran qrijil ","older sister","姊姊","https://ilrdc.tw/tow/2022/audio/word/17/04_20.wav"
"qbsuran snaw","older brother","哥哥","https://ilrdc.tw/tow/2022/audio/word/17/04_21.wav"
"swayi","brother and sister","(弟弟；妹妹)通稱","https://ilrdc.tw/tow/2022/audio/word/17/04_22.wav"
"swayi snaw","younger brother","弟弟","https://ilrdc.tw/tow/2022/audio/word/17/04_23.wav"
"swayi qrijil","younger sister","妹妹","https://ilrdc.tw/tow/2022/audio/word/17/04_24.wav"
"nirih tama","uncle","(伯父；叔叔；舅舅)通稱","https://ilrdc.tw/tow/2022/audio/word/17/04_25.wav"
"nirih bubu","aunt","(伯母；嬸嬸；舅母)通稱  ","https://ilrdc.tw/tow/2022/audio/word/17/04_26.wav"
"hangan","name","名字","https://ilrdc.tw/tow/2022/audio/word/17/05_01.wav"
"laqi snaw","boy","男孩","https://ilrdc.tw/tow/2022/audio/word/17/05_02.wav"
" laqi qrijil","girl","女孩","https://ilrdc.tw/tow/2022/audio/word/17/05_03.wav"
"dangi","friend","朋友","https://ilrdc.tw/tow/2022/audio/word/17/05_04.wav"
"laqi","child","孩童","https://ilrdc.tw/tow/2022/audio/word/17/05_05.wav"
"rudan","elderly people","老人家","https://ilrdc.tw/tow/2022/audio/word/17/05_06.wav"
"qrijil ","female","女性","https://ilrdc.tw/tow/2022/audio/word/17/05_07.wav"
"snaw","male","男性","https://ilrdc.tw/tow/2022/audio/word/17/05_08.wav"
" seejiq","people","人","https://ilrdc.tw/tow/2022/audio/word/17/05_09.wav"
"empsapuh","doctor","醫生","https://ilrdc.tw/tow/2022/audio/word/17/05_10.wav"
"emptgsa","teacher","老師","https://ilrdc.tw/tow/2022/audio/word/17/05_11.wav"
"pais","enemy","敵人","https://ilrdc.tw/tow/2022/audio/word/17/05_12.wav"
"qbsuran","sir","長官","https://ilrdc.tw/tow/2022/audio/word/17/05_13.wav"
"goro","hooliganism","流氓","https://ilrdc.tw/tow/2022/audio/word/17/05_14.wav"
"keysacu","police","警察","https://ilrdc.tw/tow/2022/audio/word/17/05_15.wav"
"Pingpu","ethnic group (Taiwan), "plain tribes","平埔族","https://ilrdc.tw/tow/2022/audio/word/17/05_16.wav"
"Khilang","Hakka people","客家人","https://ilrdc.tw/tow/2022/audio/word/17/05_17.wav"
"syawcang ","principal","校長","https://ilrdc.tw/tow/2022/audio/word/17/05_18.wav"
"Klmukan","Min Nan (Taiwanese)","閩南人","https://ilrdc.tw/tow/2022/audio/word/17/05_19.wav"
"mbiyax","young people","青年","https://ilrdc.tw/tow/2022/audio/word/17/05_20.wav"
"singhu","(spiritual) father","神父","https://ilrdc.tw/tow/2022/audio/word/17/05_21.wav"
"syow-nyu","sister","修女","https://ilrdc.tw/tow/2022/audio/word/17/05_22.wav"
"Tlu","mainlander","外省人","https://ilrdc.tw/tow/2022/audio/word/17/05_23.wav"
"uwa","miss","小姐","https://ilrdc.tw/tow/2022/audio/word/17/05_24.wav"
"empuyas patas","student","學生","https://ilrdc.tw/tow/2022/audio/word/17/05_25.wav"
"birac","ear","耳朵","https://ilrdc.tw/tow/2022/audio/word/17/06_01.wav"
"btriq","thigh","大腿","https://ilrdc.tw/tow/2022/audio/word/17/06_02.wav"
"dowriq","eye","眼睛","https://ilrdc.tw/tow/2022/audio/word/17/06_03.wav"
"dqras","face","臉","https://ilrdc.tw/tow/2022/audio/word/17/06_04.wav"
"quwaq","mouth","嘴巴","https://ilrdc.tw/tow/2022/audio/word/17/06_05.wav"
"tunux","head","頭","https://ilrdc.tw/tow/2022/audio/word/17/06_06.wav"
"kukuh","fingernail","指甲","https://ilrdc.tw/tow/2022/audio/word/17/06_07.wav"
"baga","hand","手","https://ilrdc.tw/tow/2022/audio/word/17/06_08.wav"
"hiyi","body","身體","https://ilrdc.tw/tow/2022/audio/word/17/06_09.wav"
"muhing","nose","鼻子","https://ilrdc.tw/tow/2022/audio/word/17/06_10.wav"
"qaqay","foot","腳","https://ilrdc.tw/tow/2022/audio/word/17/06_11.wav"
"gupun","teeth","牙齒","https://ilrdc.tw/tow/2022/audio/word/17/06_12.wav"
"sneunux","hair","頭髮","https://ilrdc.tw/tow/2022/audio/word/17/06_13.wav"
"dara","blood","血","https://ilrdc.tw/tow/2022/audio/word/17/06_14.wav"
"wawa","meat","肉","https://ilrdc.tw/tow/2022/audio/word/17/06_15.wav"
"pnglux","forehead","額頭","https://ilrdc.tw/tow/2022/audio/word/17/06_16.wav"
"buyas","belly","肚子","https://ilrdc.tw/tow/2022/audio/word/17/06_17.wav"
"unuh","breast","乳房","https://ilrdc.tw/tow/2022/audio/word/17/06_18.wav"
"rumu qaqay","calf","小腿肚","https://ilrdc.tw/tow/2022/audio/word/17/06_19.wav"
"hirang","shoulder","肩膀","https://ilrdc.tw/tow/2022/audio/word/17/06_20.wav"
"bkluy","chin","下巴","https://ilrdc.tw/tow/2022/audio/word/17/06_21.wav"
"bukuy","back","背部","https://ilrdc.tw/tow/2022/audio/word/17/06_22.wav"
"qraqil","skin","皮","https://ilrdc.tw/tow/2022/audio/word/17/06_23.wav"
"brah","thoracic cavity","胸腔","https://ilrdc.tw/tow/2022/audio/word/17/06_24.wav"
"balung","male genitalia","男性生殖器","https://ilrdc.tw/tow/2022/audio/word/17/06_25.wav"
"pipi","female genitalia","女性生殖器","https://ilrdc.tw/tow/2022/audio/word/17/06_26.wav"
"baraq","lung","肺","https://ilrdc.tw/tow/2022/audio/word/17/06_27.wav"
"tama baraq","heart","心臟","https://ilrdc.tw/tow/2022/audio/word/17/06_28.wav"
"hiqur baga","elbow","手肘","https://ilrdc.tw/tow/2022/audio/word/17/06_29.wav"
"halus","saliva","口水","https://ilrdc.tw/tow/2022/audio/word/17/06_30.wav"
"pungu qaqay","knee","膝蓋","https://ilrdc.tw/tow/2022/audio/word/17/06_31.wav"
"luqih","wound","傷口","https://ilrdc.tw/tow/2022/audio/word/17/06_32.wav"
"rktu","stomach","胃","https://ilrdc.tw/tow/2022/audio/word/17/06_33.wav"
"rumul","liver","肝臟","https://ilrdc.tw/tow/2022/audio/word/17/06_34.wav"
"hiraw","phlegm","痰","https://ilrdc.tw/tow/2022/audio/word/17/06_35.wav"
"biqir","goiter","甲狀腺腫","https://ilrdc.tw/tow/2022/audio/word/17/06_36.wav"
" ratuk","grease","油脂","https://ilrdc.tw/tow/2022/audio/word/17/06_37.wav"
"tkrang","rib","肋骨","https://ilrdc.tw/tow/2022/audio/word/17/06_38.wav"
"pahung ","gallbladder","膽囊","https://ilrdc.tw/tow/2022/audio/word/17/06_39.wav"
"tduling tama baga","thumb","拇指","https://ilrdc.tw/tow/2022/audio/word/17/06_40.wav"
"glu","throat","喉嚨","https://ilrdc.tw/tow/2022/audio/word/17/06_41.wav"
"hma","tongue","舌頭","https://ilrdc.tw/tow/2022/audio/word/17/06_42.wav"
"hginuk","waist","腰部","https://ilrdc.tw/tow/2022/audio/word/17/06_43.wav"
"tduling baga","finger","手指","https://ilrdc.tw/tow/2022/audio/word/17/06_44.wav"
"gupun brah ","front tooth","門牙","https://ilrdc.tw/tow/2022/audio/word/17/06_45.wav"
"mring","sweat","汗水","https://ilrdc.tw/tow/2022/audio/word/17/06_46.wav"
"waru","neck","脖子","https://ilrdc.tw/tow/2022/audio/word/17/06_47.wav"
"ngusul","nasal mucus","鼻涕","https://ilrdc.tw/tow/2022/audio/word/17/06_48.wav"
"pungu","joint","關節","https://ilrdc.tw/tow/2022/audio/word/17/06_49.wav"
"sulay","buttocks","臀部","https://ilrdc.tw/tow/2022/audio/word/17/06_50.wav"
"qapal","the sole of the foot","腳掌","https://ilrdc.tw/tow/2022/audio/word/17/06_51.wav"
"glu","neck","頸子","https://ilrdc.tw/tow/2022/audio/word/17/06_52.wav"
"qduwan","armpit","腋窩","https://ilrdc.tw/tow/2022/audio/word/17/06_53.wav"
"qurug baraq","kidney","腎臟","https://ilrdc.tw/tow/2022/audio/word/17/06_54.wav"
"pdahung","lip","嘴唇","https://ilrdc.tw/tow/2022/audio/word/17/06_55.wav"
"ubal","fur","毛","https://ilrdc.tw/tow/2022/audio/word/17/06_56.wav"
"ngungu","tail","尾巴","https://ilrdc.tw/tow/2022/audio/word/17/07_01.wav"
"babuy","pig","豬","https://ilrdc.tw/tow/2022/audio/word/17/07_02.wav"
"huling","dog","狗","https://ilrdc.tw/tow/2022/audio/word/17/07_03.wav"
"miric","sheep","羊","https://ilrdc.tw/tow/2022/audio/word/17/07_04.wav"
"ngiyaw","cat","貓","https://ilrdc.tw/tow/2022/audio/word/17/07_05.wav"
"qduda ","bird","鳥","https://ilrdc.tw/tow/2022/audio/word/17/07_06.wav"
"qsurux","fish","魚","https://ilrdc.tw/tow/2022/audio/word/17/07_07.wav"
"rudux","chicken","雞","https://ilrdc.tw/tow/2022/audio/word/17/07_08.wav"
"rungay","monkey","猴子","https://ilrdc.tw/tow/2022/audio/word/17/07_09.wav"
"dapa ","cattle","牛","https://ilrdc.tw/tow/2022/audio/word/17/07_10.wav"
"qowlic","mice (collectively)","老鼠(統稱)","https://ilrdc.tw/tow/2022/audio/word/17/07_11.wav"
"qpatur","frog","青蛙","https://ilrdc.tw/tow/2022/audio/word/17/07_12.wav"
"ruur ","owl","貓頭鷹","https://ilrdc.tw/tow/2022/audio/word/17/07_13.wav"
"arung","pangolin (manis pentadactylata)","穿山甲","https://ilrdc.tw/tow/2022/audio/word/17/07_14.wav"
"bowyak","boar","山豬","https://ilrdc.tw/tow/2022/audio/word/17/07_15.wav"
"byutux","feral pigeon","野鴿子","https://ilrdc.tw/tow/2022/audio/word/17/07_16.wav"
"kui","insect (collectively)","蟲(統稱)","https://ilrdc.tw/tow/2022/audio/word/17/07_17.wav"
"kuluk","turtle","烏龜","https://ilrdc.tw/tow/2022/audio/word/17/07_18.wav"
"quyu","snake","蛇","https://ilrdc.tw/tow/2022/audio/word/17/07_19.wav"
"rapic","flying squirrel","飛鼠","https://ilrdc.tw/tow/2022/audio/word/17/07_20.wav"
"ngiyaw rklic","leopard","豹","https://ilrdc.tw/tow/2022/audio/word/17/07_21.wav"
"rqnux","sambar (cervus eldii)","水鹿","https://ilrdc.tw/tow/2022/audio/word/17/07_22.wav"
"kumay","bear","熊","https://ilrdc.tw/tow/2022/audio/word/17/07_23.wav"
"pada","muntiacus reevesi","山羌","https://ilrdc.tw/tow/2022/audio/word/17/07_24.wav"
"supur","cockroach","蟑螂","https://ilrdc.tw/tow/2022/audio/word/17/07_25.wav"
"cyadan","dragonfly","蜻蜓","https://ilrdc.tw/tow/2022/audio/word/17/07_26.wav"
"klalay","butterfly","蝴蝶","https://ilrdc.tw/tow/2022/audio/word/17/07_27.wav"
"krubaw ","spider","蜘蛛","https://ilrdc.tw/tow/2022/audio/word/17/07_28.wav"
"balung","male reproductive organs","雄性動物生殖器官","https://ilrdc.tw/tow/2022/audio/word/17/07_29.wav"
"brihuc","squirrel","松鼠","https://ilrdc.tw/tow/2022/audio/word/17/07_30.wav"
"sngiya rowma","vole","田鼠","https://ilrdc.tw/tow/2022/audio/word/17/07_31.wav"
"preykaw ","mosquitoe","蚊子","https://ilrdc.tw/tow/2022/audio/word/17/07_32.wav"
"quhing","head louse","頭蝨","https://ilrdc.tw/tow/2022/audio/word/17/07_33.wav"
"rngji","fly","蒼蠅","https://ilrdc.tw/tow/2022/audio/word/17/07_34.wav"
"walu","honeybee","蜜蜂","https://ilrdc.tw/tow/2022/audio/word/17/07_35.wav"
"balas","male (animal)","雄性(動物)","https://ilrdc.tw/tow/2022/audio/word/17/07_36.wav"
"bru","suckling pig","乳豬","https://ilrdc.tw/tow/2022/audio/word/17/07_37.wav"
"bibi ","duck","鴨","https://ilrdc.tw/tow/2022/audio/word/17/07_38.wav"
"bisur","earthworm","蚯蚓","https://ilrdc.tw/tow/2022/audio/word/17/07_39.wav"
"baraq ","animal giblets","動物的內臟","https://ilrdc.tw/tow/2022/audio/word/17/07_40.wav"
"bnghur","wasp","土蜂","https://ilrdc.tw/tow/2022/audio/word/17/07_41.wav"
"qbowlung","shrimp","蝦","https://ilrdc.tw/tow/2022/audio/word/17/07_42.wav"
"dapa utux ","elephant","大象","https://ilrdc.tw/tow/2022/audio/word/17/07_43.wav"
"dmai ","horse","馬","https://ilrdc.tw/tow/2022/audio/word/17/07_44.wav"
"bubu huling","female (animal)","雌性(動物)","https://ilrdc.tw/tow/2022/audio/word/17/07_45.wav"
"kmarang","crab","螃蟹","https://ilrdc.tw/tow/2022/audio/word/17/07_46.wav"
"kjiyac ","cicada","蟬","https://ilrdc.tw/tow/2022/audio/word/17/07_47.wav"
"quyu mlhay","hundred-pace snake","百步蛇","https://ilrdc.tw/tow/2022/audio/word/17/07_48.wav"
"trak","wing","翅膀","https://ilrdc.tw/tow/2022/audio/word/17/07_49.wav"
"klaway karic","bat","蝙蝠","https://ilrdc.tw/tow/2022/audio/word/17/07_50.wav"
"pngusul","snail","蝸牛","https://ilrdc.tw/tow/2022/audio/word/17/07_51.wav"
"puruc","sparrow","麻雀","https://ilrdc.tw/tow/2022/audio/word/17/07_52.wav"
"kui saqic","stag beetle","鍬形蟲","https://ilrdc.tw/tow/2022/audio/word/17/07_53.wav"
"kjiraw","eagle","老鷹","https://ilrdc.tw/tow/2022/audio/word/17/07_54.wav"
"qtahi","ant","螞蟻","https://ilrdc.tw/tow/2022/audio/word/17/07_55.wav"
"tquq","goose","鵝","https://ilrdc.tw/tow/2022/audio/word/17/07_56.wav"
"kopin","waterbird","水鳥","https://ilrdc.tw/tow/2022/audio/word/17/07_57.wav"
"rudu qduda","nest","窩巢","https://ilrdc.tw/tow/2022/audio/word/17/07_58.wav"
"tjiyung ","hornet","虎頭蜂","https://ilrdc.tw/tow/2022/audio/word/17/07_59.wav"
"tmaqu","flea","跳蚤","https://ilrdc.tw/tow/2022/audio/word/17/07_60.wav"
"quyu blquq","cobra","眼鏡蛇","https://ilrdc.tw/tow/2022/audio/word/17/07_61.wav"
"cyaqung","crow","烏鴉","https://ilrdc.tw/tow/2022/audio/word/17/07_62.wav"
"uruk ","puppy","幼犬","https://ilrdc.tw/tow/2022/audio/word/17/07_63.wav"
"urung","horn","(動物的)角","https://ilrdc.tw/tow/2022/audio/word/17/07_64.wav"
"qowtun ","grasshopper","蚱蜢","https://ilrdc.tw/tow/2022/audio/word/17/07_65.wav"
"blbul","banana","香蕉","https://ilrdc.tw/tow/2022/audio/word/17/08_01.wav"
"payay","paddy","稻穀","https://ilrdc.tw/tow/2022/audio/word/17/08_02.wav"
"pusu qhuni","tree","樹","https://ilrdc.tw/tow/2022/audio/word/17/08_03.wav"
"sari","taro","芋頭","https://ilrdc.tw/tow/2022/audio/word/17/08_04.wav"
"sibus","sugar cane","甘蔗","https://ilrdc.tw/tow/2022/audio/word/17/08_05.wav"
"wasaw","leaf","葉子","https://ilrdc.tw/tow/2022/audio/word/17/08_06.wav"
"bunga","sweet potato","甘藷","https://ilrdc.tw/tow/2022/audio/word/17/08_07.wav"
"mudu","tangerine","柑橘","https://ilrdc.tw/tow/2022/audio/word/17/08_08.wav"
"phpah","flower","花朵","https://ilrdc.tw/tow/2022/audio/word/17/08_09.wav"
"baun","pumpkin","南瓜","https://ilrdc.tw/tow/2022/audio/word/17/08_10.wav"
"spriq","weed","雜草","https://ilrdc.tw/tow/2022/audio/word/17/08_11.wav"
"sqmu","corn","玉米","https://ilrdc.tw/tow/2022/audio/word/17/08_12.wav"
"pinglang","betel nut","檳榔","https://ilrdc.tw/tow/2022/audio/word/17/08_13.wav"
"djima","bamboo","竹子","https://ilrdc.tw/tow/2022/audio/word/17/08_14.wav"
"sida","branch","樹枝","https://ilrdc.tw/tow/2022/audio/word/17/08_15.wav"
"hiyi qhuni","fruit","(植物的)果實","https://ilrdc.tw/tow/2022/audio/word/17/08_16.wav"
"lxi ","bamboo shoot","竹筍","https://ilrdc.tw/tow/2022/audio/word/17/08_17.wav"
"ngiraw","edible mushroom","香菇","https://ilrdc.tw/tow/2022/audio/word/17/08_18.wav"
"kalac","pineapple","鳳梨","https://ilrdc.tw/tow/2022/audio/word/17/08_19.wav"
"spriq","grass","草","https://ilrdc.tw/tow/2022/audio/word/17/08_20.wav"
"wahir","rattan","藤類","https://ilrdc.tw/tow/2022/audio/word/17/08_21.wav"
"qlupas","peach","桃子","https://ilrdc.tw/tow/2022/audio/word/17/08_22.wav"
"bnuwar","plum","李子","https://ilrdc.tw/tow/2022/audio/word/17/08_23.wav"
"hiyi qhuni","fruit","水果","https://ilrdc.tw/tow/2022/audio/word/17/08_24.wav"
"gamil qhuni","treetop","樹根","https://ilrdc.tw/tow/2022/audio/word/17/08_25.wav"
"qlung","agaric","木耳","https://ilrdc.tw/tow/2022/audio/word/17/08_26.wav"
"tomato","tomatoe","蕃茄","https://ilrdc.tw/tow/2022/audio/word/17/08_27.wav"
"gamil","root","樹根","https://ilrdc.tw/tow/2022/audio/word/17/08_28.wav"
"bowxi","wild lily","野百合","https://ilrdc.tw/tow/2022/audio/word/17/08_29.wav"
"brayaw","giant elephant's ear","姑婆芋","https://ilrdc.tw/tow/2022/audio/word/17/08_30.wav"
"sagas","cucumber","胡瓜","https://ilrdc.tw/tow/2022/audio/word/17/08_31.wav"
"sruhing","bird-nest fern","山蘇","https://ilrdc.tw/tow/2022/audio/word/17/08_32.wav"
"ningjing","carrot","胡蘿蔔","https://ilrdc.tw/tow/2022/audio/word/17/08_33.wav"
"sama eyncay","cabbage","空心菜","https://ilrdc.tw/tow/2022/audio/word/17/08_34.wav"
"sukay bbaraw","yard-long bean","長豆","https://ilrdc.tw/tow/2022/audio/word/17/08_35.wav"
"layan","green bean","綠豆","https://ilrdc.tw/tow/2022/audio/word/17/08_36.wav"
"mugi","wheat","麥","https://ilrdc.tw/tow/2022/audio/word/17/08_37.wav"
"neygi","green onion","蔥","https://ilrdc.tw/tow/2022/audio/word/17/08_38.wav"
"rabu sukay","bean sprout","豆芽","https://ilrdc.tw/tow/2022/audio/word/17/08_39.wav"
"dkeyso","passion fruit","百香果","https://ilrdc.tw/tow/2022/audio/word/17/08_40.wav"
"rnbay","yam","山藥","https://ilrdc.tw/tow/2022/audio/word/17/08_41.wav"
"qulic","cypress","檜木","https://ilrdc.tw/tow/2022/audio/word/17/08_42.wav"
"rabu","seedling","幼苗","https://ilrdc.tw/tow/2022/audio/word/17/08_43.wav"
"ghak","seed","種子","https://ilrdc.tw/tow/2022/audio/word/17/08_44.wav"
"rhnuk","wild strawberry","野草莓","https://ilrdc.tw/tow/2022/audio/word/17/08_45.wav"
"risah","plum","梅子","https://ilrdc.tw/tow/2022/audio/word/17/08_46.wav"
"lmala","vegetable fern","過貓","https://ilrdc.tw/tow/2022/audio/word/17/08_47.wav"
"phpah snegil","Taiwan cherry","山櫻花","https://ilrdc.tw/tow/2022/audio/word/17/08_48.wav"
"hrknux ","stinging nettle","咬人貓","https://ilrdc.tw/tow/2022/audio/word/17/08_49.wav"
"mqri","mountain litsea","山胡椒","https://ilrdc.tw/tow/2022/audio/word/17/08_50.wav"
"sunguc","pigeon pea","樹豆","https://ilrdc.tw/tow/2022/audio/word/17/08_51.wav"
"qlahi","grapefruit","柚子","https://ilrdc.tw/tow/2022/audio/word/17/08_52.wav"
" puqan","tobacco","菸草","https://ilrdc.tw/tow/2022/audio/word/17/08_53.wav"
"usik","pepper (generic term)","辣椒(通稱)","https://ilrdc.tw/tow/2022/audio/word/17/08_54.wav"
"tapung","cotton","棉花","https://ilrdc.tw/tow/2022/audio/word/17/08_55.wav"
"bunga","sweet potato","地瓜","https://ilrdc.tw/tow/2022/audio/word/17/08_56.wav"
"quci rudux","guava","番石榴","https://ilrdc.tw/tow/2022/audio/word/17/08_57.wav"
"patas","book","書","https://ilrdc.tw/tow/2022/audio/word/17/09_01.wav"
"pila","money","錢","https://ilrdc.tw/tow/2022/audio/word/17/09_02.wav"
"boru","ball","球","https://ilrdc.tw/tow/2022/audio/word/17/09_03.wav"
"ptasan","table","桌子","https://ilrdc.tw/tow/2022/audio/word/17/09_04.wav"
"qnawal","telephone","電話","https://ilrdc.tw/tow/2022/audio/word/17/09_05.wav"
"ppatas","pen","筆","https://ilrdc.tw/tow/2022/audio/word/17/09_06.wav"
"gakac","chair","椅子","https://ilrdc.tw/tow/2022/audio/word/17/09_07.wav"
"iyu","medicine","藥物","https://ilrdc.tw/tow/2022/audio/word/17/09_08.wav"
"teynnaw","computer","電腦","https://ilrdc.tw/tow/2022/audio/word/17/09_09.wav"
"bubung","umbrella","雨傘","https://ilrdc.tw/tow/2022/audio/word/17/09_10.wav"
"tokey baga","watch","手錶","https://ilrdc.tw/tow/2022/audio/word/17/09_11.wav"
"tokey","clocks and watches","鐘錶","https://ilrdc.tw/tow/2022/audio/word/17/09_12.wav"
"daung","hook","鉤子","https://ilrdc.tw/tow/2022/audio/word/17/09_13.wav"
"waray","fine line","細線","https://ilrdc.tw/tow/2022/audio/word/17/09_14.wav"
"gasil","rope","繩索","https://ilrdc.tw/tow/2022/audio/word/17/09_15.wav"
"qumi","needle","針","https://ilrdc.tw/tow/2022/audio/word/17/09_16.wav"
"sru","wooden pestle","木杵","https://ilrdc.tw/tow/2022/audio/word/17/09_17.wav"
"rqci","twig"," 枝條","https://ilrdc.tw/tow/2022/audio/word/17/09_18.wav"
"giya","sieve","篩子","https://ilrdc.tw/tow/2022/audio/word/17/09_19.wav"
"yayu","knife","小刀","https://ilrdc.tw/tow/2022/audio/word/17/09_20.wav"
"asu","ship","船隻","https://ilrdc.tw/tow/2022/audio/word/17/09_21.wav"
"saqic","scissor","剪刀","https://ilrdc.tw/tow/2022/audio/word/17/09_22.wav"
"bagah","charcoal","木炭","https://ilrdc.tw/tow/2022/audio/word/17/09_23.wav"
"bakeyc","bucket","水桶","https://ilrdc.tw/tow/2022/audio/word/17/09_24.wav"
"bhniq ngahi","fishing rod","釣竿","https://ilrdc.tw/tow/2022/audio/word/17/09_25.wav"
"tutuh djima","bamboo tube","竹筒","https://ilrdc.tw/tow/2022/audio/word/17/09_26.wav"
"deynki","light","電燈","https://ilrdc.tw/tow/2022/audio/word/17/09_27.wav"
"gumuk","lid","蓋子","https://ilrdc.tw/tow/2022/audio/word/17/09_28.wav"
"gisuk","spatula","(竹製的)刮麻具","https://ilrdc.tw/tow/2022/audio/word/17/09_29.wav"
"ruciq","filth","污垢","https://ilrdc.tw/tow/2022/audio/word/17/09_30.wav"
"duhung","wooden mortar","木臼","https://ilrdc.tw/tow/2022/audio/word/17/09_31.wav"
"kabang","quilt","棉被","https://ilrdc.tw/tow/2022/audio/word/17/09_32.wav"
"pratu","bowl","碗","https://ilrdc.tw/tow/2022/audio/word/17/09_33.wav"
"kaji","net","網子","https://ilrdc.tw/tow/2022/audio/word/17/09_34.wav"
"kama","rice cooker","飯鍋","https://ilrdc.tw/tow/2022/audio/word/17/09_35.wav"
"kruc","saw","鋸子","https://ilrdc.tw/tow/2022/audio/word/17/09_36.wav"
"klabuy","paper","紙張","https://ilrdc.tw/tow/2022/audio/word/17/09_37.wav"
"suqi","cup","杯子","https://ilrdc.tw/tow/2022/audio/word/17/09_38.wav"
"ngahi","fishing tackle","釣具","https://ilrdc.tw/tow/2022/audio/word/17/09_39.wav"
"lubuy","bag","袋子","https://ilrdc.tw/tow/2022/audio/word/17/09_40.wav"
"isux","turner","鍋鏟","https://ilrdc.tw/tow/2022/audio/word/17/09_41.wav"
"pupu","axe","斧頭","https://ilrdc.tw/tow/2022/audio/word/17/09_42.wav"
"daquc","tong","夾子","https://ilrdc.tw/tow/2022/audio/word/17/09_43.wav"
"hrakaw","bedding","床舖","https://ilrdc.tw/tow/2022/audio/word/17/09_44.wav"
"pungu","stalk","梗","https://ilrdc.tw/tow/2022/audio/word/17/09_45.wav"
"gagi","mirror","鏡子","https://ilrdc.tw/tow/2022/audio/word/17/09_46.wav"
"qaya","tool","工具","https://ilrdc.tw/tow/2022/audio/word/17/09_47.wav"
"supih","wok","弧形(底)鍋","https://ilrdc.tw/tow/2022/audio/word/17/09_48.wav"
"qbulic","charcoal ash","炭灰","https://ilrdc.tw/tow/2022/audio/word/17/09_49.wav"
"tasaw","bottle","瓶子","https://ilrdc.tw/tow/2022/audio/word/17/09_50.wav"
"taku","spoon","湯匙","https://ilrdc.tw/tow/2022/audio/word/17/09_51.wav"
"sara","dish","菜盤","https://ilrdc.tw/tow/2022/audio/word/17/09_52.wav"
"sasing","photograph","相片","https://ilrdc.tw/tow/2022/audio/word/17/09_53.wav"
"seykeyng","soap","肥皂","https://ilrdc.tw/tow/2022/audio/word/17/09_54.wav"
"sisi","filter net","濾酒渣網","https://ilrdc.tw/tow/2022/audio/word/17/09_55.wav"
"ciyux","comb","梳子","https://ilrdc.tw/tow/2022/audio/word/17/09_56.wav"
"sbal","sling","揹帶","https://ilrdc.tw/tow/2022/audio/word/17/09_57.wav"
"krasan","fan","扇子","https://ilrdc.tw/tow/2022/audio/word/17/09_58.wav"
"nabey","stockpot","湯鍋","https://ilrdc.tw/tow/2022/audio/word/17/09_59.wav"
"taku","water ladle (for scooping water up)","水瓢(舀水用)","https://ilrdc.tw/tow/2022/audio/word/17/09_60.wav"
"kulu huda","refrigerator","電冰箱","https://ilrdc.tw/tow/2022/audio/word/17/09_61.wav"
"tribi","television","電視","https://ilrdc.tw/tow/2022/audio/word/17/09_62.wav"
"paypu qsiya","pipe","水管","https://ilrdc.tw/tow/2022/audio/word/17/09_63.wav"
"saping tunux ","pillow","枕頭","https://ilrdc.tw/tow/2022/audio/word/17/09_64.wav"
"tucing","hammer","鐵鎚","https://ilrdc.tw/tow/2022/audio/word/17/09_65.wav"
"kugi","Iron nail","鐵釘","https://ilrdc.tw/tow/2022/audio/word/17/09_66.wav"
"singas","the thing stuck between the teeth","卡在牙縫之物","https://ilrdc.tw/tow/2022/audio/word/17/09_67.wav"
"yayu","cleaver","菜刀","https://ilrdc.tw/tow/2022/audio/word/17/09_68.wav"
"kaji qsurux","fishing net","魚網","https://ilrdc.tw/tow/2022/audio/word/17/09_69.wav"
"ssrus","eraser","橡皮擦","https://ilrdc.tw/tow/2022/audio/word/17/09_70.wav"
"rawa","basket","簍子","https://ilrdc.tw/tow/2022/audio/word/17/09_71.wav"
"elug","road","道路","https://ilrdc.tw/tow/2022/audio/word/17/10_01.wav"
"ddgiyaq","wooded mountain","山林","https://ilrdc.tw/tow/2022/audio/word/17/10_02.wav"
"qsiya ayug","creek","小溪","https://ilrdc.tw/tow/2022/audio/word/17/10_03.wav"
"bgihur","wind","風","https://ilrdc.tw/tow/2022/audio/word/17/10_04.wav"
"bnaqig","sand","沙子","https://ilrdc.tw/tow/2022/audio/word/17/10_05.wav"
"dxgal","soil","泥土","https://ilrdc.tw/tow/2022/audio/word/17/10_06.wav"
"yayung","stream","河流","https://ilrdc.tw/tow/2022/audio/word/17/10_07.wav"
"langu","lake","湖泊","https://ilrdc.tw/tow/2022/audio/word/17/10_08.wav"
" bbuyu","forest","森林","https://ilrdc.tw/tow/2022/audio/word/17/10_09.wav"
"singa","crevice","縫隙","https://ilrdc.tw/tow/2022/audio/word/17/10_10.wav"
"lhngaw","cave","洞穴","https://ilrdc.tw/tow/2022/audio/word/17/10_11.wav"
"truma dgiyaq","at the foot of the mountain","山腳下","https://ilrdc.tw/tow/2022/audio/word/17/10_12.wav"
"gntuan dxgal ","mound","土堆","https://ilrdc.tw/tow/2022/audio/word/17/10_13.wav"
"lhngaw tasil","cavern","岩洞","https://ilrdc.tw/tow/2022/audio/word/17/10_14.wav"
"hruan spriq","grassland","草原","https://ilrdc.tw/tow/2022/audio/word/17/10_15.wav"
"qhjing","hot spring","溫泉","https://ilrdc.tw/tow/2022/audio/word/17/10_16.wav"
"dowras","canyon","峽谷","https://ilrdc.tw/tow/2022/audio/word/17/10_17.wav"
"bling lhngaw","cave","山洞","https://ilrdc.tw/tow/2022/audio/word/17/10_18.wav"
"tasil","rock","岩石","https://ilrdc.tw/tow/2022/audio/word/17/10_19.wav"
"tglaq","cascade","瀑布","https://ilrdc.tw/tow/2022/audio/word/17/10_20.wav"
"murux na dgiyaq","independent hill","獨立的小山頭","https://ilrdc.tw/tow/2022/audio/word/17/10_21.wav"
"bbuyu ddgiyaq","lofty mountains and steep hills","崇山峻嶺","https://ilrdc.tw/tow/2022/audio/word/17/10_22.wav"
"qmuyux","rainy","下雨","https://ilrdc.tw/tow/2022/audio/word/17/11_01.wav"
"hidaw","sun","太陽","https://ilrdc.tw/tow/2022/audio/word/17/11_02.wav"
"idas","moon","月亮","https://ilrdc.tw/tow/2022/audio/word/17/11_03.wav"
"karac","sky","天空","https://ilrdc.tw/tow/2022/audio/word/17/11_04.wav"
"ppngrah","star","星星","https://ilrdc.tw/tow/2022/audio/word/17/11_05.wav"
"quyux","rain","雨","https://ilrdc.tw/tow/2022/audio/word/17/11_06.wav"
"huda","snow","雪","https://ilrdc.tw/tow/2022/audio/word/17/11_07.wav"
"misan","winter","冬天","https://ilrdc.tw/tow/2022/audio/word/17/11_08.wav"
"rbagan","summer","夏天","https://ilrdc.tw/tow/2022/audio/word/17/11_09.wav"
"bruwa","thunder","雷","https://ilrdc.tw/tow/2022/audio/word/17/11_10.wav"
"drmul","dew","露水","https://ilrdc.tw/tow/2022/audio/word/17/11_11.wav"
"rulung","cloud","雲","https://ilrdc.tw/tow/2022/audio/word/17/11_12.wav"
"qrngul","smoke","煙","https://ilrdc.tw/tow/2022/audio/word/17/11_13.wav"
"tqliwaq","lightning","閃電","https://ilrdc.tw/tow/2022/audio/word/17/11_14.wav"
"qpahan ","dry land","旱田","https://ilrdc.tw/tow/2022/audio/word/17/11_15.wav"
"msurung","cloudy day","陰天","https://ilrdc.tw/tow/2022/audio/word/17/11_16.wav"
"tahuc puniq","fire","火","https://ilrdc.tw/tow/2022/audio/word/17/11_17.wav"
"huda","ice","冰","https://ilrdc.tw/tow/2022/audio/word/17/11_18.wav"
"runug","earthquake","地震","https://ilrdc.tw/tow/2022/audio/word/17/11_19.wav"
"sasaw utux","shadow","影子","https://ilrdc.tw/tow/2022/audio/word/17/11_20.wav"
"bgihur paru ","typhoon","颱風","https://ilrdc.tw/tow/2022/audio/word/17/11_21.wav"
"sipa","frost","霜","https://ilrdc.tw/tow/2022/audio/word/17/11_22.wav"
"shbuy","drip","水滴","https://ilrdc.tw/tow/2022/audio/word/17/11_23.wav"
"rngsux","flood","水患","https://ilrdc.tw/tow/2022/audio/word/17/11_24.wav"
"srnabaw","spring","春天","https://ilrdc.tw/tow/2022/audio/word/17/11_25.wav"
"siyaw gsilung","seaside","海邊","https://ilrdc.tw/tow/2022/audio/word/17/11_26.wav"
"krpuhan","autumn","秋天","https://ilrdc.tw/tow/2022/audio/word/17/11_27.wav"
"hakaw utux","rainbow","彩虹","https://ilrdc.tw/tow/2022/audio/word/17/11_28.wav"
"gqian hidaw","sunset","日落","https://ilrdc.tw/tow/2022/audio/word/17/11_29.wav"
"kkuung karac","dusk","天黑","https://ilrdc.tw/tow/2022/audio/word/17/11_30.wav"
"msuwal","stop raining","雨停","https://ilrdc.tw/tow/2022/audio/word/17/11_31.wav"
"sbgihur paru","typhoon.","刮颱風","https://ilrdc.tw/tow/2022/audio/word/17/11_32.wav"
"smriyu hidaw","sunrise","日出","https://ilrdc.tw/tow/2022/audio/word/17/11_33.wav"
"sapah","home","家","https://ilrdc.tw/tow/2022/audio/word/17/12_01.wav"
"bling gagi","window","窗戶","https://ilrdc.tw/tow/2022/audio/word/17/12_02.wav"
"rhngun","door","門","https://ilrdc.tw/tow/2022/audio/word/17/12_03.wav"
"sapah pyasan","school","學校","https://ilrdc.tw/tow/2022/audio/word/17/12_04.wav"
"btunux","stone","石頭","https://ilrdc.tw/tow/2022/audio/word/17/12_05.wav"
"dnamux","roof","屋頂","https://ilrdc.tw/tow/2022/audio/word/17/12_06.wav"
"hakaw","bridge","橋樑","https://ilrdc.tw/tow/2022/audio/word/17/12_07.wav"
"beygi","shack","工寮","https://ilrdc.tw/tow/2022/audio/word/17/12_08.wav"
"saan psnganguc","toilet","廁所","https://ilrdc.tw/tow/2022/audio/word/17/12_09.wav"
"eruc","pillar","柱子","https://ilrdc.tw/tow/2022/audio/word/17/12_10.wav"
"gntuan btunux","rock pile","石堆","https://ilrdc.tw/tow/2022/audio/word/17/12_11.wav"
"kadu rudux","chicken coop","雞寮","https://ilrdc.tw/tow/2022/audio/word/17/12_12.wav"
"hakaw qqahan","stair","樓梯","https://ilrdc.tw/tow/2022/audio/word/17/12_13.wav"
" nganguc sapah","courtyard","庭院","https://ilrdc.tw/tow/2022/audio/word/17/12_14.wav"
"qnabil","wall","牆壁","https://ilrdc.tw/tow/2022/audio/word/17/12_15.wav"
"rpun","barn","穀倉","https://ilrdc.tw/tow/2022/audio/word/17/12_16.wav"
"dmamux","roofing","蓋屋頂","https://ilrdc.tw/tow/2022/audio/word/17/12_17.wav"
"qmalang","building a fence","搭建圍籬","https://ilrdc.tw/tow/2022/audio/word/17/12_18.wav"
"uyung","backyard","後院","https://ilrdc.tw/tow/2022/audio/word/17/12_19.wav"
"kawas","next year","明年","https://ilrdc.tw/tow/2022/audio/word/17/13_01.wav"
"keeman","evening","晚上","https://ilrdc.tw/tow/2022/audio/word/17/13_02.wav"
"shiga","yesterday","昨天","https://ilrdc.tw/tow/2022/audio/word/17/13_03.wav"
"kusun","tomorrow","明天","https://ilrdc.tw/tow/2022/audio/word/17/13_04.wav"
"jiyax sayang","today","今天","https://ilrdc.tw/tow/2022/audio/word/17/13_05.wav"
"saman","morning","早上","https://ilrdc.tw/tow/2022/audio/word/17/13_06.wav"
"jiyan","daytime","白天","https://ilrdc.tw/tow/2022/audio/word/17/13_07.wav"
"snkaxa","day before yesterday","前天","https://ilrdc.tw/tow/2022/audio/word/17/13_08.wav"
"mgrbu","early morning","清晨","https://ilrdc.tw/tow/2022/audio/word/17/13_09.wav"
"mkuung","darkness","黑暗","https://ilrdc.tw/tow/2022/audio/word/17/13_10.wav"
"gbiyan","toward evening","傍晚","https://ilrdc.tw/tow/2022/audio/word/17/13_11.wav"
"babaw ","continue","接續","https://ilrdc.tw/tow/2022/audio/word/17/13_12.wav"
"ska rabi","midnight","半夜","https://ilrdc.tw/tow/2022/audio/word/17/13_13.wav"
"siida","at that time","當時","https://ilrdc.tw/tow/2022/audio/word/17/13_14.wav"
"snktruan","three days ago","大前天","https://ilrdc.tw/tow/2022/audio/word/17/13_15.wav"
"iya han","in a minute","待會兒","https://ilrdc.tw/tow/2022/audio/word/17/13_16.wav"
"kntruan","three days later","大後天","https://ilrdc.tw/tow/2022/audio/word/17/13_17.wav"
"rdax","gleam","亮光","https://ilrdc.tw/tow/2022/audio/word/17/13_18.wav"
"mkaxa","the day after tomorrow","後天","https://ilrdc.tw/tow/2022/audio/word/17/13_19.wav"
"saman","morning","上午","https://ilrdc.tw/tow/2022/audio/word/17/13_20.wav"
"bukuy","future","未來","https://ilrdc.tw/tow/2022/audio/word/17/13_21.wav"
"rabi","night","夜","https://ilrdc.tw/tow/2022/audio/word/17/13_22.wav"
"mbiyax siida","at an early age","年輕時","https://ilrdc.tw/tow/2022/audio/word/17/13_23.wav"
"tnais","in a short while","一下子","https://ilrdc.tw/tow/2022/audio/word/17/13_24.wav"
"babaw ska hidaw","afternoon"," 下午","https://ilrdc.tw/tow/2022/audio/word/17/13_25.wav"
"patas hidaw","o’clock","(幾)點鐘","https://ilrdc.tw/tow/2022/audio/word/17/13_26.wav"
"jiyax sngayan","sunday","星期日","https://ilrdc.tw/tow/2022/audio/word/17/13_27.wav"
"hngkawas","year","年","https://ilrdc.tw/tow/2022/audio/word/17/13_28.wav"
"kdjiyax","everyday","天天","https://ilrdc.tw/tow/2022/audio/word/17/13_29.wav"
"sayang","now"," 現在","https://ilrdc.tw/tow/2022/audio/word/17/13_30.wav"
"jiyax pncingan","birthday","生日","https://ilrdc.tw/tow/2022/audio/word/17/13_31.wav"
"ruwan","inside","裡面","https://ilrdc.tw/tow/2022/audio/word/17/14_01.wav"
"gaga…","somewhere","在某處","https://ilrdc.tw/tow/2022/audio/word/17/14_02.wav"
"babaw ","above","上面","https://ilrdc.tw/tow/2022/audio/word/17/14_03.wav"
"brah","front","前面","https://ilrdc.tw/tow/2022/audio/word/17/14_04.wav"
"truma","below","下面","https://ilrdc.tw/tow/2022/audio/word/17/14_05.wav"
"ska","middle","中間","https://ilrdc.tw/tow/2022/audio/word/17/14_06.wav"
"nganguc","outside","外面","https://ilrdc.tw/tow/2022/audio/word/17/14_07.wav"
"siyaw","side","旁邊","https://ilrdc.tw/tow/2022/audio/word/17/14_08.wav"
"hungun","top","頂","https://ilrdc.tw/tow/2022/audio/word/17/14_09.wav"
"narac","the right side","右邊","https://ilrdc.tw/tow/2022/audio/word/17/14_10.wav"
"igi","the left side","左邊","https://ilrdc.tw/tow/2022/audio/word/17/14_11.wav"
"muhing","nook","角落","https://ilrdc.tw/tow/2022/audio/word/17/14_12.wav"
"truma","beneath something","  某物之下","https://ilrdc.tw/tow/2022/audio/word/17/14_13.wav"
"uda","pass","經過","https://ilrdc.tw/tow/2022/audio/word/17/14_14.wav"
"bitaq","(from somewhere) to somewhere","(從某處)到某處","https://ilrdc.tw/tow/2022/audio/word/17/14_15.wav"
"paah","from somewhere","從某處","https://ilrdc.tw/tow/2022/audio/word/17/14_16.wav"
"qibuh","hoeing","鋤草","https://ilrdc.tw/tow/2022/audio/word/17/15_01.wav"
"tmabung","plowing","犁田","https://ilrdc.tw/tow/2022/audio/word/17/15_02.wav"
"tmukuy","sowing","播種","https://ilrdc.tw/tow/2022/audio/word/17/15_03.wav"
"  ghak","Seedling (Action)","種苗(動作)","https://ilrdc.tw/tow/2022/audio/word/17/15_04.wav"
"rawa psdngu","grain drying box","穀物乾燥簍","https://ilrdc.tw/tow/2022/audio/word/17/15_05.wav"
"sakur","rake","犁","https://ilrdc.tw/tow/2022/audio/word/17/15_06.wav"
"sowki","scythe","鐮刀","https://ilrdc.tw/tow/2022/audio/word/17/15_07.wav"
"parih","backhoe","鋤頭","https://ilrdc.tw/tow/2022/audio/word/17/15_08.wav"
"rpun","warehouse","倉庫","https://ilrdc.tw/tow/2022/audio/word/17/15_09.wav"
"gmbgurah dxgal","Open up","開墾","https://ilrdc.tw/tow/2022/audio/word/17/15_10.wav"
"xiryo","manure","肥料","https://ilrdc.tw/tow/2022/audio/word/17/15_11.wav"
"tbusan","grain sifters","篩穀器具","https://ilrdc.tw/tow/2022/audio/word/17/15_12.wav"
"pshdaun","accelerate the ripening (of fruit)","催熟(果實)","https://ilrdc.tw/tow/2022/audio/word/17/15_13.wav"
"sudu payay","straw","稻草","https://ilrdc.tw/tow/2022/audio/word/17/15_14.wav"
"bhniq ","bow","弓","https://ilrdc.tw/tow/2022/audio/word/17/16_01.wav"
"snbrangan","spear","矛","https://ilrdc.tw/tow/2022/audio/word/17/16_02.wav"
"buji","arrow","箭矢","https://ilrdc.tw/tow/2022/audio/word/17/16_03.wav"
"sraki","bait","餌","https://ilrdc.tw/tow/2022/audio/word/17/16_04.wav"
"puniq","gun","槍","https://ilrdc.tw/tow/2022/audio/word/17/16_05.wav"
"pucing","hunting knife","獵刀","https://ilrdc.tw/tow/2022/audio/word/17/16_06.wav"
"snbrangan","straight hunting knife","直形獵刀","https://ilrdc.tw/tow/2022/audio/word/17/16_07.wav"
"samac","prey (collectively)","獵物(統稱)","https://ilrdc.tw/tow/2022/audio/word/17/16_08.wav"
"dangar","stone trap","石壓式陷阱","https://ilrdc.tw/tow/2022/audio/word/17/16_09.wav"
"durang","noose trap","套頸式繩索陷阱","https://ilrdc.tw/tow/2022/audio/word/17/16_10.wav"
"rawa","basket","籃子","https://ilrdc.tw/tow/2022/audio/word/17/16_11.wav"
"qowbu   tlnga","bird trap","捕鳥陷阱","https://ilrdc.tw/tow/2022/audio/word/17/16_12.wav"
"bsaniq","taboo","禁忌","https://ilrdc.tw/tow/2022/audio/word/17/17_01.wav"
"spi","dream","夢","https://ilrdc.tw/tow/2022/audio/word/17/17_02.wav"
"mhuni","witchcraft","巫術","https://ilrdc.tw/tow/2022/audio/word/17/17_03.wav"
"prhulan","church","教會","https://ilrdc.tw/tow/2022/audio/word/17/17_04.wav"
"smiyan utux rudan","pas-vake","祖靈祭","https://ilrdc.tw/tow/2022/audio/word/17/17_05.wav"
"smiyan tmukuy","misalisin","播種祭","https://ilrdc.tw/tow/2022/audio/word/17/17_06.wav"
"utux","ghost","鬼魂","https://ilrdc.tw/tow/2022/audio/word/17/17_07.wav"
"bunur","witchcarft appliance (witch doctor use it for treatment)","法器(巫醫治病用)","https://ilrdc.tw/tow/2022/audio/word/17/17_08.wav"
"bunuh","hat","帽子","https://ilrdc.tw/tow/2022/audio/word/17/18_01.wav"
"lukus","dress","衣服","https://ilrdc.tw/tow/2022/audio/word/17/18_02.wav"
"tminun","weave","編織","https://ilrdc.tw/tow/2022/audio/word/17/18_03.wav"
"towrah","belly band","肚兜","https://ilrdc.tw/tow/2022/audio/word/17/18_04.wav"
"kraga","men’s earring","男用耳環","https://ilrdc.tw/tow/2022/audio/word/17/18_05.wav"
"pspik","women’s earring","女用耳環","https://ilrdc.tw/tow/2022/audio/word/17/18_06.wav"
"ribul","pants","褲子","https://ilrdc.tw/tow/2022/audio/word/17/18_07.wav"
"mhliq","torn","破掉","https://ilrdc.tw/tow/2022/audio/word/17/18_08.wav"
"giji tunux","headdress","頭飾","https://ilrdc.tw/tow/2022/audio/word/17/18_09.wav"
"gikus","netting needle","編網針","https://ilrdc.tw/tow/2022/audio/word/17/18_10.wav"
"habuk","belt","腰帶","https://ilrdc.tw/tow/2022/audio/word/17/18_11.wav"
"krig","ramie","苧麻","https://ilrdc.tw/tow/2022/audio/word/17/18_12.wav"
"qmamas srakaw","stain","染色","https://ilrdc.tw/tow/2022/audio/word/17/18_13.wav"
"miri","floating fabric","浮織","https://ilrdc.tw/tow/2022/audio/word/17/18_14.wav"
"kusuy","women’s long pant","女性長褲","https://ilrdc.tw/tow/2022/audio/word/17/18_15.wav"
"nuqih","boehmeria thread","苧麻線","https://ilrdc.tw/tow/2022/audio/word/17/18_16.wav"
"pala","cloth","布匹","https://ilrdc.tw/tow/2022/audio/word/17/18_17.wav"
"giji","makeup and accessories","妝扮飾物","https://ilrdc.tw/tow/2022/audio/word/17/18_18.wav"
"ratang","traditional blouse","傳統女上衣","https://ilrdc.tw/tow/2022/audio/word/17/18_19.wav"
"skato","traditional skirt","傳統女裙","https://ilrdc.tw/tow/2022/audio/word/17/18_20.wav"
"ramil","shoe","鞋子","https://ilrdc.tw/tow/2022/audio/word/17/18_21.wav"
"sbal","baby carrier","揹小孩的背帶","https://ilrdc.tw/tow/2022/audio/word/17/18_22.wav"
"waray ubal","yarn","毛線","https://ilrdc.tw/tow/2022/audio/word/17/18_23.wav"
"skato","skirt","裙子","https://ilrdc.tw/tow/2022/audio/word/17/18_24.wav"
"thawak","codpiece","男用遮陰布","https://ilrdc.tw/tow/2022/audio/word/17/18_25.wav"
"towkan balay","men’s mesh bag","男用背負網袋","https://ilrdc.tw/tow/2022/audio/word/17/18_26.wav"
"towrah","breastplate","擋胸巾","https://ilrdc.tw/tow/2022/audio/word/17/18_27.wav"
"usuk","sleeve","袖子","https://ilrdc.tw/tow/2022/audio/word/17/18_28.wav"
"wagi","jacket","上衣","https://ilrdc.tw/tow/2022/audio/word/17/18_29.wav"
"wahu","headband (for women’s backpack)","頭帶(女用背籃用)","https://ilrdc.tw/tow/2022/audio/word/17/18_30.wav"
"waray nuqih","vegetarian linen thread for weaving","織布用的素麻線","https://ilrdc.tw/tow/2022/audio/word/17/18_31.wav"
"smkrig","scrape ramie","刮苧麻","https://ilrdc.tw/tow/2022/audio/word/17/18_32.wav"
"brunguy","bamboom back basket","女用揹籃","https://ilrdc.tw/tow/2022/audio/word/17/19_01.wav"
"giya","round bamboo basket","圓形竹簍","https://ilrdc.tw/tow/2022/audio/word/17/19_02.wav"
"basu","bus","公車","https://ilrdc.tw/tow/2022/audio/word/17/20_01.wav"
"ddeynsya","bicycle","腳踏車","https://ilrdc.tw/tow/2022/audio/word/17/20_02.wav"
"tgaan rulu","station","車站","https://ilrdc.tw/tow/2022/audio/word/17/20_03.wav"
"dduruy","tire","輪胎","https://ilrdc.tw/tow/2022/audio/word/17/20_04.wav"
"asu","ship","船","https://ilrdc.tw/tow/2022/audio/word/17/20_05.wav"
"rulu","car","車子","https://ilrdc.tw/tow/2022/audio/word/17/20_06.wav"
"rulu qrngul","train","火車","https://ilrdc.tw/tow/2022/audio/word/17/20_07.wav"
"idaw","rice","飯","https://ilrdc.tw/tow/2022/audio/word/17/21_01.wav"
"qsiya","water","水","https://ilrdc.tw/tow/2022/audio/word/17/21_02.wav"
"buwax","rice","白米","https://ilrdc.tw/tow/2022/audio/word/17/21_03.wav"
"damac","dish","菜餚","https://ilrdc.tw/tow/2022/audio/word/17/21_04.wav"
"sama","green vegetable","青菜","https://ilrdc.tw/tow/2022/audio/word/17/21_05.wav"
"sinaw","wine","酒","https://ilrdc.tw/tow/2022/audio/word/17/21_06.wav"
"cimu","salt","鹽","https://ilrdc.tw/tow/2022/audio/word/17/21_07.wav"
"biyuq walu","honey","蜜","https://ilrdc.tw/tow/2022/audio/word/17/21_08.wav"
"balung","egg","蛋","https://ilrdc.tw/tow/2022/audio/word/17/21_09.wav"
"abura","oil","油","https://ilrdc.tw/tow/2022/audio/word/17/21_10.wav"
"knux","taste","味道","https://ilrdc.tw/tow/2022/audio/word/17/21_11.wav"
"bgu","soup","湯","https://ilrdc.tw/tow/2022/audio/word/17/21_12.wav"
"sukay","beans","豆類","https://ilrdc.tw/tow/2022/audio/word/17/21_13.wav"
"daykung","daikon","白蘿蔔","https://ilrdc.tw/tow/2022/audio/word/17/21_14.wav"
"dmux payay","grain","穀粒","https://ilrdc.tw/tow/2022/audio/word/17/21_15.wav"
"dhquy","glutinous rice","糯米","https://ilrdc.tw/tow/2022/audio/word/17/21_16.wav"
"idaw muwang","porridge","粥","https://ilrdc.tw/tow/2022/audio/word/17/21_17.wav"
"masu","millet","小米","https://ilrdc.tw/tow/2022/audio/word/17/21_18.wav"
"sato","sugar","糖","https://ilrdc.tw/tow/2022/audio/word/17/21_19.wav"
"siyang babuy","pork","豬肉","https://ilrdc.tw/tow/2022/audio/word/17/21_20.wav"
"bisur","noodle","麵","https://ilrdc.tw/tow/2022/audio/word/17/21_21.wav"
"soyu","soy sauce","醬油","https://ilrdc.tw/tow/2022/audio/word/17/21_22.wav"
"suyaw","indica rice","在來米","https://ilrdc.tw/tow/2022/audio/word/17/21_23.wav"
"qnabuy","rice bran","米糠","https://ilrdc.tw/tow/2022/audio/word/17/21_24.wav"
"udungko","flour","麵粉","https://ilrdc.tw/tow/2022/audio/word/17/21_25.wav"
"embhgay","white","白色","https://ilrdc.tw/tow/2022/audio/word/17/22_01.wav"
"mqalux","black","黑色","https://ilrdc.tw/tow/2022/audio/word/17/22_02.wav"
"embanah","red","紅色","https://ilrdc.tw/tow/2022/audio/word/17/22_03.wav"
"mgkliyuc","purple","紫色的","https://ilrdc.tw/tow/2022/audio/word/17/22_04.wav"
"mgsaas","yellow","黃色的","https://ilrdc.tw/tow/2022/audio/word/17/22_05.wav"
"mgdxgal","brown","咖啡色","https://ilrdc.tw/tow/2022/audio/word/17/22_06.wav"
"mgqbulic","grey","灰色","https://ilrdc.tw/tow/2022/audio/word/17/22_07.wav"
"mgsama","green","綠色","https://ilrdc.tw/tow/2022/audio/word/17/22_08.wav"
"rakaw","color","顏色","https://ilrdc.tw/tow/2022/audio/word/17/22_09.wav"
"luul","dog bark","狗吠聲","https://ilrdc.tw/tow/2022/audio/word/17/23_01.wav"
"uyas","song","歌","https://ilrdc.tw/tow/2022/audio/word/17/23_02.wav"
"qnbhangan","it is said...","聽說","https://ilrdc.tw/tow/2022/audio/word/17/24_01.wav"
"murux","alone","獨自一人","https://ilrdc.tw/tow/2022/audio/word/17/24_02.wav"
"mtna","identical","相同","https://ilrdc.tw/tow/2022/audio/word/17/24_03.wav"
"alang","tribe","部落","https://ilrdc.tw/tow/2022/audio/word/17/24_04.wav"
"jiyax","day","日子","https://ilrdc.tw/tow/2022/audio/word/17/24_05.wav"
"iq","yes","是的","https://ilrdc.tw/tow/2022/audio/word/17/24_06.wav"
"kari","language","語言","https://ilrdc.tw/tow/2022/audio/word/17/24_07.wav"
"biyax","strength","力量","https://ilrdc.tw/tow/2022/audio/word/17/24_08.wav"
"dungus","target","目標","https://ilrdc.tw/tow/2022/audio/word/17/24_09.wav"
"gaya","culture","文化","https://ilrdc.tw/tow/2022/audio/word/17/24_10.wav"
"dungus","meaning","意義","https://ilrdc.tw/tow/2022/audio/word/17/24_11.wav"
"mstrung","get married","結婚","https://ilrdc.tw/tow/2022/audio/word/17/24_12.wav"
"knklgan","various","各色各樣","https://ilrdc.tw/tow/2022/audio/word/17/24_13.wav"
"brigan","price","價格","https://ilrdc.tw/tow/2022/audio/word/17/24_14.wav"
"djiyun","purpose","用途","https://ilrdc.tw/tow/2022/audio/word/17/24_15.wav"
"gaya sntrngan","marriage","婚姻","https://ilrdc.tw/tow/2022/audio/word/17/24_16.wav"
"qsuqi","late","遲到","https://ilrdc.tw/tow/2022/audio/word/17/24_17.wav"
"dpi","close","關上","https://ilrdc.tw/tow/2022/audio/word/17/25_01.wav"
"brigan","sell","賣","https://ilrdc.tw/tow/2022/audio/word/17/25_02.wav"
"usa","go","去","https://ilrdc.tw/tow/2022/audio/word/17/25_03.wav"
"rwahi","open","打開","https://ilrdc.tw/tow/2022/audio/word/17/25_04.wav"
"aguh","come here","(叫人)過來","https://ilrdc.tw/tow/2022/audio/word/17/25_05.wav"
"marig","buy","買","https://ilrdc.tw/tow/2022/audio/word/17/25_06.wav"
"bqani","give","給","https://ilrdc.tw/tow/2022/audio/word/17/25_07.wav"
"iyah","come","來","https://ilrdc.tw/tow/2022/audio/word/17/25_08.wav"
"kmbarux","lend","借","https://ilrdc.tw/tow/2022/audio/word/17/25_09.wav"
"mksa","walk","走路","https://ilrdc.tw/tow/2022/audio/word/17/25_10.wav"
"wada","go (away)","走(離開)","https://ilrdc.tw/tow/2022/audio/word/17/25_11.wav"
"skaya","fly","飛","https://ilrdc.tw/tow/2022/audio/word/17/25_12.wav"
"ttalang","run (imperatives)","跑 (祈使)","https://ilrdc.tw/tow/2022/audio/word/17/25_13.wav"
"dhuq","arrival","抵達","https://ilrdc.tw/tow/2022/audio/word/17/25_14.wav"
"hmaduc","see a visitor out","送(客人)","https://ilrdc.tw/tow/2022/audio/word/17/25_15.wav"
"qduriq","flee","逃跑","https://ilrdc.tw/tow/2022/audio/word/17/25_16.wav"
"mrmux","enter","進入","https://ilrdc.tw/tow/2022/audio/word/17/25_17.wav"
"spaux","overturn","翻倒","https://ilrdc.tw/tow/2022/audio/word/17/25_18.wav"
"madas","bring","帶","https://ilrdc.tw/tow/2022/audio/word/17/25_19.wav"
"rwaqun","get rid of...","趕走","https://ilrdc.tw/tow/2022/audio/word/17/25_20.wav"
" brinah","turn back","折返","https://ilrdc.tw/tow/2022/audio/word/17/25_21.wav"
"mdakil","growth","(植物)生長","https://ilrdc.tw/tow/2022/audio/word/17/25_22.wav"
"pdai","get out of the way","讓開","https://ilrdc.tw/tow/2022/audio/word/17/25_23.wav"
"sbgay","present","贈送(禮物)","https://ilrdc.tw/tow/2022/audio/word/17/25_24.wav"
"kleelug","along the mountains","沿著山巒","https://ilrdc.tw/tow/2022/audio/word/17/25_25.wav"
"hrhur","drop","(植物的果實)掉落","https://ilrdc.tw/tow/2022/audio/word/17/25_26.wav"
"sttu","uphill","(往)上坡","https://ilrdc.tw/tow/2022/audio/word/17/25_27.wav"
"smtrung","call for","接(人)","https://ilrdc.tw/tow/2022/audio/word/17/25_28.wav"
"mkraaw","crossing the stream","越溪而過","https://ilrdc.tw/tow/2022/audio/word/17/25_29.wav"
"meysa","ask","向人家要(東西)","https://ilrdc.tw/tow/2022/audio/word/17/25_30.wav"
"hmrig","pour","倒(水)","https://ilrdc.tw/tow/2022/audio/word/17/25_31.wav"
"mquri","go","走(向某個方向)","https://ilrdc.tw/tow/2022/audio/word/17/25_32.wav"
"mkaraw","climb","(藤類植物)攀爬","https://ilrdc.tw/tow/2022/audio/word/17/25_33.wav"
"mkksa","take a stroll","逛一逛","https://ilrdc.tw/tow/2022/audio/word/17/25_34.wav"
"mhraw","chase after","追","https://ilrdc.tw/tow/2022/audio/word/17/25_35.wav"
"sklaan","catch up","趕上","https://ilrdc.tw/tow/2022/audio/word/17/25_36.wav"
"hdriq","slip off","滑掉","https://ilrdc.tw/tow/2022/audio/word/17/25_37.wav"
"tealax","separate","分開","https://ilrdc.tw/tow/2022/audio/word/17/25_38.wav"
"mnadas","carry (e.g. with umbrella)"," 攜帶(如帶傘)","https://ilrdc.tw/tow/2022/audio/word/17/25_39.wav"
"plukus","put on (e.g. cloth)"," 穿(如穿衣服)","https://ilrdc.tw/tow/2022/audio/word/17/25_40.wav"
"kmbunuh","wear (e.g. hat)"," 戴(如戴帽子)","https://ilrdc.tw/tow/2022/audio/word/17/25_41.wav"
"smriyu","appear","出現","https://ilrdc.tw/tow/2022/audio/word/17/25_42.wav"
"tluung","sitting"," 坐著","https://ilrdc.tw/tow/2022/audio/word/17/25_43.wav"
"hiyug","standing"," 站著","https://ilrdc.tw/tow/2022/audio/word/17/25_44.wav"
"mduk","shut (e.g. door,window)"," 關(門；窗)","https://ilrdc.tw/tow/2022/audio/word/17/25_45.wav"
"miyah","coming","要來","https://ilrdc.tw/tow/2022/audio/word/17/25_46.wav"
"mniyah","have been here before","來過","https://ilrdc.tw/tow/2022/audio/word/17/25_47.wav"
"mnusa","gone"," 去了","https://ilrdc.tw/tow/2022/audio/word/17/25_48.wav"
"kkarang","crawl","爬行","https://ilrdc.tw/tow/2022/audio/word/17/25_49.wav"
"qtaan","look like..."," 看起來","https://ilrdc.tw/tow/2022/audio/word/17/25_50.wav"
"qmita","visit","拜訪","https://ilrdc.tw/tow/2022/audio/word/17/25_51.wav"
"musa","go out"," 出去","https://ilrdc.tw/tow/2022/audio/word/17/25_52.wav"
"sbowtaw","jump","跳躍","https://ilrdc.tw/tow/2022/audio/word/17/26_01.wav"
"rmgrig grig","dance","跳舞","https://ilrdc.tw/tow/2022/audio/word/17/26_02.wav"
"tluung","sit down","坐下","https://ilrdc.tw/tow/2022/audio/word/17/26_03.wav"
"thmuku","bend over","彎腰","https://ilrdc.tw/tow/2022/audio/word/17/26_04.wav"
"pqyaan","hang","掛","https://ilrdc.tw/tow/2022/audio/word/17/26_05.wav"
"hmrapas","play (e.g. ball)","玩(球)","https://ilrdc.tw/tow/2022/audio/word/17/26_06.wav"
"mangal","pick up","拿取","https://ilrdc.tw/tow/2022/audio/word/17/26_07.wav"
"tpaqan","punch (e.g. people)","打(人)","https://ilrdc.tw/tow/2022/audio/word/17/26_08.wav"
"mitaq","sting","刺","https://ilrdc.tw/tow/2022/audio/word/17/26_09.wav"
"smbu","shoot","射擊","https://ilrdc.tw/tow/2022/audio/word/17/26_10.wav"
"mtakur","stumble","跌倒","https://ilrdc.tw/tow/2022/audio/word/17/26_11.wav"
"qmqah","kick","踢","https://ilrdc.tw/tow/2022/audio/word/17/26_12.wav"
"spaux","push","推倒","https://ilrdc.tw/tow/2022/audio/word/17/26_13.wav"
"ptqraq","felled","砍伐","https://ilrdc.tw/tow/2022/audio/word/17/26_14.wav"
"lglgun","shake","搖動","https://ilrdc.tw/tow/2022/audio/word/17/26_15.wav"
"grman","break","折斷","https://ilrdc.tw/tow/2022/audio/word/17/26_16.wav"
"kkrang","tremble","發抖","https://ilrdc.tw/tow/2022/audio/word/17/26_17.wav"
"kmaguh","scratch itching","抓癢","https://ilrdc.tw/tow/2022/audio/word/17/26_18.wav"
"sttu","climb","爬上(去)","https://ilrdc.tw/tow/2022/audio/word/17/26_19.wav"
"sdahaw","lie down","躺","https://ilrdc.tw/tow/2022/audio/word/17/26_20.wav"
"panun","carry (somebody)","揹(人)","https://ilrdc.tw/tow/2022/audio/word/17/26_21.wav"
"stmaqun","smash to pieces","敲碎","https://ilrdc.tw/tow/2022/audio/word/17/26_22.wav"
"mhaqul","carry on one’s shoulder","扛","https://ilrdc.tw/tow/2022/audio/word/17/26_23.wav"
"bnrbulan","flip","翻動","https://ilrdc.tw/tow/2022/audio/word/17/26_24.wav"
"trutug","roll down","滾落","https://ilrdc.tw/tow/2022/audio/word/17/26_25.wav"
"tsbuc","bump into","撞到","https://ilrdc.tw/tow/2022/audio/word/17/26_26.wav"
"kmhabuk","hold","抱著","https://ilrdc.tw/tow/2022/audio/word/17/26_27.wav"
"muyuk","blow","吹","https://ilrdc.tw/tow/2022/audio/word/17/26_28.wav"
"kmarig","dig","挖掘","https://ilrdc.tw/tow/2022/audio/word/17/26_29.wav"
"qmilis","cut","切","https://ilrdc.tw/tow/2022/audio/word/17/26_30.wav"
"tmapaq qsiya","swim","游泳","https://ilrdc.tw/tow/2022/audio/word/17/26_31.wav"
"lmiying","hide","藏起來","https://ilrdc.tw/tow/2022/audio/word/17/26_32.wav"
"qnraq","catch","抓(如抓到動物)","https://ilrdc.tw/tow/2022/audio/word/17/26_33.wav"
"smqic","chop","砍","https://ilrdc.tw/tow/2022/audio/word/17/26_34.wav"
" napa","carry (something)","揹負(物品)","https://ilrdc.tw/tow/2022/audio/word/17/26_35.wav"
"measug","divide","分(東西)","https://ilrdc.tw/tow/2022/audio/word/17/26_36.wav"
"saax","cut open","剖切","https://ilrdc.tw/tow/2022/audio/word/17/26_37.wav"
"mgul","tie it up","綁住","https://ilrdc.tw/tow/2022/audio/word/17/26_38.wav"
"bmbil","pull","拉","https://ilrdc.tw/tow/2022/audio/word/17/26_39.wav"
"slaqan","split","劈(木材)","https://ilrdc.tw/tow/2022/audio/word/17/26_40.wav"
"slapan","rip","扯斷","https://ilrdc.tw/tow/2022/audio/word/17/26_41.wav"
"dmijil","draw (a bow)","提著","https://ilrdc.tw/tow/2022/audio/word/17/26_42.wav"
"dmuuy","hold it","握著","https://ilrdc.tw/tow/2022/audio/word/17/26_43.wav"
"mkuy","bundle","捆綁","https://ilrdc.tw/tow/2022/audio/word/17/26_44.wav"
"mruc","hold down","按住","https://ilrdc.tw/tow/2022/audio/word/17/26_45.wav"
"mabl","pull out","拔除","https://ilrdc.tw/tow/2022/audio/word/17/26_46.wav"
"mgaaw","select","挑選","https://ilrdc.tw/tow/2022/audio/word/17/26_47.wav"
"sghak","spill","散撒","https://ilrdc.tw/tow/2022/audio/word/17/26_48.wav"
"gntukan","peck","啄","https://ilrdc.tw/tow/2022/audio/word/17/26_49.wav"
"btaqan","plug","插","https://ilrdc.tw/tow/2022/audio/word/17/26_50.wav"
"gntuan ","pile up","堆積","https://ilrdc.tw/tow/2022/audio/word/17/26_51.wav"
"mhaqul","move","搬運","https://ilrdc.tw/tow/2022/audio/word/17/26_52.wav"
"bnbalan","pluck","拔出","https://ilrdc.tw/tow/2022/audio/word/17/26_53.wav"
"gmaxun","stirring","攪動","https://ilrdc.tw/tow/2022/audio/word/17/26_54.wav"
"pixan","hold it down","壓住","https://ilrdc.tw/tow/2022/audio/word/17/26_55.wav"
"knaguh","scratch and itch","搔癢","https://ilrdc.tw/tow/2022/audio/word/17/26_56.wav"
"tmkmu baga","make a fist","握拳","https://ilrdc.tw/tow/2022/audio/word/17/26_57.wav"
"lnmuan","pluck","摘取","https://ilrdc.tw/tow/2022/audio/word/17/26_58.wav"
"lglug","shaking","晃動","https://ilrdc.tw/tow/2022/audio/word/17/26_59.wav"
"kmbuwax","peel (peanuts; beans)","剝(花生；豆類)","https://ilrdc.tw/tow/2022/audio/word/17/26_60.wav"
"kraaw","wade across the water","涉水而過","https://ilrdc.tw/tow/2022/audio/word/17/26_61.wav"
"lmglug","vibrate","振動","https://ilrdc.tw/tow/2022/audio/word/17/26_62.wav"
"lbui","packing","打包","https://ilrdc.tw/tow/2022/audio/word/17/26_63.wav"
"kmtuy","harvest","採收","https://ilrdc.tw/tow/2022/audio/word/17/26_64.wav"
"lmpax","sharpen","(將器具)磨利","https://ilrdc.tw/tow/2022/audio/word/17/26_65.wav"
"lglugun","swing","(搖)動","https://ilrdc.tw/tow/2022/audio/word/17/26_66.wav"
"hragan ","hunt and capture","追捕","https://ilrdc.tw/tow/2022/audio/word/17/26_67.wav"
"klmu","shatter","打碎","https://ilrdc.tw/tow/2022/audio/word/17/26_68.wav"
"tqraqan","fall","倒(下)","https://ilrdc.tw/tow/2022/audio/word/17/26_69.wav"
"mgriq","twist","扭轉","https://ilrdc.tw/tow/2022/audio/word/17/26_70.wav"
"phiyug","stand","豎立","https://ilrdc.tw/tow/2022/audio/word/17/26_71.wav"
"qqahi","trample on","踩踏","https://ilrdc.tw/tow/2022/audio/word/17/26_72.wav"
"qangaw","cross over","跨過","https://ilrdc.tw/tow/2022/audio/word/17/26_73.wav"
"slapun","cut","割","https://ilrdc.tw/tow/2022/audio/word/17/26_74.wav"
"bsqrun","pinch","掐住","https://ilrdc.tw/tow/2022/audio/word/17/26_75.wav"
"mipix","repress","壓制","https://ilrdc.tw/tow/2022/audio/word/17/26_76.wav"
"tmabug","feed","餵食","https://ilrdc.tw/tow/2022/audio/word/17/26_77.wav"
"qmraq","arrest","捕抓","https://ilrdc.tw/tow/2022/audio/word/17/26_78.wav"
"blgagun","pry open","撬開","https://ilrdc.tw/tow/2022/audio/word/17/26_79.wav"
"qahun","step","(用腳)踏","https://ilrdc.tw/tow/2022/audio/word/17/26_80.wav"
"pixan","squash","壓扁","https://ilrdc.tw/tow/2022/audio/word/17/26_81.wav"
"rhiqun","skin","剝皮","https://ilrdc.tw/tow/2022/audio/word/17/26_82.wav"
"rsuhun","rub (e.g. lipstick; paint)","擦(如口紅；油漆)","https://ilrdc.tw/tow/2022/audio/word/17/26_83.wav"
"brbur","flipping","亂翻","https://ilrdc.tw/tow/2022/audio/word/17/26_84.wav"
"dmruc","tumble","揉搓(衣物)","https://ilrdc.tw/tow/2022/audio/word/17/26_85.wav"
"snkan","lean on","靠著","https://ilrdc.tw/tow/2022/audio/word/17/26_86.wav"
"smbuc","whip","鞭打","https://ilrdc.tw/tow/2022/audio/word/17/26_87.wav"
"sbaang","lie on the side","側臥","https://ilrdc.tw/tow/2022/audio/word/17/26_88.wav"
"qmilis","skin","削(水果)","https://ilrdc.tw/tow/2022/audio/word/17/26_89.wav"
"syukun","twisting","捻線","https://ilrdc.tw/tow/2022/audio/word/17/26_90.wav"
"smaqic","cut","剪","https://ilrdc.tw/tow/2022/audio/word/17/26_91.wav"
"tmatak","cut off","砍除","https://ilrdc.tw/tow/2022/audio/word/17/26_92.wav"
"tmaus baga","wave","招手","https://ilrdc.tw/tow/2022/audio/word/17/26_93.wav"
"gbuhi","chop (meat)","剁","https://ilrdc.tw/tow/2022/audio/word/17/26_94.wav"
"tmikan","beat","搗","https://ilrdc.tw/tow/2022/audio/word/17/26_95.wav"
"tjiyan","fight","打架","https://ilrdc.tw/tow/2022/audio/word/17/26_96.wav"
"kkiyux","squeeze","擠","https://ilrdc.tw/tow/2022/audio/word/17/26_97.wav"
"thmuku ","lower your head down","低下頭","https://ilrdc.tw/tow/2022/audio/word/17/26_98.wav"
"bmbil","pull (up)","拉(上來)","https://ilrdc.tw/tow/2022/audio/word/17/26_99.wav"
" knrigan","dig","(用手)挖掘","https://ilrdc.tw/tow/2022/audio/word/17/26_100.wav"
"rmhiq ","peeling the bark of a tree","剝樹皮","https://ilrdc.tw/tow/2022/audio/word/17/26_101.wav"
"rmisuh patas","draw"," 畫圖","https://ilrdc.tw/tow/2022/audio/word/17/26_102.wav"
"hmci","arbitrary"," 隨意","https://ilrdc.tw/tow/2022/audio/word/17/26_103.wav"
"tluung","squat down","蹲下","https://ilrdc.tw/tow/2022/audio/word/17/26_104.wav"
"hiyug","stand up"," 起立","https://ilrdc.tw/tow/2022/audio/word/17/26_105.wav"
"mkan","eat","吃","https://ilrdc.tw/tow/2022/audio/word/17/27_01.wav"
"hguc","suck in","吸","https://ilrdc.tw/tow/2022/audio/word/17/27_02.wav"
"mahi","drink","喝","https://ilrdc.tw/tow/2022/audio/word/17/27_03.wav"
"tbrih","vomit","吐","https://ilrdc.tw/tow/2022/audio/word/17/27_04.wav"
"pskan","bite","咬","https://ilrdc.tw/tow/2022/audio/word/17/27_05.wav"
"rmqun","swallow","吞嚥","https://ilrdc.tw/tow/2022/audio/word/17/27_06.wav"
"qmubu","swallow","吞下","https://ilrdc.tw/tow/2022/audio/word/17/27_07.wav"
"slingun","get burnt","燙到","https://ilrdc.tw/tow/2022/audio/word/17/27_08.wav"
"sqiran","choke (on)","噎到","https://ilrdc.tw/tow/2022/audio/word/17/27_09.wav"
"mtngi","full","飽食","https://ilrdc.tw/tow/2022/audio/word/17/27_10.wav"
"pskan","chew","咀嚼","https://ilrdc.tw/tow/2022/audio/word/17/27_11.wav"
"mhuwaw","thirsty","渴","https://ilrdc.tw/tow/2022/audio/word/17/27_12.wav"
"qmqic","nibble","啃","https://ilrdc.tw/tow/2022/audio/word/17/27_13.wav"
"meuray","hungry","餓","https://ilrdc.tw/tow/2022/audio/word/17/27_14.wav"
"mkan","eat","吃(東西)","https://ilrdc.tw/tow/2022/audio/word/17/27_15.wav"
"mkan nhapuy saman","have breakfast","吃早餐","https://ilrdc.tw/tow/2022/audio/word/17/27_16.wav"
"mkan nhapuy ska hidaw ","have lunch","吃午餐","https://ilrdc.tw/tow/2022/audio/word/17/27_17.wav"
"mkan nhapuy gbiyan","have dinner","吃晚餐","https://ilrdc.tw/tow/2022/audio/word/17/27_18.wav"
"strngan","come across","遇到","https://ilrdc.tw/tow/2022/audio/word/17/28_01.wav"
"klaun","know","知道","https://ilrdc.tw/tow/2022/audio/word/17/28_02.wav"
"qmita","see","看","https://ilrdc.tw/tow/2022/audio/word/17/28_03.wav"
"rmngaw","say","說","https://ilrdc.tw/tow/2022/audio/word/17/28_04.wav"
"shungi","forget (imperatives)","忘記(祈使)","https://ilrdc.tw/tow/2022/audio/word/17/28_05.wav"
"qmi(dowriq)","close (your) eyes","閉(眼睛)","https://ilrdc.tw/tow/2022/audio/word/17/28_06.wav"
"sknxan","smell (as in smell)","聞(如聞味道)","https://ilrdc.tw/tow/2022/audio/word/17/28_07.wav"
"tlngun","touch","觸摸(物品)","https://ilrdc.tw/tow/2022/audio/word/17/28_08.wav"
"mlawa","invite","邀請","https://ilrdc.tw/tow/2022/audio/word/17/28_09.wav"
"kuxul","feel","感覺","https://ilrdc.tw/tow/2022/audio/word/17/28_10.wav"
"rmngaw","tell","告訴(別人)","https://ilrdc.tw/tow/2022/audio/word/17/28_11.wav"
"smagi","calling (e.g. calling before feeding the chickens)","叫喚(如餵雞前會叫喚)","https://ilrdc.tw/tow/2022/audio/word/17/28_12.wav"
"smiling","ask","詢問","https://ilrdc.tw/tow/2022/audio/word/17/28_13.wav"
"snrwaan","agree","答應","https://ilrdc.tw/tow/2022/audio/word/17/28_14.wav"
"snhiyun","believe","相信","https://ilrdc.tw/tow/2022/audio/word/17/28_15.wav"
"msaang","curse","謾罵","https://ilrdc.tw/tow/2022/audio/word/17/28_16.wav"
"tmlung","touch (as in touching the body)","觸碰(如碰觸到身體)","https://ilrdc.tw/tow/2022/audio/word/17/28_17.wav"
"smniyuk","respond","回應","https://ilrdc.tw/tow/2022/audio/word/17/28_18.wav"
"qnbhangan","listen","聽","https://ilrdc.tw/tow/2022/audio/word/17/28_19.wav"
"smpih","lick","舔","https://ilrdc.tw/tow/2022/audio/word/17/28_20.wav"
"hncian","tell","交代(事情)","https://ilrdc.tw/tow/2022/audio/word/17/28_21.wav"
"mrawah dowriq ","open your eyes","睜眼","https://ilrdc.tw/tow/2022/audio/word/17/28_22.wav"
"mslug","aim","瞄準","https://ilrdc.tw/tow/2022/audio/word/17/28_23.wav"
"tmgsa","teach (e.g. teaching someone to write)","教(如教人寫字)","https://ilrdc.tw/tow/2022/audio/word/17/28_24.wav"
"lmnglung","think","想(思考)","https://ilrdc.tw/tow/2022/audio/word/17/28_25.wav"
" qmita","observe","觀察","https://ilrdc.tw/tow/2022/audio/word/17/28_26.wav"
"mkla","do","會(做某事)","https://ilrdc.tw/tow/2022/audio/word/17/28_27.wav"
"dmurun","pray","禱告","https://ilrdc.tw/tow/2022/audio/word/17/28_28.wav"
"smkuxul","like","喜歡","https://ilrdc.tw/tow/2022/audio/word/17/28_29.wav"
"kuxul","joy","喜愛","https://ilrdc.tw/tow/2022/audio/word/17/29_01.wav"
"misug","fear","害怕","https://ilrdc.tw/tow/2022/audio/word/17/29_02.wav"
"lingis ","cry","哭","https://ilrdc.tw/tow/2022/audio/word/17/29_03.wav"
"sgealu","love","疼愛","https://ilrdc.tw/tow/2022/audio/word/17/29_04.wav"
"mqaras","happy","高興","https://ilrdc.tw/tow/2022/audio/word/17/29_05.wav"
"msaang","angry","生氣","https://ilrdc.tw/tow/2022/audio/word/17/29_06.wav"
"msgealu","love and care","愛護","https://ilrdc.tw/tow/2022/audio/word/17/29_07.wav"
"skluyi","shocked","嚇一跳","https://ilrdc.tw/tow/2022/audio/word/17/29_08.wav"
"mqaras","happy"," 快樂","https://ilrdc.tw/tow/2022/audio/word/17/29_09.wav"
"kmaraw","sort out","整理","https://ilrdc.tw/tow/2022/audio/word/17/30_01.wav"
"mahu","wash (cloth)","洗(衣物)","https://ilrdc.tw/tow/2022/audio/word/17/30_02.wav"
"qmpah","work","工作","https://ilrdc.tw/tow/2022/audio/word/17/30_03.wav"
"msuwal","stop","停止","https://ilrdc.tw/tow/2022/audio/word/17/30_04.wav"
"smeeliq","waste","浪費","https://ilrdc.tw/tow/2022/audio/word/17/30_05.wav"
"tutuy","get up","起床","https://ilrdc.tw/tow/2022/audio/word/17/30_06.wav"
"swayay","good-bye (say good-bye to each other)","再見(如互道再見)","https://ilrdc.tw/tow/2022/audio/word/17/30_07.wav"
"smhmu","urinate","小便","https://ilrdc.tw/tow/2022/audio/word/17/30_08.wav"
"mtaqi","sleep","睡覺","https://ilrdc.tw/tow/2022/audio/word/17/30_09.wav"
"gmdara","killing animals","殺牲畜","https://ilrdc.tw/tow/2022/audio/word/17/30_10.wav"
"qmuci","feces","大便","https://ilrdc.tw/tow/2022/audio/word/17/30_11.wav"
"msangay","rest","休息","https://ilrdc.tw/tow/2022/audio/word/17/30_12.wav"
"tqral","sleepy","睏(想睡覺)","https://ilrdc.tw/tow/2022/audio/word/17/30_13.wav"
"smsik","clean","打掃","https://ilrdc.tw/tow/2022/audio/word/17/30_14.wav"
"smluhay","learn","學習","https://ilrdc.tw/tow/2022/audio/word/17/30_15.wav"
"sbaang","lie down","躺臥","https://ilrdc.tw/tow/2022/audio/word/17/30_16.wav"
"mspi naqih","nightmare","做惡夢","https://ilrdc.tw/tow/2022/audio/word/17/30_17.wav"
"mguy","steal","偷竊","https://ilrdc.tw/tow/2022/audio/word/17/30_18.wav"
"hnanguc","cook","煮(菜)","https://ilrdc.tw/tow/2022/audio/word/17/30_19.wav"
"psqama","burn (like straw)","燒(如燒稻草)","https://ilrdc.tw/tow/2022/audio/word/17/30_20.wav"
"msurak","yawn","打哈欠","https://ilrdc.tw/tow/2022/audio/word/17/30_21.wav"
"muduh","roast","烤(如烤地瓜)","https://ilrdc.tw/tow/2022/audio/word/17/30_22.wav"
"mhapuy","cook (rice/meat/yams)","烹煮(飯／肉／地瓜)","https://ilrdc.tw/tow/2022/audio/word/17/30_23.wav"
"tmaga","wait","等待","https://ilrdc.tw/tow/2022/audio/word/17/30_24.wav"
"pusa gasil","hunt","陷獵","https://ilrdc.tw/tow/2022/audio/word/17/30_25.wav"
"psdngu","dry (e.g., drying clothes in the sun)","曬乾(如將衣服曬乾)","https://ilrdc.tw/tow/2022/audio/word/17/30_26.wav"
"smahug","draw water with a ladle (imperatives)","以杓汲水(祈使)","https://ilrdc.tw/tow/2022/audio/word/17/30_27.wav"
"qliun","drain (abatement)","將水排出(疏減)","https://ilrdc.tw/tow/2022/audio/word/17/30_28.wav"
"slii","pack up (imperatives, as in pack up)","收拾(祈使，如收拾東西)","https://ilrdc.tw/tow/2022/audio/word/17/30_29.wav"
"tmikan","mill","碾(米)","https://ilrdc.tw/tow/2022/audio/word/17/30_30.wav"
"hmidaw","dry up","晾乾","https://ilrdc.tw/tow/2022/audio/word/17/30_31.wav"
"hmaluy","quilt","蓋被子","https://ilrdc.tw/tow/2022/audio/word/17/30_32.wav"
"prdaxun","shine/light up","照起來／照明","https://ilrdc.tw/tow/2022/audio/word/17/30_33.wav"
"cmiyus(trabus)","fry","炒(如炒花生)","https://ilrdc.tw/tow/2022/audio/word/17/30_34.wav"
"rawa qsurux","fishing for fish and shrimp by cage","以籠捕魚蝦","https://ilrdc.tw/tow/2022/audio/word/17/30_35.wav"
"mhapuy","steam (as in steamed rice)","蒸(如蒸飯)","https://ilrdc.tw/tow/2022/audio/word/17/30_36.wav"
"hmuma","plant","種植","https://ilrdc.tw/tow/2022/audio/word/17/30_37.wav"
"pngahi","fish","釣魚","https://ilrdc.tw/tow/2022/audio/word/17/30_38.wav"
"mtahu puniq","make a fire","生火","https://ilrdc.tw/tow/2022/audio/word/17/30_39.wav"
"qmasi","pickle (imperatives)","醃漬(祈使)","https://ilrdc.tw/tow/2022/audio/word/17/30_40.wav"
"sqrul","burnt","燒焦","https://ilrdc.tw/tow/2022/audio/word/17/30_41.wav"
"qmlahang","take care of","照顧","https://ilrdc.tw/tow/2022/audio/word/17/30_42.wav"
"smaqic","cut (hair)","剪(頭髮)","https://ilrdc.tw/tow/2022/audio/word/17/30_43.wav"
"rbgun","soak","浸泡","https://ilrdc.tw/tow/2022/audio/word/17/30_44.wav"
"rmawah","lift off (as in lift off the lid).","掀開(如掀開蓋子)","https://ilrdc.tw/tow/2022/audio/word/17/30_45.wav"
"rmbung","bury","掩埋","https://ilrdc.tw/tow/2022/audio/word/17/30_46.wav"
"priyux","change (cloth)","替換(衣服)","https://ilrdc.tw/tow/2022/audio/word/17/30_47.wav"
"bhgi","lock up","鎖上","https://ilrdc.tw/tow/2022/audio/word/17/30_48.wav"
"smapaw","make the bed","鋪床","https://ilrdc.tw/tow/2022/audio/word/17/30_49.wav"
"snrukan","burn (as in burning the hair of prey)","燒(如燒獵物的毛)","https://ilrdc.tw/tow/2022/audio/word/17/30_50.wav"
"rmhiq ","leaf stripping","剝葉","https://ilrdc.tw/tow/2022/audio/word/17/30_51.wav"
"tbiyax shmu","urge urination","尿急","https://ilrdc.tw/tow/2022/audio/word/17/30_52.wav"
"smpung","measure","量測","https://ilrdc.tw/tow/2022/audio/word/17/30_53.wav"
"sqama","burning","燃燒","https://ilrdc.tw/tow/2022/audio/word/17/30_54.wav"
"swiwil","hang (Imperatives)","懸掛(祈使)","https://ilrdc.tw/tow/2022/audio/word/17/30_55.wav"
"murug","imitate","模仿","https://ilrdc.tw/tow/2022/audio/word/17/30_56.wav"
"tmabug","feed","飼養","https://ilrdc.tw/tow/2022/audio/word/17/30_57.wav"
"cnsyusan","fry","炒(飯菜)","https://ilrdc.tw/tow/2022/audio/word/17/30_58.wav"
"mutung","ignite","點火","https://ilrdc.tw/tow/2022/audio/word/17/30_59.wav"
"meuys patas","read","讀書","https://ilrdc.tw/tow/2022/audio/word/17/30_60.wav"
"mahi","drink","喝(水)","https://ilrdc.tw/tow/2022/audio/word/17/30_61.wav"
"kmarig","dig","(用鋤具)挖掘","https://ilrdc.tw/tow/2022/audio/word/17/30_62.wav"
"mniq","live","(居)住","https://ilrdc.tw/tow/2022/audio/word/17/30_63.wav"
"meuyas uyas","sing","唱歌","https://ilrdc.tw/tow/2022/audio/word/17/30_64.wav"
"hmrapas","play","玩耍","https://ilrdc.tw/tow/2022/audio/word/17/30_65.wav"
"mhuqil","death","死亡","https://ilrdc.tw/tow/2022/audio/word/17/31_01.wav"
"mnarux bi","ouch","好痛","https://ilrdc.tw/tow/2022/audio/word/17/31_02.wav"
"mangal luqih","wounded","受傷","https://ilrdc.tw/tow/2022/audio/word/17/31_03.wav"
"meydang","lose","遺失","https://ilrdc.tw/tow/2022/audio/word/17/31_04.wav"
"mnarux","pain","痛","https://ilrdc.tw/tow/2022/audio/word/17/31_05.wav"
"sdara","bleed","流血","https://ilrdc.tw/tow/2022/audio/word/17/31_06.wav"
"mshjil","pregnant","懷孕","https://ilrdc.tw/tow/2022/audio/word/17/31_07.wav"
"mudus","living","活的","https://ilrdc.tw/tow/2022/audio/word/17/31_08.wav"
"tquci","fart","放屁","https://ilrdc.tw/tow/2022/audio/word/17/31_09.wav"
"mpika","lame","跛腳","https://ilrdc.tw/tow/2022/audio/word/17/31_10.wav"
"dnanga","nurture","撫養","https://ilrdc.tw/tow/2022/audio/word/17/31_11.wav"
"mdakil","growth","生長","https://ilrdc.tw/tow/2022/audio/word/17/31_12.wav"
"ariq","scar","疤","https://ilrdc.tw/tow/2022/audio/word/17/31_13.wav"
"mkrak","itchy","癢","https://ilrdc.tw/tow/2022/audio/word/17/31_14.wav"
"msluung","doze off","打瞌睡","https://ilrdc.tw/tow/2022/audio/word/17/31_15.wav"
"sbunguc","sneeze","打噴嚏","https://ilrdc.tw/tow/2022/audio/word/17/31_16.wav"
"wada snaw isil","marry to a non-ethnic clan member","嫁給非本族群的族人","https://ilrdc.tw/tow/2022/audio/word/17/31_17.wav"
"msima","soreness","痠痛","https://ilrdc.tw/tow/2022/audio/word/17/31_18.wav"
"mnarux","sick","生病","https://ilrdc.tw/tow/2022/audio/word/17/31_19.wav"
"mnalaq","festering","化膿","https://ilrdc.tw/tow/2022/audio/word/17/31_20.wav"
"mliwang","slim","瘦(身形)","https://ilrdc.tw/tow/2022/audio/word/17/32_01.wav"
"shjil","heavy (weight)","重(重量)","https://ilrdc.tw/tow/2022/audio/word/17/32_02.wav"
"slukah","light (weight)","輕(重量)","https://ilrdc.tw/tow/2022/audio/word/17/32_03.wav"
"bowqax","high (height)","高(身高)","https://ilrdc.tw/tow/2022/audio/word/17/32_04.wav"
"paru","large","大的","https://ilrdc.tw/tow/2022/audio/word/17/32_05.wav"
"llbu","short (height)","矮(身高)","https://ilrdc.tw/tow/2022/audio/word/17/32_06.wav"
"drumuc","industrious","勤勞","https://ilrdc.tw/tow/2022/audio/word/17/32_07.wav"
"ltu","cold","冷","https://ilrdc.tw/tow/2022/audio/word/17/32_08.wav"
"ciway","small","小的","https://ilrdc.tw/tow/2022/audio/word/17/32_09.wav"
"egu","many","多","https://ilrdc.tw/tow/2022/audio/word/17/32_10.wav"
"malu qtaan","pretty","漂亮","https://ilrdc.tw/tow/2022/audio/word/17/32_11.wav"
"ssipa","ice-cold","冰冷","https://ilrdc.tw/tow/2022/audio/word/17/32_12.wav"
"mtalux","hot","悶熱","https://ilrdc.tw/tow/2022/audio/word/17/32_13.wav"
"cikuh","few","少的","https://ilrdc.tw/tow/2022/audio/word/17/32_14.wav"
"bsukan","drunk","酒醉","https://ilrdc.tw/tow/2022/audio/word/17/32_15.wav"
"mhulis","laugh","笑","https://ilrdc.tw/tow/2022/audio/word/17/32_16.wav"
"mhuriq","wet","濕的","https://ilrdc.tw/tow/2022/audio/word/17/32_17.wav"
"mhada","ripe (of fruit)","熟","https://ilrdc.tw/tow/2022/audio/word/17/32_18.wav"
"kndux","thick","厚的","https://ilrdc.tw/tow/2022/audio/word/17/32_19.wav"
"miluq","undercooked (if this piece of meat is raw)","未熟的(如這塊肉是生的)","https://ilrdc.tw/tow/2022/audio/word/17/32_20.wav"
"hlpis","thin","薄的","https://ilrdc.tw/tow/2022/audio/word/17/32_21.wav"
"mruciq","dirty","髒","https://ilrdc.tw/tow/2022/audio/word/17/32_22.wav"
"bsrux","lazy","懶惰","https://ilrdc.tw/tow/2022/audio/word/17/32_23.wav"
"bgurah","clean","乾淨","https://ilrdc.tw/tow/2022/audio/word/17/32_24.wav"
"slikaw","soon","很快","https://ilrdc.tw/tow/2022/audio/word/17/32_25.wav"
"mtasaw","bright","明亮","https://ilrdc.tw/tow/2022/audio/word/17/32_26.wav"
"qthur","fat","胖(身形)","https://ilrdc.tw/tow/2022/audio/word/17/32_27.wav"
"mdngu","dry","乾的","https://ilrdc.tw/tow/2022/audio/word/17/32_28.wav"
"meuwic","tired","累","https://ilrdc.tw/tow/2022/audio/word/17/32_29.wav"
" pluway","poor thing","好可憐","https://ilrdc.tw/tow/2022/audio/word/17/32_30.wav"
"bgurah","new","新的","https://ilrdc.tw/tow/2022/audio/word/17/32_31.wav"
"smudal","old","舊的","https://ilrdc.tw/tow/2022/audio/word/17/32_32.wav"
"sdalih ","near","近","https://ilrdc.tw/tow/2022/audio/word/17/32_33.wav"
"mtalux","hot","燙","https://ilrdc.tw/tow/2022/audio/word/17/32_34.wav"
"naqih","spoiled","壞掉","https://ilrdc.tw/tow/2022/audio/word/17/32_35.wav"
"mnihur","spicy","辣","https://ilrdc.tw/tow/2022/audio/word/17/32_36.wav"
"dhiyaq","far","遠","https://ilrdc.tw/tow/2022/audio/word/17/32_37.wav"
"mlabu","swelling","腫","https://ilrdc.tw/tow/2022/audio/word/17/32_38.wav"
"mriqi","bend","彎曲","https://ilrdc.tw/tow/2022/audio/word/17/32_39.wav"
"bsiyaq","long","久的","https://ilrdc.tw/tow/2022/audio/word/17/32_40.wav"
"mpudu ","blind","瞎了","https://ilrdc.tw/tow/2022/audio/word/17/32_41.wav"
"sahu","poison","毒","https://ilrdc.tw/tow/2022/audio/word/17/32_42.wav"
"malu bi uqun","delicious","很好吃","https://ilrdc.tw/tow/2022/audio/word/17/32_43.wav"
"sdhriq","smooth","滑","https://ilrdc.tw/tow/2022/audio/word/17/32_44.wav"
"mnihur","bitter","苦","https://ilrdc.tw/tow/2022/audio/word/17/32_45.wav"
"pgrung","fragile (e.g. this wire is prone to breakage)","脆弱(如這根鐵絲易斷裂)","https://ilrdc.tw/tow/2022/audio/word/17/32_46.wav"
"miluq","unripe","  未成熟的(果實)","https://ilrdc.tw/tow/2022/audio/word/17/32_47.wav"
"mliing","stealthily","偷偷地","https://ilrdc.tw/tow/2022/audio/word/17/32_48.wav"
"hbaraw","numerous","(人)眾多","https://ilrdc.tw/tow/2022/audio/word/17/32_49.wav"
"slikaw","brisk","輕快","https://ilrdc.tw/tow/2022/audio/word/17/32_50.wav"
"sbasi","sour","酸","https://ilrdc.tw/tow/2022/audio/word/17/32_51.wav"
"mrmul","salty","鹹","https://ilrdc.tw/tow/2022/audio/word/17/32_52.wav"
"sprangun","intentional","故意","https://ilrdc.tw/tow/2022/audio/word/17/32_53.wav"
"stmaq","pulpy","稀爛的","https://ilrdc.tw/tow/2022/audio/word/17/32_54.wav"
"mbiyax","sturdy","壯碩","https://ilrdc.tw/tow/2022/audio/word/17/32_55.wav"
"muxul","warm","暖和","https://ilrdc.tw/tow/2022/audio/word/17/32_56.wav"
"mngapar","blunt","鈍的","https://ilrdc.tw/tow/2022/audio/word/17/32_57.wav"
"ssibus","sweet","甘甜","https://ilrdc.tw/tow/2022/audio/word/17/32_58.wav"
"qmupang","astringent (taste)","澀澀的(味覺)","https://ilrdc.tw/tow/2022/audio/word/17/32_59.wav"
"hlawax","tall and thin","高瘦(身材)","https://ilrdc.tw/tow/2022/audio/word/17/32_60.wav"
"mrijil","slant","(傾)斜","https://ilrdc.tw/tow/2022/audio/word/17/32_61.wav"
"mhnuk","soft","軟","https://ilrdc.tw/tow/2022/audio/word/17/32_62.wav"
"mkray","very hard","很硬","https://ilrdc.tw/tow/2022/audio/word/17/32_63.wav"
"sbngux","sour smell","酸臭","https://ilrdc.tw/tow/2022/audio/word/17/32_64.wav"
"luqi","straight","直","https://ilrdc.tw/tow/2022/audio/word/17/32_65.wav"
"thngayan","full","滿了","https://ilrdc.tw/tow/2022/audio/word/17/32_66.wav"
"sblayiq","well","好好的","https://ilrdc.tw/tow/2022/audio/word/17/32_67.wav"
"llabang","(space) spacious","(空間)寬敞","https://ilrdc.tw/tow/2022/audio/word/17/32_68.wav"
"dungus","correct","正確","https://ilrdc.tw/tow/2022/audio/word/17/32_69.wav"
"sbgu","fully wetted","全濕透","https://ilrdc.tw/tow/2022/audio/word/17/32_70.wav"
"knhuway","slowly","慢慢","https://ilrdc.tw/tow/2022/audio/word/17/32_71.wav"
"muxul","warm","溫的(水)","https://ilrdc.tw/tow/2022/audio/word/17/32_72.wav"
"qthur","coarse","粗(物)","https://ilrdc.tw/tow/2022/audio/word/17/32_73.wav"
"bbaraw","long","長","https://ilrdc.tw/tow/2022/audio/word/17/32_74.wav"
"lqling","fine","細","https://ilrdc.tw/tow/2022/audio/word/17/32_75.wav"
"putuh","short","短","https://ilrdc.tw/tow/2022/audio/word/17/32_76.wav"
"mtalux","hot","炎熱","https://ilrdc.tw/tow/2022/audio/word/17/32_77.wav"
"mhada","ripen","成熟(果實)","https://ilrdc.tw/tow/2022/audio/word/17/32_78.wav"
"htngay","full","滿滿","https://ilrdc.tw/tow/2022/audio/word/17/32_79.wav"
"malu qtaan","handsome","英俊","https://ilrdc.tw/tow/2022/audio/word/17/32_80.wav"
"asi ka","should","應該","https://ilrdc.tw/tow/2022/audio/word/17/33_01.wav"
"qulung","certain","一定","https://ilrdc.tw/tow/2022/audio/word/17/33_02.wav"
"tduwa","able","能夠","https://ilrdc.tw/tow/2022/audio/word/17/33_03.wav"
"ya bi","possible","可能","https://ilrdc.tw/tow/2022/audio/word/17/33_04.wav"
"psqaras","celebrate","慶祝","https://ilrdc.tw/tow/2022/audio/word/17/33_05.wav"
"smrus","wipe","擦拭","https://ilrdc.tw/tow/2022/audio/word/17/33_06.wav"
"smkagul","call","使喚","https://ilrdc.tw/tow/2022/audio/word/17/33_07.wav"
"tnkmuan","fold","摺疊","https://ilrdc.tw/tow/2022/audio/word/17/34_01.wav"
"tbbaw","split open","裂開","https://ilrdc.tw/tow/2022/audio/word/17/34_02.wav"
"dmuuy","use","使用","https://ilrdc.tw/tow/2022/audio/word/17/34_03.wav"
"msngari","overflow (like water overflowing)","溢出(如水溢出來)","https://ilrdc.tw/tow/2022/audio/word/17/34_04.wav"
"dmayaw","help","幫忙","https://ilrdc.tw/tow/2022/audio/word/17/34_05.wav"
"sqapah","attach","(有東西)附著","https://ilrdc.tw/tow/2022/audio/word/17/34_06.wav"
"sgimax","mix sth. with sth.","混以某物","https://ilrdc.tw/tow/2022/audio/word/17/34_07.wav"
"sglugun","shaken","被(搖)動的","https://ilrdc.tw/tow/2022/audio/word/17/34_08.wav"
"gsgusun","erase","刷除","https://ilrdc.tw/tow/2022/audio/word/17/34_09.wav"
"stama","depend","依賴","https://ilrdc.tw/tow/2022/audio/word/17/34_10.wav"
"tmquri","pour","倒入","https://ilrdc.tw/tow/2022/audio/word/17/34_11.wav"
"hmtur","block","阻擋","https://ilrdc.tw/tow/2022/audio/word/17/34_12.wav"
"hmnici","stay","留下","https://ilrdc.tw/tow/2022/audio/word/17/34_13.wav"
"hnang","sound","聲響","https://ilrdc.tw/tow/2022/audio/word/17/34_14.wav"
"hmrinas","over","超過","https://ilrdc.tw/tow/2022/audio/word/17/34_15.wav"
"ssunu","crumble (of scree slope)","崩落","https://ilrdc.tw/tow/2022/audio/word/17/34_16.wav"
"hmuric rulu","brake","煞車","https://ilrdc.tw/tow/2022/audio/word/17/34_17.wav"
"miying","search","尋找","https://ilrdc.tw/tow/2022/audio/word/17/34_18.wav"
"qmada","throw away","丟棄","https://ilrdc.tw/tow/2022/audio/word/17/34_19.wav"
"mdakar","prohibit","禁止","https://ilrdc.tw/tow/2022/audio/word/17/34_20.wav"
"niqan","there are...","有","https://ilrdc.tw/tow/2022/audio/word/17/34_21.wav"
"sngari","remain","剩下","https://ilrdc.tw/tow/2022/audio/word/17/34_22.wav"
"smalu","set up","設置","https://ilrdc.tw/tow/2022/audio/word/17/34_23.wav"
"prajing","begin","開始","https://ilrdc.tw/tow/2022/audio/word/17/34_24.wav"
"mhdu","complete","完成","https://ilrdc.tw/tow/2022/audio/word/17/34_25.wav"
"miying kari","pick on","找碴","https://ilrdc.tw/tow/2022/audio/word/17/34_26.wav"
"smalu","make","製作(物品)","https://ilrdc.tw/tow/2022/audio/word/17/34_27.wav"
"slayun","find","找到","https://ilrdc.tw/tow/2022/audio/word/17/34_28.wav"
"spugi","number (calculation)","數(計算)","https://ilrdc.tw/tow/2022/audio/word/17/34_29.wav"
"tjiyan","trapped","(獵物掉入陷阱)陷中","https://ilrdc.tw/tow/2022/audio/word/17/34_30.wav"
"tsbuc","bang","撞擊某物","https://ilrdc.tw/tow/2022/audio/word/17/34_31.wav"
"tqirig","rotate","旋轉","https://ilrdc.tw/tow/2022/audio/word/17/34_32.wav"
"tqrigay","surround","圍著某物","https://ilrdc.tw/tow/2022/audio/word/17/34_33.wav"
"malu","good","好的","https://ilrdc.tw/tow/2022/audio/word/17/34_34.wav"
"mhuway","thank you","謝謝","https://ilrdc.tw/tow/2022/audio/word/17/34_35.wav"
"iya qsiqa","you’re welcome","不客氣","https://ilrdc.tw/tow/2022/audio/word/17/34_36.wav"
"ungac","no","沒有","https://ilrdc.tw/tow/2022/audio/word/17/34_37.wav"
"ini huya","it’s okay","沒關係","https://ilrdc.tw/tow/2022/audio/word/17/34_38.wav"
"iya","don’t","不要","https://ilrdc.tw/tow/2022/audio/word/17/35_01.wav"
"iya","can't","不可以","https://ilrdc.tw/tow/2022/audio/word/17/35_02.wav"
"uxay","no (for reply)","不是(回答用)","https://ilrdc.tw/tow/2022/audio/word/17/35_03.wav"
"ungac","none (negative of possession)","沒有(表擁有的否定詞)","https://ilrdc.tw/tow/2022/audio/word/17/35_04.wav"
"iya","don’t (for the imperative)","不要(祈使句用)","https://ilrdc.tw/tow/2022/audio/word/17/35_05.wav"
"ini klai","don’t know","不知道","https://ilrdc.tw/tow/2022/audio/word/17/35_06.wav"
"enduwa","really","真的","https://ilrdc.tw/tow/2022/audio/word/17/36_01.wav"
"pklug","in the process of (doing something or happening)","正在","https://ilrdc.tw/tow/2022/audio/word/17/36_02.wav"
"khmuc","arbitrary","隨意","https://ilrdc.tw/tow/2022/audio/word/17/36_03.wav"
"iq","okay","好的(沒問題)","https://ilrdc.tw/tow/2022/audio/word/17/36_04.wav"
"yasa","because","因為","https://ilrdc.tw/tow/2022/audio/word/17/36_05.wav"
"ana nanaq","whether","不論","https://ilrdc.tw/tow/2022/audio/word/17/36_06.wav"
"nhari","immediately","立即","https://ilrdc.tw/tow/2022/audio/word/17/36_07.wav"
"baka","enough","足夠","https://ilrdc.tw/tow/2022/audio/word/17/36_08.wav"
"txal","again","再","https://ilrdc.tw/tow/2022/audio/word/17/36_09.wav"
"wana","only","只有","https://ilrdc.tw/tow/2022/audio/word/17/36_10.wav"
"hana","just now","剛剛","https://ilrdc.tw/tow/2022/audio/word/17/36_11.wav"
"cikuh","a little","少許","https://ilrdc.tw/tow/2022/audio/word/17/36_12.wav"
"tbiyax","temporary (leave for a moment)","暫時(離開一下)","https://ilrdc.tw/tow/2022/audio/word/17/36_13.wav"
"ini bi","never","從不","https://ilrdc.tw/tow/2022/audio/word/17/36_14.wav"
"naka ini","shouldn;t","不該","https://ilrdc.tw/tow/2022/audio/word/17/36_15.wav"
"kiya ni","so","所以","https://ilrdc.tw/tow/2022/audio/word/17/36_16.wav"
"kjiyax","usually","經常","https://ilrdc.tw/tow/2022/audio/word/17/36_17.wav"
"ni","with","和","https://ilrdc.tw/tow/2022/audio/word/17/36_18.wav"
"mnsuwil","sometimes","偶爾","https://ilrdc.tw/tow/2022/audio/word/17/36_19.wav"
"kiya hug","really (auxiliary verb)","是嗎(語助詞)","https://ilrdc.tw/tow/2022/audio/word/17/36_20.wav"
"na","still (not yet)","還(尚未)","https://ilrdc.tw/tow/2022/audio/word/17/36_21.wav"
"nasi","if","如果","https://ilrdc.tw/tow/2022/audio/word/17/36_22.wav"
"balay","very","很","https://ilrdc.tw/tow/2022/audio/word/17/36_23.wav"
"saw nii","so","如此","https://ilrdc.tw/tow/2022/audio/word/17/36_24.wav"
"uri","also","也","https://ilrdc.tw/tow/2022/audio/word/17/36_25.wav"
"suni","just now","剛才","https://ilrdc.tw/tow/2022/audio/word/17/36_26.wav"
"pkaxa","whole day","整天","https://ilrdc.tw/tow/2022/audio/word/17/36_27.wav"
"kana ","both","都","https://ilrdc.tw/tow/2022/audio/word/17/36_28.wav"
"wana","only","僅僅","https://ilrdc.tw/tow/2022/audio/word/17/36_29.wav"
"ana nanaq","although","雖然","https://ilrdc.tw/tow/2022/audio/word/17/36_30.wav"
"hug","(used in a question)","嗎(用在問句)","https://ilrdc.tw/tow/2022/audio/word/17/36_31.wav"
"ka","main marker (in all ethnic languages)","主格標記(各族用語)","https://ilrdc.tw/tow/2022/audio/word/17/36_32.wav"
"un","marked (in all ethnic languages)","受格標記(各族用語)","https://ilrdc.tw/tow/2022/audio/word/17/36_33.wav"
"n","genre marker (in all ethnic languages)","屬格標記(各族用語)","https://ilrdc.tw/tow/2022/audio/word/17/36_34.wav"
"nii","in (here)","在(這裡)","https://ilrdc.tw/tow/2022/audio/word/17/36_35.wav"
"tduwa","do","可以(做某事)","https://ilrdc.tw/tow/2022/audio/word/17/36_36.wav"
"mngangah","fool","傻瓜","https://ilrdc.tw/tow/2022/audio/word/17/36_37.wav"
