"ita","one","一","https://ilrdc.tw/tow/2022/audio/word/24/01_01.wav"
"drusa","two","二","https://ilrdc.tw/tow/2022/audio/word/24/01_02.wav"
"tjelu","three","三","https://ilrdc.tw/tow/2022/audio/word/24/01_03.wav"
"sepatj","four","四","https://ilrdc.tw/tow/2022/audio/word/24/01_04.wav"
"lima","five","五","https://ilrdc.tw/tow/2022/audio/word/24/01_05.wav"
"unem","six","六","https://ilrdc.tw/tow/2022/audio/word/24/01_06.wav"
"pitju","seven","七","https://ilrdc.tw/tow/2022/audio/word/24/01_07.wav"
"alu","eight","八","https://ilrdc.tw/tow/2022/audio/word/24/01_08.wav"
"siva","nine","九","https://ilrdc.tw/tow/2022/audio/word/24/01_09.wav"
"tapuluq","ten","十","https://ilrdc.tw/tow/2022/audio/word/24/01_10.wav"
"tapulu’ katu ita","eleven","十一","https://ilrdc.tw/tow/2022/audio/word/24/01_11.wav"
"tapulu’ katu drusa","twelve","十二","https://ilrdc.tw/tow/2022/audio/word/24/01_12.wav"
"tapulu’ katu tjelu","thirteen","十三","https://ilrdc.tw/tow/2022/audio/word/24/01_13.wav"
"tapulu’ katu sepatj","fourteen","十四","https://ilrdc.tw/tow/2022/audio/word/24/01_14.wav"
"tapulu’ katu lima","fifteen","十五","https://ilrdc.tw/tow/2022/audio/word/24/01_15.wav"
"tapulu’ katu unem","sixteen","十六","https://ilrdc.tw/tow/2022/audio/word/24/01_16.wav"
"tapulu’ katu pitju","seventeen","十七","https://ilrdc.tw/tow/2022/audio/word/24/01_17.wav"
"tapulu’ katu alu","eighteen","十八","https://ilrdc.tw/tow/2022/audio/word/24/01_18.wav"
"tapulu’ katu siva","nineteen","十九","https://ilrdc.tw/tow/2022/audio/word/24/01_19.wav"
"drusa a pulu’","twenty","二十","https://ilrdc.tw/tow/2022/audio/word/24/01_20.wav"
"drusa a pulu’ katu ita","twenty one","二十一","https://ilrdc.tw/tow/2022/audio/word/24/01_21.wav"
"drusa a pulu’ katu drusa","twenty two","二十二","https://ilrdc.tw/tow/2022/audio/word/24/01_22.wav"
"drusa a pulu’ katu tjelu","twenty three","二十三","https://ilrdc.tw/tow/2022/audio/word/24/01_23.wav"
"drusa a pulu’ katu sepatj","twenty four","二十四","https://ilrdc.tw/tow/2022/audio/word/24/01_24.wav"
"drusa a pulu’ katu lima","twenty five","二十五","https://ilrdc.tw/tow/2022/audio/word/24/01_25.wav"
"tjelu a pulu’","thirty","三十","https://ilrdc.tw/tow/2022/audio/word/24/01_26.wav"
"tjelu a pulu’ katu ita","thirty one","三十一","https://ilrdc.tw/tow/2022/audio/word/24/01_27.wav"
"sepatj a pulu’","forty","四十","https://ilrdc.tw/tow/2022/audio/word/24/01_28.wav"
"lima a pulu’ ","fifty","五十","https://ilrdc.tw/tow/2022/audio/word/24/01_29.wav"
"unem a pulu’","sixty","六十","https://ilrdc.tw/tow/2022/audio/word/24/01_30.wav"
"pitju a pulu’","seventy","七十","https://ilrdc.tw/tow/2022/audio/word/24/01_31.wav"
"alu a pulu’","eighty","八十","https://ilrdc.tw/tow/2022/audio/word/24/01_32.wav"
"siva a pulu’","ninety","九十","https://ilrdc.tw/tow/2022/audio/word/24/01_33.wav"
"iday","hundred","百","https://ilrdc.tw/tow/2022/audio/word/24/01_34.wav"
"taiday","one hundred","一百","https://ilrdc.tw/tow/2022/audio/word/24/01_35.wav"
"drusa a iday","two hundred","兩百","https://ilrdc.tw/tow/2022/audio/word/24/01_36.wav"
"takuzuljan","one thousand","一千","https://ilrdc.tw/tow/2022/audio/word/24/01_37.wav"
"ljemekedri","some","一些","https://ilrdc.tw/tow/2022/audio/word/24/01_38.wav"
"kintalj","once","一次","https://ilrdc.tw/tow/2022/audio/word/24/01_39.wav"
"tadjaljeng","bunch","一小把","https://ilrdc.tw/tow/2022/audio/word/24/01_40.wav"
"makakaizuazua","kind","種類","https://ilrdc.tw/tow/2022/audio/word/24/01_41.wav"
"ta’ecevan","pair","一雙","https://ilrdc.tw/tow/2022/audio/word/24/01_42.wav"
"penuljat","entire","全部","https://ilrdc.tw/tow/2022/audio/word/24/01_43.wav"
"kedri","a little bit","一點點","https://ilrdc.tw/tow/2022/audio/word/24/01_44.wav"
"papamav","half","一半","https://ilrdc.tw/tow/2022/audio/word/24/01_45.wav"
"tisun","you","你","https://ilrdc.tw/tow/2022/audio/word/24/02_01.wav"
"tiaken","I","我","https://ilrdc.tw/tow/2022/audio/word/24/02_02.wav"
"timadju","he","他","https://ilrdc.tw/tow/2022/audio/word/24/02_03.wav"
"timun","you guys","你們","https://ilrdc.tw/tow/2022/audio/word/24/02_04.wav"
"tiamen","us","我們","https://ilrdc.tw/tow/2022/audio/word/24/02_05.wav"
"tiamadju","they","他們","https://ilrdc.tw/tow/2022/audio/word/24/02_06.wav"
"nimun","yours","你們的","https://ilrdc.tw/tow/2022/audio/word/24/02_07.wav"
"tja","our","我們的","https://ilrdc.tw/tow/2022/audio/word/24/02_08.wav"
"niamadju","their","他們的","https://ilrdc.tw/tow/2022/audio/word/24/02_09.wav"
"nisun","your","你的","https://ilrdc.tw/tow/2022/audio/word/24/02_10.wav"
"niaken","mine","我的","https://ilrdc.tw/tow/2022/audio/word/24/02_11.wav"
"nimadju","his","他的","https://ilrdc.tw/tow/2022/audio/word/24/02_12.wav"
"tiamen","we (excluded)","我們(排除式)","https://ilrdc.tw/tow/2022/audio/word/24/02_13.wav"
"titjen","let’s (inclusive)","咱們(包含式)","https://ilrdc.tw/tow/2022/audio/word/24/02_14.wav"
"nitjen","ours","咱們的","https://ilrdc.tw/tow/2022/audio/word/24/02_15.wav"
"azua","that","那個","https://ilrdc.tw/tow/2022/audio/word/24/02_16.wav"
"aicu","this one","這個","https://ilrdc.tw/tow/2022/audio/word/24/02_17.wav"
"maza","here","這裡","https://ilrdc.tw/tow/2022/audio/word/24/02_18.wav"
"azuwa","there","那裡","https://ilrdc.tw/tow/2022/audio/word/24/02_19.wav"
"manusika","because...so","因為…所以","https://ilrdc.tw/tow/2022/audio/word/24/02_20.wav"
"pida","how much","多少","https://ilrdc.tw/tow/2022/audio/word/24/03_01.wav"
"anema","what","什麼","https://ilrdc.tw/tow/2022/audio/word/24/03_02.wav"
"makuda","How it is","怎樣","https://ilrdc.tw/tow/2022/audio/word/24/03_03.wav"
"nungida ","when (not happening)","何時(未發生)","https://ilrdc.tw/tow/2022/audio/word/24/03_04.wav"
"tima","who","誰","https://ilrdc.tw/tow/2022/audio/word/24/03_05.wav"
"ainu","which one","哪一個","https://ilrdc.tw/tow/2022/audio/word/24/03_06.wav"
"inu","where","哪裡","https://ilrdc.tw/tow/2022/audio/word/24/03_07.wav"
"nima","Whose is it?","是誰的","https://ilrdc.tw/tow/2022/audio/word/24/03_08.wav"
"makudanga","what’s up?","怎麼了","https://ilrdc.tw/tow/2022/audio/word/24/03_09.wav"
"pida","how much (number)","多少(數量)","https://ilrdc.tw/tow/2022/audio/word/24/03_10.wav"
"mapida","how many (number of people)","多少(人數)","https://ilrdc.tw/tow/2022/audio/word/24/03_11.wav"
"yainuan ","where","什麼地方","https://ilrdc.tw/tow/2022/audio/word/24/03_12.wav"
"kangida","when (has happened)","何時(已發生)","https://ilrdc.tw/tow/2022/audio/word/24/03_13.wav"
"akuazua","why","為什麼","https://ilrdc.tw/tow/2022/audio/word/24/03_14.wav"
"kama","dad","爸爸","https://ilrdc.tw/tow/2022/audio/word/24/04_01.wav"
"kina","mom","媽媽","https://ilrdc.tw/tow/2022/audio/word/24/04_02.wav"
"sikacekelj","cousins","堂、表兄弟姐妹","https://ilrdc.tw/tow/2022/audio/word/24/04_03.wav"
"vuvu","male elder (grandfather; father-in-law)","男性祖輩(祖父；外公)","https://ilrdc.tw/tow/2022/audio/word/24/04_04.wav"
"vuvu","female elder (grandmother; mother-in-law)","女性祖輩(祖母；外婆)","https://ilrdc.tw/tow/2022/audio/word/24/04_05.wav"
"kaka","relative","親戚","https://ilrdc.tw/tow/2022/audio/word/24/04_06.wav"
"cekelj","spouse","配偶","https://ilrdc.tw/tow/2022/audio/word/24/04_07.wav"
"tjakadjan","daughter’s husband","女婿","https://ilrdc.tw/tow/2022/audio/word/24/04_08.wav"
"tjakadjan","wife’s brother","舅子","https://ilrdc.tw/tow/2022/audio/word/24/04_09.wav"
"tjakadjan","sister-in-law","弟媳","https://ilrdc.tw/tow/2022/audio/word/24/04_10.wav"
"tjakadjan","older brother’s wife","嫂嫂","https://ilrdc.tw/tow/2022/audio/word/24/04_11.wav"
"tjakadjan","daughter-in-law","媳婦","https://ilrdc.tw/tow/2022/audio/word/24/04_12.wav"
"tjadjalanan","grandchild","孫子/孫女","https://ilrdc.tw/tow/2022/audio/word/24/04_13.wav"
"marecekelj","husband and wife","夫妻","https://ilrdc.tw/tow/2022/audio/word/24/04_14.wav"
"cekelj","spouse","配偶","https://ilrdc.tw/tow/2022/audio/word/24/04_15.wav"
"kakadray","coming grandchild","來孫","https://ilrdc.tw/tow/2022/audio/word/24/04_16.wav"
"marevetjevetjek","sibling","兄弟姊妹","https://ilrdc.tw/tow/2022/audio/word/24/04_17.wav"
"ti vetjek a u’aljay","brother","兄長","https://ilrdc.tw/tow/2022/audio/word/24/04_18.wav"
"ti vetjek","brother and sister","(哥哥；姊姊)通稱","https://ilrdc.tw/tow/2022/audio/word/24/04_19.wav"
"ti vetjek a vavayan","older sister","姊姊","https://ilrdc.tw/tow/2022/audio/word/24/04_20.wav"
"ku vetjek a u’aljay","older brother","弟弟","https://ilrdc.tw/tow/2022/audio/word/24/04_21.wav"
"ku vetjek","brother and sister","(弟弟；妹妹)通稱","https://ilrdc.tw/tow/2022/audio/word/24/04_22.wav"
"ku vetjek a u’aljay","younger brother","弟弟","https://ilrdc.tw/tow/2022/audio/word/24/04_23.wav"
"ku vetjek a vavayan","younger sister","妹妹","https://ilrdc.tw/tow/2022/audio/word/24/04_24.wav"
"ti kama i","uncle","(伯父；叔叔；舅舅)通稱","https://ilrdc.tw/tow/2022/audio/word/24/04_25.wav"
"ti kina i","aunt","(伯母；嬸嬸；舅母)通稱  ","https://ilrdc.tw/tow/2022/audio/word/24/04_26.wav"
"ngadan","name","名字","https://ilrdc.tw/tow/2022/audio/word/24/05_01.wav"
"u’aljay","boy","男的","https://ilrdc.tw/tow/2022/audio/word/24/05_02.wav"
"vavayan","girl","女的","https://ilrdc.tw/tow/2022/audio/word/24/05_03.wav"
"’ali","friend","朋友(男性之間的朋友稱呼)","https://ilrdc.tw/tow/2022/audio/word/24/05_04.wav"
"kakedrian","child","孩童","https://ilrdc.tw/tow/2022/audio/word/24/05_05.wav"
"vavulungan","elderly people","老人家","https://ilrdc.tw/tow/2022/audio/word/24/05_06.wav"
"vavayan","female","女性","https://ilrdc.tw/tow/2022/audio/word/24/05_07.wav"
"u’aljay","male","男性","https://ilrdc.tw/tow/2022/audio/word/24/05_08.wav"
"caucaw","people","人","https://ilrdc.tw/tow/2022/audio/word/24/05_09.wav"
"kuisang","doctor","醫生","https://ilrdc.tw/tow/2022/audio/word/24/05_10.wav"
"sinsi","teacher","老師","https://ilrdc.tw/tow/2022/audio/word/24/05_11.wav"
"’alja","enemy","敵人","https://ilrdc.tw/tow/2022/audio/word/24/05_12.wav"
"kalaingan","sir","長官","https://ilrdc.tw/tow/2022/audio/word/24/05_13.wav"
"rungangan","hooliganism","流氓","https://ilrdc.tw/tow/2022/audio/word/24/05_14.wav"
"kisacu","police","警察","https://ilrdc.tw/tow/2022/audio/word/24/05_15.wav"
"ljacalisian","ethnic group (Taiwan), "plain tribes","平埔族","https://ilrdc.tw/tow/2022/audio/word/24/05_16.wav"
"kilang","Hakka people","客家人","https://ilrdc.tw/tow/2022/audio/word/24/05_17.wav"
"kuciusinsi","principal","校長","https://ilrdc.tw/tow/2022/audio/word/24/05_18.wav"
"pairang","Min Nan (Taiwanese)","閩南人","https://ilrdc.tw/tow/2022/audio/word/24/05_19.wav"
"ma’acuvucuvung","young people","青年","https://ilrdc.tw/tow/2022/audio/word/24/05_20.wav"
"singhu","(spiritual) father","神父","https://ilrdc.tw/tow/2022/audio/word/24/05_21.wav"
"dudisang","sister","修女","https://ilrdc.tw/tow/2022/audio/word/24/05_22.wav"
"ljautia","mainlander","外省人","https://ilrdc.tw/tow/2022/audio/word/24/05_23.wav"
"ma’acuvucuvung a vavayan","miss","小姐","https://ilrdc.tw/tow/2022/audio/word/24/05_24.wav"
"situ","student","學生","https://ilrdc.tw/tow/2022/audio/word/24/05_25.wav"
"calinga","ear","耳朵","https://ilrdc.tw/tow/2022/audio/word/24/06_01.wav"
"djapalj","thigh","大腿","https://ilrdc.tw/tow/2022/audio/word/24/06_02.wav"
"maca","eye","眼睛","https://ilrdc.tw/tow/2022/audio/word/24/06_03.wav"
"mudingan","face","臉","https://ilrdc.tw/tow/2022/audio/word/24/06_04.wav"
"angalj","mouth","嘴巴","https://ilrdc.tw/tow/2022/audio/word/24/06_05.wav"
"’ulu","head","頭","https://ilrdc.tw/tow/2022/audio/word/24/06_06.wav"
"kaljusekusan","fingernail","指甲","https://ilrdc.tw/tow/2022/audio/word/24/06_07.wav"
"lima","hand","手","https://ilrdc.tw/tow/2022/audio/word/24/06_08.wav"
"kinacavacavan  ","body","身體","https://ilrdc.tw/tow/2022/audio/word/24/06_09.wav"
"ngudjus","nose","鼻子","https://ilrdc.tw/tow/2022/audio/word/24/06_10.wav"
"kula","foot","腳","https://ilrdc.tw/tow/2022/audio/word/24/06_11.wav"
"aljis","teeth","牙齒","https://ilrdc.tw/tow/2022/audio/word/24/06_12.wav"
"’uvalj","hair","頭髮","https://ilrdc.tw/tow/2022/audio/word/24/06_13.wav"
"djamu’","blood","血","https://ilrdc.tw/tow/2022/audio/word/24/06_14.wav"
"vutjulj","meat","肉","https://ilrdc.tw/tow/2022/audio/word/24/06_15.wav"
"dja’is","forehead","額頭","https://ilrdc.tw/tow/2022/audio/word/24/06_16.wav"
"tjialj","belly","肚子","https://ilrdc.tw/tow/2022/audio/word/24/06_17.wav"
"tutu","breast","乳房","https://ilrdc.tw/tow/2022/audio/word/24/06_18.wav"
"vutevutan","calf","小腿肚","https://ilrdc.tw/tow/2022/audio/word/24/06_19.wav"
"’avan","shoulder","肩膀","https://ilrdc.tw/tow/2022/audio/word/24/06_20.wav"
"kaviz","chin","下巴","https://ilrdc.tw/tow/2022/audio/word/24/06_21.wav"
"u’ulj","back","背部","https://ilrdc.tw/tow/2022/audio/word/24/06_22.wav"
"’aljic","skin","皮","https://ilrdc.tw/tow/2022/audio/word/24/06_23.wav"
"gerung","thoracic cavity","胸腔","https://ilrdc.tw/tow/2022/audio/word/24/06_24.wav"
"adradray","testicles","男性生殖器(睪丸)","https://ilrdc.tw/tow/2022/audio/word/24/06_25.wav"
"kutji","female genitalia","女性生殖器","https://ilrdc.tw/tow/2022/audio/word/24/06_26.wav"
"va","lung","肺","https://ilrdc.tw/tow/2022/audio/word/24/06_27.wav"
"’avuvung","heart","心臟","https://ilrdc.tw/tow/2022/audio/word/24/06_28.wav"
"piku ","elbow","手肘","https://ilrdc.tw/tow/2022/audio/word/24/06_29.wav"
"ngadjay","saliva","口水","https://ilrdc.tw/tow/2022/audio/word/24/06_30.wav"
"cungal","knee","膝蓋","https://ilrdc.tw/tow/2022/audio/word/24/06_31.wav"
"pi’ay","wound","傷口","https://ilrdc.tw/tow/2022/audio/word/24/06_32.wav"
"vicuka","stomach","胃","https://ilrdc.tw/tow/2022/audio/word/24/06_33.wav"
"acay","liver","肝臟","https://ilrdc.tw/tow/2022/audio/word/24/06_34.wav"
"pulja’","phlegm","痰","https://ilrdc.tw/tow/2022/audio/word/24/06_35.wav"
"madra’ul","goiter","甲狀腺腫","https://ilrdc.tw/tow/2022/audio/word/24/06_36.wav"
"’alev","grease","油脂","https://ilrdc.tw/tow/2022/audio/word/24/06_37.wav"
"viduat","rib","肋骨","https://ilrdc.tw/tow/2022/audio/word/24/06_38.wav"
"’apedu","gallbladder","膽囊","https://ilrdc.tw/tow/2022/audio/word/24/06_39.wav"
"vulungan","thumb","拇指","https://ilrdc.tw/tow/2022/audio/word/24/06_40.wav"
"tjagerang","throat","喉嚨","https://ilrdc.tw/tow/2022/audio/word/24/06_41.wav"
"sema","tongue","舌頭","https://ilrdc.tw/tow/2022/audio/word/24/06_42.wav"
"siuc","waist","腰部","https://ilrdc.tw/tow/2022/audio/word/24/06_43.wav"
"galjawgavan","finger","手指","https://ilrdc.tw/tow/2022/audio/word/24/06_44.wav"
"tidiv","front tooth","門牙","https://ilrdc.tw/tow/2022/audio/word/24/06_45.wav"
"zengzengan","sweat","汗水","https://ilrdc.tw/tow/2022/audio/word/24/06_46.wav"
"li’u","neck","脖子","https://ilrdc.tw/tow/2022/audio/word/24/06_47.wav"
"venge’","nasal mucus","鼻涕","https://ilrdc.tw/tow/2022/audio/word/24/06_48.wav"
"papice’an","joint","關節","https://ilrdc.tw/tow/2022/audio/word/24/06_49.wav"
"djilj","buttocks","(屁股)","https://ilrdc.tw/tow/2022/audio/word/24/06_50.wav"
"kalapekapan","the sole of the foot","腳掌","https://ilrdc.tw/tow/2022/audio/word/24/06_51.wav"
"udjun","neck","頸子","https://ilrdc.tw/tow/2022/audio/word/24/06_52.wav"
"lje’elje’an","armpit","腋窩","https://ilrdc.tw/tow/2022/audio/word/24/06_53.wav"
"pudru","kidney","腎臟","https://ilrdc.tw/tow/2022/audio/word/24/06_54.wav"
"ljelet","lip","嘴唇","https://ilrdc.tw/tow/2022/audio/word/24/06_55.wav"
"valangis","fur","毛","https://ilrdc.tw/tow/2022/audio/word/24/06_56.wav"
"iku","tail","尾巴","https://ilrdc.tw/tow/2022/audio/word/24/07_01.wav"
"’acang","pig","豬","https://ilrdc.tw/tow/2022/audio/word/24/07_02.wav"
"vatu","dog","狗","https://ilrdc.tw/tow/2022/audio/word/24/07_03.wav"
"sizi ","sheep","羊","https://ilrdc.tw/tow/2022/audio/word/24/07_04.wav"
"ngiav","cat","貓","https://ilrdc.tw/tow/2022/audio/word/24/07_05.wav"
"’aya’ayam","bird","鳥","https://ilrdc.tw/tow/2022/audio/word/24/07_06.wav"
"ci’av","fish","魚","https://ilrdc.tw/tow/2022/audio/word/24/07_07.wav"
"kuka","chicken","雞","https://ilrdc.tw/tow/2022/audio/word/24/07_08.wav"
"karang","monkey","猴子","https://ilrdc.tw/tow/2022/audio/word/24/07_09.wav"
"ljuang","cattle","牛","https://ilrdc.tw/tow/2022/audio/word/24/07_10.wav"
"kulavav ","mice (collectively)","老鼠(統稱)","https://ilrdc.tw/tow/2022/audio/word/24/07_11.wav"
"ciki","frog","青蛙","https://ilrdc.tw/tow/2022/audio/word/24/07_12.wav"
"lje’u","owl","貓頭鷹","https://ilrdc.tw/tow/2022/audio/word/24/07_13.wav"
"’am","pangolin (manis pentadactylata)","穿山甲","https://ilrdc.tw/tow/2022/audio/word/24/07_14.wav"
"vavuy","boar","山豬","https://ilrdc.tw/tow/2022/audio/word/24/07_15.wav"
"tjutjuy","feral pigeon","野鴿子","https://ilrdc.tw/tow/2022/audio/word/24/07_16.wav"
"’atjuvitjuvi","insect (collectively)","蟲(統稱)","https://ilrdc.tw/tow/2022/audio/word/24/07_17.wav"
"paljangpang ","turtle","烏龜","https://ilrdc.tw/tow/2022/audio/word/24/07_18.wav"
"’atjuvi","snake","蛇","https://ilrdc.tw/tow/2022/audio/word/24/07_19.wav"
"lava","flying squirrel","飛鼠","https://ilrdc.tw/tow/2022/audio/word/24/07_20.wav"
"likuljav","leopard","豹","https://ilrdc.tw/tow/2022/audio/word/24/07_21.wav"
"venan","sambar (cervus eldii)","水鹿","https://ilrdc.tw/tow/2022/audio/word/24/07_22.wav"
"cumay","bear","熊","https://ilrdc.tw/tow/2022/audio/word/24/07_23.wav"
"takec","muntiacus reevesi","山羌","https://ilrdc.tw/tow/2022/audio/word/24/07_24.wav"
"’auzung","cockroach","蟑螂","https://ilrdc.tw/tow/2022/audio/word/24/07_25.wav"
"’uljicacingelav","dragonfly","蜻蜓","https://ilrdc.tw/tow/2022/audio/word/24/07_26.wav"
"kalabiabi","butterfly","蝴蝶","https://ilrdc.tw/tow/2022/audio/word/24/07_27.wav"
"kumakuma  ","spider","蜘蛛","https://ilrdc.tw/tow/2022/audio/word/24/07_28.wav"
"’alici","male reproductive organs","雄性動物生殖器官","https://ilrdc.tw/tow/2022/audio/word/24/07_29.wav"
"butj","squirrel","松鼠","https://ilrdc.tw/tow/2022/audio/word/24/07_30.wav"
"bisangay ","vole","田鼠","https://ilrdc.tw/tow/2022/audio/word/24/07_31.wav"
"salapeljan ","mosquitoe","蚊子","https://ilrdc.tw/tow/2022/audio/word/24/07_32.wav"
"kucu","head louse","頭蝨","https://ilrdc.tw/tow/2022/audio/word/24/07_33.wav"
"lalangav","fly","蒼蠅","https://ilrdc.tw/tow/2022/audio/word/24/07_34.wav"
"tjainan","honeybee","蜜蜂","https://ilrdc.tw/tow/2022/audio/word/24/07_35.wav"
"u’aljay a qemuzimuzip","male (animal)","雄性(動物)","https://ilrdc.tw/tow/2022/audio/word/24/07_36.wav"
"dridri","suckling pig","乳豬","https://ilrdc.tw/tow/2022/audio/word/24/07_37.wav"
"bibi","duck","鴨","https://ilrdc.tw/tow/2022/audio/word/24/07_38.wav"
"’atjudray","earthworm","蚯蚓","https://ilrdc.tw/tow/2022/audio/word/24/07_39.wav"
"vu","animal giblets","動物的內臟","https://ilrdc.tw/tow/2022/audio/word/24/07_40.wav"
"lja’ipu’ipu ","wasp","土蜂","https://ilrdc.tw/tow/2022/audio/word/24/07_41.wav"
"’uzang","shrimp","蝦","https://ilrdc.tw/tow/2022/audio/word/24/07_42.wav"
"zu","elephant","大象","https://ilrdc.tw/tow/2022/audio/word/24/07_43.wav"
"rigi","horse","馬","https://ilrdc.tw/tow/2022/audio/word/24/07_44.wav"
"vavayan a qemuzimuzip","female (animal)","雌性(動物)","https://ilrdc.tw/tow/2022/audio/word/24/07_45.wav"
"gang","crab","螃蟹","https://ilrdc.tw/tow/2022/audio/word/24/07_46.wav"
"sadjsadj","cicada","蟬","https://ilrdc.tw/tow/2022/audio/word/24/07_47.wav"
"kamavanan ","hundred-pace snake","百步蛇","https://ilrdc.tw/tow/2022/audio/word/24/07_48.wav"
"palalj ","wing","翅膀","https://ilrdc.tw/tow/2022/audio/word/24/07_49.wav"
"’a’aljic","bat","蝙蝠","https://ilrdc.tw/tow/2022/audio/word/24/07_50.wav"
"cirat ","snail","蝸牛","https://ilrdc.tw/tow/2022/audio/word/24/07_51.wav"
"kerilj","sparrow","麻雀","https://ilrdc.tw/tow/2022/audio/word/24/07_52.wav"
"racumacumay","stag beetle","鍬形蟲","https://ilrdc.tw/tow/2022/audio/word/24/07_53.wav"
"tjakanga","eagle","老鷹","https://ilrdc.tw/tow/2022/audio/word/24/07_54.wav"
"sasi’","ant","螞蟻","https://ilrdc.tw/tow/2022/audio/word/24/07_55.wav"
"kunga ","goose","鵝","https://ilrdc.tw/tow/2022/audio/word/24/07_56.wav"
"liljavay","waterbird","水鳥","https://ilrdc.tw/tow/2022/audio/word/24/07_57.wav"
"vuvuan","nest","窩巢","https://ilrdc.tw/tow/2022/audio/word/24/07_58.wav"
"tidriyulj","hornet","虎頭蜂","https://ilrdc.tw/tow/2022/audio/word/24/07_59.wav"
"’atimtim","flea","跳蚤","https://ilrdc.tw/tow/2022/audio/word/24/07_60.wav"
"zepung","cobra","眼鏡蛇","https://ilrdc.tw/tow/2022/audio/word/24/07_61.wav"
"’a’a","crow","烏鴉","https://ilrdc.tw/tow/2022/audio/word/24/07_62.wav"
"kuljkulj","puppy","幼犬","https://ilrdc.tw/tow/2022/audio/word/24/07_63.wav"
"te’ung","horn","(動物的)角","https://ilrdc.tw/tow/2022/audio/word/24/07_64.wav"
"tjivunguan","grasshopper","蚱蜢","https://ilrdc.tw/tow/2022/audio/word/24/07_65.wav"
"veljevelj","banana","香蕉","https://ilrdc.tw/tow/2022/audio/word/24/08_01.wav"
"paday","paddy","稻穀","https://ilrdc.tw/tow/2022/audio/word/24/08_02.wav"
"kasiv","tree","樹","https://ilrdc.tw/tow/2022/audio/word/24/08_03.wav"
"vasa","taro","芋頭","https://ilrdc.tw/tow/2022/audio/word/24/08_04.wav"
"tjevus","sugar cane","甘蔗","https://ilrdc.tw/tow/2022/audio/word/24/08_05.wav"
"asav","leaf","葉子","https://ilrdc.tw/tow/2022/audio/word/24/08_06.wav"
"vurasi","sweet potato","甘藷","https://ilrdc.tw/tow/2022/audio/word/24/08_07.wav"
"tjianes","tangerine","柑橘","https://ilrdc.tw/tow/2022/audio/word/24/08_08.wav"
"katjutjung","flower","花朵","https://ilrdc.tw/tow/2022/audio/word/24/08_09.wav"
"ljasiak","pumpkin","南瓜","https://ilrdc.tw/tow/2022/audio/word/24/08_10.wav"
"cemecemel","weed","雜草","https://ilrdc.tw/tow/2022/audio/word/24/08_11.wav"
"ljapanay","corn","玉米","https://ilrdc.tw/tow/2022/audio/word/24/08_12.wav"
"saviki","betel nut","檳榔","https://ilrdc.tw/tow/2022/audio/word/24/08_13.wav"
"’au","bamboo","竹子","https://ilrdc.tw/tow/2022/audio/word/24/08_14.wav"
"ricing","branch","樹枝","https://ilrdc.tw/tow/2022/audio/word/24/08_15.wav"
"vangalj","fruit","(植物的)果實","https://ilrdc.tw/tow/2022/audio/word/24/08_16.wav"
"cuvu’","bamboo shoot","竹筍","https://ilrdc.tw/tow/2022/audio/word/24/08_17.wav"
"ngilngil","edible mushroom","香菇","https://ilrdc.tw/tow/2022/audio/word/24/08_18.wav"
"pangudralj","pineapple","鳳梨","https://ilrdc.tw/tow/2022/audio/word/24/08_19.wav"
"cemel","grass","草","https://ilrdc.tw/tow/2022/audio/word/24/08_20.wav"
"vaudj","rattan","藤類","https://ilrdc.tw/tow/2022/audio/word/24/08_21.wav"
"’udis","peach","桃子","https://ilrdc.tw/tow/2022/audio/word/24/08_22.wav"
"lisi","plum","李子","https://ilrdc.tw/tow/2022/audio/word/24/08_23.wav"
"vangalj","fruit","水果","https://ilrdc.tw/tow/2022/audio/word/24/08_24.wav"
"’apulu","treetop","樹頭","https://ilrdc.tw/tow/2022/audio/word/24/08_25.wav"
"djarunu’","agaric","木耳","https://ilrdc.tw/tow/2022/audio/word/24/08_26.wav"
"tjamunimuni","tomatoe","蕃茄","https://ilrdc.tw/tow/2022/audio/word/24/08_27.wav"
"kapaz ","root","樹根","https://ilrdc.tw/tow/2022/audio/word/24/08_28.wav"
"kavaluan","wild lily","野百合","https://ilrdc.tw/tow/2022/audio/word/24/08_29.wav"
"’ainguay","giant elephant's ear","姑婆芋","https://ilrdc.tw/tow/2022/audio/word/24/08_30.wav"
"vuas","cucumber","胡瓜","https://ilrdc.tw/tow/2022/audio/word/24/08_31.wav"
"lukuc","bird-nest fern","山蘇","https://ilrdc.tw/tow/2022/audio/word/24/08_32.wav"
"daikung","carrot","胡蘿蔔","https://ilrdc.tw/tow/2022/audio/word/24/08_33.wav"
"ingcay ","cabbage","空心菜","https://ilrdc.tw/tow/2022/audio/word/24/08_34.wav"
"’arizang","yard-long bean","長豆","https://ilrdc.tw/tow/2022/audio/word/24/08_35.wav"
"’arizang","green bean","綠豆","https://ilrdc.tw/tow/2022/audio/word/24/08_36.wav"
"mugi","wheat","麥","https://ilrdc.tw/tow/2022/audio/word/24/08_37.wav"
"nigi","green onion (onion)","蔥(洋蔥)","https://ilrdc.tw/tow/2022/audio/word/24/08_38.wav"
"cuvu’","bean sprout","豆芽","https://ilrdc.tw/tow/2022/audio/word/24/08_39.wav"
"tukisu","passion fruit","百香果","https://ilrdc.tw/tow/2022/audio/word/24/08_40.wav"
"’a’ilj","yam","山藥","https://ilrdc.tw/tow/2022/audio/word/24/08_41.wav"
"taleng","cypress","檜木","https://ilrdc.tw/tow/2022/audio/word/24/08_42.wav"
"vunavun","seedling","幼苗","https://ilrdc.tw/tow/2022/audio/word/24/08_43.wav"
"tjaljayan","seed (excluding grain seeds)","種子(不含五穀種子)","https://ilrdc.tw/tow/2022/audio/word/24/08_44.wav"
"tjavuvuk","wild grass plum fruit","野草莓果","https://ilrdc.tw/tow/2022/audio/word/24/08_45.wav"
" ’udis","plum","梅子
","https://ilrdc.tw/tow/2022/audio/word/24/08_46.wav"
"mukav","double cap fern","雙蓋蕨","https://ilrdc.tw/tow/2022/audio/word/24/08_47.wav"
"djuis","Taiwan cherry","山櫻花","https://ilrdc.tw/tow/2022/audio/word/24/08_48.wav"
"ljakidjur","stinging nettle","咬人貓","https://ilrdc.tw/tow/2022/audio/word/24/08_49.wav"
"’ecim","mountain litsea","山胡椒","https://ilrdc.tw/tow/2022/audio/word/24/08_50.wav"
"puk","pigeon pea","樹豆","https://ilrdc.tw/tow/2022/audio/word/24/08_51.wav"
"kamurav","grapefruit","柚子","https://ilrdc.tw/tow/2022/audio/word/24/08_52.wav"
"menavung","tobacco","菸草","https://ilrdc.tw/tow/2022/audio/word/24/08_53.wav"
"silji","pepper (generic term)","辣椒(通稱)","https://ilrdc.tw/tow/2022/audio/word/24/08_54.wav"
"puluc","cotton","棉花","https://ilrdc.tw/tow/2022/audio/word/24/08_55.wav"
"vurasi","sweet potato","地瓜","https://ilrdc.tw/tow/2022/audio/word/24/08_56.wav"
"navat","guava","番石榴","https://ilrdc.tw/tow/2022/audio/word/24/08_57.wav"
"sunatj ","book","書","https://ilrdc.tw/tow/2022/audio/word/24/09_01.wav"
"paisu","money","錢","https://ilrdc.tw/tow/2022/audio/word/24/09_02.wav"
"budru","ball","球","https://ilrdc.tw/tow/2022/audio/word/24/09_03.wav"
"tjazatjazar","table","桌子","https://ilrdc.tw/tow/2022/audio/word/24/09_04.wav"
"ljingas","telephone","電話","https://ilrdc.tw/tow/2022/audio/word/24/09_05.wav"
"inpic","pen","筆","https://ilrdc.tw/tow/2022/audio/word/24/09_06.wav"
"’iladjan","chair","椅子","https://ilrdc.tw/tow/2022/audio/word/24/09_07.wav"
"cemel","medicine","藥物","https://ilrdc.tw/tow/2022/audio/word/24/09_08.wav"
"tinnaw","computer","電腦","https://ilrdc.tw/tow/2022/audio/word/24/09_09.wav"
"kacala’","umbrella","雨傘","https://ilrdc.tw/tow/2022/audio/word/24/09_10.wav"
"tuki","watch","手錶","https://ilrdc.tw/tow/2022/audio/word/24/09_11.wav"
"kangkang","clocks and watches","鐘錶","https://ilrdc.tw/tow/2022/audio/word/24/09_12.wav"
"kalavis","hook","鉤子","https://ilrdc.tw/tow/2022/audio/word/24/09_13.wav"
"kala","fine line","細線","https://ilrdc.tw/tow/2022/audio/word/24/09_14.wav"
"calis","rope","繩索","https://ilrdc.tw/tow/2022/audio/word/24/09_15.wav"
"ljigim","needle","針","https://ilrdc.tw/tow/2022/audio/word/24/09_16.wav"
"’aselu","wooden pestle","木杵","https://ilrdc.tw/tow/2022/audio/word/24/09_17.wav"
"ricing","twig"," 枝條","https://ilrdc.tw/tow/2022/audio/word/24/09_18.wav"
"tjakaz","(big) sieve","(大)篩子","https://ilrdc.tw/tow/2022/audio/word/24/09_19.wav"
"si’unu","knife","小刀","https://ilrdc.tw/tow/2022/audio/word/24/09_20.wav"
"varukur","ship","船隻","https://ilrdc.tw/tow/2022/audio/word/24/09_21.wav"
"kacian","scissor","剪刀","https://ilrdc.tw/tow/2022/audio/word/24/09_22.wav"
"’idung ","charcoal","木炭","https://ilrdc.tw/tow/2022/audio/word/24/09_23.wav"
"vakic","bucket","水桶","https://ilrdc.tw/tow/2022/audio/word/24/09_24.wav"
"panadip","fishing rod","釣竿","https://ilrdc.tw/tow/2022/audio/word/24/09_25.wav"
"kadrukadru ","bamboo cup","竹杯","https://ilrdc.tw/tow/2022/audio/word/24/09_26.wav"
"dingki","light","電燈","https://ilrdc.tw/tow/2022/audio/word/24/09_27.wav"
"ca’ev","lid","蓋子","https://ilrdc.tw/tow/2022/audio/word/24/09_28.wav"
"kuskus","spatula","(竹製的)刮麻具","https://ilrdc.tw/tow/2022/audio/word/24/09_29.wav"
"kuritjung","filth","污垢","https://ilrdc.tw/tow/2022/audio/word/24/09_30.wav"
"valanga","wooden mortar","木臼","https://ilrdc.tw/tow/2022/audio/word/24/09_31.wav"
"tjakumulj","quilt","棉被","https://ilrdc.tw/tow/2022/audio/word/24/09_32.wav"
"kisi","bowl","碗","https://ilrdc.tw/tow/2022/audio/word/24/09_33.wav"
"aray","fishing net","漁網","https://ilrdc.tw/tow/2022/audio/word/24/09_34.wav"
"sanpulu","rice cooker","飯鍋","https://ilrdc.tw/tow/2022/audio/word/24/09_35.wav"
"ridraridr","saw","鋸子","https://ilrdc.tw/tow/2022/audio/word/24/09_36.wav"
"’adupu","paper","紙張","https://ilrdc.tw/tow/2022/audio/word/24/09_37.wav"
"kupu","cup","杯子","https://ilrdc.tw/tow/2022/audio/word/24/09_38.wav"
"panadip","fishing gear / fishing rod","釣具/釣竿","https://ilrdc.tw/tow/2022/audio/word/24/09_39.wav"
"putjuy","sack","麻袋","https://ilrdc.tw/tow/2022/audio/word/24/09_40.wav"
"siciacian","turner","鍋鏟","https://ilrdc.tw/tow/2022/audio/word/24/09_41.wav"
"valjes","axe","斧頭","https://ilrdc.tw/tow/2022/audio/word/24/09_42.wav"
"’ecap","tong","夾子","https://ilrdc.tw/tow/2022/audio/word/24/09_43.wav"
"tjusurur","bedding","床舖","https://ilrdc.tw/tow/2022/audio/word/24/09_44.wav"
"cu’us","stalk","梗","https://ilrdc.tw/tow/2022/audio/word/24/09_45.wav"
"’ailjungan","mirror","鏡子","https://ilrdc.tw/tow/2022/audio/word/24/09_46.wav"
"turivecan","tool","工具","https://ilrdc.tw/tow/2022/audio/word/24/09_47.wav"
"pariuk","wok (collectively)","弧形(底)鍋統稱","https://ilrdc.tw/tow/2022/audio/word/24/09_48.wav"
"’avu","charcoal ash","炭灰","https://ilrdc.tw/tow/2022/audio/word/24/09_49.wav"
"kindraljum","bottle","瓶子","https://ilrdc.tw/tow/2022/audio/word/24/09_50.wav"
"kizing","spoon","湯匙","https://ilrdc.tw/tow/2022/audio/word/24/09_51.wav"
"pia’","dish","菜盤","https://ilrdc.tw/tow/2022/audio/word/24/09_52.wav"
"siasing","photograph","相片","https://ilrdc.tw/tow/2022/audio/word/24/09_53.wav"
"zaqu","soap","肥皂","https://ilrdc.tw/tow/2022/audio/word/24/09_54.wav"
"sara","filter net","濾酒渣網","https://ilrdc.tw/tow/2022/audio/word/24/09_55.wav"
"garuc","comb","梳子","https://ilrdc.tw/tow/2022/audio/word/24/09_56.wav"
"sialja","sling","揹帶","https://ilrdc.tw/tow/2022/audio/word/24/09_57.wav"
"sipaizan","fan","扇子","https://ilrdc.tw/tow/2022/audio/word/24/09_58.wav"
"sasan siavan","stockpot","湯鍋","https://ilrdc.tw/tow/2022/audio/word/24/09_59.wav"
"zuyu","water ladle (for scooping water up)","水瓢(舀水用)","https://ilrdc.tw/tow/2022/audio/word/24/09_60.wav"
"tinpingsiang","refrigerator","電冰箱","https://ilrdc.tw/tow/2022/audio/word/24/09_61.wav"
"tilibi","television","電視","https://ilrdc.tw/tow/2022/audio/word/24/09_62.wav"
"laljing","pipe","水管","https://ilrdc.tw/tow/2022/audio/word/24/09_63.wav"
"sangel","pillow","枕頭","https://ilrdc.tw/tow/2022/audio/word/24/09_64.wav"
"pangul","hammer","鐵鎚","https://ilrdc.tw/tow/2022/audio/word/24/09_65.wav"
"kezkez","Iron nail","鐵釘","https://ilrdc.tw/tow/2022/audio/word/24/09_66.wav"
"cingas","the thing stuck between the teeth","卡在牙縫之物","https://ilrdc.tw/tow/2022/audio/word/24/09_67.wav"
"paku","cleaver","菜刀","https://ilrdc.tw/tow/2022/audio/word/24/09_68.wav"
"tjaljizuk","fishing net","魚網","https://ilrdc.tw/tow/2022/audio/word/24/09_69.wav"
"si’uli’ulip","eraser","橡皮擦","https://ilrdc.tw/tow/2022/audio/word/24/09_70.wav"
"cepeng","basket","簍子","https://ilrdc.tw/tow/2022/audio/word/24/09_71.wav"
"djalan","road","道路","https://ilrdc.tw/tow/2022/audio/word/24/10_01.wav"
"kasikasiv","wooded mountain","山林","https://ilrdc.tw/tow/2022/audio/word/24/10_02.wav"
"veljeluan","creek","小溪","https://ilrdc.tw/tow/2022/audio/word/24/10_03.wav"
"vali","wind","風","https://ilrdc.tw/tow/2022/audio/word/24/10_04.wav"
"vudas","sand","沙子","https://ilrdc.tw/tow/2022/audio/word/24/10_05.wav"
"ipu","soil","泥土","https://ilrdc.tw/tow/2022/audio/word/24/10_06.wav"
"pana","stream","河流","https://ilrdc.tw/tow/2022/audio/word/24/10_07.wav"
"djanav","lake","湖泊","https://ilrdc.tw/tow/2022/audio/word/24/10_08.wav"
"vukid","forest","森林","https://ilrdc.tw/tow/2022/audio/word/24/10_09.wav"
"ngasa","crevice","縫隙","https://ilrdc.tw/tow/2022/audio/word/24/10_10.wav"
"lala","cave","洞穴","https://ilrdc.tw/tow/2022/audio/word/24/10_11.wav"
"sadipan","at the foot of the mountain","山腳下","https://ilrdc.tw/tow/2022/audio/word/24/10_12.wav"
"dinumulj a ’ipu","mound","土堆","https://ilrdc.tw/tow/2022/audio/word/24/10_13.wav"
"ljiv","grotto","岩穴","https://ilrdc.tw/tow/2022/audio/word/24/10_14.wav"
"cauciuci","grassland","草原","https://ilrdc.tw/tow/2022/audio/word/24/10_15.wav"
"liljav","hot spring","溫泉","https://ilrdc.tw/tow/2022/audio/word/24/10_16.wav"
"kalicekuan","canyon","峽谷","https://ilrdc.tw/tow/2022/audio/word/24/10_17.wav"
"lala","cave","山洞","https://ilrdc.tw/tow/2022/audio/word/24/10_18.wav"
"djilje’i","rock","岩石","https://ilrdc.tw/tow/2022/audio/word/24/10_19.wav"
"taljitiv","cascade","瀑布","https://ilrdc.tw/tow/2022/audio/word/24/10_20.wav"
"vuguvug","independent hill","獨立的小山頭","https://ilrdc.tw/tow/2022/audio/word/24/10_21.wav"
"tatepetepezan","lofty mountains and steep hills","崇山峻嶺","https://ilrdc.tw/tow/2022/audio/word/24/10_22.wav"
"’emudjalj","rainy","下雨","https://ilrdc.tw/tow/2022/audio/word/24/11_01.wav"
"’adav","sun","太陽","https://ilrdc.tw/tow/2022/audio/word/24/11_02.wav"
"’iljas","moon","月亮","https://ilrdc.tw/tow/2022/audio/word/24/11_03.wav"
"kalevelevan","sky","天空","https://ilrdc.tw/tow/2022/audio/word/24/11_04.wav"
"vitju’an","star","星星","https://ilrdc.tw/tow/2022/audio/word/24/11_05.wav"
"’udjalj","rain","雨","https://ilrdc.tw/tow/2022/audio/word/24/11_06.wav"
"sulja","snow","雪","https://ilrdc.tw/tow/2022/audio/word/24/11_07.wav"
"kaljavuceleljan","winter","冬天","https://ilrdc.tw/tow/2022/audio/word/24/11_08.wav"
"kaljazalangzangan","summer","夏天","https://ilrdc.tw/tow/2022/audio/word/24/11_09.wav"
"celala’","thunder and lightning","雷電","https://ilrdc.tw/tow/2022/audio/word/24/11_10.wav"
"ljadjek","dew","露水","https://ilrdc.tw/tow/2022/audio/word/24/11_11.wav"
"’erepus","cloud","雲","https://ilrdc.tw/tow/2022/audio/word/24/11_12.wav"
"cevulj","smoke","煙","https://ilrdc.tw/tow/2022/audio/word/24/11_13.wav"
"ladjap","lightning","閃電","https://ilrdc.tw/tow/2022/audio/word/24/11_14.wav"
"kuvulj a quma","dry land","旱田","https://ilrdc.tw/tow/2022/audio/word/24/11_15.wav"
"veljelem","cloudy day","陰天","https://ilrdc.tw/tow/2022/audio/word/24/11_16.wav"
"sapuy","fire","火","https://ilrdc.tw/tow/2022/audio/word/24/11_17.wav"
"kuli","ice","冰","https://ilrdc.tw/tow/2022/audio/word/24/11_18.wav"
"luni","earthquake","地震","https://ilrdc.tw/tow/2022/audio/word/24/11_19.wav"
"kakakaka","shadow/eye","眼珠/影子","https://ilrdc.tw/tow/2022/audio/word/24/11_20.wav"
"raljiz","typhoon","颱風","https://ilrdc.tw/tow/2022/audio/word/24/11_21.wav"
"lja’as","frost","霜","https://ilrdc.tw/tow/2022/audio/word/24/11_22.wav"
"dalek","drip","雨滴","https://ilrdc.tw/tow/2022/audio/word/24/11_23.wav"
"zemaljum","flood","水患","https://ilrdc.tw/tow/2022/audio/word/24/11_24.wav"
"kaljavevean","spring","春天","https://ilrdc.tw/tow/2022/audio/word/24/11_25.wav"
"ljavek","seaside","海洋","https://ilrdc.tw/tow/2022/audio/word/24/11_26.wav"
"kaljauragan","autumn","秋天","https://ilrdc.tw/tow/2022/audio/word/24/11_27.wav"
"’uljivangerav","rainbow","彩虹","https://ilrdc.tw/tow/2022/audio/word/24/11_28.wav"
"maledep a ’adav","sunset","日落","https://ilrdc.tw/tow/2022/audio/word/24/11_29.wav"
"masulem","dusk","天黑","https://ilrdc.tw/tow/2022/audio/word/24/11_30.wav"
"meljay","stop raining","雨停","https://ilrdc.tw/tow/2022/audio/word/24/11_31.wav"
"remaljiz","typhoon.","刮颱風","https://ilrdc.tw/tow/2022/audio/word/24/11_32.wav"
"cemdas","sunrise","日出","https://ilrdc.tw/tow/2022/audio/word/24/11_33.wav"
"uma’","home","家","https://ilrdc.tw/tow/2022/audio/word/24/12_01.wav"
"’ezung","window","窗戶","https://ilrdc.tw/tow/2022/audio/word/24/12_02.wav"
"paljing","door","門","https://ilrdc.tw/tow/2022/audio/word/24/12_03.wav"
"gakku","school","學校","https://ilrdc.tw/tow/2022/audio/word/24/12_04.wav"
"’aciljay","stone","石頭","https://ilrdc.tw/tow/2022/audio/word/24/12_05.wav"
"’aljiv","roof","屋頂","https://ilrdc.tw/tow/2022/audio/word/24/12_06.wav"
"tekeza  ","bridge","橋樑","https://ilrdc.tw/tow/2022/audio/word/24/12_07.wav"
"tapav","shack","工寮","https://ilrdc.tw/tow/2022/audio/word/24/12_08.wav"
"pu’acangan","toilet","廁所","https://ilrdc.tw/tow/2022/audio/word/24/12_09.wav"
"’eluz","pillar","柱子","https://ilrdc.tw/tow/2022/audio/word/24/12_10.wav"
"upu","masonry","砌石","https://ilrdc.tw/tow/2022/audio/word/24/12_11.wav"
"pukukan","chicken coop","雞寮","https://ilrdc.tw/tow/2022/audio/word/24/12_12.wav"
"tjaljtjalj","stair","樓梯","https://ilrdc.tw/tow/2022/audio/word/24/12_13.wav"
"kasasavan","front yard","前院","https://ilrdc.tw/tow/2022/audio/word/24/12_14.wav"
"deljep","wall","牆壁","https://ilrdc.tw/tow/2022/audio/word/24/12_15.wav"
"kubav","barn (outdoor)","穀倉(室外)","https://ilrdc.tw/tow/2022/audio/word/24/12_16.wav"
"emaljiv","roofing","蓋屋頂","https://ilrdc.tw/tow/2022/audio/word/24/12_17.wav"
"’emapaz","building a fence","搭建圍籬","https://ilrdc.tw/tow/2022/audio/word/24/12_18.wav"
"’elju’eljuan","backyard","後院","https://ilrdc.tw/tow/2022/audio/word/24/12_19.wav"
" nusicavilj","next year","明年","https://ilrdc.tw/tow/2022/audio/word/24/13_01.wav"
"’ezemezemetj
","evening","晚上","https://ilrdc.tw/tow/2022/audio/word/24/13_02.wav"
"katiav","yesterday","昨天","https://ilrdc.tw/tow/2022/audio/word/24/13_03.wav"
"nutiav","tomorrow","明天","https://ilrdc.tw/tow/2022/audio/word/24/13_04.wav"
"tucu a ’adav","today","今天","https://ilrdc.tw/tow/2022/audio/word/24/13_05.wav"
"kadjamadjaman","morning","早上","https://ilrdc.tw/tow/2022/audio/word/24/13_06.wav"
"ma’adadav","daytime","白天","https://ilrdc.tw/tow/2022/audio/word/24/13_07.wav"
"kasikatjelu","day before yesterday","前天","https://ilrdc.tw/tow/2022/audio/word/24/13_08.wav"
"maljialjia","early morning","清晨","https://ilrdc.tw/tow/2022/audio/word/24/13_09.wav"
"zemzem","darkness","黑暗","https://ilrdc.tw/tow/2022/audio/word/24/13_10.wav"
"masulesulem","toward evening","傍晚","https://ilrdc.tw/tow/2022/audio/word/24/13_11.wav"
"pazurung","continue","接續","https://ilrdc.tw/tow/2022/audio/word/24/13_12.wav"
"vecekadan a vengin","midnight","半夜","https://ilrdc.tw/tow/2022/audio/word/24/13_13.wav"
"tazua","at that time","當時","https://ilrdc.tw/tow/2022/audio/word/24/13_14.wav"
"kasikasepatj","three days ago","大前天","https://ilrdc.tw/tow/2022/audio/word/24/13_15.wav"
"nusauni","in a minute","待會兒","https://ilrdc.tw/tow/2022/audio/word/24/13_16.wav"
"nusikasepatj","three days later","大後天","https://ilrdc.tw/tow/2022/audio/word/24/13_17.wav"
"teljar ","gleam","亮光","https://ilrdc.tw/tow/2022/audio/word/24/13_18.wav"
"nusikatjelu","the day after tomorrow","後天","https://ilrdc.tw/tow/2022/audio/word/24/13_19.wav"
"pasusangas ta kincengelj","morning","上午","https://ilrdc.tw/tow/2022/audio/word/24/13_20.wav"
"nutjaivililj","future","未來","https://ilrdc.tw/tow/2022/audio/word/24/13_21.wav"
"vengin","night","夜","https://ilrdc.tw/tow/2022/audio/word/24/13_22.wav"
"kama’acuvucuvunganan","at an early age","年輕時","https://ilrdc.tw/tow/2022/audio/word/24/13_23.wav"
"palamu ","in a short while","一下子","https://ilrdc.tw/tow/2022/audio/word/24/13_24.wav"
"masukincengelj","afternoon"," 下午","https://ilrdc.tw/tow/2022/audio/word/24/13_25.wav"
"tukian","o’clock","(幾)點鐘","https://ilrdc.tw/tow/2022/audio/word/24/13_26.wav"
"i tide’ a qinadavan","sunday","星期日","https://ilrdc.tw/tow/2022/audio/word/24/13_27.wav"
"cavilj","year","年","https://ilrdc.tw/tow/2022/audio/word/24/13_28.wav"
"pi’adav","everyday","天天","https://ilrdc.tw/tow/2022/audio/word/24/13_29.wav"
"tucu","now"," 現在","https://ilrdc.tw/tow/2022/audio/word/24/13_30.wav"
"pinualjakan","birthday","生日","https://ilrdc.tw/tow/2022/audio/word/24/13_31.wav"
"itjuma’","inside (in the house)","裡面(屋內)","https://ilrdc.tw/tow/2022/audio/word/24/14_01.wav"
"i..","somewhere","在某處","https://ilrdc.tw/tow/2022/audio/word/24/14_02.wav"
"vavav","above","上面","https://ilrdc.tw/tow/2022/audio/word/24/14_03.wav"
"pa’aia’aiav","front","前面","https://ilrdc.tw/tow/2022/audio/word/24/14_04.wav"
"patekuteku","below","下面","https://ilrdc.tw/tow/2022/audio/word/24/14_05.wav"
"vecekadan","middle","中間","https://ilrdc.tw/tow/2022/audio/word/24/14_06.wav"
"casav","outside","外面","https://ilrdc.tw/tow/2022/audio/word/24/14_07.wav"
"pagidigidi/livalivay","side","旁邊","https://ilrdc.tw/tow/2022/audio/word/24/14_08.wav"
"kavulungan","hilltop","山頂","https://ilrdc.tw/tow/2022/audio/word/24/14_09.wav"
"kanavalj","the right side","右邊","https://ilrdc.tw/tow/2022/audio/word/24/14_10.wav"
"kaviri","the left side","左邊","https://ilrdc.tw/tow/2022/audio/word/24/14_11.wav"
"putung","nook","角落","https://ilrdc.tw/tow/2022/audio/word/24/14_12.wav"
"tjaiteku tua","beneath something","  某物之下","https://ilrdc.tw/tow/2022/audio/word/24/14_13.wav"
"cemalivat","pass","經過","https://ilrdc.tw/tow/2022/audio/word/24/14_14.wav"
"sema","(from somewhere) to somewhere","(從某處)到某處","https://ilrdc.tw/tow/2022/audio/word/24/14_15.wav"
"kemasi","from somewhere","從某處","https://ilrdc.tw/tow/2022/audio/word/24/14_16.wav"
"masik","hoeing","鋤草/拔草","https://ilrdc.tw/tow/2022/audio/word/24/15_01.wav"
"veniling","plowing","犁田","https://ilrdc.tw/tow/2022/audio/word/24/15_02.wav"
"venusam","sowing (five grains)","播種(五穀)","https://ilrdc.tw/tow/2022/audio/word/24/15_03.wav"
"temavalj","seedling","種苗","https://ilrdc.tw/tow/2022/audio/word/24/15_04.wav"
"capan","grain drying box (drying rack)","穀物乾燥簍(乾燥架)","https://ilrdc.tw/tow/2022/audio/word/24/15_05.wav"
"kakara","rake","犁","https://ilrdc.tw/tow/2022/audio/word/24/15_06.wav"
"kawkav","scythe","鐮刀","https://ilrdc.tw/tow/2022/audio/word/24/15_07.wav"
"tjatjukun","backhoe","鋤頭","https://ilrdc.tw/tow/2022/audio/word/24/15_08.wav"
"salang","indoor grain warehouse","室內糧倉","https://ilrdc.tw/tow/2022/audio/word/24/15_09.wav"
"mavacuk","Open up","開墾","https://ilrdc.tw/tow/2022/audio/word/24/15_10.wav"
"culj","manure","肥料","https://ilrdc.tw/tow/2022/audio/word/24/15_11.wav"
"tjakaz","grain sifters","篩穀器具","https://ilrdc.tw/tow/2022/audio/word/24/15_12.wav"
"lemum","accelerate the ripening (of fruit)","催熟(果實)","https://ilrdc.tw/tow/2022/audio/word/24/15_13.wav"
"alji’","straw","稻草","https://ilrdc.tw/tow/2022/audio/word/24/15_14.wav"
"tiveljatan","bow","弓","https://ilrdc.tw/tow/2022/audio/word/24/16_01.wav"
"vulu’","spear","矛","https://ilrdc.tw/tow/2022/audio/word/24/16_02.wav"
"vakela","arrow","箭矢","https://ilrdc.tw/tow/2022/audio/word/24/16_03.wav"
"pan","bait","餌","https://ilrdc.tw/tow/2022/audio/word/24/16_04.wav"
"kuang","gun","槍","https://ilrdc.tw/tow/2022/audio/word/24/16_05.wav"
"takit","mountain knife","獵刀/山刀","https://ilrdc.tw/tow/2022/audio/word/24/16_06.wav"
"pakadrusa","slaughter knife","直形獵刀/宰刀","https://ilrdc.tw/tow/2022/audio/word/24/16_07.wav"
"sacemel","prey (collectively)","獵物(統稱)","https://ilrdc.tw/tow/2022/audio/word/24/16_08.wav"
"pu’acev","stone trap","石壓式陷阱","https://ilrdc.tw/tow/2022/audio/word/24/16_09.wav"
"puseluc","noose trap","套頸式繩索陷阱","https://ilrdc.tw/tow/2022/audio/word/24/16_10.wav"
"cepecepeng","small basket","小籃子","https://ilrdc.tw/tow/2022/audio/word/24/16_11.wav"
"tjakep","bird trap","捕鳥陷阱","https://ilrdc.tw/tow/2022/audio/word/24/16_12.wav"
"pinalisi","taboo","禁忌","https://ilrdc.tw/tow/2022/audio/word/24/17_01.wav"
"sepi","dream","夢","https://ilrdc.tw/tow/2022/audio/word/24/17_02.wav"
"daiman","wizard","巫師","https://ilrdc.tw/tow/2022/audio/word/24/17_03.wav"
"kiukay","church","教會","https://ilrdc.tw/tow/2022/audio/word/24/17_04.wav"
"maljeve’","pas-vake (five year festival)","祖靈祭(五年祭)","https://ilrdc.tw/tow/2022/audio/word/24/17_05.wav"
"masutugut","misalisin","播種祭","https://ilrdc.tw/tow/2022/audio/word/24/17_06.wav"
" vatitingan","ghost","鬼魂","https://ilrdc.tw/tow/2022/audio/word/24/17_07.wav"
"kanipi","witchcarft appliance (witch doctor use it for treatment)","法器袋(巫醫治病用)","https://ilrdc.tw/tow/2022/audio/word/24/17_08.wav"
"tjalupun","hat","帽子","https://ilrdc.tw/tow/2022/audio/word/24/18_01.wav"
"itung","dress","衣服","https://ilrdc.tw/tow/2022/audio/word/24/18_02.wav"
"tjem’ic","weave (cloth)","編織(布)","https://ilrdc.tw/tow/2022/audio/word/24/18_03.wav"
"tjubilj","belly band","肚兜","https://ilrdc.tw/tow/2022/audio/word/24/18_04.wav"
"ikav","men’s earring","男用耳環","https://ilrdc.tw/tow/2022/audio/word/24/18_05.wav"
"vacvac","women’s earring","女用耳環","https://ilrdc.tw/tow/2022/audio/word/24/18_06.wav"
"kasuy","pants","褲子","https://ilrdc.tw/tow/2022/audio/word/24/18_07.wav"
"makuya","torn","破掉","https://ilrdc.tw/tow/2022/audio/word/24/18_08.wav"
"tarar","headdress (for women)","頭飾(女用)","https://ilrdc.tw/tow/2022/audio/word/24/18_09.wav"
"te’ic","netting needle","編網針","https://ilrdc.tw/tow/2022/audio/word/24/18_10.wav"
"paledeled","belt","腰帶","https://ilrdc.tw/tow/2022/audio/word/24/18_11.wav"
"zakilj","ramie","苧麻","https://ilrdc.tw/tow/2022/audio/word/24/18_12.wav"
"murem","stain","染色","https://ilrdc.tw/tow/2022/audio/word/24/18_13.wav"
"tjemenun","weaving","織布","https://ilrdc.tw/tow/2022/audio/word/24/18_14.wav"
"kasuy","women’s long pant","女性長褲","https://ilrdc.tw/tow/2022/audio/word/24/18_15.wav"
"lekelek","boehmeria thread","苧麻線","https://ilrdc.tw/tow/2022/audio/word/24/18_16.wav"
"makaliljav ","cloth","布匹","https://ilrdc.tw/tow/2022/audio/word/24/18_17.wav"
"lalang","makeup and accessories","妝扮飾物","https://ilrdc.tw/tow/2022/audio/word/24/18_18.wav"
"ljungpav","traditional blouse","傳統女上衣","https://ilrdc.tw/tow/2022/audio/word/24/18_19.wav"
"kun","traditional skirt","傳統女裙","https://ilrdc.tw/tow/2022/audio/word/24/18_20.wav"
"tjukap","shoe","鞋子","https://ilrdc.tw/tow/2022/audio/word/24/18_21.wav"
"sialja","baby carrier","揹小孩的背帶","https://ilrdc.tw/tow/2022/audio/word/24/18_22.wav"
"bukelulj","yarn","毛線","https://ilrdc.tw/tow/2022/audio/word/24/18_23.wav"
"kun","skirt","裙子","https://ilrdc.tw/tow/2022/audio/word/24/18_24.wav"
"pasevayar","codpiece","男用遮陰布","https://ilrdc.tw/tow/2022/audio/word/24/18_25.wav"
"sikaw","backpack mesh bag (collectively)","背負網袋(統稱)","https://ilrdc.tw/tow/2022/audio/word/24/18_26.wav"
"tjupi","breastplate","遮胸衣","https://ilrdc.tw/tow/2022/audio/word/24/18_27.wav"
"telima","sleeve","袖子","https://ilrdc.tw/tow/2022/audio/word/24/18_28.wav"
"ibuk","jacket","上衣(男性)","https://ilrdc.tw/tow/2022/audio/word/24/18_29.wav"
"tjukudr","headband (for women’s backpack)","頭帶(女用背籃用)","https://ilrdc.tw/tow/2022/audio/word/24/18_30.wav"
"alay","plain line for weaving","織布用的素麻線","https://ilrdc.tw/tow/2022/audio/word/24/18_31.wav"
"cemljis","scrape ramie","刮苧麻","https://ilrdc.tw/tow/2022/audio/word/24/18_32.wav"
"kaljaudjur","basket","揹籃","https://ilrdc.tw/tow/2022/audio/word/24/19_01.wav"
"ljamzi","round bamboo basket","圓形竹簍","https://ilrdc.tw/tow/2022/audio/word/24/19_02.wav"
"basu","bus","公車","https://ilrdc.tw/tow/2022/audio/word/24/20_01.wav"
"tulay","bicycle","腳踏車","https://ilrdc.tw/tow/2022/audio/word/24/20_02.wav"
"pupalidringan","station","車站","https://ilrdc.tw/tow/2022/audio/word/24/20_03.wav"
"tjukutjuku","tire","輪胎","https://ilrdc.tw/tow/2022/audio/word/24/20_04.wav"
"varukur","ship","船","https://ilrdc.tw/tow/2022/audio/word/24/20_05.wav"
"palidring","car","車子","https://ilrdc.tw/tow/2022/audio/word/24/20_06.wav"
"ljiuk","train","火車","https://ilrdc.tw/tow/2022/audio/word/24/20_07.wav"
"kinsa","rice","飯","https://ilrdc.tw/tow/2022/audio/word/24/21_01.wav"
"zaljum","water","水","https://ilrdc.tw/tow/2022/audio/word/24/21_02.wav"
"paday","rice","白米","https://ilrdc.tw/tow/2022/audio/word/24/21_03.wav"
"djamay","dish","菜餚","https://ilrdc.tw/tow/2022/audio/word/24/21_04.wav"
"ljaceng","green vegetable","青菜","https://ilrdc.tw/tow/2022/audio/word/24/21_05.wav"
"vava","wine","酒","https://ilrdc.tw/tow/2022/audio/word/24/21_06.wav"
"’atia","salt","鹽","https://ilrdc.tw/tow/2022/audio/word/24/21_07.wav"
"alju","honey","蜜","https://ilrdc.tw/tow/2022/audio/word/24/21_08.wav"
"’ecilu","egg","蛋","https://ilrdc.tw/tow/2022/audio/word/24/21_09.wav"
"’alev","oil","油","https://ilrdc.tw/tow/2022/audio/word/24/21_10.wav"
"se’u","taste","味道","https://ilrdc.tw/tow/2022/audio/word/24/21_11.wav"
"siav","soup","湯","https://ilrdc.tw/tow/2022/audio/word/24/21_12.wav"
"’arizang","beans","豆類","https://ilrdc.tw/tow/2022/audio/word/24/21_13.wav"
"caitav","daikon","白蘿蔔","https://ilrdc.tw/tow/2022/audio/word/24/21_14.wav"
"vat","grain","穀粒","https://ilrdc.tw/tow/2022/audio/word/24/21_15.wav"
"djuadjuay","glutinous rice","糯米","https://ilrdc.tw/tow/2022/audio/word/24/21_16.wav"
"’inasav","porridge","粥","https://ilrdc.tw/tow/2022/audio/word/24/21_17.wav"
"va’u","millet","小米","https://ilrdc.tw/tow/2022/audio/word/24/21_18.wav"
"ljualju","sugar","糖","https://ilrdc.tw/tow/2022/audio/word/24/21_19.wav"
"vutjulj","pork","豬肉","https://ilrdc.tw/tow/2022/audio/word/24/21_20.wav"
"udung","noodle","麵","https://ilrdc.tw/tow/2022/audio/word/24/21_21.wav"
"diu’","soy sauce","醬油","https://ilrdc.tw/tow/2022/audio/word/24/21_22.wav"
"cuparan","indica rice","在來米","https://ilrdc.tw/tow/2022/audio/word/24/21_23.wav"
"lavu","rice bran","米糠","https://ilrdc.tw/tow/2022/audio/word/24/21_24.wav"
"lamug","flour","麵粉","https://ilrdc.tw/tow/2022/audio/word/24/21_25.wav"
"vucelacelay","white","白色","https://ilrdc.tw/tow/2022/audio/word/24/22_01.wav"
"’ucengecengel","black","黑色","https://ilrdc.tw/tow/2022/audio/word/24/22_02.wav"
"’udidilj","red","紅色","https://ilrdc.tw/tow/2022/audio/word/24/22_03.wav"
"tjapuyupuyu","purple","紫色的","https://ilrdc.tw/tow/2022/audio/word/24/22_04.wav"
"vurav","yellow","黃色的","https://ilrdc.tw/tow/2022/audio/word/24/22_05.wav"
"buljabuljas","brown","咖啡色","https://ilrdc.tw/tow/2022/audio/word/24/22_06.wav"
"paivavali","grey","灰色","https://ilrdc.tw/tow/2022/audio/word/24/22_07.wav"
"liljualjuas","green","綠色","https://ilrdc.tw/tow/2022/audio/word/24/22_08.wav"
"uljav","color","顏色","https://ilrdc.tw/tow/2022/audio/word/24/22_09.wav"
"gemiring","dog bark","狗吠聲","https://ilrdc.tw/tow/2022/audio/word/24/23_01.wav"
"senay","song","歌","https://ilrdc.tw/tow/2022/audio/word/24/23_02.wav"
"aya","it is said...","表示/這樣說","https://ilrdc.tw/tow/2022/audio/word/24/24_01.wav"
"menacidiljan","alone","獨自一人","https://ilrdc.tw/tow/2022/audio/word/24/24_02.wav"
"mamav","identical","相同","https://ilrdc.tw/tow/2022/audio/word/24/24_03.wav"
"’inaljan ","tribe","部落","https://ilrdc.tw/tow/2022/audio/word/24/24_04.wav"
"kina’adavan","day","日子","https://ilrdc.tw/tow/2022/audio/word/24/24_05.wav"
"ui","yes","是的","https://ilrdc.tw/tow/2022/audio/word/24/24_06.wav"
"kay","language","語言","https://ilrdc.tw/tow/2022/audio/word/24/24_07.wav"
"picul","strength","力量","https://ilrdc.tw/tow/2022/audio/word/24/24_08.wav"
"vinarungan","target","目標","https://ilrdc.tw/tow/2022/audio/word/24/24_09.wav"
"kakudakudan","culture","文化","https://ilrdc.tw/tow/2022/audio/word/24/24_10.wav"
"patarevan","meaning","意義","https://ilrdc.tw/tow/2022/audio/word/24/24_11.wav"
"pucekelj","get married","結婚","https://ilrdc.tw/tow/2022/audio/word/24/24_12.wav"
"makakaizuazua","various","各色各樣","https://ilrdc.tw/tow/2022/audio/word/24/24_13.wav"
"kakavelian","price","價格","https://ilrdc.tw/tow/2022/audio/word/24/24_14.wav"
"pakazuanan","purpose","用途","https://ilrdc.tw/tow/2022/audio/word/24/24_15.wav"
"kinamarecekeljan","marriage","婚姻","https://ilrdc.tw/tow/2022/audio/word/24/24_16.wav"
"mavililj","late","遲到","https://ilrdc.tw/tow/2022/audio/word/24/24_17.wav"
"’emeljev","close","關上","https://ilrdc.tw/tow/2022/audio/word/24/25_01.wav"
"paveli","sell","賣","https://ilrdc.tw/tow/2022/audio/word/24/25_02.wav"
"vaik","go","去","https://ilrdc.tw/tow/2022/audio/word/24/25_03.wav"
"semu’eljev","open","打開","https://ilrdc.tw/tow/2022/audio/word/24/25_04.wav"
"kelju","come here","(叫人)過來","https://ilrdc.tw/tow/2022/audio/word/24/25_05.wav"
"veneli ","buy","買","https://ilrdc.tw/tow/2022/audio/word/24/25_06.wav"
"pavay","give","給","https://ilrdc.tw/tow/2022/audio/word/24/25_07.wav"
"mangetjez","come","來","https://ilrdc.tw/tow/2022/audio/word/24/25_08.wav"
"kisedjam","lend","借","https://ilrdc.tw/tow/2022/audio/word/24/25_09.wav"
"djemavac","walk","走路","https://ilrdc.tw/tow/2022/audio/word/24/25_10.wav"
"vaik","go (away)","走(離開)","https://ilrdc.tw/tow/2022/audio/word/24/25_11.wav"
"miperper","fly","飛","https://ilrdc.tw/tow/2022/audio/word/24/25_12.wav"
"mekelju","run (imperatives)","跑 (祈使)","https://ilrdc.tw/tow/2022/audio/word/24/25_13.wav"
"djemaljun","arrival","抵達","https://ilrdc.tw/tow/2022/audio/word/24/25_14.wav"
"sematjez","see a visitor out","送(客人)","https://ilrdc.tw/tow/2022/audio/word/24/25_15.wav"
"mavilad","flee","逃跑","https://ilrdc.tw/tow/2022/audio/word/24/25_16.wav"
"tjuma’","enter","進入","https://ilrdc.tw/tow/2022/audio/word/24/25_17.wav"
"maveli’ad","overturn","翻倒","https://ilrdc.tw/tow/2022/audio/word/24/25_18.wav"
"kacu","bring (pray)","帶(祈)","https://ilrdc.tw/tow/2022/audio/word/24/25_19.wav"
"semau","get rid of...","趕走","https://ilrdc.tw/tow/2022/audio/word/24/25_20.wav"
"cemikel","turn back","折返","https://ilrdc.tw/tow/2022/audio/word/24/25_21.wav"
"papezangal","(plant) grow","(植物)生長","https://ilrdc.tw/tow/2022/audio/word/24/25_22.wav"
"vavaiku","Let go (order)","讓開(命令)","https://ilrdc.tw/tow/2022/audio/word/24/25_23.wav"
"sipapulevan","present","贈送(禮物)","https://ilrdc.tw/tow/2022/audio/word/24/25_24.wav"
"gemaduan","along the mountains","沿著山巒","https://ilrdc.tw/tow/2022/audio/word/24/25_25.wav"
"masuav","drop","(植物的果實)掉落","https://ilrdc.tw/tow/2022/audio/word/24/25_26.wav"
"ljezaya","uphill","(往)上坡","https://ilrdc.tw/tow/2022/audio/word/24/25_27.wav"
"kicacevung","call for","接(人)","https://ilrdc.tw/tow/2022/audio/word/24/25_28.wav"
"tjemelju","crossing the stream","越溪而過","https://ilrdc.tw/tow/2022/audio/word/24/25_29.wav"
"kemavulj","ask","向人家要(東西)","https://ilrdc.tw/tow/2022/audio/word/24/25_30.wav"
"cemaca","pour","倒(水)","https://ilrdc.tw/tow/2022/audio/word/24/25_31.wav"
"pasa","go","走(向某個方向)","https://ilrdc.tw/tow/2022/audio/word/24/25_32.wav"
"kikerap","climb","(藤類植物)攀爬","https://ilrdc.tw/tow/2022/audio/word/24/25_33.wav"
"djemriuc","take a stroll","逛一逛","https://ilrdc.tw/tow/2022/audio/word/24/25_34.wav"
"lemaing","chase after","追","https://ilrdc.tw/tow/2022/audio/word/24/25_35.wav"
"venuta","catch up","趕上","https://ilrdc.tw/tow/2022/audio/word/24/25_36.wav"
"malavut","slip off","滑掉","https://ilrdc.tw/tow/2022/audio/word/24/25_37.wav"
"matatukuda","separate","分開","https://ilrdc.tw/tow/2022/audio/word/24/25_38.wav"
"masiljaung","carry (e.g. with umbrella)","攜帶(雨具)","https://ilrdc.tw/tow/2022/audio/word/24/25_39.wav"
"kemava","put on (e.g. cloth)","穿(如穿衣服)","https://ilrdc.tw/tow/2022/audio/word/24/25_40.wav"
"tjemalupun","wear (e.g. hat)","戴(如戴帽子)","https://ilrdc.tw/tow/2022/audio/word/24/25_41.wav"
"min’ut","appear","出現","https://ilrdc.tw/tow/2022/audio/word/24/25_42.wav"
"na ’emiladj","sitting","坐著","https://ilrdc.tw/tow/2022/audio/word/24/25_43.wav"
"na malingedjelj","standing"," 站著","https://ilrdc.tw/tow/2022/audio/word/24/25_44.wav"
"’emeljev","shut (e.g. door,window)"," 關(門；窗)","https://ilrdc.tw/tow/2022/audio/word/24/25_45.wav"
"uri mangetjez","coming","要來","https://ilrdc.tw/tow/2022/audio/word/24/25_46.wav"
"kasimazanga","have been here before","來過","https://ilrdc.tw/tow/2022/audio/word/24/25_47.wav"
"vaikanga","gone"," 去了","https://ilrdc.tw/tow/2022/audio/word/24/25_48.wav"
"mavavuy","crawl","爬行","https://ilrdc.tw/tow/2022/audio/word/24/25_49.wav"
"nu tjapacunan","look like..."," 看起來","https://ilrdc.tw/tow/2022/audio/word/24/25_50.wav"
"kivala","visit","拜訪","https://ilrdc.tw/tow/2022/audio/word/24/25_51.wav"
"masasav","go out (go outside)","出去(到外面)","https://ilrdc.tw/tow/2022/audio/word/24/25_52.wav"
"minpudruk","jump","跳躍","https://ilrdc.tw/tow/2022/audio/word/24/26_01.wav"
"zemiyan","dance","跳舞","https://ilrdc.tw/tow/2022/audio/word/24/26_02.wav"
"’emiladj","sit down","坐下","https://ilrdc.tw/tow/2022/audio/word/24/26_03.wav"
"dremadrukungan","bend over","彎腰","https://ilrdc.tw/tow/2022/audio/word/24/26_04.wav"
"pakelay","hang","掛","https://ilrdc.tw/tow/2022/audio/word/24/26_05.wav"
"kivangavang ","play (e.g. ball)","玩","https://ilrdc.tw/tow/2022/audio/word/24/26_06.wav"
"malap","pick up","拿","https://ilrdc.tw/tow/2022/audio/word/24/26_07.wav"
"dremiur","stirring","攪拌","https://ilrdc.tw/tow/2022/audio/word/24/26_08.wav"
"lemegeleg","vibrate","震動","https://ilrdc.tw/tow/2022/audio/word/24/26_09.wav"
"penana’","shoot","射擊(箭)","https://ilrdc.tw/tow/2022/audio/word/24/26_10.wav"
"pasemalav","tell","告訴","https://ilrdc.tw/tow/2022/audio/word/24/26_11.wav"
"sengsengan i tjuma’","housework","家務事","https://ilrdc.tw/tow/2022/audio/word/24/26_12.wav"
"cemian","fry","炒菜","https://ilrdc.tw/tow/2022/audio/word/24/26_13.wav"
"mazu’","felled","青果","https://ilrdc.tw/tow/2022/audio/word/24/26_14.wav"
"mapasuay","out of order","過時","https://ilrdc.tw/tow/2022/audio/word/24/26_15.wav"
"vencelu’","break","折斷","https://ilrdc.tw/tow/2022/audio/word/24/26_16.wav"
"migereger","tremble","發抖","https://ilrdc.tw/tow/2022/audio/word/24/26_17.wav"
"gemucguc","scratch itching","抓癢","https://ilrdc.tw/tow/2022/audio/word/24/26_18.wav"
"ljevavav","climb","爬上(去)","https://ilrdc.tw/tow/2022/audio/word/24/26_19.wav"
"’emereng","lie down","躺","https://ilrdc.tw/tow/2022/audio/word/24/26_20.wav"
"semevalj","carry (somebody)","揹(人)","https://ilrdc.tw/tow/2022/audio/word/24/26_21.wav"
"tjemu’etju’","smash to pieces","敲碎","https://ilrdc.tw/tow/2022/audio/word/24/26_22.wav"
"cemavulid","carry on one’s shoulder","扛","https://ilrdc.tw/tow/2022/audio/word/24/26_23.wav"
"venadevad","flip","翻動","https://ilrdc.tw/tow/2022/audio/word/24/26_24.wav"
"maru’u","roll down","滾落","https://ilrdc.tw/tow/2022/audio/word/24/26_25.wav"
"cemugecug","bump into","撞到","https://ilrdc.tw/tow/2022/audio/word/24/26_26.wav"
"temavikilj","hold","抱著","https://ilrdc.tw/tow/2022/audio/word/24/26_27.wav"
"djemapes","blow","吹","https://ilrdc.tw/tow/2022/audio/word/24/26_28.wav"
"kivurasi","dig (sweet potato)","挖掘(地瓜)","https://ilrdc.tw/tow/2022/audio/word/24/26_29.wav"
"venuci’","cut","切","https://ilrdc.tw/tow/2022/audio/word/24/26_30.wav"
"ljemanguy","swim","游泳","https://ilrdc.tw/tow/2022/audio/word/24/26_31.wav"
"’iljain","hide","藏起來","https://ilrdc.tw/tow/2022/audio/word/24/26_32.wav"
"djemame’","catch","抓(如抓到動物)","https://ilrdc.tw/tow/2022/audio/word/24/26_33.wav"
"ki’au","chop","砍竹子","https://ilrdc.tw/tow/2022/audio/word/24/26_34.wav"
"tjemukudr","carry (something)","揹負(物品)","https://ilrdc.tw/tow/2022/audio/word/24/26_35.wav"
"penangalj","divide","分(東西)","https://ilrdc.tw/tow/2022/audio/word/24/26_36.wav"
"venaljes","split wood","劈木頭","https://ilrdc.tw/tow/2022/audio/word/24/26_37.wav"
"venengetj","tie it up","綁住","https://ilrdc.tw/tow/2022/audio/word/24/26_38.wav"
"tjemapiric","pull (cloth/skirt)","拉扯(衣/裙)","https://ilrdc.tw/tow/2022/audio/word/24/26_39.wav"
"venela’","split (wood)","劈裂","https://ilrdc.tw/tow/2022/audio/word/24/26_40.wav"
"temepi’","rip","扯斷","https://ilrdc.tw/tow/2022/audio/word/24/26_41.wav"
"penidripidr","draw (a bow)","提著","https://ilrdc.tw/tow/2022/audio/word/24/26_42.wav"
"nagememegem","hold it","握著","https://ilrdc.tw/tow/2022/audio/word/24/26_43.wav"
"’emuyulj","bundle (wood)","捆木材","https://ilrdc.tw/tow/2022/audio/word/24/26_44.wav"
"zemapatj","hold down","按住","https://ilrdc.tw/tow/2022/audio/word/24/26_45.wav"
"veneljuc","pull out","拔除","https://ilrdc.tw/tow/2022/audio/word/24/26_46.wav"
"penili’","select","挑選","https://ilrdc.tw/tow/2022/audio/word/24/26_47.wav"
"venu’esi","spill","散撒","https://ilrdc.tw/tow/2022/audio/word/24/26_48.wav"
"tjemuketjuk","peck","啄","https://ilrdc.tw/tow/2022/audio/word/24/26_49.wav"
"cemekecek","plug","插","https://ilrdc.tw/tow/2022/audio/word/24/26_50.wav"
"djemumulj","pile up","堆積","https://ilrdc.tw/tow/2022/audio/word/24/26_51.wav"
"semakuc","move","搬運","https://ilrdc.tw/tow/2022/audio/word/24/26_52.wav"
"venljuc","pluck","拔出","https://ilrdc.tw/tow/2022/audio/word/24/26_53.wav"
"remiyur","stirring","攪拌","https://ilrdc.tw/tow/2022/audio/word/24/26_54.wav"
"lemegeleg","vibrate","震動","https://ilrdc.tw/tow/2022/audio/word/24/26_55.wav"
"cemalis","scratch and itch","搓線","https://ilrdc.tw/tow/2022/audio/word/24/26_56.wav"
"pasemalav","make a fist","告訴","https://ilrdc.tw/tow/2022/audio/word/24/26_57.wav"
"saliman i tjuma’
","pluck","家務事","https://ilrdc.tw/tow/2022/audio/word/24/26_58.wav"
"cemian","shaking","炒菜","https://ilrdc.tw/tow/2022/audio/word/24/26_59.wav"
"matja’","peel (peanuts; beans)","青果","https://ilrdc.tw/tow/2022/audio/word/24/26_60.wav"
"pasalut","out of order","過時","https://ilrdc.tw/tow/2022/audio/word/24/26_61.wav"
"lemegeleg","vibrate","振動","https://ilrdc.tw/tow/2022/audio/word/24/26_62.wav"
"mirava","packing","打包","https://ilrdc.tw/tow/2022/audio/word/24/26_63.wav"
"kiljapanay","harvest","採收玉米","https://ilrdc.tw/tow/2022/audio/word/24/26_64.wav"
"temata’","sharpen","(將器具)磨利","https://ilrdc.tw/tow/2022/audio/word/24/26_65.wav"
"legelegen","swing","(搖)動","https://ilrdc.tw/tow/2022/audio/word/24/26_66.wav"
"lailaingen","hunt and capture","追捕","https://ilrdc.tw/tow/2022/audio/word/24/26_67.wav"
"lemumek","shatter","搗碎","https://ilrdc.tw/tow/2022/audio/word/24/26_68.wav"
"maipu’","fall","倒(下)","https://ilrdc.tw/tow/2022/audio/word/24/26_69.wav"
"cempeliv","twist","扭轉","https://ilrdc.tw/tow/2022/audio/word/24/26_70.wav"
"lemingedjelj","stand","豎立","https://ilrdc.tw/tow/2022/audio/word/24/26_71.wav"
"djemu’udju’","trample on","踩踏","https://ilrdc.tw/tow/2022/audio/word/24/26_72.wav"
"kemuadr","cross over","跨過","https://ilrdc.tw/tow/2022/audio/word/24/26_73.wav"
"gemitidr","cut","割","https://ilrdc.tw/tow/2022/audio/word/24/26_74.wav"
"vece’elen","pinch","掐住","https://ilrdc.tw/tow/2022/audio/word/24/26_75.wav"
"menecemec","repress","壓制","https://ilrdc.tw/tow/2022/audio/word/24/26_76.wav"
"pakan","feed","餵食","https://ilrdc.tw/tow/2022/audio/word/24/26_77.wav"
"djemkep","arrest","捕抓","https://ilrdc.tw/tow/2022/audio/word/24/26_78.wav"
"’emival","pry open","撬開","https://ilrdc.tw/tow/2022/audio/word/24/26_79.wav"
"demulat","step","(用腳)踏","https://ilrdc.tw/tow/2022/audio/word/24/26_80.wav"
"’empipitj","squash","壓扁","https://ilrdc.tw/tow/2022/audio/word/24/26_81.wav"
"tjemuljak","skin","剝皮","https://ilrdc.tw/tow/2022/audio/word/24/26_82.wav"
"kikucibili","rub (e.g. lipstick; paint)","擦(如口紅；油漆)","https://ilrdc.tw/tow/2022/audio/word/24/26_83.wav"
"pavavadevad","flipping","亂翻","https://ilrdc.tw/tow/2022/audio/word/24/26_84.wav"
"ljemuceljuc","tumble","揉搓(衣物)","https://ilrdc.tw/tow/2022/audio/word/24/26_85.wav"
"kitangez","lean on","靠著","https://ilrdc.tw/tow/2022/audio/word/24/26_86.wav"
"venljatj","whip","鞭打","https://ilrdc.tw/tow/2022/audio/word/24/26_87.wav"
"kigidi a ta’ed","lie on the side","側臥","https://ilrdc.tw/tow/2022/audio/word/24/26_88.wav"
"semungicu","skin","削(水果)","https://ilrdc.tw/tow/2022/audio/word/24/26_89.wav"
"cemalis","twisting","搓線","https://ilrdc.tw/tow/2022/audio/word/24/26_90.wav"
"kemacian","cut","剪","https://ilrdc.tw/tow/2022/audio/word/24/26_91.wav"
"semuricing","cut off the branches","砍除雜枝","https://ilrdc.tw/tow/2022/audio/word/24/26_92.wav"
"tjemuap","wave","招手","https://ilrdc.tw/tow/2022/audio/word/24/26_93.wav"
"tjemagetjag","chop (meat)","剁","https://ilrdc.tw/tow/2022/audio/word/24/26_94.wav"
"maisu","beat","搗","https://ilrdc.tw/tow/2022/audio/word/24/26_95.wav"
"marivu","fight","打架","https://ilrdc.tw/tow/2022/audio/word/24/26_96.wav"
"ma’a’izing","squeeze","擠","https://ilrdc.tw/tow/2022/audio/word/24/26_97.wav"
"zemukem ","lower your head down","低下頭","https://ilrdc.tw/tow/2022/audio/word/24/26_98.wav"
"remakac","pull (up)","拉(上來)","https://ilrdc.tw/tow/2022/audio/word/24/26_99.wav"
"semapesap","dig","(用手)挖掘","https://ilrdc.tw/tow/2022/audio/word/24/26_100.wav"
"semu’aljic","peeling the bark of a tree","剝樹皮","https://ilrdc.tw/tow/2022/audio/word/24/26_101.wav"
"zemuga","draw"," 畫圖","https://ilrdc.tw/tow/2022/audio/word/24/26_102.wav"
"silaing/malaing","arbitrary"," 隨意","https://ilrdc.tw/tow/2022/audio/word/24/26_103.wav"
"malikuculj","squat down","蹲下","https://ilrdc.tw/tow/2022/audio/word/24/26_104.wav"
"migacalj","stand up"," 起立","https://ilrdc.tw/tow/2022/audio/word/24/26_105.wav"
"keman","eat","吃","https://ilrdc.tw/tow/2022/audio/word/24/27_01.wav"
"semiyup","suck in","吸","https://ilrdc.tw/tow/2022/audio/word/24/27_02.wav"
"temekel","drink","喝","https://ilrdc.tw/tow/2022/audio/word/24/27_03.wav"
"mutja’","vomit","吐","https://ilrdc.tw/tow/2022/audio/word/24/27_04.wav"
"penalepal","bite","咬","https://ilrdc.tw/tow/2022/audio/word/24/27_05.wav"
"lemamedj","swallow","吞嚥","https://ilrdc.tw/tow/2022/audio/word/24/27_06.wav"
"lim’udj","swallow","吞下","https://ilrdc.tw/tow/2022/audio/word/24/27_07.wav"
"mala’it/maculju","get burnt","燙到","https://ilrdc.tw/tow/2022/audio/word/24/27_08.wav"
"mazekel","choke (on)","噎到","https://ilrdc.tw/tow/2022/audio/word/24/27_09.wav"
"mavetu","full","飽食","https://ilrdc.tw/tow/2022/audio/word/24/27_10.wav"
"lemapulj","chew","咀嚼","https://ilrdc.tw/tow/2022/audio/word/24/27_11.wav"
"ma’usav","thirsty","渴","https://ilrdc.tw/tow/2022/audio/word/24/27_12.wav"
"’emale’al","nibble","啃","https://ilrdc.tw/tow/2022/audio/word/24/27_13.wav"
"maculja","hungry","餓","https://ilrdc.tw/tow/2022/audio/word/24/27_14.wav"
"keman","eat","吃(東西)","https://ilrdc.tw/tow/2022/audio/word/24/27_15.wav"
"kenama","have breakfast","吃早餐","https://ilrdc.tw/tow/2022/audio/word/24/27_16.wav"
"kincengelj","have lunch","吃午餐","https://ilrdc.tw/tow/2022/audio/word/24/27_17.wav"
"kaiv","have dinner","吃晚餐","https://ilrdc.tw/tow/2022/audio/word/24/27_18.wav"
"secevung","come across","遇到","https://ilrdc.tw/tow/2022/audio/word/24/28_01.wav"
"kemeljang","know","知道","https://ilrdc.tw/tow/2022/audio/word/24/28_02.wav"
"pacun","see","看","https://ilrdc.tw/tow/2022/audio/word/24/28_03.wav"
"’ivu","say","說","https://ilrdc.tw/tow/2022/audio/word/24/28_04.wav"
"alimu","forget (imperatives)","忘記(祈使)","https://ilrdc.tw/tow/2022/audio/word/24/28_05.wav"
"tjekezem","close (your) eyes","閉(眼睛)","https://ilrdc.tw/tow/2022/audio/word/24/28_06.wav"
"seme’u","smell (as in smell)","聞(如聞味道)","https://ilrdc.tw/tow/2022/audio/word/24/28_07.wav"
"kidjadjas","touch","觸摸(物品)","https://ilrdc.tw/tow/2022/audio/word/24/28_08.wav"
"cemeged","invite","邀請","https://ilrdc.tw/tow/2022/audio/word/24/28_09.wav"
"kinemenem","feel","感覺","https://ilrdc.tw/tow/2022/audio/word/24/28_10.wav"
"pasemalav","tell","告訴(別人)","https://ilrdc.tw/tow/2022/audio/word/24/28_11.wav"
"djemaulj","calling (e.g. calling before feeding the chickens)","叫喚(如餵雞前會叫喚)","https://ilrdc.tw/tow/2022/audio/word/24/28_12.wav"
"kivavada’","ask","詢問","https://ilrdc.tw/tow/2022/audio/word/24/28_13.wav"
"ljemauy","agree","答應","https://ilrdc.tw/tow/2022/audio/word/24/28_14.wav"
"masalu","believe","相信","https://ilrdc.tw/tow/2022/audio/word/24/28_15.wav"
"madudu","curse","謾罵","https://ilrdc.tw/tow/2022/audio/word/24/28_16.wav"
"cemelcel","touch (as in touching the body)","觸碰(如碰觸到身體)","https://ilrdc.tw/tow/2022/audio/word/24/28_17.wav"
"patevela","respond","回應","https://ilrdc.tw/tow/2022/audio/word/24/28_18.wav"
"lemangda","listen","聽","https://ilrdc.tw/tow/2022/audio/word/24/28_19.wav"
"djemiljing","lick","舔","https://ilrdc.tw/tow/2022/audio/word/24/28_20.wav"
"pazazekatj","tell","交代(事情)","https://ilrdc.tw/tow/2022/audio/word/24/28_21.wav"
"cemerav","open your eyes","睜眼","https://ilrdc.tw/tow/2022/audio/word/24/28_22.wav"
"pa’edev","aim","瞄準","https://ilrdc.tw/tow/2022/audio/word/24/28_23.wav"
"temulu","teach (e.g. teaching someone to write)","教(如教人寫字)","https://ilrdc.tw/tow/2022/audio/word/24/28_24.wav"
"kinemenem","think","想(思考)","https://ilrdc.tw/tow/2022/audio/word/24/28_25.wav"
"kile’ele’","observe","觀察","https://ilrdc.tw/tow/2022/audio/word/24/28_26.wav"
"maca’u ","do","會(做某事)","https://ilrdc.tw/tow/2022/audio/word/24/28_27.wav"
"kisukub","pray","禱告","https://ilrdc.tw/tow/2022/audio/word/24/28_28.wav"
"tjengelay","like","喜歡","https://ilrdc.tw/tow/2022/audio/word/24/28_29.wav"
"padjalim","joy","喜愛","https://ilrdc.tw/tow/2022/audio/word/24/29_01.wav"
"marekutj","fear","害怕","https://ilrdc.tw/tow/2022/audio/word/24/29_02.wav"
"’emaung","cry","哭","https://ilrdc.tw/tow/2022/audio/word/24/29_03.wav"
"kiljivak","love","疼愛","https://ilrdc.tw/tow/2022/audio/word/24/29_04.wav"
"maleva","happy","高興","https://ilrdc.tw/tow/2022/audio/word/24/29_05.wav"
"madudu","angry","生氣","https://ilrdc.tw/tow/2022/audio/word/24/29_06.wav"
"sikiljivak","love and care","愛護","https://ilrdc.tw/tow/2022/audio/word/24/29_07.wav"
"mintjus","shocked","嚇一跳","https://ilrdc.tw/tow/2022/audio/word/24/29_08.wav"
"maleva","happy"," 快樂","https://ilrdc.tw/tow/2022/audio/word/24/29_09.wav"
"parimasudj","clean up (housework)","整理(家務事)","https://ilrdc.tw/tow/2022/audio/word/24/30_01.wav"
"venate’","wash (cloth)","洗(衣物)","https://ilrdc.tw/tow/2022/audio/word/24/30_02.wav"
"masengseng","work","工作","https://ilrdc.tw/tow/2022/audio/word/24/30_03.wav"
"semkez","stop","停止","https://ilrdc.tw/tow/2022/audio/word/24/30_04.wav"
"piteval ","waste","浪費","https://ilrdc.tw/tow/2022/audio/word/24/30_05.wav"
"paceged","get up","起床","https://ilrdc.tw/tow/2022/audio/word/24/30_06.wav"
"ecevucevungianga uta","good-bye (say good-bye to each other)","再見(如互道再見)","https://ilrdc.tw/tow/2022/audio/word/24/30_07.wav"
"puisi’","urinate","小便","https://ilrdc.tw/tow/2022/audio/word/24/30_08.wav"
"ta’ed","sleep","睡覺","https://ilrdc.tw/tow/2022/audio/word/24/30_09.wav"
"cemulju","killing animals","殺牲畜","https://ilrdc.tw/tow/2022/audio/word/24/30_10.wav"
"tje’acang","feces","大便","https://ilrdc.tw/tow/2022/audio/word/24/30_11.wav"
"kisululjayan","rest","休息","https://ilrdc.tw/tow/2022/audio/word/24/30_12.wav"
"tjemengez","sleepy","睏(想睡覺)","https://ilrdc.tw/tow/2022/audio/word/24/30_13.wav"
"semuap","clean","打掃","https://ilrdc.tw/tow/2022/audio/word/24/30_14.wav"
" kica’uan","learn","學習","https://ilrdc.tw/tow/2022/audio/word/24/30_15.wav"
"kitelangalj","lie down","躺臥","https://ilrdc.tw/tow/2022/audio/word/24/30_16.wav"
"tjevavavan","nightmare","做惡夢","https://ilrdc.tw/tow/2022/audio/word/24/30_17.wav"
"cemakav","steal","偷竊","https://ilrdc.tw/tow/2022/audio/word/24/30_18.wav"
"cemian","fry","煮(菜)","https://ilrdc.tw/tow/2022/audio/word/24/30_19.wav"
"ljemama","burn (like straw)","燒(如燒稻草)","https://ilrdc.tw/tow/2022/audio/word/24/30_20.wav"
"mesuav","yawn","打哈欠","https://ilrdc.tw/tow/2022/audio/word/24/30_21.wav"
"kemuljav","roast","烤(如烤地瓜)","https://ilrdc.tw/tow/2022/audio/word/24/30_22.wav"
"kemesa","cook (rice/meat/yams)","烹煮(飯／肉／地瓜)","https://ilrdc.tw/tow/2022/audio/word/24/30_23.wav"
"kiljaljava","wait","等待","https://ilrdc.tw/tow/2022/audio/word/24/30_24.wav"
"pudringay","hunt","陷獵","https://ilrdc.tw/tow/2022/audio/word/24/30_25.wav"
"dremasi","dry (e.g., drying clothes in the sun)","曬乾(如將衣服曬乾)","https://ilrdc.tw/tow/2022/audio/word/24/30_26.wav"
"levecan","draw water with a ladle (imperatives)","以杓汲水(祈使)","https://ilrdc.tw/tow/2022/audio/word/24/30_27.wav"
"palayu’en","drain (abatement)","將水排出(疏減)","https://ilrdc.tw/tow/2022/audio/word/24/30_28.wav"
"parimasudju","pack up (imperatives, as in pack up)","收拾(祈使，如收拾東西)","https://ilrdc.tw/tow/2022/audio/word/24/30_29.wav"
"penaisu","mill","碾(米)","https://ilrdc.tw/tow/2022/audio/word/24/30_30.wav"
"venaivay","dry up","晾乾","https://ilrdc.tw/tow/2022/audio/word/24/30_31.wav"
"kicauv","quilt","蓋被子","https://ilrdc.tw/tow/2022/audio/word/24/30_32.wav"
"pa’ulja","shine/light up","照起來／照明","https://ilrdc.tw/tow/2022/audio/word/24/30_33.wav"
"remingiring","fry","炒(如炒花生)","https://ilrdc.tw/tow/2022/audio/word/24/30_34.wav"
"venaras","fishing for fish and shrimp by cage","以籠捕魚蝦","https://ilrdc.tw/tow/2022/audio/word/24/30_35.wav"
"temalem","plant","種植","https://ilrdc.tw/tow/2022/audio/word/24/30_37.wav"
"penanadip","fish","釣魚","https://ilrdc.tw/tow/2022/audio/word/24/30_38.wav"
"pecungu","make a fire","生火","https://ilrdc.tw/tow/2022/audio/word/24/30_39.wav"
"djaungu","pickle (imperatives)","醃漬(祈使)","https://ilrdc.tw/tow/2022/audio/word/24/30_40.wav"
"ma’uy","burnt","燒焦","https://ilrdc.tw/tow/2022/audio/word/24/30_41.wav"
"remapalj","take care of","照顧","https://ilrdc.tw/tow/2022/audio/word/24/30_42.wav"
"’emunu","cut (hair)","剪(頭髮)","https://ilrdc.tw/tow/2022/audio/word/24/30_43.wav"
"putjeveng","soak","浸泡","https://ilrdc.tw/tow/2022/audio/word/24/30_44.wav"
"semuca’ev","lift off (as in lift off the lid).","掀開(如掀開蓋子)","https://ilrdc.tw/tow/2022/audio/word/24/30_45.wav"
"cemevelj","bury","掩埋","https://ilrdc.tw/tow/2022/audio/word/24/30_46.wav"
"kipavalit","change (cloth)","替換(衣服)","https://ilrdc.tw/tow/2022/audio/word/24/30_47.wav"
"kemezekez","lock up","鎖上","https://ilrdc.tw/tow/2022/audio/word/24/30_48.wav"
"semika","make the bed","鋪床","https://ilrdc.tw/tow/2022/audio/word/24/30_49.wav"
"ljemengis","burn (as in burning the hair of prey)","燒(如燒獵物的毛)","https://ilrdc.tw/tow/2022/audio/word/24/30_50.wav"
"ventilak","leaf stripping","剝葉","https://ilrdc.tw/tow/2022/audio/word/24/30_51.wav"
"malingaw","urge urination","尿急","https://ilrdc.tw/tow/2022/audio/word/24/30_52.wav"
"’emacepang","measure","量測","https://ilrdc.tw/tow/2022/audio/word/24/30_53.wav"
"medjek","burning","燃燒","https://ilrdc.tw/tow/2022/audio/word/24/30_54.wav"
"kelayu","hang (Imperatives)","懸掛(祈使)","https://ilrdc.tw/tow/2022/audio/word/24/30_55.wav"
"kicual","imitate","模仿","https://ilrdc.tw/tow/2022/audio/word/24/30_56.wav"
"pa’uzip","feed","飼養","https://ilrdc.tw/tow/2022/audio/word/24/30_57.wav"
"cemian","fry","炒(飯菜)","https://ilrdc.tw/tow/2022/audio/word/24/30_58.wav"
"pusapuy","ignite","點火","https://ilrdc.tw/tow/2022/audio/word/24/30_59.wav"
"semupu","read","讀書","https://ilrdc.tw/tow/2022/audio/word/24/30_60.wav"
"temekel","drink","喝(水)","https://ilrdc.tw/tow/2022/audio/word/24/30_61.wav"
"tjematjukun","dig","(用鋤具)挖掘","https://ilrdc.tw/tow/2022/audio/word/24/30_62.wav"
"kakaizuanan","live","(居)住","https://ilrdc.tw/tow/2022/audio/word/24/30_63.wav"
"semenay","sing","唱歌","https://ilrdc.tw/tow/2022/audio/word/24/30_64.wav"
"kivangavang","play","玩耍","https://ilrdc.tw/tow/2022/audio/word/24/30_65.wav"
"macay","death","死亡","https://ilrdc.tw/tow/2022/audio/word/24/31_01.wav"
"saqetju","ouch","好痛","https://ilrdc.tw/tow/2022/audio/word/24/31_02.wav"
"mapasa’etju","wounded","受傷","https://ilrdc.tw/tow/2022/audio/word/24/31_03.wav"
"maulav","lose","遺失","https://ilrdc.tw/tow/2022/audio/word/24/31_04.wav"
"sa’etju","pain","痛","https://ilrdc.tw/tow/2022/audio/word/24/31_05.wav"
"pedjamu’","bleed","流血","https://ilrdc.tw/tow/2022/audio/word/24/31_06.wav"
"mavungelay","pregnant","懷孕","https://ilrdc.tw/tow/2022/audio/word/24/31_07.wav"
"valjualjut","living","活的","https://ilrdc.tw/tow/2022/audio/word/24/31_08.wav"
"pa’etjutj","fart","放屁","https://ilrdc.tw/tow/2022/audio/word/24/31_09.wav"
"mapiar","lame","跛腳","https://ilrdc.tw/tow/2022/audio/word/24/31_10.wav"
"pina’uzip","nurture","撫養","https://ilrdc.tw/tow/2022/audio/word/24/31_11.wav"
"me’aca","growth","生長","https://ilrdc.tw/tow/2022/audio/word/24/31_12.wav"
"lja’ic","scar","疤","https://ilrdc.tw/tow/2022/audio/word/24/31_13.wav"
"gacel","itchy","癢","https://ilrdc.tw/tow/2022/audio/word/24/31_14.wav"
"tjemengez","doze off","打瞌睡","https://ilrdc.tw/tow/2022/audio/word/24/31_15.wav"
"vena’esing","sneeze","打噴嚏","https://ilrdc.tw/tow/2022/audio/word/24/31_16.wav"
"kitarev","marry to a non-ethnic clan member","嫁給非本族群的族人","https://ilrdc.tw/tow/2022/audio/word/24/31_17.wav"
"mangilu","soreness","痠痛","https://ilrdc.tw/tow/2022/audio/word/24/31_18.wav"
"sa’etju’etju","sick","生病","https://ilrdc.tw/tow/2022/audio/word/24/31_19.wav"
"umu’an","festering","化膿","https://ilrdc.tw/tow/2022/audio/word/24/31_20.wav"
"mariljay","slim","瘦(身形)","https://ilrdc.tw/tow/2022/audio/word/24/32_01.wav"
"sadjelung","heavy (weight)","重(重量)","https://ilrdc.tw/tow/2022/audio/word/24/32_02.wav"
"sace’alj","light (weight)","輕(重量)","https://ilrdc.tw/tow/2022/audio/word/24/32_03.wav"
"’aca’aca","high (height)","高(身高)","https://ilrdc.tw/tow/2022/audio/word/24/32_04.wav"
"kudrakudral","large","大的","https://ilrdc.tw/tow/2022/audio/word/24/32_05.wav"
"drikitj","short (height)","矮(身高)","https://ilrdc.tw/tow/2022/audio/word/24/32_06.wav"
"setukez","industrious","勤勞","https://ilrdc.tw/tow/2022/audio/word/24/32_07.wav"
"vucelelj","cold","冷","https://ilrdc.tw/tow/2022/audio/word/24/32_08.wav"
"kedrikedri","small","小的","https://ilrdc.tw/tow/2022/audio/word/24/32_09.wav"
"liav","many","多","https://ilrdc.tw/tow/2022/audio/word/24/32_10.wav"
"nguangua’","pretty","漂亮","https://ilrdc.tw/tow/2022/audio/word/24/32_11.wav"
"navucelelj","ice-cold","冰冷","https://ilrdc.tw/tow/2022/audio/word/24/32_12.wav"
"masekeb","hot","悶熱","https://ilrdc.tw/tow/2022/audio/word/24/32_13.wav"
"kedri","few","少的","https://ilrdc.tw/tow/2022/audio/word/24/32_14.wav"
"mapulav","drunk","酒醉","https://ilrdc.tw/tow/2022/audio/word/24/32_15.wav"
"djemeli","laugh","笑","https://ilrdc.tw/tow/2022/audio/word/24/32_16.wav"
"tjevetjeveng","wet","濕的","https://ilrdc.tw/tow/2022/audio/word/24/32_17.wav"
"malum","ripe (of fruit)","熟","https://ilrdc.tw/tow/2022/audio/word/24/32_18.wav"
"kudremedremel","thick","厚的","https://ilrdc.tw/tow/2022/audio/word/24/32_19.wav"
"matja’anan","undercooked (if this piece of meat is raw)","未熟的(如這塊肉是生的、水果)","https://ilrdc.tw/tow/2022/audio/word/24/32_20.wav"
"ljuspisepit","thin","薄的","https://ilrdc.tw/tow/2022/audio/word/24/32_21.wav"
"’iljang","dirty","髒","https://ilrdc.tw/tow/2022/audio/word/24/32_22.wav"
"malupi","lazy","懶惰","https://ilrdc.tw/tow/2022/audio/word/24/32_23.wav"
"namasu’iljang","clean","乾淨","https://ilrdc.tw/tow/2022/audio/word/24/32_24.wav"
"djaljav","soon","很快","https://ilrdc.tw/tow/2022/audio/word/24/32_25.wav"
"na’uljan","bright","明亮","https://ilrdc.tw/tow/2022/audio/word/24/32_26.wav"
"kudrakudral","fat","胖(身形)","https://ilrdc.tw/tow/2022/audio/word/24/32_27.wav"
"nametad","dry","乾的","https://ilrdc.tw/tow/2022/audio/word/24/32_28.wav"
"maluljay","tired","累","https://ilrdc.tw/tow/2022/audio/word/24/32_29.wav"
"nasemalimesim","poor thing","好可憐","https://ilrdc.tw/tow/2022/audio/word/24/32_30.wav"
"va’uan","new","新的","https://ilrdc.tw/tow/2022/audio/word/24/32_31.wav"
"supisupil","old","舊的","https://ilrdc.tw/tow/2022/audio/word/24/32_32.wav"
"dedet","near","近","https://ilrdc.tw/tow/2022/audio/word/24/32_33.wav"
"maculju","hot","燙","https://ilrdc.tw/tow/2022/audio/word/24/32_34.wav"
"maljekuya","spoiled","壞掉","https://ilrdc.tw/tow/2022/audio/word/24/32_35.wav"
"macam ","spicy","辣","https://ilrdc.tw/tow/2022/audio/word/24/32_36.wav"
"cadja","far","遠","https://ilrdc.tw/tow/2022/audio/word/24/32_37.wav"
"minvalak","swelling","腫","https://ilrdc.tw/tow/2022/audio/word/24/32_38.wav"
"namadrukung","bend","彎曲","https://ilrdc.tw/tow/2022/audio/word/24/32_39.wav"
"cuay","long","久的","https://ilrdc.tw/tow/2022/audio/word/24/32_40.wav"
"mavuca","blind","瞎了","https://ilrdc.tw/tow/2022/audio/word/24/32_41.wav"
"duku","poison","毒","https://ilrdc.tw/tow/2022/audio/word/24/32_42.wav"
"sangua’","delicious","很好吃","https://ilrdc.tw/tow/2022/audio/word/24/32_43.wav"
"dalut","smooth","滑","https://ilrdc.tw/tow/2022/audio/word/24/32_44.wav"
"’adid","bitter","苦","https://ilrdc.tw/tow/2022/audio/word/24/32_45.wav"
"lupa","fragile (e.g. this wire is prone to breakage)","脆弱(如這根鐵絲易斷裂)","https://ilrdc.tw/tow/2022/audio/word/24/32_46.wav"
"matja’","unripe","未成熟的(果實)","https://ilrdc.tw/tow/2022/audio/word/24/32_47.wav"
"kicakaw","stealthily","偷偷地","https://ilrdc.tw/tow/2022/audio/word/24/32_48.wav"
"tjuruvu","numerous","(人)眾多","https://ilrdc.tw/tow/2022/audio/word/24/32_49.wav"
"sac’alj","brisk","輕快","https://ilrdc.tw/tow/2022/audio/word/24/32_50.wav"
"’aljece’ec","sour","酸","https://ilrdc.tw/tow/2022/audio/word/24/32_51.wav"
"’apedang","salty","鹹","https://ilrdc.tw/tow/2022/audio/word/24/32_52.wav"
"rinanav","intentional","故意","https://ilrdc.tw/tow/2022/audio/word/24/32_53.wav"
"namadjapeng","pulpy","稀爛的","https://ilrdc.tw/tow/2022/audio/word/24/32_54.wav"
"na’uljemed","sturdy","壯碩","https://ilrdc.tw/tow/2022/audio/word/24/32_55.wav"
"maseljec","warm","暖和","https://ilrdc.tw/tow/2022/audio/word/24/32_56.wav"
"masusidang","blunt","鈍的","https://ilrdc.tw/tow/2022/audio/word/24/32_57.wav"
"’aljem’em","sweet","甘甜","https://ilrdc.tw/tow/2022/audio/word/24/32_58.wav"
"kudjepal","astringent (taste)","澀澀的(味覺)","https://ilrdc.tw/tow/2022/audio/word/24/32_59.wav"
"langkangkay","tall and thin","高瘦(身材)","https://ilrdc.tw/tow/2022/audio/word/24/32_60.wav"
"masili","slant","(傾)斜","https://ilrdc.tw/tow/2022/audio/word/24/32_61.wav"
"lumeljak","soft","軟","https://ilrdc.tw/tow/2022/audio/word/24/32_62.wav"
"kudresul","very hard","很硬","https://ilrdc.tw/tow/2022/audio/word/24/32_63.wav"
"sa’aveleveleng","sour smell","酸臭","https://ilrdc.tw/tow/2022/audio/word/24/32_64.wav"
"masevec","straight","直","https://ilrdc.tw/tow/2022/audio/word/24/32_65.wav"
"mapelju’anga","full","滿了","https://ilrdc.tw/tow/2022/audio/word/24/32_66.wav"
"nakiseljengua’","well","好好的","https://ilrdc.tw/tow/2022/audio/word/24/32_67.wav"
"tjalji’ca","(space) spacious","(空間)寬敞","https://ilrdc.tw/tow/2022/audio/word/24/32_68.wav"
"padriadria","correct","正確","https://ilrdc.tw/tow/2022/audio/word/24/32_69.wav"
"saljeveljever","fully wetted","全濕透","https://ilrdc.tw/tow/2022/audio/word/24/32_70.wav"
"gemaljugalju","slowly","慢慢","https://ilrdc.tw/tow/2022/audio/word/24/32_71.wav"
"maculjuculju a pagalju","warm","溫的(水)","https://ilrdc.tw/tow/2022/audio/word/24/32_72.wav"
"vinulunulung","coarse","粗(物)","https://ilrdc.tw/tow/2022/audio/word/24/32_73.wav"
"ladru’","long","長","https://ilrdc.tw/tow/2022/audio/word/24/32_74.wav"
"linidji","fine","細","https://ilrdc.tw/tow/2022/audio/word/24/32_75.wav"
"drikitj","short","短","https://ilrdc.tw/tow/2022/audio/word/24/32_76.wav"
"zalangzang","hot","炎熱","https://ilrdc.tw/tow/2022/audio/word/24/32_77.wav"
"malum","ripen","成熟(果實)","https://ilrdc.tw/tow/2022/audio/word/24/32_78.wav"
"namapelju’","full","滿滿","https://ilrdc.tw/tow/2022/audio/word/24/32_79.wav"
"sau’aljay","handsome","英俊","https://ilrdc.tw/tow/2022/audio/word/24/32_80.wav"
"apaqulid","should","應該","https://ilrdc.tw/tow/2022/audio/word/24/33_01.wav"
"tara..","certain","一定","https://ilrdc.tw/tow/2022/audio/word/24/33_02.wav"
"makaya","able","能夠","https://ilrdc.tw/tow/2022/audio/word/24/33_03.wav"
"palemek","possible","可能","https://ilrdc.tw/tow/2022/audio/word/24/33_04.wav"
"pupalisian","celebrate","慶祝","https://ilrdc.tw/tow/2022/audio/word/24/33_05.wav"
"zemuking","wipe","擦拭","https://ilrdc.tw/tow/2022/audio/word/24/33_06.wav"
"semkaulj","call","使喚","https://ilrdc.tw/tow/2022/audio/word/24/33_07.wav"
"cemipilj","fold","摺疊","https://ilrdc.tw/tow/2022/audio/word/24/34_01.wav"
"magac","split open","裂開","https://ilrdc.tw/tow/2022/audio/word/24/34_02.wav"
"semeljudj","use","使用","https://ilrdc.tw/tow/2022/audio/word/24/34_03.wav"
"mulavi’","overflow (like water overflowing)","溢出(如水溢出來)","https://ilrdc.tw/tow/2022/audio/word/24/34_04.wav"
"pusaladj","help","幫忙","https://ilrdc.tw/tow/2022/audio/word/24/34_05.wav"
"kidjekec","attach","(有東西)附著","https://ilrdc.tw/tow/2022/audio/word/24/34_06.wav"
"tinaudan","mix sth. with sth.","混以某物","https://ilrdc.tw/tow/2022/audio/word/24/34_07.wav"
"lugalugen","shaken","被(搖)動的","https://ilrdc.tw/tow/2022/audio/word/24/34_08.wav"
"tavasin","erase","刷除","https://ilrdc.tw/tow/2022/audio/word/24/34_09.wav"
"kipaparangez","depend","依賴","https://ilrdc.tw/tow/2022/audio/word/24/34_10.wav"
"cemaca","pour","倒入","https://ilrdc.tw/tow/2022/audio/word/24/34_11.wav"
"’emeceng","block","阻擋","https://ilrdc.tw/tow/2022/audio/word/24/34_12.wav"
"madju’","stay","留下","https://ilrdc.tw/tow/2022/audio/word/24/34_13.wav"
"ljingav","sound","聲響","https://ilrdc.tw/tow/2022/audio/word/24/34_14.wav"
"pacalivat","over","超過/過時","https://ilrdc.tw/tow/2022/audio/word/24/34_15.wav"
"macunu’","crumble (of scree slope)","崩落","https://ilrdc.tw/tow/2022/audio/word/24/34_16.wav"
"kusta","brake","煞車","https://ilrdc.tw/tow/2022/audio/word/24/34_17.wav"
"kemim","search","尋找","https://ilrdc.tw/tow/2022/audio/word/24/34_18.wav"
"veneric","throw away","丟棄","https://ilrdc.tw/tow/2022/audio/word/24/34_19.wav"
"semukuz","prohibit","禁止","https://ilrdc.tw/tow/2022/audio/word/24/34_20.wav"
"izua","there are...","有","https://ilrdc.tw/tow/2022/audio/word/24/34_21.wav"
"tjeza","remain","剩下","https://ilrdc.tw/tow/2022/audio/word/24/34_22.wav"
"pu…","set up","設置","https://ilrdc.tw/tow/2022/audio/word/24/34_23.wav"
"patagilj","begin","開始","https://ilrdc.tw/tow/2022/audio/word/24/34_24.wav"
"’emacuvung","complete","完成","https://ilrdc.tw/tow/2022/audio/word/24/34_25.wav"
"’emulada","pick on","找碴","https://ilrdc.tw/tow/2022/audio/word/24/34_26.wav"
"malang","make","製作(物品)","https://ilrdc.tw/tow/2022/audio/word/24/34_27.wav"
"sedjumak","find","找到","https://ilrdc.tw/tow/2022/audio/word/24/34_28.wav"
"semupu","number","數(計算)","https://ilrdc.tw/tow/2022/audio/word/24/34_29.wav"
"tjeluvang","trapped","(獵物掉入陷阱)陷中","https://ilrdc.tw/tow/2022/audio/word/24/34_30.wav"
"cemugecug","bang","撞擊某物","https://ilrdc.tw/tow/2022/audio/word/24/34_31.wav"
"mavalidi","rotate","旋轉","https://ilrdc.tw/tow/2022/audio/word/24/34_32.wav"
"lininguljan","surround","圍著某物","https://ilrdc.tw/tow/2022/audio/word/24/34_33.wav"
"nangua’","good","好","https://ilrdc.tw/tow/2022/audio/word/24/34_34.wav"
"maljimalji","thank you","謝謝","https://ilrdc.tw/tow/2022/audio/word/24/34_35.wav"
"akusiaya","you’re welcome","不客氣","https://ilrdc.tw/tow/2022/audio/word/24/34_36.wav"
"neka","no","沒有","https://ilrdc.tw/tow/2022/audio/word/24/34_37.wav"
"ikamakuda","it’s okay","沒關係","https://ilrdc.tw/tow/2022/audio/word/24/34_38.wav"
"nakuya","don’t","不要","https://ilrdc.tw/tow/2022/audio/word/24/35_01.wav"
"inikamakaya","can't","不可以","https://ilrdc.tw/tow/2022/audio/word/24/35_02.wav"
"ini","no (for reply)","不是(回答用)","https://ilrdc.tw/tow/2022/audio/word/24/35_03.wav"
"neka","none (negative of possession)","沒有(表擁有的否定詞)","https://ilrdc.tw/tow/2022/audio/word/24/35_04.wav"
"maya","don’t (for the imperative)","不要(祈使句用)","https://ilrdc.tw/tow/2022/audio/word/24/35_05.wav"
"ikakemeljang","don’t know","不知道","https://ilrdc.tw/tow/2022/audio/word/24/35_06.wav"
"pa’uli’ulid","really","真的","https://ilrdc.tw/tow/2022/audio/word/24/36_01.wav"
"icengceng","in the process of (doing something or happening)","正在","https://ilrdc.tw/tow/2022/audio/word/24/36_02.wav"
"silaing","arbitrary","隨意","https://ilrdc.tw/tow/2022/audio/word/24/36_03.wav"
"ui","okay","好的(沒問題)","https://ilrdc.tw/tow/2022/audio/word/24/36_04.wav"
"ayatua","because","因為","https://ilrdc.tw/tow/2022/audio/word/24/36_05.wav"
"kumaljia","whether","不論","https://ilrdc.tw/tow/2022/audio/word/24/36_06.wav"
"isauniuni","immediately","立即","https://ilrdc.tw/tow/2022/audio/word/24/36_07.wav"
"pacengceng","enough","足夠","https://ilrdc.tw/tow/2022/audio/word/24/36_08.wav"
"anan","again","再","https://ilrdc.tw/tow/2022/audio/word/24/36_09.wav"
"amin","only","只有","https://ilrdc.tw/tow/2022/audio/word/24/36_10.wav"
"kasauni","just now","剛剛","https://ilrdc.tw/tow/2022/audio/word/24/36_11.wav"
"maljekedri","a little","少許","https://ilrdc.tw/tow/2022/audio/word/24/36_12.wav"
"palamu","temporary (leave for a moment)","暫時(離開一下)","https://ilrdc.tw/tow/2022/audio/word/24/36_13.wav"
"inika…","never","從不","https://ilrdc.tw/tow/2022/audio/word/24/36_14.wav"
"sikuda","shouldn;t","不該","https://ilrdc.tw/tow/2022/audio/word/24/36_15.wav"
"manasika","so","所以","https://ilrdc.tw/tow/2022/audio/word/24/36_16.wav"
"ru-","usually","經常","https://ilrdc.tw/tow/2022/audio/word/24/36_17.wav"
"katua","with","和","https://ilrdc.tw/tow/2022/audio/word/24/36_18.wav"
"izuanu","sometimes","偶爾","https://ilrdc.tw/tow/2022/audio/word/24/36_19.wav"
"kiuy","really (auxiliary verb)","是嗎(語助詞)","https://ilrdc.tw/tow/2022/audio/word/24/36_20.wav"
"inika","still (not yet)","還(尚未)","https://ilrdc.tw/tow/2022/audio/word/24/36_21.wav"
"nu","if","如果","https://ilrdc.tw/tow/2022/audio/word/24/36_22.wav"
"aravac","very","很","https://ilrdc.tw/tow/2022/audio/word/24/36_23.wav"
"numayatazua","so","如此","https://ilrdc.tw/tow/2022/audio/word/24/36_24.wav"
"uta","also","也","https://ilrdc.tw/tow/2022/audio/word/24/36_25.wav"
"kasauni","just now","剛才","https://ilrdc.tw/tow/2022/audio/word/24/36_26.wav"
"puraketj","whole day","整天","https://ilrdc.tw/tow/2022/audio/word/24/36_27.wav"
"savid","both","都","https://ilrdc.tw/tow/2022/audio/word/24/36_28.wav"
"amin","only","僅僅","https://ilrdc.tw/tow/2022/audio/word/24/36_29.wav"
"uitu","although","雖然","https://ilrdc.tw/tow/2022/audio/word/24/36_30.wav"
"pay","(used in a question)","嗎(用在問句)","https://ilrdc.tw/tow/2022/audio/word/24/36_31.wav"
"ta","main marker (in all ethnic languages)","主格標記(各族用語)","https://ilrdc.tw/tow/2022/audio/word/24/36_32.wav"
"tjay","marked (in all ethnic languages)","受格標記(各族用語)","https://ilrdc.tw/tow/2022/audio/word/24/36_33.wav"
"ni","genre marker (in all ethnic languages)","屬格標記(各族用語)","https://ilrdc.tw/tow/2022/audio/word/24/36_34.wav"
"i","in (here)","在(這裡)","https://ilrdc.tw/tow/2022/audio/word/24/36_35.wav"
"makaya","do","可以(做某事)","https://ilrdc.tw/tow/2022/audio/word/24/36_36.wav"
"makulung","fool","傻瓜","https://ilrdc.tw/tow/2022/audio/word/24/36_37.wav"
