"ita","one","一","https://ilrdc.tw/tow/2022/audio/word/25/01_01.wav"
"drusa","two","二","https://ilrdc.tw/tow/2022/audio/word/25/01_02.wav"
"tjelu","three","三","https://ilrdc.tw/tow/2022/audio/word/25/01_03.wav"
"sepatj","four","四","https://ilrdc.tw/tow/2022/audio/word/25/01_04.wav"
"lima","five","五","https://ilrdc.tw/tow/2022/audio/word/25/01_05.wav"
"unem","six","六","https://ilrdc.tw/tow/2022/audio/word/25/01_06.wav"
"pitju","seven","七","https://ilrdc.tw/tow/2022/audio/word/25/01_07.wav"
"alu","eight","八","https://ilrdc.tw/tow/2022/audio/word/25/01_08.wav"
"siva","nine","九","https://ilrdc.tw/tow/2022/audio/word/25/01_09.wav"
"tapuluq","ten","十","https://ilrdc.tw/tow/2022/audio/word/25/01_10.wav"
"tapuluq saka ita","eleven","十一","https://ilrdc.tw/tow/2022/audio/word/25/01_11.wav"
"tapuluq saka drusa","twelve","十二","https://ilrdc.tw/tow/2022/audio/word/25/01_12.wav"
"tapuluq saka tjelu","thirteen","十三","https://ilrdc.tw/tow/2022/audio/word/25/01_13.wav"
"tapuluq saka sepatj","fourteen","十四","https://ilrdc.tw/tow/2022/audio/word/25/01_14.wav"
"tapuluq saka lima","fifteen","十五","https://ilrdc.tw/tow/2022/audio/word/25/01_15.wav"
"tapuluq saka unem","sixteen","十六","https://ilrdc.tw/tow/2022/audio/word/25/01_16.wav"
"tapuluq saka pitju","seventeen","十七","https://ilrdc.tw/tow/2022/audio/word/25/01_17.wav"
"tapuluq saka alu","eighteen","十八","https://ilrdc.tw/tow/2022/audio/word/25/01_18.wav"
"tapuluq saka siva","nineteen","十九","https://ilrdc.tw/tow/2022/audio/word/25/01_19.wav"
"drusa a puluq","twenty","二十  ","https://ilrdc.tw/tow/2022/audio/word/25/01_20.wav"
"drusa a puluq saka ita","twenty one","二十一","https://ilrdc.tw/tow/2022/audio/word/25/01_21.wav"
"drusa a puluq saka drusa","twenty two","二十二","https://ilrdc.tw/tow/2022/audio/word/25/01_22.wav"
"drusa a puluq saka tjelu","twenty three","二十三","https://ilrdc.tw/tow/2022/audio/word/25/01_23.wav"
"drusa a puluq saka sepatj","twenty four","二十四","https://ilrdc.tw/tow/2022/audio/word/25/01_24.wav"
"drusa a puluq saka lima","twenty five","二十五","https://ilrdc.tw/tow/2022/audio/word/25/01_25.wav"
"tjelu a puluq","thirty","三十","https://ilrdc.tw/tow/2022/audio/word/25/01_26.wav"
"tjelu a puluq saka ita","thirty one","三十一","https://ilrdc.tw/tow/2022/audio/word/25/01_27.wav"
"sepatj a puluq","forty","四十","https://ilrdc.tw/tow/2022/audio/word/25/01_28.wav"
"lima a puluq","fifty","五十","https://ilrdc.tw/tow/2022/audio/word/25/01_29.wav"
"unem a puluq","sixty","六十","https://ilrdc.tw/tow/2022/audio/word/25/01_30.wav"
"pitju a puluq","seventy","七十","https://ilrdc.tw/tow/2022/audio/word/25/01_31.wav"
"alu a puluq","eighty","八十","https://ilrdc.tw/tow/2022/audio/word/25/01_32.wav"
"siva a puluq","ninety","九十","https://ilrdc.tw/tow/2022/audio/word/25/01_33.wav"
"iday","hundred","百","https://ilrdc.tw/tow/2022/audio/word/25/01_34.wav"
"taiday","one hundred","一百","https://ilrdc.tw/tow/2022/audio/word/25/01_35.wav"
"drusaiday","two hundred","兩百","https://ilrdc.tw/tow/2022/audio/word/25/01_36.wav"
"kuzulj","one thousand","一千","https://ilrdc.tw/tow/2022/audio/word/25/01_37.wav"
"ika pida","some","一些","https://ilrdc.tw/tow/2022/audio/word/25/01_38.wav"
"kintalj","once","一次","https://ilrdc.tw/tow/2022/audio/word/25/01_39.wav"
"taveljengan","bunch","一串","https://ilrdc.tw/tow/2022/audio/word/25/01_40.wav"
"makakaizuazua","kind","種類","https://ilrdc.tw/tow/2022/audio/word/25/01_41.wav"
"maqaqecev","pair","一雙","https://ilrdc.tw/tow/2022/audio/word/25/01_42.wav"
"pipenuljatan","entire","全部","https://ilrdc.tw/tow/2022/audio/word/25/01_43.wav"
"kedri","a little bit","一點點","https://ilrdc.tw/tow/2022/audio/word/25/01_44.wav"
"papamav","half","一半","https://ilrdc.tw/tow/2022/audio/word/25/01_45.wav"
"tisun","you","你 ","https://ilrdc.tw/tow/2022/audio/word/25/02_01.wav"
"tiyaken","I","我","https://ilrdc.tw/tow/2022/audio/word/25/02_02.wav"
"timadju","he","他","https://ilrdc.tw/tow/2022/audio/word/25/02_03.wav"
"timun","you guys","你們","https://ilrdc.tw/tow/2022/audio/word/25/02_04.wav"
"tiamen","us","我們","https://ilrdc.tw/tow/2022/audio/word/25/02_05.wav"
"tiamadju","they","他們","https://ilrdc.tw/tow/2022/audio/word/25/02_06.wav"
"nimun","yours","你們的","https://ilrdc.tw/tow/2022/audio/word/25/02_07.wav"
"niamen","our","我們的","https://ilrdc.tw/tow/2022/audio/word/25/02_08.wav"
"niamadju","their","他們的","https://ilrdc.tw/tow/2022/audio/word/25/02_09.wav"
"nisun","your","你的","https://ilrdc.tw/tow/2022/audio/word/25/02_10.wav"
"niyaken","mine","我的","https://ilrdc.tw/tow/2022/audio/word/25/02_11.wav"
"nimadju","his","他的","https://ilrdc.tw/tow/2022/audio/word/25/02_12.wav"
"tiyamen","we (excluded)","我們(排除式)","https://ilrdc.tw/tow/2022/audio/word/25/02_13.wav"
"titjen","let’s (inclusive)","咱們(包含式)","https://ilrdc.tw/tow/2022/audio/word/25/02_14.wav"
"nitjen","ours","咱們的","https://ilrdc.tw/tow/2022/audio/word/25/02_15.wav"
"azua","that","那個","https://ilrdc.tw/tow/2022/audio/word/25/02_16.wav"
"aicu","this one","這個","https://ilrdc.tw/tow/2022/audio/word/25/02_17.wav"
"imaza","here","這裡","https://ilrdc.tw/tow/2022/audio/word/25/02_18.wav"
"azua","there","那裡","https://ilrdc.tw/tow/2022/audio/word/25/02_19.wav"
"manazua ","(like) this","(像)這樣","https://ilrdc.tw/tow/2022/audio/word/25/02_20.wav"
"pida","how much","多少","https://ilrdc.tw/tow/2022/audio/word/25/03_01.wav"
"anema","what","什麼","https://ilrdc.tw/tow/2022/audio/word/25/03_02.wav"
"kemuda","how","如何","https://ilrdc.tw/tow/2022/audio/word/25/03_03.wav"
"nungida","when (not happening)","何時(未發生)","https://ilrdc.tw/tow/2022/audio/word/25/03_04.wav"
"tima","who","誰","https://ilrdc.tw/tow/2022/audio/word/25/03_05.wav"
"tjainu","which one","哪一個","https://ilrdc.tw/tow/2022/audio/word/25/03_06.wav"
"izainu","where","哪裡","https://ilrdc.tw/tow/2022/audio/word/25/03_07.wav"
"nima","Whose is it?","是誰的","https://ilrdc.tw/tow/2022/audio/word/25/03_08.wav"
"makuda ","what","怎麼","https://ilrdc.tw/tow/2022/audio/word/25/03_09.wav"
"pidanga","how much","多少(歲；物)","https://ilrdc.tw/tow/2022/audio/word/25/03_10.wav"
"namakudakuda","how much (degree size)"," 多少(程度大小)","https://ilrdc.tw/tow/2022/audio/word/25/03_11.wav"
"yainuan","where","什麼地方","https://ilrdc.tw/tow/2022/audio/word/25/03_12.wav"
"singidaan","when (has happened)","何時(已發生)","https://ilrdc.tw/tow/2022/audio/word/25/03_13.wav"
"akuazua/aku","why","為什麼","https://ilrdc.tw/tow/2022/audio/word/25/03_14.wav"
"kama","dad","爸爸","https://ilrdc.tw/tow/2022/audio/word/25/04_01.wav"
"kina","mom","媽媽","https://ilrdc.tw/tow/2022/audio/word/25/04_02.wav"
"maresikacekecekelj","cousins","堂、表兄弟姐妹","https://ilrdc.tw/tow/2022/audio/word/25/04_03.wav"
"vuvu","male elder (grandfather)","男性長輩(祖父；外公)","https://ilrdc.tw/tow/2022/audio/word/25/04_04.wav"
"vuvu ","female elder (grandmother)","女性長輩(祖母；外婆)","https://ilrdc.tw/tow/2022/audio/word/25/04_05.wav"
"tjakaka","relative","親戚","https://ilrdc.tw/tow/2022/audio/word/25/04_06.wav"
"cekelj","spouse","配偶","https://ilrdc.tw/tow/2022/audio/word/25/04_07.wav"
"tarev","daughter’s husband","女婿","https://ilrdc.tw/tow/2022/audio/word/25/04_08.wav"
"ti kaka i………","wife’s brother","舅子","https://ilrdc.tw/tow/2022/audio/word/25/04_09.wav"
"cekelj nua ku kaka","sister-in-law","弟媳","https://ilrdc.tw/tow/2022/audio/word/25/04_10.wav"
"cekelj ni kaka","older brother’s wife","嫂嫂","https://ilrdc.tw/tow/2022/audio/word/25/04_11.wav"
"tarev","daughter-in-law","媳婦","https://ilrdc.tw/tow/2022/audio/word/25/04_12.wav"
"ku vuvu","grandchild","孫子/孫女","https://ilrdc.tw/tow/2022/audio/word/25/04_13.wav"
"marecekelj","husband and wife","夫妻","https://ilrdc.tw/tow/2022/audio/word/25/04_14.wav"
"cekelj","husband","丈夫","https://ilrdc.tw/tow/2022/audio/word/25/04_15.wav"
"pinatatarevan","in-law","姻親","https://ilrdc.tw/tow/2022/audio/word/25/04_16.wav"
"marengedrungedruq/marevetjevetjek","sibling","兄弟姊妹","https://ilrdc.tw/tow/2022/audio/word/25/04_17.wav"
"ti kaka","brother","兄長","https://ilrdc.tw/tow/2022/audio/word/25/04_18.wav"
"tia kaka","brother and sister","(哥哥們；姊姊們)通稱","https://ilrdc.tw/tow/2022/audio/word/25/04_19.wav"
"tjavulung a kaka a vavayan  ","older sister","姊姊","https://ilrdc.tw/tow/2022/audio/word/25/04_20.wav"
"tjavulung a kaka a uqaljay   ","older brother","哥哥","https://ilrdc.tw/tow/2022/audio/word/25/04_21.wav"
"ku   kaka","brother and sister","(弟弟；妹妹)通稱","https://ilrdc.tw/tow/2022/audio/word/25/04_22.wav"
"tjaljaljak a kaka a uqaljay ","younger brother","弟弟","https://ilrdc.tw/tow/2022/audio/word/25/04_23.wav"
"tjaljaljak a kaka a vavayan","younger sister","妹妹","https://ilrdc.tw/tow/2022/audio/word/25/04_24.wav"
"ti kama i……","uncle","(伯父；叔叔；舅舅)通稱","https://ilrdc.tw/tow/2022/audio/word/25/04_25.wav"
"ti kina i……","aunt","(伯母；嬸嬸；舅母)通稱  ","https://ilrdc.tw/tow/2022/audio/word/25/04_26.wav"
"ngadan","name","名字","https://ilrdc.tw/tow/2022/audio/word/25/05_01.wav"
"uqaljay","boy","男孩","https://ilrdc.tw/tow/2022/audio/word/25/05_02.wav"
"vavayan","girl","女孩","https://ilrdc.tw/tow/2022/audio/word/25/05_03.wav"
"qali","friend","朋友","https://ilrdc.tw/tow/2022/audio/word/25/05_04.wav"
"kakedrian ","child","孩童","https://ilrdc.tw/tow/2022/audio/word/25/05_05.wav"
" ramaljeng","elderly people","老人家","https://ilrdc.tw/tow/2022/audio/word/25/05_06.wav"
"vavayan","female","女性","https://ilrdc.tw/tow/2022/audio/word/25/05_07.wav"
"uqaljay","male","男性","https://ilrdc.tw/tow/2022/audio/word/25/05_08.wav"
"caucau ","people","人","https://ilrdc.tw/tow/2022/audio/word/25/05_09.wav"
"kisanpucemel","doctor","醫生","https://ilrdc.tw/tow/2022/audio/word/25/05_10.wav"
"rutulutulu","teacher","老師","https://ilrdc.tw/tow/2022/audio/word/25/05_11.wav"
"qalja","enemy","敵人","https://ilrdc.tw/tow/2022/audio/word/25/05_12.wav"
"kisasusuan","sir","長官","https://ilrdc.tw/tow/2022/audio/word/25/05_13.wav"
"gurucuki","hooliganism","流氓","https://ilrdc.tw/tow/2022/audio/word/25/05_14.wav"
"kisacu","police","警察","https://ilrdc.tw/tow/2022/audio/word/25/05_15.wav"
"pairairang","ethnic group (Taiwan), "plain tribes","平埔族","https://ilrdc.tw/tow/2022/audio/word/25/05_16.wav"
"kilang","Hakka people","客家人","https://ilrdc.tw/tow/2022/audio/word/25/05_17.wav"
"vuluvulung nua i kakituluan","principal","校長","https://ilrdc.tw/tow/2022/audio/word/25/05_18.wav"
"pairang","Min Nan (Taiwanese)","閩南人","https://ilrdc.tw/tow/2022/audio/word/25/05_19.wav"
"maqacuvucuvung","young people","青年","https://ilrdc.tw/tow/2022/audio/word/25/05_20.wav"
"susinhu","(spiritual) father","神父","https://ilrdc.tw/tow/2022/audio/word/25/05_21.wav"
"dudisang","sister","修女","https://ilrdc.tw/tow/2022/audio/word/25/05_22.wav"
"gaisiyuzing ","mainlander","外省人","https://ilrdc.tw/tow/2022/audio/word/25/05_23.wav"
"maqacuvucuvung","miss","小姐","https://ilrdc.tw/tow/2022/audio/word/25/05_24.wav"
"venecivecik","student","學生","https://ilrdc.tw/tow/2022/audio/word/25/05_25.wav"
"calinga","ear","耳朵","https://ilrdc.tw/tow/2022/audio/word/25/06_01.wav"
"djapalj ","thigh","大腿","https://ilrdc.tw/tow/2022/audio/word/25/06_02.wav"
"maca","eye","眼睛","https://ilrdc.tw/tow/2022/audio/word/25/06_03.wav"
"mudingan","face","臉","https://ilrdc.tw/tow/2022/audio/word/25/06_04.wav"
"angalj","mouth","嘴巴","https://ilrdc.tw/tow/2022/audio/word/25/06_05.wav"
"qulu","head","頭","https://ilrdc.tw/tow/2022/audio/word/25/06_06.wav"
"kaljuskusan","fingernail","指甲","https://ilrdc.tw/tow/2022/audio/word/25/06_07.wav"
"lima","hand","手","https://ilrdc.tw/tow/2022/audio/word/25/06_08.wav"
"kinacavacavan","body","身體","https://ilrdc.tw/tow/2022/audio/word/25/06_09.wav"
"ngudjus","nose","鼻子","https://ilrdc.tw/tow/2022/audio/word/25/06_10.wav"
"kula","foot","腳","https://ilrdc.tw/tow/2022/audio/word/25/06_11.wav"
"aljis","teeth","牙齒","https://ilrdc.tw/tow/2022/audio/word/25/06_12.wav"
"quvalj","hair","頭髮","https://ilrdc.tw/tow/2022/audio/word/25/06_13.wav"
"djamuq","blood","血","https://ilrdc.tw/tow/2022/audio/word/25/06_14.wav"
"vutjulj","meat","肉","https://ilrdc.tw/tow/2022/audio/word/25/06_15.wav"
"djaqis","forehead","額頭","https://ilrdc.tw/tow/2022/audio/word/25/06_16.wav"
"tjiyalj","belly","肚子","https://ilrdc.tw/tow/2022/audio/word/25/06_17.wav"
"tutu","breast","乳房","https://ilrdc.tw/tow/2022/audio/word/25/06_18.wav"
"vutevutan","calf","小腿肚","https://ilrdc.tw/tow/2022/audio/word/25/06_19.wav"
"qavan","shoulder","肩膀","https://ilrdc.tw/tow/2022/audio/word/25/06_20.wav"
"kaviz","chin","下巴","https://ilrdc.tw/tow/2022/audio/word/25/06_21.wav"
"calag","back","背部","https://ilrdc.tw/tow/2022/audio/word/25/06_22.wav"
"qaljic","skin","皮","https://ilrdc.tw/tow/2022/audio/word/25/06_23.wav"
"varung","thoracic cavity","胸腔","https://ilrdc.tw/tow/2022/audio/word/25/06_24.wav"
"qalici","male genitalia","男性生殖器","https://ilrdc.tw/tow/2022/audio/word/25/06_25.wav"
"kutji","female genitalia","女性生殖器","https://ilrdc.tw/tow/2022/audio/word/25/06_26.wav"
"va","lung","肺","https://ilrdc.tw/tow/2022/audio/word/25/06_27.wav"
"qavuvung","heart","心臟","https://ilrdc.tw/tow/2022/audio/word/25/06_28.wav"
"piku","elbow","手肘","https://ilrdc.tw/tow/2022/audio/word/25/06_29.wav"
"ngadjay","saliva","口水","https://ilrdc.tw/tow/2022/audio/word/25/06_30.wav"
"cengal","knee","膝蓋","https://ilrdc.tw/tow/2022/audio/word/25/06_31.wav"
"piqay","wound","傷口","https://ilrdc.tw/tow/2022/audio/word/25/06_32.wav"
"vicuka","stomach","胃","https://ilrdc.tw/tow/2022/audio/word/25/06_33.wav"
"qacay","liver","肝臟","https://ilrdc.tw/tow/2022/audio/word/25/06_34.wav"
" djilay","phlegm","痰","https://ilrdc.tw/tow/2022/audio/word/25/06_35.wav"
"madraqul","goiter","甲狀腺腫","https://ilrdc.tw/tow/2022/audio/word/25/06_36.wav"
"qalev","grease","油脂","https://ilrdc.tw/tow/2022/audio/word/25/06_37.wav"
"viduwat","rib","肋骨","https://ilrdc.tw/tow/2022/audio/word/25/06_38.wav"
"qapedu","gallbladder","膽囊","https://ilrdc.tw/tow/2022/audio/word/25/06_39.wav"
"vulungan","thumb","拇指","https://ilrdc.tw/tow/2022/audio/word/25/06_40.wav"
"tjagerang","throat","喉嚨","https://ilrdc.tw/tow/2022/audio/word/25/06_41.wav"
"sema","tongue","舌頭","https://ilrdc.tw/tow/2022/audio/word/25/06_42.wav"
"siyuc","waist","腰部","https://ilrdc.tw/tow/2022/audio/word/25/06_43.wav"
"caljudjuqan","finger","手指","https://ilrdc.tw/tow/2022/audio/word/25/06_44.wav"
"tidiv","front tooth","門牙","https://ilrdc.tw/tow/2022/audio/word/25/06_45.wav"
"zengezengan","sweat","汗水","https://ilrdc.tw/tow/2022/audio/word/25/06_46.wav"
"liqe","neck","脖子","https://ilrdc.tw/tow/2022/audio/word/25/06_47.wav"
"vengeq","nasal mucus","鼻涕","https://ilrdc.tw/tow/2022/audio/word/25/06_48.wav"
"puqupuqut / picaq / papiceqan / piceq","joint","關節","https://ilrdc.tw/tow/2022/audio/word/25/06_49.wav"
"kalavaan/maluyamuy","buttocks","臀部","https://ilrdc.tw/tow/2022/audio/word/25/06_50.wav"
" djekapan","the sole of the foot","腳掌","https://ilrdc.tw/tow/2022/audio/word/25/06_51.wav"
"drengelan","neck","頸子","https://ilrdc.tw/tow/2022/audio/word/25/06_52.wav"
"ljeqeljeqan","armpit","腋窩","https://ilrdc.tw/tow/2022/audio/word/25/06_53.wav"
"pudru","kidney","腎臟","https://ilrdc.tw/tow/2022/audio/word/25/06_54.wav"
"ljelet","lip","嘴唇","https://ilrdc.tw/tow/2022/audio/word/25/06_55.wav"
"sudip","fur","毛","https://ilrdc.tw/tow/2022/audio/word/25/06_56.wav"
"iku","tail","尾巴","https://ilrdc.tw/tow/2022/audio/word/25/07_01.wav"
"qacang","pig","豬","https://ilrdc.tw/tow/2022/audio/word/25/07_02.wav"
"vatu","dog","狗","https://ilrdc.tw/tow/2022/audio/word/25/07_03.wav"
"sizi ","sheep","羊","https://ilrdc.tw/tow/2022/audio/word/25/07_04.wav"
"ngiyav","cat","貓","https://ilrdc.tw/tow/2022/audio/word/25/07_05.wav"
"qayaqayam","bird","鳥","https://ilrdc.tw/tow/2022/audio/word/25/07_06.wav"
"ciqav","fish","魚","https://ilrdc.tw/tow/2022/audio/word/25/07_07.wav"
"kuka","chicken","雞","https://ilrdc.tw/tow/2022/audio/word/25/07_08.wav"
"ljavingan / drail / zinazav / qadadavan","monkey","猴子","https://ilrdc.tw/tow/2022/audio/word/25/07_09.wav"
"gung / ljuwang","cattle","牛","https://ilrdc.tw/tow/2022/audio/word/25/07_10.wav"
"bisangay","mice (collectively)","老鼠(統稱)","https://ilrdc.tw/tow/2022/audio/word/25/07_11.wav"
"kiyav","frog","青蛙","https://ilrdc.tw/tow/2022/audio/word/25/07_12.wav"
"ljequ","owl","貓頭鷹","https://ilrdc.tw/tow/2022/audio/word/25/07_13.wav"
"qam","pangolin (manis pentadactylata)","穿山甲","https://ilrdc.tw/tow/2022/audio/word/25/07_14.wav"
"vavuy","boar","山豬","https://ilrdc.tw/tow/2022/audio/word/25/07_15.wav"
"tjukur","feral pigeon","野鴿子","https://ilrdc.tw/tow/2022/audio/word/25/07_16.wav"
"qatjuvitjuvi","insect (collectively)","蟲(統稱)","https://ilrdc.tw/tow/2022/audio/word/25/07_17.wav"
"cacukcukan / paljangpang","turtle","烏龜","https://ilrdc.tw/tow/2022/audio/word/25/07_18.wav"
"qatjuvi","snake","蛇","https://ilrdc.tw/tow/2022/audio/word/25/07_19.wav"
"lava","flying squirrel","飛鼠","https://ilrdc.tw/tow/2022/audio/word/25/07_20.wav"
"likuljav","leopard","豹","https://ilrdc.tw/tow/2022/audio/word/25/07_21.wav"
"venan","sambar (cervus eldii)","水鹿","https://ilrdc.tw/tow/2022/audio/word/25/07_22.wav"
"cumay","bear","熊","https://ilrdc.tw/tow/2022/audio/word/25/07_23.wav"
"takec","muntiacus reevesi","山羌","https://ilrdc.tw/tow/2022/audio/word/25/07_24.wav"
"qauzung","cockroach","蟑螂","https://ilrdc.tw/tow/2022/audio/word/25/07_25.wav"
"quljicacenglav","dragonfly","蜻蜓","https://ilrdc.tw/tow/2022/audio/word/25/07_26.wav"
"kaziyazi / kadriyadri / kalabiyabi","butterfly","蝴蝶","https://ilrdc.tw/tow/2022/audio/word/25/07_27.wav"
"kumakuma","spider","蜘蛛","https://ilrdc.tw/tow/2022/audio/word/25/07_28.wav"
"qalici","male reproductive organs","雄性動物生殖器官","https://ilrdc.tw/tow/2022/audio/word/25/07_29.wav"
"kevutj / butj / vutj","squirrel","松鼠","https://ilrdc.tw/tow/2022/audio/word/25/07_30.wav"
"bisangay ","vole","田鼠","https://ilrdc.tw/tow/2022/audio/word/25/07_31.wav"
"salapeljan / kengkeng / sulapeljan / cacarag","mosquitoe","蚊子","https://ilrdc.tw/tow/2022/audio/word/25/07_32.wav"
"kucu","head louse","頭蝨","https://ilrdc.tw/tow/2022/audio/word/25/07_33.wav"
"lalangav","fly","蒼蠅","https://ilrdc.tw/tow/2022/audio/word/25/07_34.wav"
"tjaynan","honeybee","蜜蜂","https://ilrdc.tw/tow/2022/audio/word/25/07_35.wav"
"uqaljay","male (animal)","雄性(動物)","https://ilrdc.tw/tow/2022/audio/word/25/07_36.wav"
"dridri","suckling pig","乳豬","https://ilrdc.tw/tow/2022/audio/word/25/07_37.wav"
"bibi","duck","鴨","https://ilrdc.tw/tow/2022/audio/word/25/07_38.wav"
"qatjudray","earthworm","蚯蚓","https://ilrdc.tw/tow/2022/audio/word/25/07_39.wav"
"sivangvang / vangvang / sileduwan","animal giblets","動物的內臟","https://ilrdc.tw/tow/2022/audio/word/25/07_40.wav"
"valjutjuljutju","wasp","土蜂","https://ilrdc.tw/tow/2022/audio/word/25/07_41.wav"
"quzang","shrimp","蝦","https://ilrdc.tw/tow/2022/audio/word/25/07_42.wav"
"zu","elephant","大象","https://ilrdc.tw/tow/2022/audio/word/25/07_43.wav"
"unma","horse","馬","https://ilrdc.tw/tow/2022/audio/word/25/07_44.wav"
"vavayan","female (animal)","雌性(動物)","https://ilrdc.tw/tow/2022/audio/word/25/07_45.wav"
"gang","crab","螃蟹","https://ilrdc.tw/tow/2022/audio/word/25/07_46.wav"
"sadjesadj / viyar / sadesad","cicada","蟬","https://ilrdc.tw/tow/2022/audio/word/25/07_47.wav"
"vulung","hundred-pace snake","百步蛇","https://ilrdc.tw/tow/2022/audio/word/25/07_48.wav"
"valjanga","wing","翅膀","https://ilrdc.tw/tow/2022/audio/word/25/07_49.wav"
"qaqaljic / qaqudruy","bat","蝙蝠","https://ilrdc.tw/tow/2022/audio/word/25/07_50.wav"
"kacikacing / cirat / ngaci","snail","蝸牛","https://ilrdc.tw/tow/2022/audio/word/25/07_51.wav"
"kelilj","sparrow","麻雀","https://ilrdc.tw/tow/2022/audio/word/25/07_52.wav"
"kacumacumay","stag beetle","鍬形蟲","https://ilrdc.tw/tow/2022/audio/word/25/07_53.wav"
"tjakanga / kalakalav","eagle","老鷹","https://ilrdc.tw/tow/2022/audio/word/25/07_54.wav"
"sasiq","ant","螞蟻","https://ilrdc.tw/tow/2022/audio/word/25/07_55.wav"
"kunga","goose","鵝","https://ilrdc.tw/tow/2022/audio/word/25/07_56.wav"
"vuvuan","nest","窩巢","https://ilrdc.tw/tow/2022/audio/word/25/07_58.wav"
"tjudriyulj","hornet","虎頭蜂","https://ilrdc.tw/tow/2022/audio/word/25/07_59.wav"
" qatjimtjim","flea","跳蚤","https://ilrdc.tw/tow/2022/audio/word/25/07_60.wav"
"benaqepaqer a zepung","cobra","眼鏡蛇","https://ilrdc.tw/tow/2022/audio/word/25/07_61.wav"
"qaqa ","crow","烏鴉","https://ilrdc.tw/tow/2022/audio/word/25/07_62.wav"
"kuku","puppy","幼犬","https://ilrdc.tw/tow/2022/audio/word/25/07_63.wav"
"taqung","horn","(動物的)角","https://ilrdc.tw/tow/2022/audio/word/25/07_64.wav"
"tjivungu","grasshopper","蚱蜢","https://ilrdc.tw/tow/2022/audio/word/25/07_65.wav"
"veljevelj","banana","香蕉","https://ilrdc.tw/tow/2022/audio/word/25/08_01.wav"
"paday","paddy","稻穀","https://ilrdc.tw/tow/2022/audio/word/25/08_02.wav"
"kasiv","tree","樹","https://ilrdc.tw/tow/2022/audio/word/25/08_03.wav"
"vasa","taro","芋頭","https://ilrdc.tw/tow/2022/audio/word/25/08_04.wav"
"tjevus","sugar cane","甘蔗","https://ilrdc.tw/tow/2022/audio/word/25/08_05.wav"
"asav","leaf","葉子","https://ilrdc.tw/tow/2022/audio/word/25/08_06.wav"
"vurati","sweet potato","甘藷","https://ilrdc.tw/tow/2022/audio/word/25/08_07.wav"
"tjiyanes","tangerine","橘子","https://ilrdc.tw/tow/2022/audio/word/25/08_08.wav"
"vuciyar","flower","花朵","https://ilrdc.tw/tow/2022/audio/word/25/08_09.wav"
"tjingkuy/siyak","pumpkin","南瓜","https://ilrdc.tw/tow/2022/audio/word/25/08_10.wav"
"cemecemel","weed","雜草","https://ilrdc.tw/tow/2022/audio/word/25/08_11.wav"
"puday","corn","玉米","https://ilrdc.tw/tow/2022/audio/word/25/08_12.wav"
"saviki","betel nut","檳榔","https://ilrdc.tw/tow/2022/audio/word/25/08_13.wav"
"qau","bamboo","竹子","https://ilrdc.tw/tow/2022/audio/word/25/08_14.wav"
"ricing","branch","樹枝","https://ilrdc.tw/tow/2022/audio/word/25/08_15.wav"
"vangalj","fruit","(植物的)果實","https://ilrdc.tw/tow/2022/audio/word/25/08_16.wav"
"cuvuq","bamboo shoot","竹筍","https://ilrdc.tw/tow/2022/audio/word/25/08_17.wav"
"ngilngil ","edible mushroom","香菇","https://ilrdc.tw/tow/2022/audio/word/25/08_18.wav"
"pangudral","pineapple","鳳梨","https://ilrdc.tw/tow/2022/audio/word/25/08_19.wav"
"cemel","grass","草","https://ilrdc.tw/tow/2022/audio/word/25/08_20.wav"
"vaudj","rattan","藤蔓類","https://ilrdc.tw/tow/2022/audio/word/25/08_21.wav"
"qudis / kudjis / mumu","peach","桃子","https://ilrdc.tw/tow/2022/audio/word/25/08_22.wav"
"nasi","plum","李子","https://ilrdc.tw/tow/2022/audio/word/25/08_23.wav"
"kudamunu","fruit","水果","https://ilrdc.tw/tow/2022/audio/word/25/08_24.wav"
" qapulu","treetop","樹頭","https://ilrdc.tw/tow/2022/audio/word/25/08_25.wav"
"djarunuq","agaric","木耳","https://ilrdc.tw/tow/2022/audio/word/25/08_26.wav"
"tjamunimuni","tomatoe","蕃茄","https://ilrdc.tw/tow/2022/audio/word/25/08_27.wav"
"kapaz","root","樹根","https://ilrdc.tw/tow/2022/audio/word/25/08_28.wav"
" qungalj","wild lily","野百合","https://ilrdc.tw/tow/2022/audio/word/25/08_29.wav"
"qainguway","giant elephant's ear","姑婆芋","https://ilrdc.tw/tow/2022/audio/word/25/08_30.wav"
"vuwas","cucumber","胡瓜","https://ilrdc.tw/tow/2022/audio/word/25/08_31.wav"
"lukuc","bird-nest fern","山蘇","https://ilrdc.tw/tow/2022/audio/word/25/08_32.wav"
"daikung / caitav","carrot","胡蘿蔔","https://ilrdc.tw/tow/2022/audio/word/25/08_33.wav"
"qarizang","yard-long bean","長豆","https://ilrdc.tw/tow/2022/audio/word/25/08_35.wav"
"azukizuki","green bean","綠豆","https://ilrdc.tw/tow/2022/audio/word/25/08_36.wav"
"ljumay","wheat","麥","https://ilrdc.tw/tow/2022/audio/word/25/08_37.wav"
"kucay","green onion","蔥/韭菜","https://ilrdc.tw/tow/2022/audio/word/25/08_38.wav"
"cuvuq","bean sprout","豆芽","https://ilrdc.tw/tow/2022/audio/word/25/08_39.wav"
"qameri","passion fruit","百香果","https://ilrdc.tw/tow/2022/audio/word/25/08_40.wav"
"qaqilj","yam","山藥","https://ilrdc.tw/tow/2022/audio/word/25/08_41.wav"
"taleng","cypress","檜木","https://ilrdc.tw/tow/2022/audio/word/25/08_42.wav"
"vunavun","seedling","幼苗","https://ilrdc.tw/tow/2022/audio/word/25/08_43.wav"
"tjaljayan","seed","種子","https://ilrdc.tw/tow/2022/audio/word/25/08_44.wav"
"tjavuvuk","wild strawberry","野草莓","https://ilrdc.tw/tow/2022/audio/word/25/08_45.wav"
"umi","plum","梅子","https://ilrdc.tw/tow/2022/audio/word/25/08_46.wav"
"mukav / maung","vegetable fern","過貓","https://ilrdc.tw/tow/2022/audio/word/25/08_47.wav"
"djuis","Taiwan cherry","山櫻花","https://ilrdc.tw/tow/2022/audio/word/25/08_48.wav"
"ljaidjur","stinging nettle","咬人貓","https://ilrdc.tw/tow/2022/audio/word/25/08_49.wav"
"puk","pigeon pea","樹豆","https://ilrdc.tw/tow/2022/audio/word/25/08_51.wav"
"kamurav","grapefruit","柚子","https://ilrdc.tw/tow/2022/audio/word/25/08_52.wav"
"tjamaku","tobacco","菸草","https://ilrdc.tw/tow/2022/audio/word/25/08_53.wav"
"silji","pepper (generic term)","辣椒(通稱)","https://ilrdc.tw/tow/2022/audio/word/25/08_54.wav"
"tjaljupasay","cotton","棉花","https://ilrdc.tw/tow/2022/audio/word/25/08_55.wav"
" vurati ","sweet potato","地瓜","https://ilrdc.tw/tow/2022/audio/word/25/08_56.wav"
"navatj / ljavatj / vanatj","guava","番石榴","https://ilrdc.tw/tow/2022/audio/word/25/08_57.wav"
"laqulj","book","書","https://ilrdc.tw/tow/2022/audio/word/25/09_01.wav"
"paisu / valjitjuq","money","錢","https://ilrdc.tw/tow/2022/audio/word/25/09_02.wav"
"buru  / mari","ball","球","https://ilrdc.tw/tow/2022/audio/word/25/09_03.wav"
"cekuy","table","桌子","https://ilrdc.tw/tow/2022/audio/word/25/09_04.wav"
"ljingas","telephone","電話","https://ilrdc.tw/tow/2022/audio/word/25/09_05.wav"
" inpic","pen","筆","https://ilrdc.tw/tow/2022/audio/word/25/09_06.wav"
"qiladjang","chair","椅子","https://ilrdc.tw/tow/2022/audio/word/25/09_07.wav"
"cemel","medicine","藥物","https://ilrdc.tw/tow/2022/audio/word/25/09_08.wav"
"tinnau","computer","電腦","https://ilrdc.tw/tow/2022/audio/word/25/09_09.wav"
"kausua / ljaung","umbrella","雨傘","https://ilrdc.tw/tow/2022/audio/word/25/09_10.wav"
"tuki","watch","手錶","https://ilrdc.tw/tow/2022/audio/word/25/09_11.wav"
"tuki","clocks and watches","鐘錶","https://ilrdc.tw/tow/2022/audio/word/25/09_12.wav"
"kalavis ","hook","鉤子","https://ilrdc.tw/tow/2022/audio/word/25/09_13.wav"
"kala / alay / kalaulay","fine line","細線","https://ilrdc.tw/tow/2022/audio/word/25/09_14.wav"
"calis","rope","繩索","https://ilrdc.tw/tow/2022/audio/word/25/09_15.wav"
"djaum","needle","針","https://ilrdc.tw/tow/2022/audio/word/25/09_16.wav"
"qaselu","wooden pestle","木杵","https://ilrdc.tw/tow/2022/audio/word/25/09_17.wav"
"ricing","twig"," 枝條","https://ilrdc.tw/tow/2022/audio/word/25/09_18.wav"
"sara / vitay","sieve","篩子","https://ilrdc.tw/tow/2022/audio/word/25/09_19.wav"
"siqunu","knife","小刀","https://ilrdc.tw/tow/2022/audio/word/25/09_20.wav"
"varukur","ship","船隻","https://ilrdc.tw/tow/2022/audio/word/25/09_21.wav"
"qecap / kaciyan","scissor","剪刀","https://ilrdc.tw/tow/2022/audio/word/25/09_22.wav"
"qidung","charcoal","木炭","https://ilrdc.tw/tow/2022/audio/word/25/09_23.wav"
"kuwatang","bucket","水桶","https://ilrdc.tw/tow/2022/audio/word/25/09_24.wav"
"sipanadinadip","fishing rod","釣竿","https://ilrdc.tw/tow/2022/audio/word/25/09_25.wav"
"tjuljung","bamboo tube","竹筒","https://ilrdc.tw/tow/2022/audio/word/25/09_26.wav"
"dingki","light","電燈","https://ilrdc.tw/tow/2022/audio/word/25/09_27.wav"
"caqev","lid","蓋子","https://ilrdc.tw/tow/2022/audio/word/25/09_28.wav"
"siceljiceljis","spatula","(竹製的)刮麻具","https://ilrdc.tw/tow/2022/audio/word/25/09_29.wav"
"kungay / ngelec","filth","污垢","https://ilrdc.tw/tow/2022/audio/word/25/09_30.wav"
"valanga","wooden mortar","木臼","https://ilrdc.tw/tow/2022/audio/word/25/09_31.wav"
"sicauvan","quilt","棉被","https://ilrdc.tw/tow/2022/audio/word/25/09_32.wav"
"kisi","bowl","碗","https://ilrdc.tw/tow/2022/audio/word/25/09_33.wav"
"ami / bangtjay","net","網子","https://ilrdc.tw/tow/2022/audio/word/25/09_34.wav"
"sangpulu / cangpulu","rice cooker","飯鍋","https://ilrdc.tw/tow/2022/audio/word/25/09_35.wav"
"ridraridr","saw","鋸子","https://ilrdc.tw/tow/2022/audio/word/25/09_36.wav"
"laqulj / qadupu","paper","紙張","https://ilrdc.tw/tow/2022/audio/word/25/09_37.wav"
"kupu","cup","杯子","https://ilrdc.tw/tow/2022/audio/word/25/09_38.wav"
"sipanadinadip","fishing tackle","釣具","https://ilrdc.tw/tow/2022/audio/word/25/09_39.wav"
"lubuk","bag","袋子","https://ilrdc.tw/tow/2022/audio/word/25/09_40.wav"
"siciyaciyan / siseresereser","turner","鍋鏟","https://ilrdc.tw/tow/2022/audio/word/25/09_41.wav"
"valjes","axe","斧頭","https://ilrdc.tw/tow/2022/audio/word/25/09_42.wav"
"siqecaqecap / sigecegecel","tong","夾子","https://ilrdc.tw/tow/2022/audio/word/25/09_43.wav"
"qerengan","bedding","床舖","https://ilrdc.tw/tow/2022/audio/word/25/09_44.wav"
"singilj","stalk","梗","https://ilrdc.tw/tow/2022/audio/word/25/09_45.wav"
"qailjungan","mirror","鏡子","https://ilrdc.tw/tow/2022/audio/word/25/09_46.wav"
"turivecan","tool","工具","https://ilrdc.tw/tow/2022/audio/word/25/09_47.wav"
"pariyuk","wok","弧形(底)鍋","https://ilrdc.tw/tow/2022/audio/word/25/09_48.wav"
"qavu","charcoal ash","炭灰","https://ilrdc.tw/tow/2022/audio/word/25/09_49.wav"
"kindraljum / kadralju","bottle","瓶子","https://ilrdc.tw/tow/2022/audio/word/25/09_50.wav"
"kizing","spoon","湯匙","https://ilrdc.tw/tow/2022/audio/word/25/09_51.wav"
"piyaq / usara","dish","菜盤","https://ilrdc.tw/tow/2022/audio/word/25/09_52.wav"
"sasing","photograph","相片","https://ilrdc.tw/tow/2022/audio/word/25/09_53.wav"
"sapung / caku","soap","肥皂","https://ilrdc.tw/tow/2022/audio/word/25/09_54.wav"
"sara","filter net","濾酒渣網","https://ilrdc.tw/tow/2022/audio/word/25/09_55.wav"
"garuc","comb","梳子","https://ilrdc.tw/tow/2022/audio/word/25/09_56.wav"
"siyalja","sling","揹帶","https://ilrdc.tw/tow/2022/audio/word/25/09_57.wav"
"sipaizan","fan","扇子","https://ilrdc.tw/tow/2022/audio/word/25/09_58.wav"
"kericing","stockpot","湯鍋","https://ilrdc.tw/tow/2022/audio/word/25/09_59.wav"
"zuyu","water ladle (for scooping water up)","水瓢(舀水用)","https://ilrdc.tw/tow/2022/audio/word/25/09_60.wav"
"kakuriyan","refrigerator","電冰箱","https://ilrdc.tw/tow/2022/audio/word/25/09_61.wav"
"tilibi","television","電視","https://ilrdc.tw/tow/2022/audio/word/25/09_62.wav"
"laljing","pipe","水管","https://ilrdc.tw/tow/2022/audio/word/25/09_63.wav"
"sangel","pillow","枕頭","https://ilrdc.tw/tow/2022/audio/word/25/09_64.wav"
"tjuqetjuq","hammer","鐵鎚","https://ilrdc.tw/tow/2022/audio/word/25/09_65.wav"
"pacegeceg / kezekez","Iron nail","鐵釘","https://ilrdc.tw/tow/2022/audio/word/25/09_66.wav"
"cingas","the thing stuck between the teeth","卡在牙縫之物","https://ilrdc.tw/tow/2022/audio/word/25/09_67.wav"
"hutju / siyutju / pakupaku","cleaver","菜刀","https://ilrdc.tw/tow/2022/audio/word/25/09_68.wav"
"ami / aray","fishing net","魚網","https://ilrdc.tw/tow/2022/audio/word/25/09_69.wav"
"siquliqulip","eraser","橡皮擦","https://ilrdc.tw/tow/2022/audio/word/25/09_70.wav"
"purur / kadray / rumuk / kadrangu","basket","簍子","https://ilrdc.tw/tow/2022/audio/word/25/09_71.wav"
"djalan","road","道路","https://ilrdc.tw/tow/2022/audio/word/25/10_01.wav"
"kasikasiven","wooded mountain","山林","https://ilrdc.tw/tow/2022/audio/word/25/10_02.wav"
"veljeluan","creek","小溪","https://ilrdc.tw/tow/2022/audio/word/25/10_03.wav"
"vali","wind","風","https://ilrdc.tw/tow/2022/audio/word/25/10_04.wav"
"vudas","sand","沙子","https://ilrdc.tw/tow/2022/audio/word/25/10_05.wav"
"qipu","soil","泥土","https://ilrdc.tw/tow/2022/audio/word/25/10_06.wav"
"pana","stream","河流","https://ilrdc.tw/tow/2022/audio/word/25/10_07.wav"
"namavacalj","lake","湖泊","https://ilrdc.tw/tow/2022/audio/word/25/10_08.wav"
"vukid","forest","森林","https://ilrdc.tw/tow/2022/audio/word/25/10_09.wav"
"ngasa / magac","crevice","縫隙","https://ilrdc.tw/tow/2022/audio/word/25/10_10.wav"
"lala","cave","洞穴","https://ilrdc.tw/tow/2022/audio/word/25/10_11.wav"
"ljinaveljavan","at the foot of the mountain","山腳下","https://ilrdc.tw/tow/2022/audio/word/25/10_12.wav"
"djinumulj","mound","土堆","https://ilrdc.tw/tow/2022/audio/word/25/10_13.wav"
"ljiljiv","cavern","岩洞","https://ilrdc.tw/tow/2022/audio/word/25/10_14.wav"
"cemecemel","grassland","草原","https://ilrdc.tw/tow/2022/audio/word/25/10_15.wav"
"namincelaq a kadjunangan","canyon","峽谷","https://ilrdc.tw/tow/2022/audio/word/25/10_17.wav"
"ljiv","cave","山洞","https://ilrdc.tw/tow/2022/audio/word/25/10_18.wav"
"djeljeqi","rock","岩石","https://ilrdc.tw/tow/2022/audio/word/25/10_19.wav"
"taljitiv","cascade","瀑布","https://ilrdc.tw/tow/2022/audio/word/25/10_20.wav"
"gadugadu","independent hill","獨立的小山頭","https://ilrdc.tw/tow/2022/audio/word/25/10_21.wav"
"vuguvug","lofty mountains and steep hills","崇山峻嶺","https://ilrdc.tw/tow/2022/audio/word/25/10_22.wav"
"qemudjalj","rainy","下雨","https://ilrdc.tw/tow/2022/audio/word/25/11_01.wav"
"qadav","sun","太陽","https://ilrdc.tw/tow/2022/audio/word/25/11_02.wav"
"qiljas","moon","月亮","https://ilrdc.tw/tow/2022/audio/word/25/11_03.wav"
"kalevelevan","sky","天空","https://ilrdc.tw/tow/2022/audio/word/25/11_04.wav"
"vitjuqan","star","星星","https://ilrdc.tw/tow/2022/audio/word/25/11_05.wav"
"qudjalj","rain","雨","https://ilrdc.tw/tow/2022/audio/word/25/11_06.wav"
"sulja","snow","雪","https://ilrdc.tw/tow/2022/audio/word/25/11_07.wav"
"kaljavuceleljang / kaljaljaljeqelan","winter","冬天","https://ilrdc.tw/tow/2022/audio/word/25/11_08.wav"
"kaljazalangzangan","summer","夏天","https://ilrdc.tw/tow/2022/audio/word/25/11_09.wav"
"zung","thunder","雷","https://ilrdc.tw/tow/2022/audio/word/25/11_10.wav"
"ljadjek","dew","露水","https://ilrdc.tw/tow/2022/audio/word/25/11_11.wav"
"qerepus","cloud","雲","https://ilrdc.tw/tow/2022/audio/word/25/11_12.wav"
"cevulj","smoke","煙","https://ilrdc.tw/tow/2022/audio/word/25/11_13.wav"
"ladjap","lightning","閃電","https://ilrdc.tw/tow/2022/audio/word/25/11_14.wav"
"qaqumain","dry land","旱田","https://ilrdc.tw/tow/2022/audio/word/25/11_15.wav"
"veljelem","cloudy day","陰天","https://ilrdc.tw/tow/2022/audio/word/25/11_16.wav"
"sapuy","fire","火","https://ilrdc.tw/tow/2022/audio/word/25/11_17.wav"
"kuri / kiyaping","ice","冰","https://ilrdc.tw/tow/2022/audio/word/25/11_18.wav"
"lemuni","earthquake","地震","https://ilrdc.tw/tow/2022/audio/word/25/11_19.wav"
"kakakaka","shadow","影子","https://ilrdc.tw/tow/2022/audio/word/25/11_20.wav"
"vali","typhoon","颱風","https://ilrdc.tw/tow/2022/audio/word/25/11_21.wav"
"sulja","frost","霜","https://ilrdc.tw/tow/2022/audio/word/25/11_22.wav"
"tezak / tjezak / temiditidiv","drip","水滴","https://ilrdc.tw/tow/2022/audio/word/25/11_23.wav"
"tjemeljev","flood","水患","https://ilrdc.tw/tow/2022/audio/word/25/11_24.wav"
"kaljavevean","spring","春天","https://ilrdc.tw/tow/2022/audio/word/25/11_25.wav"
"ljemavekan","seaside","海邊","https://ilrdc.tw/tow/2022/audio/word/25/11_26.wav"
"kaljauragan","autumn","秋天","https://ilrdc.tw/tow/2022/audio/word/25/11_27.wav"
"quljivangrav","rainbow","彩虹","https://ilrdc.tw/tow/2022/audio/word/25/11_28.wav"
"maljeveljev a qadav","sunset","日落","https://ilrdc.tw/tow/2022/audio/word/25/11_29.wav"
"masulem","dusk","天黑","https://ilrdc.tw/tow/2022/audio/word/25/11_30.wav"
"meljay","stop raining","雨停","https://ilrdc.tw/tow/2022/audio/word/25/11_31.wav"
"venalivali","typhoon.","刮颱風","https://ilrdc.tw/tow/2022/audio/word/25/11_32.wav"
"cemedas","sunrise","日出","https://ilrdc.tw/tow/2022/audio/word/25/11_33.wav"
"umaq","home","家","https://ilrdc.tw/tow/2022/audio/word/25/12_01.wav"
"qezung","window","窗戶","https://ilrdc.tw/tow/2022/audio/word/25/12_02.wav"
"paljing","door","門","https://ilrdc.tw/tow/2022/audio/word/25/12_03.wav"
"gakku / kakituluan","school","學校","https://ilrdc.tw/tow/2022/audio/word/25/12_04.wav"
"qaciljay","stone","石頭","https://ilrdc.tw/tow/2022/audio/word/25/12_05.wav"
"qaljiv","roof","屋頂","https://ilrdc.tw/tow/2022/audio/word/25/12_06.wav"
"tjekeza / tadalj","bridge","橋樑","https://ilrdc.tw/tow/2022/audio/word/25/12_07.wav"
"tapav","shack","工寮","https://ilrdc.tw/tow/2022/audio/word/25/12_08.wav"
"puqacangan / kaya","toilet","廁所","https://ilrdc.tw/tow/2022/audio/word/25/12_09.wav"
"qeluz","pillar","柱子","https://ilrdc.tw/tow/2022/audio/word/25/12_10.wav"
"linudruludr / namapaculuculu","rock pile","石堆","https://ilrdc.tw/tow/2022/audio/word/25/12_11.wav"
"pukukan","chicken coop","雞寮","https://ilrdc.tw/tow/2022/audio/word/25/12_12.wav"
"tjaljetjalj","stair","樓梯","https://ilrdc.tw/tow/2022/audio/word/25/12_13.wav"
"kacasavan","courtyard","庭院","https://ilrdc.tw/tow/2022/audio/word/25/12_14.wav"
"djeljep","wall","牆壁","https://ilrdc.tw/tow/2022/audio/word/25/12_15.wav"
"kubav / salang","barn","穀倉","https://ilrdc.tw/tow/2022/audio/word/25/12_16.wav"
"qemaljiv","roofing","蓋屋頂","https://ilrdc.tw/tow/2022/audio/word/25/12_17.wav"
"lemivek / qemapaz","building a fence","搭建圍籬","https://ilrdc.tw/tow/2022/audio/word/25/12_18.wav"
"qeljuqeljuan","backyard","後院","https://ilrdc.tw/tow/2022/audio/word/25/12_19.wav"
"nuicavilj","next year","明年","https://ilrdc.tw/tow/2022/audio/word/25/13_01.wav"
"qezemezemetj","evening","晚上","https://ilrdc.tw/tow/2022/audio/word/25/13_02.wav"
"katiyav/sitiyavan","yesterday","昨天","https://ilrdc.tw/tow/2022/audio/word/25/13_03.wav"
"nutiyav","tomorrow","明天","https://ilrdc.tw/tow/2022/audio/word/25/13_04.wav"
"tucu a vuaq","today","今天","https://ilrdc.tw/tow/2022/audio/word/25/13_05.wav"
"kadjamadjaman","morning","早上","https://ilrdc.tw/tow/2022/audio/word/25/13_06.wav"
"maqadadav","daytime","白天","https://ilrdc.tw/tow/2022/audio/word/25/13_07.wav"
"sikatjeluwan","day before yesterday","前天","https://ilrdc.tw/tow/2022/audio/word/25/13_08.wav"
"tjaukaljiya","early morning","清晨","https://ilrdc.tw/tow/2022/audio/word/25/13_09.wav"
"namiseleman","darkness","黑暗","https://ilrdc.tw/tow/2022/audio/word/25/13_10.wav"
"masulesulem","toward evening","傍晚","https://ilrdc.tw/tow/2022/audio/word/25/13_11.wav"
"sipatatavelavelak","continue","接續","https://ilrdc.tw/tow/2022/audio/word/25/13_12.wav"
"vecekatan a vengin","midnight","半夜","https://ilrdc.tw/tow/2022/audio/word/25/13_13.wav"
"tuazua ","at that time","當時","https://ilrdc.tw/tow/2022/audio/word/25/13_14.wav"
"kasikasepatjan a qadav","three days ago","大前天","https://ilrdc.tw/tow/2022/audio/word/25/13_15.wav"
"nu sauni","in a minute","待會兒","https://ilrdc.tw/tow/2022/audio/word/25/13_16.wav"
"nu sikasepatj a qadavan","three days later","大後天","https://ilrdc.tw/tow/2022/audio/word/25/13_17.wav"
"teljar","gleam","亮光","https://ilrdc.tw/tow/2022/audio/word/25/13_18.wav"
"nu sikatjelu","the day after tomorrow","後天","https://ilrdc.tw/tow/2022/audio/word/25/13_19.wav"
"nu kadjamadjaman","morning","上午","https://ilrdc.tw/tow/2022/audio/word/25/13_20.wav"
"nu tjaivililj","future","未來","https://ilrdc.tw/tow/2022/audio/word/25/13_21.wav"
"vengin","night","夜","https://ilrdc.tw/tow/2022/audio/word/25/13_22.wav"
"kamaqacuvucuvunganan","at an early age","年輕時","https://ilrdc.tw/tow/2022/audio/word/25/13_23.wav"
"palamu","in a short while","一下子","https://ilrdc.tw/tow/2022/audio/word/25/13_24.wav"
"masukincengelj","afternoon"," 下午","https://ilrdc.tw/tow/2022/audio/word/25/13_25.wav"
"makudakudanga a qadav","o’clock","(幾)點鐘","https://ilrdc.tw/tow/2022/audio/word/25/13_26.wav"
"sipulavalavay","sunday","星期日","https://ilrdc.tw/tow/2022/audio/word/25/13_27.wav"
"cavilj","year","年","https://ilrdc.tw/tow/2022/audio/word/25/13_28.wav"
"ljemita tu qadav/ djemedje","everyday","天天","https://ilrdc.tw/tow/2022/audio/word/25/13_29.wav"
"tucu","now"," 現在","https://ilrdc.tw/tow/2022/audio/word/25/13_30.wav"
"pinualjakan","birthday","生日","https://ilrdc.tw/tow/2022/audio/word/25/13_31.wav"
"i taladj","inside","裡面","https://ilrdc.tw/tow/2022/audio/word/25/14_01.wav"
"i yainuinuan","somewhere","在某處","https://ilrdc.tw/tow/2022/audio/word/25/14_02.wav"
"i vavav","above","上面","https://ilrdc.tw/tow/2022/audio/word/25/14_03.wav"
"tjaiqayav / tjaisangas","front","前面","https://ilrdc.tw/tow/2022/audio/word/25/14_04.wav"
"tjaiteku","below","下面","https://ilrdc.tw/tow/2022/audio/word/25/14_05.wav"
"i vecekadan","middle","中間","https://ilrdc.tw/tow/2022/audio/word/25/14_06.wav"
"i casav","outside","外面","https://ilrdc.tw/tow/2022/audio/word/25/14_07.wav"
"i paqadaqada / i ljaqediqedi","side","旁邊","https://ilrdc.tw/tow/2022/audio/word/25/14_08.wav"
"quljimamuduan","top","頂","https://ilrdc.tw/tow/2022/audio/word/25/14_09.wav"
"tjai kanavalj","the right side","右邊","https://ilrdc.tw/tow/2022/audio/word/25/14_10.wav"
"tjai kaviri","the left side","左邊","https://ilrdc.tw/tow/2022/audio/word/25/14_11.wav"
"i putuputung","nook","角落","https://ilrdc.tw/tow/2022/audio/word/25/14_12.wav"
"patekuteku","beneath something","  某物之下","https://ilrdc.tw/tow/2022/audio/word/25/14_13.wav"
"cemalivat / seqaliyus","pass","經過","https://ilrdc.tw/tow/2022/audio/word/25/14_14.wav"
"kemasi...","(from somewhere) to somewhere","(從某處)到某處","https://ilrdc.tw/tow/2022/audio/word/25/14_15.wav"
"masinu...","from somewhere","從某處","https://ilrdc.tw/tow/2022/audio/word/25/14_16.wav"
"kemudra / gemuacuy","hoeing","鋤草","https://ilrdc.tw/tow/2022/audio/word/25/15_01.wav"
"lemadi","plowing","犁田","https://ilrdc.tw/tow/2022/audio/word/25/15_02.wav"
"tjemugut / venusam","sowing","播種","https://ilrdc.tw/tow/2022/audio/word/25/15_03.wav"
"temalem","seedling (action)","種苗(動作)","https://ilrdc.tw/tow/2022/audio/word/25/15_04.wav"
"capan","grain drying box","穀物乾燥簍","https://ilrdc.tw/tow/2022/audio/word/25/15_05.wav"
"siladiladi / tjavavua","rake","犁","https://ilrdc.tw/tow/2022/audio/word/25/15_06.wav"
"drukudrukung","scythe","鐮刀","https://ilrdc.tw/tow/2022/audio/word/25/15_07.wav"
"kura / tjatjukun / vatjukun","backhoe","鋤頭","https://ilrdc.tw/tow/2022/audio/word/25/15_08.wav"
"kubav / salang","warehouse","倉庫","https://ilrdc.tw/tow/2022/audio/word/25/15_09.wav"
"mavacuk","Open up","開墾","https://ilrdc.tw/tow/2022/audio/word/25/15_10.wav"
"culj","manure","肥料","https://ilrdc.tw/tow/2022/audio/word/25/15_11.wav"
"paparatan","grain sifters","篩穀器具","https://ilrdc.tw/tow/2022/audio/word/25/15_12.wav"
"lemum","accelerate the ripening (of fruit)","催熟(果實)","https://ilrdc.tw/tow/2022/audio/word/25/15_13.wav"
"djamiya","straw","稻草","https://ilrdc.tw/tow/2022/audio/word/25/15_14.wav"
"vetjelatan/vetelatan","bow","弓","https://ilrdc.tw/tow/2022/audio/word/25/16_01.wav"
"vuluq","spear","矛","https://ilrdc.tw/tow/2022/audio/word/25/16_02.wav"
"vakela","arrow","箭矢","https://ilrdc.tw/tow/2022/audio/word/25/16_03.wav"
"sipupapan","bait","餌","https://ilrdc.tw/tow/2022/audio/word/25/16_04.wav"
"kuwang","gun","槍","https://ilrdc.tw/tow/2022/audio/word/25/16_05.wav"
"takit /tjait","hunting knife","獵刀","https://ilrdc.tw/tow/2022/audio/word/25/16_06.wav"
"sipakadrusa","straight hunting knife","直形獵刀","https://ilrdc.tw/tow/2022/audio/word/25/16_07.wav"
"sacemel","prey (collectively)","獵物(統稱)","https://ilrdc.tw/tow/2022/audio/word/25/16_08.wav"
"caqeljip / qezetj","stone trap","石壓式陷阱","https://ilrdc.tw/tow/2022/audio/word/25/16_09.wav"
"seluc / draqar","noose trap","套頸式繩索陷阱","https://ilrdc.tw/tow/2022/audio/word/25/16_10.wav"
"dradrakuyan","basket","籃子","https://ilrdc.tw/tow/2022/audio/word/25/16_11.wav"
"alatjuqan / vetjuwar","bird trap","捕鳥陷阱","https://ilrdc.tw/tow/2022/audio/word/25/16_12.wav"
"palisi","taboo","禁忌","https://ilrdc.tw/tow/2022/audio/word/25/17_01.wav"
"sepi","dream","夢","https://ilrdc.tw/tow/2022/audio/word/25/17_02.wav"
"mapalisi","witchcraft","巫術","https://ilrdc.tw/tow/2022/audio/word/25/17_03.wav"
"kiyukay","church","教會","https://ilrdc.tw/tow/2022/audio/word/25/17_04.wav"
"qayaljingan","pas-vake","祖靈祭","https://ilrdc.tw/tow/2022/audio/word/25/17_05.wav"
"kitimitim / kiciluq","misalisin","播種祭","https://ilrdc.tw/tow/2022/audio/word/25/17_06.wav"
"gemalalj / gumalalj","ghost","鬼魂","https://ilrdc.tw/tow/2022/audio/word/25/17_07.wav"
"kikapalisi","witchcarft appliance (witch doctor use it for treatment)","法器(巫醫治病用)","https://ilrdc.tw/tow/2022/audio/word/25/17_08.wav"
"tjalupung","hat","帽子","https://ilrdc.tw/tow/2022/audio/word/25/18_01.wav"
"itung","dress","衣服","https://ilrdc.tw/tow/2022/audio/word/25/18_02.wav"
"tjemenun","weave","編織","https://ilrdc.tw/tow/2022/audio/word/25/18_03.wav"
"tjupi","belly band","肚兜","https://ilrdc.tw/tow/2022/audio/word/25/18_04.wav"
"vacevac","men’s earring","男用耳環","https://ilrdc.tw/tow/2022/audio/word/25/18_05.wav"
"vacevac","women’s earring","女用耳環","https://ilrdc.tw/tow/2022/audio/word/25/18_06.wav"
"kasuy","pants","褲子","https://ilrdc.tw/tow/2022/audio/word/25/18_07.wav"
"mabiric","torn","破掉","https://ilrdc.tw/tow/2022/audio/word/25/18_08.wav"
"tarar","headdress","頭飾","https://ilrdc.tw/tow/2022/audio/word/25/18_09.wav"
"teqic / teqican","netting needle","編網針","https://ilrdc.tw/tow/2022/audio/word/25/18_10.wav"
"ubi / siyat","belt","腰帶","https://ilrdc.tw/tow/2022/audio/word/25/18_11.wav"
"lekelek","ramie","苧麻","https://ilrdc.tw/tow/2022/audio/word/25/18_12.wav"
"merem / remuljem","stain","染色","https://ilrdc.tw/tow/2022/audio/word/25/18_13.wav"
"muremmerem","floating fabric","浮織","https://ilrdc.tw/tow/2022/audio/word/25/18_14.wav"
"cinuacuan","women’s long pant","女性長褲","https://ilrdc.tw/tow/2022/audio/word/25/18_15.wav"
"lekelek","boehmeria thread","苧麻線","https://ilrdc.tw/tow/2022/audio/word/25/18_16.wav"
"situngan","cloth","布匹","https://ilrdc.tw/tow/2022/audio/word/25/18_17.wav"
"ravaravain","makeup and accessories","妝扮飾物","https://ilrdc.tw/tow/2022/audio/word/25/18_18.wav"
"ljungpav","traditional blouse","傳統女上衣","https://ilrdc.tw/tow/2022/audio/word/25/18_19.wav"
"kun","traditional skirt","傳統女裙","https://ilrdc.tw/tow/2022/audio/word/25/18_20.wav"
"tjukap / kucu","shoe","鞋子","https://ilrdc.tw/tow/2022/audio/word/25/18_21.wav"
"siyalja","baby carrier","揹小孩的背帶","https://ilrdc.tw/tow/2022/audio/word/25/18_22.wav"
"kun","skirt","裙子","https://ilrdc.tw/tow/2022/audio/word/25/18_24.wav"
"tevet / tjevet","codpiece","男用遮陰布","https://ilrdc.tw/tow/2022/audio/word/25/18_25.wav"
"kavikavican / puararadjan","men’s mesh bag","男用背負網袋","https://ilrdc.tw/tow/2022/audio/word/25/18_26.wav"
"vayar / kuval","breastplate","擋胸巾","https://ilrdc.tw/tow/2022/audio/word/25/18_27.wav"
"valjangaljangan","sleeve","袖子","https://ilrdc.tw/tow/2022/audio/word/25/18_28.wav"
"ibuk","jacket","上衣","https://ilrdc.tw/tow/2022/audio/word/25/18_29.wav"
"tjukur","headband (for women’s backpack)","頭帶(女用背籃用)","https://ilrdc.tw/tow/2022/audio/word/25/18_30.wav"
"alay / kala","vegetarian linen thread for weaving","織布用的素麻線","https://ilrdc.tw/tow/2022/audio/word/25/18_31.wav"
"siceljiceljis","scrape ramie","刮苧麻","https://ilrdc.tw/tow/2022/audio/word/25/18_32.wav"
"tjatjukudran","bamboom back basket","女用揹籃","https://ilrdc.tw/tow/2022/audio/word/25/19_01.wav"
"kadrangu","round bamboo basket","腰簍","https://ilrdc.tw/tow/2022/audio/word/25/19_02.wav"
"basu","bus","公車","https://ilrdc.tw/tow/2022/audio/word/25/20_01.wav"
"zidinsiya","bicycle","腳踏車","https://ilrdc.tw/tow/2022/audio/word/25/20_02.wav"
"pukisiyan","station","車站","https://ilrdc.tw/tow/2022/audio/word/25/20_03.wav"
"tjukutjuku","tire","輪胎","https://ilrdc.tw/tow/2022/audio/word/25/20_04.wav"
"varukur","ship","船","https://ilrdc.tw/tow/2022/audio/word/25/20_05.wav"
"palidring","car","車子","https://ilrdc.tw/tow/2022/audio/word/25/20_06.wav"
"kisiya ","train","火車","https://ilrdc.tw/tow/2022/audio/word/25/20_07.wav"
"kinsa","rice","飯","https://ilrdc.tw/tow/2022/audio/word/25/21_01.wav"
"zaljum","water","水","https://ilrdc.tw/tow/2022/audio/word/25/21_02.wav"
"paday","rice","白米","https://ilrdc.tw/tow/2022/audio/word/25/21_03.wav"
"djamay","dish","菜餚","https://ilrdc.tw/tow/2022/audio/word/25/21_04.wav"
"ljaceng","green vegetable","青菜","https://ilrdc.tw/tow/2022/audio/word/25/21_05.wav"
"vava / vawa","wine","酒","https://ilrdc.tw/tow/2022/audio/word/25/21_06.wav"
"qatiya","salt","鹽","https://ilrdc.tw/tow/2022/audio/word/25/21_07.wav"
"alju / tjainan","honey","蜜","https://ilrdc.tw/tow/2022/audio/word/25/21_08.wav"
"qecilu ","egg","蛋","https://ilrdc.tw/tow/2022/audio/word/25/21_09.wav"
"qalev ","oil","油","https://ilrdc.tw/tow/2022/audio/word/25/21_10.wav"
"sequ","taste","味道","https://ilrdc.tw/tow/2022/audio/word/25/21_11.wav"
"siyav","soup","湯","https://ilrdc.tw/tow/2022/audio/word/25/21_12.wav"
"taud","beans","豆類","https://ilrdc.tw/tow/2022/audio/word/25/21_13.wav"
"caitav / taicav","daikon","白蘿蔔","https://ilrdc.tw/tow/2022/audio/word/25/21_14.wav"
"vat","grain","穀粒","https://ilrdc.tw/tow/2022/audio/word/25/21_15.wav"
"djuadjuay a paday","glutinous rice","糯米","https://ilrdc.tw/tow/2022/audio/word/25/21_16.wav"
"qinasav / ukayu","porridge","粥","https://ilrdc.tw/tow/2022/audio/word/25/21_17.wav"
"vaqu","millet","小米","https://ilrdc.tw/tow/2022/audio/word/25/21_18.wav"
"alju","sugar","糖","https://ilrdc.tw/tow/2022/audio/word/25/21_19.wav"
"vutjulj","pork","豬肉","https://ilrdc.tw/tow/2022/audio/word/25/21_20.wav"
"udung / mintiyav","noodle","麵","https://ilrdc.tw/tow/2022/audio/word/25/21_21.wav"
"tawiyu","soy sauce","醬油","https://ilrdc.tw/tow/2022/audio/word/25/21_22.wav"
"cuparang","indica rice","在來米","https://ilrdc.tw/tow/2022/audio/word/25/21_23.wav"
"lavu","rice bran","米糠","https://ilrdc.tw/tow/2022/audio/word/25/21_24.wav"
"qemu / lamug","flour","麵粉","https://ilrdc.tw/tow/2022/audio/word/25/21_25.wav"
"vuqavuqalj / vucelacelay","white","白色","https://ilrdc.tw/tow/2022/audio/word/25/22_01.wav"
"qacengecengel / qucengecengel","black","黑色","https://ilrdc.tw/tow/2022/audio/word/25/22_02.wav"
"qudjidjilj","red","紅色","https://ilrdc.tw/tow/2022/audio/word/25/22_03.wav"
"ljumeljumeg","purple","紫色的","https://ilrdc.tw/tow/2022/audio/word/25/22_04.wav"
"vuravurav / qulivalivay / quljangaljangas","yellow","黃色的","https://ilrdc.tw/tow/2022/audio/word/25/22_05.wav"
"qumadramadray","brown","咖啡色","https://ilrdc.tw/tow/2022/audio/word/25/22_06.wav"
"buljabuljas","grey","灰色","https://ilrdc.tw/tow/2022/audio/word/25/22_07.wav"
"djeljeseljesem / liljualjuas / qaljengeljenger","green","綠色","https://ilrdc.tw/tow/2022/audio/word/25/22_08.wav"
"quljav ","color","顏色","https://ilrdc.tw/tow/2022/audio/word/25/22_09.wav"
"gemurugur","dog bark","狗吠聲","https://ilrdc.tw/tow/2022/audio/word/25/23_01.wav"
"senay","song","歌","https://ilrdc.tw/tow/2022/audio/word/25/23_02.wav"
"selangedangeda/seladengadenga","it is said...","聽說","https://ilrdc.tw/tow/2022/audio/word/25/24_01.wav"
" macidilj","alone","獨自一人","https://ilrdc.tw/tow/2022/audio/word/25/24_02.wav"
"mamav ","identical","相同","https://ilrdc.tw/tow/2022/audio/word/25/24_03.wav"
"qinaljan ","tribe","部落","https://ilrdc.tw/tow/2022/audio/word/25/24_04.wav"
"pinuqadavan","day","日子","https://ilrdc.tw/tow/2022/audio/word/25/24_05.wav"
"ui","yes","是的","https://ilrdc.tw/tow/2022/audio/word/25/24_06.wav"
"kay","language","語言","https://ilrdc.tw/tow/2022/audio/word/25/24_07.wav"
"picul","strength","力量","https://ilrdc.tw/tow/2022/audio/word/25/24_08.wav"
"varuvarungen / vinarungan","target","目標","https://ilrdc.tw/tow/2022/audio/word/25/24_09.wav"
"kakudan","culture","文化","https://ilrdc.tw/tow/2022/audio/word/25/24_10.wav"
"patarevan ","meaning","意義","https://ilrdc.tw/tow/2022/audio/word/25/24_11.wav"
"pucekelj ","get married","結婚","https://ilrdc.tw/tow/2022/audio/word/25/24_12.wav"
"namakakaizuazua","various","各色各樣","https://ilrdc.tw/tow/2022/audio/word/25/24_13.wav"
"kakaveliyan","price","價格","https://ilrdc.tw/tow/2022/audio/word/25/24_14.wav"
"siseljudjan/sicekaukau","purpose","用途","https://ilrdc.tw/tow/2022/audio/word/25/24_15.wav"
"pinucekeljan","marriage","婚姻","https://ilrdc.tw/tow/2022/audio/word/25/24_16.wav"
"sekavililj","late","遲到","https://ilrdc.tw/tow/2022/audio/word/25/24_17.wav"
"qemeljev","close","關上","https://ilrdc.tw/tow/2022/audio/word/25/25_01.wav"
"paveli","sell","賣","https://ilrdc.tw/tow/2022/audio/word/25/25_02.wav"
"vaik","go","去","https://ilrdc.tw/tow/2022/audio/word/25/25_03.wav"
"semucaqev / semuqeljev","open","打開","https://ilrdc.tw/tow/2022/audio/word/25/25_04.wav"
"kelju","come here","(叫人)過來","https://ilrdc.tw/tow/2022/audio/word/25/25_05.wav"
"veneli ","buy","買","https://ilrdc.tw/tow/2022/audio/word/25/25_06.wav"
"pavai","give","給","https://ilrdc.tw/tow/2022/audio/word/25/25_07.wav"
"mangtjez","come","來","https://ilrdc.tw/tow/2022/audio/word/25/25_08.wav"
"kisedjam","lend","借","https://ilrdc.tw/tow/2022/audio/word/25/25_09.wav"
"djemavac","walk","走路","https://ilrdc.tw/tow/2022/audio/word/25/25_10.wav"
"vaik","go (away)","走(離開)","https://ilrdc.tw/tow/2022/audio/word/25/25_11.wav"
"mipereper / minelayap / minperav","fly","飛","https://ilrdc.tw/tow/2022/audio/word/25/25_12.wav"
"mekelj / mintuluq","run (imperatives)","跑 (祈使)","https://ilrdc.tw/tow/2022/audio/word/25/25_13.wav"
"djemaljun","arrival","抵達","https://ilrdc.tw/tow/2022/audio/word/25/25_14.wav"
"pusau","see a visitor out","送(客人)","https://ilrdc.tw/tow/2022/audio/word/25/25_15.wav"
"mavilad","flee","逃跑","https://ilrdc.tw/tow/2022/audio/word/25/25_16.wav"
"tedep / semaqumaqan","enter","進入","https://ilrdc.tw/tow/2022/audio/word/25/25_17.wav"
"secaliqevu","overturn","翻倒","https://ilrdc.tw/tow/2022/audio/word/25/25_18.wav"
"kacuin","bring","帶","https://ilrdc.tw/tow/2022/audio/word/25/25_19.wav"
"sauin","get rid of...","趕走","https://ilrdc.tw/tow/2022/audio/word/25/25_20.wav"
"pacacipilj","turn back","折返","https://ilrdc.tw/tow/2022/audio/word/25/25_21.wav"
"cemuvuq","growth","(植物)生長","https://ilrdc.tw/tow/2022/audio/word/25/25_22.wav"
"vavaiku / ljacadjau / pisangasu","get out of the way","讓開","https://ilrdc.tw/tow/2022/audio/word/25/25_23.wav"
"sinipavai","present","贈送(禮物)","https://ilrdc.tw/tow/2022/audio/word/25/25_24.wav"
"gemadugaduan","along the mountains","沿著山巒","https://ilrdc.tw/tow/2022/audio/word/25/25_25.wav"
"sasuav / makelu","drop","(植物的果實)掉落","https://ilrdc.tw/tow/2022/audio/word/25/25_26.wav"
"paljezaya","uphill","(往)上坡","https://ilrdc.tw/tow/2022/audio/word/25/25_27.wav"
"kicacevung","call for","接(人)","https://ilrdc.tw/tow/2022/audio/word/25/25_28.wav"
"tjemlju","crossing the stream","越溪而過","https://ilrdc.tw/tow/2022/audio/word/25/25_29.wav"
"kemavulj","ask","向人家要(東西)","https://ilrdc.tw/tow/2022/audio/word/25/25_30.wav"
"cemaca","pour","倒(水)","https://ilrdc.tw/tow/2022/audio/word/25/25_31.wav"
"pasa","go","走(向某個方向)","https://ilrdc.tw/tow/2022/audio/word/25/25_32.wav"
"kemerap","climb","(藤類植物)攀爬","https://ilrdc.tw/tow/2022/audio/word/25/25_33.wav"
"djaravac","take a stroll","逛一逛","https://ilrdc.tw/tow/2022/audio/word/25/25_34.wav"
"lemaing","chase after","追","https://ilrdc.tw/tow/2022/audio/word/25/25_35.wav"
"venuta","catch up","趕上","https://ilrdc.tw/tow/2022/audio/word/25/25_36.wav"
"djalut / dalut","slip off","滑掉","https://ilrdc.tw/tow/2022/audio/word/25/25_37.wav"
"mapatjatjukuda","separate","分開","https://ilrdc.tw/tow/2022/audio/word/25/25_38.wav"
"kemacu","carry (e.g. with umbrella)"," 攜帶(如帶傘)","https://ilrdc.tw/tow/2022/audio/word/25/25_39.wav"
"mitung ","put on (e.g. cloth)"," 穿(如穿衣服)","https://ilrdc.tw/tow/2022/audio/word/25/25_40.wav"
"tjemalupung","wear (e.g. hat)"," 戴(如戴帽子)","https://ilrdc.tw/tow/2022/audio/word/25/25_41.wav"
"minqut / piljavak","appear","出現","https://ilrdc.tw/tow/2022/audio/word/25/25_42.wav"
"naqemiladj","sitting"," 坐著","https://ilrdc.tw/tow/2022/audio/word/25/25_43.wav"
"namigacalj","standing"," 站著","https://ilrdc.tw/tow/2022/audio/word/25/25_44.wav"
"qemeljev","shut (e.g. door,window)"," 關(門；窗)","https://ilrdc.tw/tow/2022/audio/word/25/25_45.wav"
"muri mangtjez / uri mangetjez","coming","要來","https://ilrdc.tw/tow/2022/audio/word/25/25_46.wav"
"kasimazanga","have been here before","來過","https://ilrdc.tw/tow/2022/audio/word/25/25_47.wav"
"vaikanga","gone"," 去了","https://ilrdc.tw/tow/2022/audio/word/25/25_48.wav"
"mavavuy","crawl","爬行","https://ilrdc.tw/tow/2022/audio/word/25/25_49.wav"
"nu tja pacunan ","look like..."," 看起來","https://ilrdc.tw/tow/2022/audio/word/25/25_50.wav"
"kivala","visit","拜訪","https://ilrdc.tw/tow/2022/audio/word/25/25_51.wav"
"sasav / casav","go out","出去","https://ilrdc.tw/tow/2022/audio/word/25/25_52.wav"
"minbuk / minkub","jump","跳躍","https://ilrdc.tw/tow/2022/audio/word/25/26_01.wav"
"dremaiyan / zimiyan","dance","跳舞","https://ilrdc.tw/tow/2022/audio/word/25/26_02.wav"
"qemiladj","sit down","坐下","https://ilrdc.tw/tow/2022/audio/word/25/26_03.wav"
"ljemaljukuan","bend over","彎腰","https://ilrdc.tw/tow/2022/audio/word/25/26_04.wav"
"kemelay","hang","掛","https://ilrdc.tw/tow/2022/audio/word/25/26_05.wav"
"menari","play (e.g. ball)","玩(球)","https://ilrdc.tw/tow/2022/audio/word/25/26_06.wav"
"malap ","pick up","拿取","https://ilrdc.tw/tow/2022/audio/word/25/26_07.wav"
"kemelem","punch (e.g. people)","打(人)","https://ilrdc.tw/tow/2022/audio/word/25/26_08.wav"
"venukevuk","sting","刺","https://ilrdc.tw/tow/2022/audio/word/25/26_09.wav"
"panacek","shoot","射擊","https://ilrdc.tw/tow/2022/audio/word/25/26_10.wav"
"matjani / maipuq","stumble","跌倒","https://ilrdc.tw/tow/2022/audio/word/25/26_11.wav"
"djemakadjak / tjemakidr","kick","踢","https://ilrdc.tw/tow/2022/audio/word/25/26_12.wav"
"zemurung","push","推","https://ilrdc.tw/tow/2022/audio/word/25/26_13.wav"
"semeqas","felled","砍伐","https://ilrdc.tw/tow/2022/audio/word/25/26_14.wav"
"kilegelek","shake","搖動","https://ilrdc.tw/tow/2022/audio/word/25/26_15.wav"
"veneceluq","break","折斷","https://ilrdc.tw/tow/2022/audio/word/25/26_16.wav"
"migereger","tremble","發抖","https://ilrdc.tw/tow/2022/audio/word/25/26_17.wav"
"gemuceguc","scratch itching","抓癢","https://ilrdc.tw/tow/2022/audio/word/25/26_18.wav"
"kemakepak","climb","爬上(去)","https://ilrdc.tw/tow/2022/audio/word/25/26_19.wav"
"kitjelangalj","lie down","躺","https://ilrdc.tw/tow/2022/audio/word/25/26_20.wav"
"semevalj","carry (somebody)","揹(人)","https://ilrdc.tw/tow/2022/audio/word/25/26_21.wav"
"remumed","smash to pieces","敲碎","https://ilrdc.tw/tow/2022/audio/word/25/26_22.wav"
"cemavulid","carry on one’s shoulder","扛","https://ilrdc.tw/tow/2022/audio/word/25/26_23.wav"
"kiveliqad /cemekalj","flip","翻動","https://ilrdc.tw/tow/2022/audio/word/25/26_24.wav"
"masalitj / maruqu","roll down","滾落","https://ilrdc.tw/tow/2022/audio/word/25/26_25.wav"
"secevung / secugecug","bump into","撞到","https://ilrdc.tw/tow/2022/audio/word/25/26_26.wav"
"temapulju","hold","抱著","https://ilrdc.tw/tow/2022/audio/word/25/26_27.wav"
"djemapes / djemasep","blow","吹","https://ilrdc.tw/tow/2022/audio/word/25/26_28.wav"
"kemali","dig","挖掘","https://ilrdc.tw/tow/2022/audio/word/25/26_29.wav"
"venuciq","cut","切","https://ilrdc.tw/tow/2022/audio/word/25/26_30.wav"
"ljemangui / kemavakav","swim","游泳","https://ilrdc.tw/tow/2022/audio/word/25/26_31.wav"
"qemilja","hide","藏起來","https://ilrdc.tw/tow/2022/audio/word/25/26_32.wav"
"djemekep","catch","抓(如抓到動物)","https://ilrdc.tw/tow/2022/audio/word/25/26_33.wav"
"semeqas","chop","砍","https://ilrdc.tw/tow/2022/audio/word/25/26_34.wav"
"tjemukudr","carry (something)","揹負(物品)","https://ilrdc.tw/tow/2022/audio/word/25/26_35.wav"
"penangalj","divide","分(東西)","https://ilrdc.tw/tow/2022/audio/word/25/26_36.wav"
"venelak / venelaq","cut open","剖切","https://ilrdc.tw/tow/2022/audio/word/25/26_37.wav"
"venengetj / djemaljeng","tie it up","綁住","https://ilrdc.tw/tow/2022/audio/word/25/26_38.wav"
"remakac","pull","拉","https://ilrdc.tw/tow/2022/audio/word/25/26_39.wav"
"venaljes / venlaq","split","劈(木材)","https://ilrdc.tw/tow/2022/audio/word/25/26_40.wav"
"mapetjuq","rip","扯斷","https://ilrdc.tw/tow/2022/audio/word/25/26_41.wav"
"kemadradray / kemuridru","draw (a bow)","提著","https://ilrdc.tw/tow/2022/audio/word/25/26_42.wav"
"gememegem","hold it","握著","https://ilrdc.tw/tow/2022/audio/word/25/26_43.wav"
"qemuyulj","bundle","捆綁","https://ilrdc.tw/tow/2022/audio/word/25/26_44.wav"
"zemepetj","hold down","按住","https://ilrdc.tw/tow/2022/audio/word/25/26_45.wav"
"veneljuc","pull out","拔除","https://ilrdc.tw/tow/2022/audio/word/25/26_46.wav"
"peniliq","select","挑選","https://ilrdc.tw/tow/2022/audio/word/25/26_47.wav"
"venuqesi","spill","散撒","https://ilrdc.tw/tow/2022/audio/word/25/26_48.wav"
"tjemuketjuk","peck","啄","https://ilrdc.tw/tow/2022/audio/word/25/26_49.wav"
"cemekecek / temecek","plug","插","https://ilrdc.tw/tow/2022/audio/word/25/26_50.wav"
"djemumulj","pile up","堆積","https://ilrdc.tw/tow/2022/audio/word/25/26_51.wav"
"semakuc","move","搬運","https://ilrdc.tw/tow/2022/audio/word/25/26_52.wav"
"veneljuc / veniljevilj","pluck","拔出","https://ilrdc.tw/tow/2022/audio/word/25/26_53.wav"
"dremiyudr","stirring","攪動","https://ilrdc.tw/tow/2022/audio/word/25/26_54.wav"
"qemezetj / zemepetj","hold it down","壓住","https://ilrdc.tw/tow/2022/audio/word/25/26_55.wav"
"kiguceguc","scratch and itch","搔癢","https://ilrdc.tw/tow/2022/audio/word/25/26_56.wav"
"maligemgem","make a fist","握拳","https://ilrdc.tw/tow/2022/audio/word/25/26_57.wav"
"cempis","pluck","摘取","https://ilrdc.tw/tow/2022/audio/word/25/26_58.wav"
"malegeleg","shaking","晃動","https://ilrdc.tw/tow/2022/audio/word/25/26_59.wav"
"gemucal","peel (peanuts; beans)","剝(花生；豆類)","https://ilrdc.tw/tow/2022/audio/word/25/26_60.wav"
"tjemelju","wade across the water","涉水而過","https://ilrdc.tw/tow/2022/audio/word/25/26_61.wav"
"malegeleg","vibrate","振動","https://ilrdc.tw/tow/2022/audio/word/25/26_62.wav"
"benenges","packing","打包","https://ilrdc.tw/tow/2022/audio/word/25/26_63.wav"
"kiqinuman","harvest","採收","https://ilrdc.tw/tow/2022/audio/word/25/26_64.wav"
"temataq","sharpen","(將器具)磨利","https://ilrdc.tw/tow/2022/audio/word/25/26_65.wav"
"lemegeleg","swing","(搖)動","https://ilrdc.tw/tow/2022/audio/word/25/26_66.wav"
"lemaing / qemaljup","hunt and capture","追捕","https://ilrdc.tw/tow/2022/audio/word/25/26_67.wav"
"teqeteqen","shatter","打碎","https://ilrdc.tw/tow/2022/audio/word/25/26_68.wav"
"maipuq","fall","倒(下)","https://ilrdc.tw/tow/2022/audio/word/25/26_69.wav"
"penenid","twist","扭轉","https://ilrdc.tw/tow/2022/audio/word/25/26_70.wav"
"lemingedjelj","stand","豎立","https://ilrdc.tw/tow/2022/audio/word/25/26_71.wav"
"demulat ","trample on","踩踏","https://ilrdc.tw/tow/2022/audio/word/25/26_72.wav"
"kemadrang / tjimingkav","cross over","跨過","https://ilrdc.tw/tow/2022/audio/word/25/26_73.wav"
"kemeriz / kemeridr","cut","割","https://ilrdc.tw/tow/2022/audio/word/25/26_74.wav"
"venceqel ","pinch","掐住","https://ilrdc.tw/tow/2022/audio/word/25/26_75.wav"
"kemeljapang","repress","壓制","https://ilrdc.tw/tow/2022/audio/word/25/26_76.wav"
"pakan ","feed","餵食","https://ilrdc.tw/tow/2022/audio/word/25/26_77.wav"
"djemkep","arrest","捕抓","https://ilrdc.tw/tow/2022/audio/word/25/26_78.wav"
"tembiljaq","pry open","撬開","https://ilrdc.tw/tow/2022/audio/word/25/26_79.wav"
"demulat","step","(用腳)踏","https://ilrdc.tw/tow/2022/audio/word/25/26_80.wav"
"qemapipi / djemapipiq","squash","壓扁","https://ilrdc.tw/tow/2022/audio/word/25/26_81.wav"
" gemucal","skin","剝皮","https://ilrdc.tw/tow/2022/audio/word/25/26_82.wav"
"djemuas ","rub (e.g. lipstick; paint)","擦(如口紅；油漆)","https://ilrdc.tw/tow/2022/audio/word/25/26_83.wav"
"qemudruqudr","flipping","亂翻","https://ilrdc.tw/tow/2022/audio/word/25/26_84.wav"
"ljemuceljuc","tumble","揉搓(衣物)","https://ilrdc.tw/tow/2022/audio/word/25/26_85.wav"
"kitangez","lean on","靠著","https://ilrdc.tw/tow/2022/audio/word/25/26_86.wav"
"venseqitj","whip","鞭打","https://ilrdc.tw/tow/2022/audio/word/25/26_87.wav"
"kigidi","lie on the side","側臥","https://ilrdc.tw/tow/2022/audio/word/25/26_88.wav"
"tjemuljak","skin","削(水果)","https://ilrdc.tw/tow/2022/audio/word/25/26_89.wav"
"cemalis","twisting","捻線","https://ilrdc.tw/tow/2022/audio/word/25/26_90.wav"
"kemacian / qemecap","cut","剪","https://ilrdc.tw/tow/2022/audio/word/25/26_91.wav"
"semeqas","cut off","砍除","https://ilrdc.tw/tow/2022/audio/word/25/26_92.wav"
"tjemuap","wave","招手","https://ilrdc.tw/tow/2022/audio/word/25/26_93.wav"
"tjemagetjag","chop (meat)","剁","https://ilrdc.tw/tow/2022/audio/word/25/26_94.wav"
"maisu","beat","搗","https://ilrdc.tw/tow/2022/audio/word/25/26_95.wav"
"marivu / maqaquljuc","fight","打架","https://ilrdc.tw/tow/2022/audio/word/25/26_96.wav"
"qemizing","squeeze","擠","https://ilrdc.tw/tow/2022/audio/word/25/26_97.wav"
"kizuken / zemukum","lower your head down","低下頭","https://ilrdc.tw/tow/2022/audio/word/25/26_98.wav"
"veniljevilj","pull (up)","拉(上來)","https://ilrdc.tw/tow/2022/audio/word/25/26_99.wav"
"samapesap / semapesap","dig","(用手)挖掘","https://ilrdc.tw/tow/2022/audio/word/25/26_100.wav"
"tjemuljit","peeling the bark of a tree","剝樹皮","https://ilrdc.tw/tow/2022/audio/word/25/26_101.wav"
"cemuris","draw"," 畫圖","https://ilrdc.tw/tow/2022/audio/word/25/26_102.wav"
"malaing","arbitrary"," 隨意","https://ilrdc.tw/tow/2022/audio/word/25/26_103.wav"
"malikuculj","squat down","蹲下","https://ilrdc.tw/tow/2022/audio/word/25/26_104.wav"
"gacalju","stand up"," 起立","https://ilrdc.tw/tow/2022/audio/word/25/26_105.wav"
"keman","eat","吃","https://ilrdc.tw/tow/2022/audio/word/25/27_01.wav"
"semerep / temepetep","suck in","吸","https://ilrdc.tw/tow/2022/audio/word/25/27_02.wav"
"temekel","drink","喝","https://ilrdc.tw/tow/2022/audio/word/25/27_03.wav"
"mutjaq","vomit","吐","https://ilrdc.tw/tow/2022/audio/word/25/27_04.wav"
"kemac","bite","咬","https://ilrdc.tw/tow/2022/audio/word/25/27_05.wav"
"lemimequ","swallow","吞嚥","https://ilrdc.tw/tow/2022/audio/word/25/27_06.wav"
"lemamedj","swallow","吞下","https://ilrdc.tw/tow/2022/audio/word/25/27_07.wav"
"maculju","get burnt","燙到","https://ilrdc.tw/tow/2022/audio/word/25/27_08.wav"
"mazekel","choke (on)","噎到","https://ilrdc.tw/tow/2022/audio/word/25/27_09.wav"
"mavetu","full","飽食","https://ilrdc.tw/tow/2022/audio/word/25/27_10.wav"
"maluami","chew","咀嚼","https://ilrdc.tw/tow/2022/audio/word/25/27_11.wav"
"maqusav","thirsty","渴","https://ilrdc.tw/tow/2022/audio/word/25/27_12.wav"
"semis","nibble","啃","https://ilrdc.tw/tow/2022/audio/word/25/27_13.wav"
"maculja","hungry","餓","https://ilrdc.tw/tow/2022/audio/word/25/27_14.wav"
"keman","eat","吃(東西)","https://ilrdc.tw/tow/2022/audio/word/25/27_15.wav"
"kenama","have breakfast","吃早餐","https://ilrdc.tw/tow/2022/audio/word/25/27_16.wav"
"kincengelj","have lunch","吃午餐","https://ilrdc.tw/tow/2022/audio/word/25/27_17.wav"
"kaiv","have dinner","吃晚餐","https://ilrdc.tw/tow/2022/audio/word/25/27_18.wav"
"secevung ","come across","遇到","https://ilrdc.tw/tow/2022/audio/word/25/28_01.wav"
"kemeljang","know","知道","https://ilrdc.tw/tow/2022/audio/word/25/28_02.wav"
"pacun ","see","看","https://ilrdc.tw/tow/2022/audio/word/25/28_03.wav"
"qivu / patjekai","say","說","https://ilrdc.tw/tow/2022/audio/word/25/28_04.wav"
"madraudrav","forget (imperatives)","忘記(祈使)","https://ilrdc.tw/tow/2022/audio/word/25/28_05.wav"
"tjikezem","close (your) eyes","閉(眼睛)","https://ilrdc.tw/tow/2022/audio/word/25/28_06.wav"
"semequ","smell (as in smell)","聞(如聞味道)","https://ilrdc.tw/tow/2022/audio/word/25/28_07.wav"
"dremumul","touch","觸摸(物品)","https://ilrdc.tw/tow/2022/audio/word/25/28_08.wav"
"djemaulj / semeged","invite","邀請","https://ilrdc.tw/tow/2022/audio/word/25/28_09.wav"
"sikeljangan / vinavarungan","feel","感覺","https://ilrdc.tw/tow/2022/audio/word/25/28_10.wav"
"pasemalav","tell","告訴(別人)","https://ilrdc.tw/tow/2022/audio/word/25/28_11.wav"
"pukelju","calling (e.g. calling before feeding the chickens)","叫喚(如餵雞前會叫喚)","https://ilrdc.tw/tow/2022/audio/word/25/28_12.wav"
"kivadaq","ask","詢問","https://ilrdc.tw/tow/2022/audio/word/25/28_13.wav"
"kitevela","agree","答應","https://ilrdc.tw/tow/2022/audio/word/25/28_14.wav"
"masalu","believe","相信","https://ilrdc.tw/tow/2022/audio/word/25/28_15.wav"
"remumaljimaljian","curse","謾罵","https://ilrdc.tw/tow/2022/audio/word/25/28_16.wav"
"tjemapis / madrumulj","touch (as in touching the body)","觸碰(如碰觸到身體)","https://ilrdc.tw/tow/2022/audio/word/25/28_17.wav"
"temevela","respond","回應","https://ilrdc.tw/tow/2022/audio/word/25/28_18.wav"
"lemangda / lemadenga","listen","聽","https://ilrdc.tw/tow/2022/audio/word/25/28_19.wav"
"djemiljing","lick","舔","https://ilrdc.tw/tow/2022/audio/word/25/28_20.wav"
"pazazekatj","tell","交代(事情)","https://ilrdc.tw/tow/2022/audio/word/25/28_21.wav"
"cimerav","open your eyes","睜眼","https://ilrdc.tw/tow/2022/audio/word/25/28_22.wav"
"paqedev","aim","瞄準","https://ilrdc.tw/tow/2022/audio/word/25/28_23.wav"
"temulu","teach (e.g. teaching someone to write)","教(如教人寫字)","https://ilrdc.tw/tow/2022/audio/word/25/28_24.wav"
"kinemnem","think","想(思考)","https://ilrdc.tw/tow/2022/audio/word/25/28_25.wav"
"puqezelj","observe","觀察","https://ilrdc.tw/tow/2022/audio/word/25/28_26.wav"
"macaqu","do","會(做某事)","https://ilrdc.tw/tow/2022/audio/word/25/28_27.wav"
"kiqaung","pray","禱告","https://ilrdc.tw/tow/2022/audio/word/25/28_28.wav"
"saljinga","like","喜歡","https://ilrdc.tw/tow/2022/audio/word/25/28_29.wav"
"tjengelay","joy","喜愛","https://ilrdc.tw/tow/2022/audio/word/25/29_01.wav"
"marekutj","fear","害怕","https://ilrdc.tw/tow/2022/audio/word/25/29_02.wav"
"qemaung","cry","哭","https://ilrdc.tw/tow/2022/audio/word/25/29_03.wav"
"verengec","love","疼愛","https://ilrdc.tw/tow/2022/audio/word/25/29_04.wav"
"maleva","happy","高興","https://ilrdc.tw/tow/2022/audio/word/25/29_05.wav"
"makinamalji / madudu","angry","生氣","https://ilrdc.tw/tow/2022/audio/word/25/29_06.wav"
"kiljivak","love and care","愛護","https://ilrdc.tw/tow/2022/audio/word/25/29_07.wav"
"mintjus ","shocked","嚇一跳","https://ilrdc.tw/tow/2022/audio/word/25/29_08.wav"
"mapuzangal","happy"," 快樂","https://ilrdc.tw/tow/2022/audio/word/25/29_09.wav"
"penelepel","sort out","整理","https://ilrdc.tw/tow/2022/audio/word/25/30_01.wav"
"venateq","wash (cloth)","洗(衣物)","https://ilrdc.tw/tow/2022/audio/word/25/30_02.wav"
"masengseng / sengsengan","work","工作","https://ilrdc.tw/tow/2022/audio/word/25/30_03.wav"
"semekez ","stop","停止","https://ilrdc.tw/tow/2022/audio/word/25/30_04.wav"
"piteval","waste","浪費","https://ilrdc.tw/tow/2022/audio/word/25/30_05.wav"
" paceged","get up","起床","https://ilrdc.tw/tow/2022/audio/word/25/30_06.wav"
"pusau","good-bye (say good-bye to each other)","再見(如互道再見)","https://ilrdc.tw/tow/2022/audio/word/25/30_07.wav"
" puisiq","urinate","小便","https://ilrdc.tw/tow/2022/audio/word/25/30_08.wav"
"taqed","sleep","睡覺","https://ilrdc.tw/tow/2022/audio/word/25/30_09.wav"
"cemulju","killing animals","殺牲畜","https://ilrdc.tw/tow/2022/audio/word/25/30_10.wav"
" pecaqi","feces","大便","https://ilrdc.tw/tow/2022/audio/word/25/30_11.wav"
"kisululjayan / kisuzeliyan","rest","休息","https://ilrdc.tw/tow/2022/audio/word/25/30_12.wav"
"tjemengez","sleepy","睏(想睡覺)","https://ilrdc.tw/tow/2022/audio/word/25/30_13.wav"
"parimasudj","clean","打掃","https://ilrdc.tw/tow/2022/audio/word/25/30_14.wav"
"kicaquan","learn","學習","https://ilrdc.tw/tow/2022/audio/word/25/30_15.wav"
"kiipuq","lie down","躺臥","https://ilrdc.tw/tow/2022/audio/word/25/30_16.wav"
"nakuyakuya a sepi","nightmare","做惡夢","https://ilrdc.tw/tow/2022/audio/word/25/30_17.wav"
"cemakav ","steal","偷竊","https://ilrdc.tw/tow/2022/audio/word/25/30_18.wav"
"semanljaceng","cook","煮(菜)","https://ilrdc.tw/tow/2022/audio/word/25/30_19.wav"
"ljemama","burn (like straw)","燒(如燒稻草)","https://ilrdc.tw/tow/2022/audio/word/25/30_20.wav"
"mesuav / misuav","yawn","打哈欠","https://ilrdc.tw/tow/2022/audio/word/25/30_21.wav"
"kemuljav","roast","烤(如烤地瓜)","https://ilrdc.tw/tow/2022/audio/word/25/30_22.wav"
"kemesa","cook (rice/meat/yams)","烹煮(飯／肉／地瓜)","https://ilrdc.tw/tow/2022/audio/word/25/30_23.wav"
"kiljaljava / kitjakaljava","wait","等待","https://ilrdc.tw/tow/2022/audio/word/25/30_24.wav"
"pudringay","hunt","陷獵","https://ilrdc.tw/tow/2022/audio/word/25/30_25.wav"
"dremasi ","dry (e.g., drying clothes in the sun)","曬乾(如將衣服曬乾)","https://ilrdc.tw/tow/2022/audio/word/25/30_26.wav"
"lemevec","draw water with a ladle (imperatives)","以杓汲水(祈使)","https://ilrdc.tw/tow/2022/audio/word/25/30_27.wav"
"kemulji","drain (abatement)","將水排出(疏減)","https://ilrdc.tw/tow/2022/audio/word/25/30_28.wav"
"pualang","pack up (imperatives, as in pack up)","收拾(祈使，如收拾東西)","https://ilrdc.tw/tow/2022/audio/word/25/30_29.wav"
"penaisu","mill","碾(米)","https://ilrdc.tw/tow/2022/audio/word/25/30_30.wav"
"venaivay","dry up","晾乾","https://ilrdc.tw/tow/2022/audio/word/25/30_31.wav"
"cemauv","quilt","蓋被子","https://ilrdc.tw/tow/2022/audio/word/25/30_32.wav"
"paqulja","shine/light up","照起來／照明","https://ilrdc.tw/tow/2022/audio/word/25/30_33.wav"
"remingring","fry","炒(如炒花生)","https://ilrdc.tw/tow/2022/audio/word/25/30_34.wav"
"purumuk","fishing for fish and shrimp by cage","以籠捕魚蝦","https://ilrdc.tw/tow/2022/audio/word/25/30_35.wav"
"semeljec","steam (as in steamed rice)","蒸(如蒸飯)","https://ilrdc.tw/tow/2022/audio/word/25/30_36.wav"
"temalem","plant","種植","https://ilrdc.tw/tow/2022/audio/word/25/30_37.wav"
"panadip","fish","釣魚","https://ilrdc.tw/tow/2022/audio/word/25/30_38.wav"
"pecungu","make a fire","生火","https://ilrdc.tw/tow/2022/audio/word/25/30_39.wav"
"djaungu","pickle (imperatives)","醃漬(祈使)","https://ilrdc.tw/tow/2022/audio/word/25/30_40.wav"
"kakuljiyan","burnt","燒焦","https://ilrdc.tw/tow/2022/audio/word/25/30_41.wav"
"piyumaumaq / kipurapalj","take care of","照顧","https://ilrdc.tw/tow/2022/audio/word/25/30_42.wav"
"kiqunu","cut (hair)","剪(頭髮)","https://ilrdc.tw/tow/2022/audio/word/25/30_43.wav"
"putjeveng","soak","浸泡","https://ilrdc.tw/tow/2022/audio/word/25/30_44.wav"
"semucaqev","lift off (as in lift off the lid).","掀開(如掀開蓋子)","https://ilrdc.tw/tow/2022/audio/word/25/30_45.wav"
"cemvelj","bury","掩埋","https://ilrdc.tw/tow/2022/audio/word/25/30_46.wav"
"kipavalit","change (cloth)","替換(衣服)","https://ilrdc.tw/tow/2022/audio/word/25/30_47.wav"
"cemaqecaq","lock up","鎖上","https://ilrdc.tw/tow/2022/audio/word/25/30_48.wav"
"semekam","make the bed","鋪床","https://ilrdc.tw/tow/2022/audio/word/25/30_49.wav"
"ljemengis","burn (as in burning the hair of prey)","燒(如燒獵物的毛)","https://ilrdc.tw/tow/2022/audio/word/25/30_50.wav"
"semuasav","leaf stripping","剝葉","https://ilrdc.tw/tow/2022/audio/word/25/30_51.wav"
"malingav","urge urination","尿急","https://ilrdc.tw/tow/2022/audio/word/25/30_52.wav"
"vengtjengav","measure","量測","https://ilrdc.tw/tow/2022/audio/word/25/30_53.wav"
"medjek","burning","燃燒","https://ilrdc.tw/tow/2022/audio/word/25/30_54.wav"
"pakelay","hang (Imperatives)","懸掛(祈使)","https://ilrdc.tw/tow/2022/audio/word/25/30_55.wav"
"kivauvalj ","imitate","模仿","https://ilrdc.tw/tow/2022/audio/word/25/30_56.wav"
"paquzip","feed","飼養","https://ilrdc.tw/tow/2022/audio/word/25/30_57.wav"
"cemiyan / semereser","fry","炒(飯菜)","https://ilrdc.tw/tow/2022/audio/word/25/30_58.wav"
"papedjek","ignite","點火","https://ilrdc.tw/tow/2022/audio/word/25/30_59.wav"
"semupu","read","讀書","https://ilrdc.tw/tow/2022/audio/word/25/30_60.wav"
"temekel","drink","喝(水)","https://ilrdc.tw/tow/2022/audio/word/25/30_61.wav"
"kemudra / tjematjukun","dig","(用鋤具)挖掘","https://ilrdc.tw/tow/2022/audio/word/25/30_62.wav"
"kaizuan","live","(居)住","https://ilrdc.tw/tow/2022/audio/word/25/30_63.wav"
"semenay","sing","唱歌","https://ilrdc.tw/tow/2022/audio/word/25/30_64.wav"
"kivangavang","play","玩耍","https://ilrdc.tw/tow/2022/audio/word/25/30_65.wav"
"macay","death","死亡","https://ilrdc.tw/tow/2022/audio/word/25/31_01.wav"
"saqetju","ouch","好痛","https://ilrdc.tw/tow/2022/audio/word/25/31_02.wav"
"sekakuda","wounded","受傷","https://ilrdc.tw/tow/2022/audio/word/25/31_03.wav"
"maulav ","lose","遺失","https://ilrdc.tw/tow/2022/audio/word/25/31_04.wav"
"saqetju","pain","痛","https://ilrdc.tw/tow/2022/audio/word/25/31_05.wav"
"pedjamuq","bleed","流血","https://ilrdc.tw/tow/2022/audio/word/25/31_06.wav"
"mavunglay / caingan / ciniluqan","pregnant","懷孕","https://ilrdc.tw/tow/2022/audio/word/25/31_07.wav"
"valjualjut","living","活的","https://ilrdc.tw/tow/2022/audio/word/25/31_08.wav"
"paqetjutj","fart","放屁","https://ilrdc.tw/tow/2022/audio/word/25/31_09.wav"
"macululj / mapiljay","lame","跛腳","https://ilrdc.tw/tow/2022/audio/word/25/31_10.wav"
"paquzip","nurture","撫養","https://ilrdc.tw/tow/2022/audio/word/25/31_11.wav"
"meqaca","growth","生長","https://ilrdc.tw/tow/2022/audio/word/25/31_12.wav"
"ljaqic","scar","疤","https://ilrdc.tw/tow/2022/audio/word/25/31_13.wav"
"gacel","itchy","癢","https://ilrdc.tw/tow/2022/audio/word/25/31_14.wav"
"tjemengez","doze off","打瞌睡","https://ilrdc.tw/tow/2022/audio/word/25/31_15.wav"
"venaqesing","sneeze","打噴嚏","https://ilrdc.tw/tow/2022/audio/word/25/31_16.wav"
"kitarev ta zuma nu qaljan","marry to a non-ethnic clan member","嫁給非本族群的族人","https://ilrdc.tw/tow/2022/audio/word/25/31_17.wav"
"mangilu/mapungal","soreness","痠痛","https://ilrdc.tw/tow/2022/audio/word/25/31_18.wav"
"ika pugarang","sick","生病","https://ilrdc.tw/tow/2022/audio/word/25/31_19.wav"
"ljemaumumuq","festering","化膿","https://ilrdc.tw/tow/2022/audio/word/25/31_20.wav"
"mariljay","slim","瘦(身形)","https://ilrdc.tw/tow/2022/audio/word/25/32_01.wav"
"sadjelung","heavy (weight)","重(重量)","https://ilrdc.tw/tow/2022/audio/word/25/32_02.wav"
"saceqalj","light (weight)","輕(重量)","https://ilrdc.tw/tow/2022/audio/word/25/32_03.wav"
" qacaqaca","high (height)","高(身高)","https://ilrdc.tw/tow/2022/audio/word/25/32_04.wav"
"kudrakudral","large","大的","https://ilrdc.tw/tow/2022/audio/word/25/32_05.wav"
"kedrikedri","short (height)","矮(身高)","https://ilrdc.tw/tow/2022/audio/word/25/32_06.wav"
"setukez","industrious","勤勞","https://ilrdc.tw/tow/2022/audio/word/25/32_07.wav"
"vucelelj / ljaljeqel","cold","冷","https://ilrdc.tw/tow/2022/audio/word/25/32_08.wav"
"kakedrikedriyan","small","小的","https://ilrdc.tw/tow/2022/audio/word/25/32_09.wav"
"liyav","many","多","https://ilrdc.tw/tow/2022/audio/word/25/32_10.wav"
"bulay","pretty","漂亮","https://ilrdc.tw/tow/2022/audio/word/25/32_11.wav"
"vucelecelelj ","ice-cold","冰冷","https://ilrdc.tw/tow/2022/audio/word/25/32_12.wav"
"zemulek","hot","悶熱","https://ilrdc.tw/tow/2022/audio/word/25/32_13.wav"
"kedri","few","少的","https://ilrdc.tw/tow/2022/audio/word/25/32_14.wav"
"mapulav","drunk","酒醉","https://ilrdc.tw/tow/2022/audio/word/25/32_15.wav"
"djemeli","laugh","笑","https://ilrdc.tw/tow/2022/audio/word/25/32_16.wav"
"tjevetjeveng","wet","濕的","https://ilrdc.tw/tow/2022/audio/word/25/32_17.wav"
"malum","ripe (of fruit)","熟","https://ilrdc.tw/tow/2022/audio/word/25/32_18.wav"
"kedremedremel","thick","厚的","https://ilrdc.tw/tow/2022/audio/word/25/32_19.wav"
"matjaq ","undercooked (if this piece of meat is raw)","未熟的(如這塊肉是生的)","https://ilrdc.tw/tow/2022/audio/word/25/32_20.wav"
"ljusepisepit","thin","薄的","https://ilrdc.tw/tow/2022/audio/word/25/32_21.wav"
"kungakugnay","dirty","髒","https://ilrdc.tw/tow/2022/audio/word/25/32_22.wav"
"mavulaqut","lazy","懶惰","https://ilrdc.tw/tow/2022/audio/word/25/32_23.wav"
"masungelec","clean","乾淨","https://ilrdc.tw/tow/2022/audio/word/25/32_24.wav"
"djaljav","soon","很快","https://ilrdc.tw/tow/2022/audio/word/25/32_25.wav"
"temeljar","bright","明亮","https://ilrdc.tw/tow/2022/audio/word/25/32_26.wav"
"kudrakudral","fat","胖(身形)","https://ilrdc.tw/tow/2022/audio/word/25/32_27.wav"
"nametad","dry","乾的","https://ilrdc.tw/tow/2022/audio/word/25/32_28.wav"
"mazeli","tired","累","https://ilrdc.tw/tow/2022/audio/word/25/32_29.wav"
"navenerengec","poor thing","好可憐","https://ilrdc.tw/tow/2022/audio/word/25/32_30.wav"
"vaquan","new","新的","https://ilrdc.tw/tow/2022/audio/word/25/32_31.wav"
"supisupil","old","舊的","https://ilrdc.tw/tow/2022/audio/word/25/32_32.wav"
"djemet","near","近","https://ilrdc.tw/tow/2022/audio/word/25/32_33.wav"
"maculju","hot","燙","https://ilrdc.tw/tow/2022/audio/word/25/32_34.wav"
"makapalak ","spoiled","壞掉","https://ilrdc.tw/tow/2022/audio/word/25/32_35.wav"
"macam ","spicy","辣","https://ilrdc.tw/tow/2022/audio/word/25/32_36.wav"
"cadja","far","遠","https://ilrdc.tw/tow/2022/audio/word/25/32_37.wav"
"minvalak","swelling","腫","https://ilrdc.tw/tow/2022/audio/word/25/32_38.wav"
"drukudrukung","bend","彎曲","https://ilrdc.tw/tow/2022/audio/word/25/32_39.wav"
"sicuayananga","long","久的","https://ilrdc.tw/tow/2022/audio/word/25/32_40.wav"
"mavuca","blind","瞎了","https://ilrdc.tw/tow/2022/audio/word/25/32_41.wav"
"cemel","poison","毒","https://ilrdc.tw/tow/2022/audio/word/25/32_42.wav"
"sanguanguaq","delicious","很好吃","https://ilrdc.tw/tow/2022/audio/word/25/32_43.wav"
"daluwalut / djaluwalut","smooth","滑","https://ilrdc.tw/tow/2022/audio/word/25/32_44.wav"
"qadiyadid","bitter","苦","https://ilrdc.tw/tow/2022/audio/word/25/32_45.wav"
"maudemid","fragile (e.g. this wire is prone to breakage)","脆弱(如這根鐵絲易斷裂)","https://ilrdc.tw/tow/2022/audio/word/25/32_46.wav"
"matjamatjaq","unripe","  未成熟的(果實)","https://ilrdc.tw/tow/2022/audio/word/25/32_47.wav"
"kizaqazaqav","stealthily","偷偷地","https://ilrdc.tw/tow/2022/audio/word/25/32_48.wav"
"tjuruvu ","numerous","(人)眾多","https://ilrdc.tw/tow/2022/audio/word/25/32_49.wav"
"nasaceqalj","brisk","輕快","https://ilrdc.tw/tow/2022/audio/word/25/32_50.wav"
"qaljeceqec","sour","酸","https://ilrdc.tw/tow/2022/audio/word/25/32_51.wav"
"qapedang","salty","鹹","https://ilrdc.tw/tow/2022/audio/word/25/32_52.wav"
"rinanav","intentional","故意","https://ilrdc.tw/tow/2022/audio/word/25/32_53.wav"
"madjapeng","pulpy","稀爛的","https://ilrdc.tw/tow/2022/audio/word/25/32_54.wav"
"namicaucauan","sturdy","壯碩","https://ilrdc.tw/tow/2022/audio/word/25/32_55.wav"
"nasemulapelj","warm","暖和","https://ilrdc.tw/tow/2022/audio/word/25/32_56.wav"
"mangutjungutju","blunt","鈍的","https://ilrdc.tw/tow/2022/audio/word/25/32_57.wav"
"qeljemud","sweet","甘甜","https://ilrdc.tw/tow/2022/audio/word/25/32_58.wav"
"qudjepadjepal","astringent (taste)","澀澀的(味覺)","https://ilrdc.tw/tow/2022/audio/word/25/32_59.wav"
"saljuvasiv / ljumesamesay","tall and thin","高瘦(身材)","https://ilrdc.tw/tow/2022/audio/word/25/32_60.wav"
"silisili","slant","(傾)斜","https://ilrdc.tw/tow/2022/audio/word/25/32_61.wav"
"lumeljak","soft","軟","https://ilrdc.tw/tow/2022/audio/word/25/32_62.wav"
"kudresul","very hard","很硬","https://ilrdc.tw/tow/2022/audio/word/25/32_63.wav"
"qaveleng","sour smell","酸臭","https://ilrdc.tw/tow/2022/audio/word/25/32_64.wav"
"masevec","straight","直","https://ilrdc.tw/tow/2022/audio/word/25/32_65.wav"
"mapeljuq","full","滿了","https://ilrdc.tw/tow/2022/audio/word/25/32_66.wav"
"namaljenguaq","well","好好的","https://ilrdc.tw/tow/2022/audio/word/25/32_67.wav"
"tjaljiqaca ","(space) spacious","(空間)寬敞","https://ilrdc.tw/tow/2022/audio/word/25/32_68.wav"
"paqulid","correct","正確","https://ilrdc.tw/tow/2022/audio/word/25/32_69.wav"
"saleqeseqeseq","fully wetted","全濕透","https://ilrdc.tw/tow/2022/audio/word/25/32_70.wav"
"ljemenguaq","slowly","慢慢","https://ilrdc.tw/tow/2022/audio/word/25/32_71.wav"
"malaljalalja / ngilungilu","warm","溫的(水)","https://ilrdc.tw/tow/2022/audio/word/25/32_72.wav"
"kudrakudral","coarse","粗(物)","https://ilrdc.tw/tow/2022/audio/word/25/32_73.wav"
"ladruq","long","長","https://ilrdc.tw/tow/2022/audio/word/25/32_74.wav"
"kuljay","fine","細","https://ilrdc.tw/tow/2022/audio/word/25/32_75.wav"
"drikitj","short","短","https://ilrdc.tw/tow/2022/audio/word/25/32_76.wav"
"zemulezul","hot","炎熱","https://ilrdc.tw/tow/2022/audio/word/25/32_77.wav"
"malum","ripen","成熟(果實)","https://ilrdc.tw/tow/2022/audio/word/25/32_78.wav"
"mapeljuq","full","滿滿","https://ilrdc.tw/tow/2022/audio/word/25/32_79.wav"
"sauqaljay","handsome","英俊","https://ilrdc.tw/tow/2022/audio/word/25/32_80.wav"
"djaljemedjem","should","應該","https://ilrdc.tw/tow/2022/audio/word/25/33_01.wav"
"tjara namaitazua","certain","一定","https://ilrdc.tw/tow/2022/audio/word/25/33_02.wav"
"maqati","able","能夠","https://ilrdc.tw/tow/2022/audio/word/25/33_03.wav"
"palemek tu namaitazua","possible","可能","https://ilrdc.tw/tow/2022/audio/word/25/33_04.wav"
"pupalisiyan","celebrate","慶祝","https://ilrdc.tw/tow/2022/audio/word/25/33_05.wav"
"kidjuas","wipe","擦拭","https://ilrdc.tw/tow/2022/audio/word/25/33_06.wav"
"semkaulj","call","使喚","https://ilrdc.tw/tow/2022/audio/word/25/33_07.wav"
"cemipilj","fold","摺疊","https://ilrdc.tw/tow/2022/audio/word/25/34_01.wav"
"micelaq","split open","裂開","https://ilrdc.tw/tow/2022/audio/word/25/34_02.wav"
"semeljudj","use","使用","https://ilrdc.tw/tow/2022/audio/word/25/34_03.wav"
"mulaviq","overflow (like water overflowing)","溢出(如水溢出來)","https://ilrdc.tw/tow/2022/audio/word/25/34_04.wav"
"pusaladj","help","幫忙","https://ilrdc.tw/tow/2022/audio/word/25/34_05.wav"
"sedjekec ","attach","(有東西)附著","https://ilrdc.tw/tow/2022/audio/word/25/34_06.wav"
"patadaud","mix sth. with sth.","混以某物","https://ilrdc.tw/tow/2022/audio/word/25/34_07.wav"
"driqidriqen","shaken","被(搖)動的","https://ilrdc.tw/tow/2022/audio/word/25/34_08.wav"
"kemusekus","erase","刷除","https://ilrdc.tw/tow/2022/audio/word/25/34_09.wav"
"kitarang","depend","依賴","https://ilrdc.tw/tow/2022/audio/word/25/34_10.wav"
"sicaca","pour","倒入","https://ilrdc.tw/tow/2022/audio/word/25/34_11.wav"
" qemceng","block","阻擋","https://ilrdc.tw/tow/2022/audio/word/25/34_12.wav"
"puadjuq","stay","留下","https://ilrdc.tw/tow/2022/audio/word/25/34_13.wav"
"ljingav","sound","聲響","https://ilrdc.tw/tow/2022/audio/word/25/34_14.wav"
"pacalivat","over","超過","https://ilrdc.tw/tow/2022/audio/word/25/34_15.wav"
"macunuq","crumble (of scree slope)","崩落","https://ilrdc.tw/tow/2022/audio/word/25/34_16.wav"
"pasekez / kemuseta","brake","煞車","https://ilrdc.tw/tow/2022/audio/word/25/34_17.wav"
"kemarakim / kemarikim","search","尋找","https://ilrdc.tw/tow/2022/audio/word/25/34_18.wav"
"veneric","throw away","丟棄","https://ilrdc.tw/tow/2022/audio/word/25/34_19.wav"
"papinseg / sikaqilji","prohibit","禁止","https://ilrdc.tw/tow/2022/audio/word/25/34_20.wav"
"izua","there are...","有","https://ilrdc.tw/tow/2022/audio/word/25/34_21.wav"
"tjeza","remain","剩下","https://ilrdc.tw/tow/2022/audio/word/25/34_22.wav"
"lemingedjelj","set up","設置","https://ilrdc.tw/tow/2022/audio/word/25/34_23.wav"
"patagilj","begin","開始","https://ilrdc.tw/tow/2022/audio/word/25/34_24.wav"
"qemacuvung","complete","完成","https://ilrdc.tw/tow/2022/audio/word/25/34_25.wav"
"venuruvur","pick on","找碴","https://ilrdc.tw/tow/2022/audio/word/25/34_26.wav"
"malang ","make","製作(物品)","https://ilrdc.tw/tow/2022/audio/word/25/34_27.wav"
"djemumak","find","找到","https://ilrdc.tw/tow/2022/audio/word/25/34_28.wav"
"qematam","number (calculation)","數(計算)","https://ilrdc.tw/tow/2022/audio/word/25/34_29.wav"
"madringay","trapped","(獵物掉入陷阱)陷中","https://ilrdc.tw/tow/2022/audio/word/25/34_30.wav"
"secugecug","bang","撞擊某物","https://ilrdc.tw/tow/2022/audio/word/25/34_31.wav"
"validin ","rotate","旋轉","https://ilrdc.tw/tow/2022/audio/word/25/34_32.wav"
"mavalitjuku","surround","圍著某物","https://ilrdc.tw/tow/2022/audio/word/25/34_33.wav"
"nanguaq","good","好","https://ilrdc.tw/tow/2022/audio/word/25/34_34.wav"
"masalu","thank you","謝謝","https://ilrdc.tw/tow/2022/audio/word/25/34_35.wav"
"maya malumalj","you’re welcome","不客氣","https://ilrdc.tw/tow/2022/audio/word/25/34_36.wav"
"neka","no","沒有","https://ilrdc.tw/tow/2022/audio/word/25/34_37.wav"
"pumaya","it’s okay","沒關係","https://ilrdc.tw/tow/2022/audio/word/25/34_38.wav"
"ini","don’t","不要","https://ilrdc.tw/tow/2022/audio/word/25/35_01.wav"
"ika maqati","can't","不可以","https://ilrdc.tw/tow/2022/audio/word/25/35_02.wav"
"ini","no (for reply)","不是(回答用)","https://ilrdc.tw/tow/2022/audio/word/25/35_03.wav"
"neka","none (negative of possession)","沒有(表擁有的否定詞)","https://ilrdc.tw/tow/2022/audio/word/25/35_04.wav"
"qaraken","don’t (for the imperative)","不要(祈使句用)","https://ilrdc.tw/tow/2022/audio/word/25/35_05.wav"
"qadjav ","don’t know","不知道","https://ilrdc.tw/tow/2022/audio/word/25/35_06.wav"
"paqulid ","really","真的","https://ilrdc.tw/tow/2022/audio/word/25/36_01.wav"
"i cengceng","in the process of (doing something or happening)","正在","https://ilrdc.tw/tow/2022/audio/word/25/36_02.wav"
"malain","arbitrary","隨意","https://ilrdc.tw/tow/2022/audio/word/25/36_03.wav"
"ika makuda","okay","好的(沒問題)","https://ilrdc.tw/tow/2022/audio/word/25/36_04.wav"
"aya ta  kemuda","because","因為","https://ilrdc.tw/tow/2022/audio/word/25/36_05.wav"
"kimalji kikemuda / kumalji kikemuda","whether","不論","https://ilrdc.tw/tow/2022/audio/word/25/36_06.wav"
"pakirimu","immediately","立即","https://ilrdc.tw/tow/2022/audio/word/25/36_07.wav"
"pacengeceng","enough","足夠","https://ilrdc.tw/tow/2022/audio/word/25/36_08.wav"
"auta / uta","again","再","https://ilrdc.tw/tow/2022/audio/word/25/36_09.wav"
"amin a..","only","只有","https://ilrdc.tw/tow/2022/audio/word/25/36_10.wav"
"sisauniyan","just now","剛剛","https://ilrdc.tw/tow/2022/audio/word/25/36_11.wav"
"kedri","a little","少許","https://ilrdc.tw/tow/2022/audio/word/25/36_12.wav"
"ku vaivaikaiyanan","temporary (leave for a moment)","暫時(離開一下)","https://ilrdc.tw/tow/2022/audio/word/25/36_13.wav"
"niya ku pavavala","never","從不","https://ilrdc.tw/tow/2022/audio/word/25/36_14.wav"
"ika sedaljep","shouldn;t","不該","https://ilrdc.tw/tow/2022/audio/word/25/36_15.wav"
"tjara maitazua","so","所以","https://ilrdc.tw/tow/2022/audio/word/25/36_16.wav"
"ru…","usually","經常","https://ilrdc.tw/tow/2022/audio/word/25/36_17.wav"
"…kata…","with","和","https://ilrdc.tw/tow/2022/audio/word/25/36_18.wav"
"mapalemek","sometimes","偶爾","https://ilrdc.tw/tow/2022/audio/word/25/36_19.wav"
"a ui..","really (auxiliary verb)","是嗎(語助詞)","https://ilrdc.tw/tow/2022/audio/word/25/36_20.wav"
"maitazuayanan","still (not yet)","還(尚未)","https://ilrdc.tw/tow/2022/audio/word/25/36_21.wav"
"nu","if","如果","https://ilrdc.tw/tow/2022/audio/word/25/36_22.wav"
"aravac","very","很","https://ilrdc.tw/tow/2022/audio/word/25/36_23.wav"
"numaitucu","so","如此","https://ilrdc.tw/tow/2022/audio/word/25/36_24.wav"
"kitjara maitazua","also","也","https://ilrdc.tw/tow/2022/audio/word/25/36_25.wav"
"tasauni","just now","剛才","https://ilrdc.tw/tow/2022/audio/word/25/36_26.wav"
"remaketj","whole day","整天","https://ilrdc.tw/tow/2022/audio/word/25/36_27.wav"
"kisavisavid","both","都","https://ilrdc.tw/tow/2022/audio/word/25/36_28.wav"
"kiamin","only","僅僅","https://ilrdc.tw/tow/2022/audio/word/25/36_29.wav"
"kimaljiki / kumaljiki","although","雖然","https://ilrdc.tw/tow/2022/audio/word/25/36_30.wav"
"ti","main marker (in all ethnic languages)","主格標記(各族用語)","https://ilrdc.tw/tow/2022/audio/word/25/36_32.wav"
"tjai","marked (in all ethnic languages)","受格標記(各族用語)","https://ilrdc.tw/tow/2022/audio/word/25/36_33.wav"
"ni","genre marker (in all ethnic languages)","屬格標記(各族用語)","https://ilrdc.tw/tow/2022/audio/word/25/36_34.wav"
"imaza","in (here)","在(這裡)","https://ilrdc.tw/tow/2022/audio/word/25/36_35.wav"
"mapadjulu","do","可以(做某事)","https://ilrdc.tw/tow/2022/audio/word/25/36_36.wav"
"sekapalapalak","fool","傻瓜","https://ilrdc.tw/tow/2022/audio/word/25/36_37.wav"
