"ussiq","one","一","https://ilrdc.tw/tow/2022/audio/word/34/01_01.wav"
"uzusa","two","二","https://ilrdc.tw/tow/2022/audio/word/34/01_02.wav"
"utulu","three","三","https://ilrdc.tw/tow/2022/audio/word/34/01_03.wav"
"usepat","four","四","https://ilrdc.tw/tow/2022/audio/word/34/01_04.wav"
"ulima","five","五","https://ilrdc.tw/tow/2022/audio/word/34/01_05.wav"
"unem","six","六","https://ilrdc.tw/tow/2022/audio/word/34/01_06.wav"
"upitu","seven","七","https://ilrdc.tw/tow/2022/audio/word/34/01_07.wav"
"uwalu","eight","八","https://ilrdc.tw/tow/2022/audio/word/34/01_08.wav"
"usiwa","nine","九","https://ilrdc.tw/tow/2022/audio/word/34/01_09.wav"
"Rabetin","ten","十","https://ilrdc.tw/tow/2022/audio/word/34/01_10.wav"
"Rabetin yau ussiq","eleven","十一","https://ilrdc.tw/tow/2022/audio/word/34/01_11.wav"
"Rabetin yau uzusa","twelve","十二","https://ilrdc.tw/tow/2022/audio/word/34/01_12.wav"
"Rabetin yau utulu","thirteen","十三","https://ilrdc.tw/tow/2022/audio/word/34/01_13.wav"
"Rabetin yau usepat","fourteen","十四","https://ilrdc.tw/tow/2022/audio/word/34/01_14.wav"
"Rabetin yau ulima","fifteen","十五","https://ilrdc.tw/tow/2022/audio/word/34/01_15.wav"
"Rabetin yau unem","sixteen","十六","https://ilrdc.tw/tow/2022/audio/word/34/01_16.wav"
"Rabetin yau upitu","seventeen","十七","https://ilrdc.tw/tow/2022/audio/word/34/01_17.wav"
"Rabetin yau uwalu","eighteen","十八","https://ilrdc.tw/tow/2022/audio/word/34/01_18.wav"
"Rabetin yau usiwa","nineteen","十九","https://ilrdc.tw/tow/2022/audio/word/34/01_19.wav"
"uzusa betin","twenty","二十  ","https://ilrdc.tw/tow/2022/audio/word/34/01_20.wav"
"uzusa betin yau ussiq","twenty one","二十一","https://ilrdc.tw/tow/2022/audio/word/34/01_21.wav"
"uzusa betin yau uzusa","twenty two","二十二","https://ilrdc.tw/tow/2022/audio/word/34/01_22.wav"
"uzusa betin yau utulu","twenty three","二十三","https://ilrdc.tw/tow/2022/audio/word/34/01_23.wav"
"uzusa betin yau usepat","twenty four","二十四","https://ilrdc.tw/tow/2022/audio/word/34/01_24.wav"
"uzusa betin yau ulima","twenty five","二十五","https://ilrdc.tw/tow/2022/audio/word/34/01_25.wav"
"utulu betin","thirty","三十","https://ilrdc.tw/tow/2022/audio/word/34/01_26.wav"
"utulu betin yau ussiq","thirty one","三十一","https://ilrdc.tw/tow/2022/audio/word/34/01_27.wav"
"usepat betin","forty","四十","https://ilrdc.tw/tow/2022/audio/word/34/01_28.wav"
"ulima betin","fifty","五十","https://ilrdc.tw/tow/2022/audio/word/34/01_29.wav"
"unem betin","sixty","六十","https://ilrdc.tw/tow/2022/audio/word/34/01_30.wav"
"upitu betin","seventy","七十","https://ilrdc.tw/tow/2022/audio/word/34/01_31.wav"
"uwalu betin","eighty","八十","https://ilrdc.tw/tow/2022/audio/word/34/01_32.wav"
"usiwa betin","ninety","九十","https://ilrdc.tw/tow/2022/audio/word/34/01_33.wav"
"Rasibu","hundred","百","https://ilrdc.tw/tow/2022/audio/word/34/01_34.wav"
"Rasibu","one hundred","一百","https://ilrdc.tw/tow/2022/audio/word/34/01_35.wav"
"uzusa Rasibu","two hundred","兩百","https://ilrdc.tw/tow/2022/audio/word/34/01_36.wav"
"melalazan","one thousand","一千","https://ilrdc.tw/tow/2022/audio/word/34/01_37.wav"
"kiya","some","一些","https://ilrdc.tw/tow/2022/audio/word/34/01_38.wav"
"kelisa","once","一次","https://ilrdc.tw/tow/2022/audio/word/34/01_39.wav"
"sapenaypayan","bunch","一串","https://ilrdc.tw/tow/2022/audio/word/34/01_40.wav"
"lamangan","kind","種類","https://ilrdc.tw/tow/2022/audio/word/34/01_41.wav"
"salazatan","pair","一雙","https://ilrdc.tw/tow/2022/audio/word/34/01_42.wav"
"meniz","entire","全部","https://ilrdc.tw/tow/2022/audio/word/34/01_43.wav"
"kiyakiya","a little bit","一點點","https://ilrdc.tw/tow/2022/audio/word/34/01_44.wav"
"dadusa","half","一半","https://ilrdc.tw/tow/2022/audio/word/34/01_45.wav"
"aisu","you","你 ","https://ilrdc.tw/tow/2022/audio/word/34/02_01.wav"
"aiku","I","我","https://ilrdc.tw/tow/2022/audio/word/34/02_02.wav"
"aizipna","he","他","https://ilrdc.tw/tow/2022/audio/word/34/02_03.wav"
"aimu","you guys","你們","https://ilrdc.tw/tow/2022/audio/word/34/02_04.wav"
"aimi","us","我們","https://ilrdc.tw/tow/2022/audio/word/34/02_05.wav"
"qaniyau","they","他們","https://ilrdc.tw/tow/2022/audio/word/34/02_06.wav"
"zanumi ay","yours","你們的","https://ilrdc.tw/tow/2022/audio/word/34/02_07.wav"
"zaniaq ay","our","我們的","https://ilrdc.tw/tow/2022/audio/word/34/02_08.wav"
"qaniyau ay","their","他們的","https://ilrdc.tw/tow/2022/audio/word/34/02_09.wav"
"zasu ay","your","你的","https://ilrdc.tw/tow/2022/audio/word/34/02_10.wav"
"zaku ay","mine","我的","https://ilrdc.tw/tow/2022/audio/word/34/02_11.wav"
"zana ay","his","他的","https://ilrdc.tw/tow/2022/audio/word/34/02_12.wav"
"aimi","we (excluded)","我們(排除式)","https://ilrdc.tw/tow/2022/audio/word/34/02_13.wav"
"aita","let’s (inclusive)","咱們(包含式)","https://ilrdc.tw/tow/2022/audio/word/34/02_14.wav"
"zata ay","ours","咱們的","https://ilrdc.tw/tow/2022/audio/word/34/02_15.wav"
"’nay","that","那個","https://ilrdc.tw/tow/2022/audio/word/34/02_16.wav"
"zau","this one","這個","https://ilrdc.tw/tow/2022/audio/word/34/02_17.wav"
"tazian","here","這裡","https://ilrdc.tw/tow/2022/audio/word/34/02_18.wav"
"tawian","there","那裡","https://ilrdc.tw/tow/2022/audio/word/34/02_19.wav"
"nazau","(like) this","(像)這樣","https://ilrdc.tw/tow/2022/audio/word/34/02_20.wav"
"utani","how much","多少","https://ilrdc.tw/tow/2022/audio/word/34/03_01.wav"
"niana","what","什麼","https://ilrdc.tw/tow/2022/audio/word/34/03_02.wav"
"naquni","how","如何","https://ilrdc.tw/tow/2022/audio/word/34/03_03.wav"
"qumni","when (not happening)","何時(未發生)","https://ilrdc.tw/tow/2022/audio/word/34/03_04.wav"
"tiana","who","誰","https://ilrdc.tw/tow/2022/audio/word/34/03_05.wav"
"mayni","which one","哪一個","https://ilrdc.tw/tow/2022/audio/word/34/03_06.wav"
"tanian","where","哪裡","https://ilrdc.tw/tow/2022/audio/word/34/03_07.wav"
"zani tiana ay","Whose is it?","是誰的","https://ilrdc.tw/tow/2022/audio/word/34/03_08.wav"
"manna","what","怎麼","https://ilrdc.tw/tow/2022/audio/word/34/03_09.wav"
"utani","how much","多少(歲；物)","https://ilrdc.tw/tow/2022/audio/word/34/03_10.wav"
"utani","how much (degree size)"," 多少(程度大小)","https://ilrdc.tw/tow/2022/audio/word/34/03_11.wav"
"tanian","where","什麼地方","https://ilrdc.tw/tow/2022/audio/word/34/03_12.wav"
"qumni","when (has happened)","何時(已發生)","https://ilrdc.tw/tow/2022/audio/word/34/03_13.wav"
"manna","why","為什麼","https://ilrdc.tw/tow/2022/audio/word/34/03_14.wav"
"tama","dad","爸爸","https://ilrdc.tw/tow/2022/audio/word/34/04_01.wav"
"tina","mom","媽媽","https://ilrdc.tw/tow/2022/audio/word/34/04_02.wav"
"qenasuani","cousins","堂、表兄弟姐妹","https://ilrdc.tw/tow/2022/audio/word/34/04_03.wav"
"baqi","male elder (grandfather; father-in-law)","男性長輩(祖父；外公；岳父)","https://ilrdc.tw/tow/2022/audio/word/34/04_04.wav"
"bai","female elder (grandmother; mother-in-law)","女性長輩(祖母；外婆；岳母)","https://ilrdc.tw/tow/2022/audio/word/34/04_05.wav"
"qenasuani","relative","親戚","https://ilrdc.tw/tow/2022/audio/word/34/04_06.wav"
"tisin","spouse","配偶","https://ilrdc.tw/tow/2022/audio/word/34/04_07.wav"
"kedabu","daughter’s husband","女婿","https://ilrdc.tw/tow/2022/audio/word/34/04_08.wav"
"tengan","wife’s brother","舅子","https://ilrdc.tw/tow/2022/audio/word/34/04_09.wav"
"tengan","sister-in-law","弟媳","https://ilrdc.tw/tow/2022/audio/word/34/04_10.wav"
"tengan","older brother’s wife","嫂嫂","https://ilrdc.tw/tow/2022/audio/word/34/04_11.wav"
"kedabu","daughter-in-law","媳婦","https://ilrdc.tw/tow/2022/audio/word/34/04_12.wav"
"baqi/ bai","grandchild","孫子/孫女","https://ilrdc.tw/tow/2022/audio/word/34/04_13.wav"
"nannapaw","husband and wife","夫妻","https://ilrdc.tw/tow/2022/audio/word/34/04_14.wav"
"napawan","husband","丈夫、妻子","https://ilrdc.tw/tow/2022/audio/word/34/04_15.wav"
"nansuani","sibling","兄弟姊妹","https://ilrdc.tw/tow/2022/audio/word/34/04_17.wav"
"qaqa","brother","兄長","https://ilrdc.tw/tow/2022/audio/word/34/04_18.wav"
"qaqa","brother and sister","(哥哥；姊姊)通稱","https://ilrdc.tw/tow/2022/audio/word/34/04_19.wav"
"qaqa","older sister","姊姊","https://ilrdc.tw/tow/2022/audio/word/34/04_20.wav"
"qaqa","older brother","哥哥","https://ilrdc.tw/tow/2022/audio/word/34/04_21.wav"
"suani","brother and sister","(弟弟；妹妹)通稱","https://ilrdc.tw/tow/2022/audio/word/34/04_22.wav"
"suani","younger brother","弟弟","https://ilrdc.tw/tow/2022/audio/word/34/04_23.wav"
"suani","younger sister","妹妹","https://ilrdc.tw/tow/2022/audio/word/34/04_24.wav"
"tama/ baqi","uncle","(伯父；叔叔；舅舅)通稱","https://ilrdc.tw/tow/2022/audio/word/34/04_25.wav"
"tina/bai","aunt","(伯母；嬸嬸；舅母)通稱  ","https://ilrdc.tw/tow/2022/audio/word/34/04_26.wav"
"nangan","name","名字","https://ilrdc.tw/tow/2022/audio/word/34/05_01.wav"
"Runanay","boy","男孩","https://ilrdc.tw/tow/2022/audio/word/34/05_02.wav"
"tazungan","girl","女孩","https://ilrdc.tw/tow/2022/audio/word/34/05_03.wav"
"kaput","friend","朋友","https://ilrdc.tw/tow/2022/audio/word/34/05_04.wav"
"sunis","child","孩童","https://ilrdc.tw/tow/2022/audio/word/34/05_05.wav"
"baqian","elderly people","老人家","https://ilrdc.tw/tow/2022/audio/word/34/05_06.wav"
"tazungan","female","女性","https://ilrdc.tw/tow/2022/audio/word/34/05_07.wav"
"Runanay","male","男性","https://ilrdc.tw/tow/2022/audio/word/34/05_08.wav"
"lazat","people","人","https://ilrdc.tw/tow/2022/audio/word/34/05_09.wav"
"ising","doctor","醫生","https://ilrdc.tw/tow/2022/audio/word/34/05_10.wav"
"patudan","teacher","老師","https://ilrdc.tw/tow/2022/audio/word/34/05_11.wav"
"qenabid","enemy","敵人","https://ilrdc.tw/tow/2022/audio/word/34/05_12.wav"
"Raya","sir","長官","https://ilrdc.tw/tow/2022/audio/word/34/05_13.wav"
"peRanisan","hooliganism","流氓","https://ilrdc.tw/tow/2022/audio/word/34/05_14.wav"
"tayzin","police","警察","https://ilrdc.tw/tow/2022/audio/word/34/05_15.wav"
"tengabulan","ethnic group (Taiwan), "plain tribes","平埔族","https://ilrdc.tw/tow/2022/audio/word/34/05_16.wav"
"paRin","Hakka people","客家人","https://ilrdc.tw/tow/2022/audio/word/34/05_17.wav"
"kuciw","principal","校長","https://ilrdc.tw/tow/2022/audio/word/34/05_18.wav"
"busus","Min Nan (Taiwanese)","閩南人","https://ilrdc.tw/tow/2022/audio/word/34/05_19.wav"
"sining","young people","青年","https://ilrdc.tw/tow/2022/audio/word/34/05_20.wav"
"simpu","(spiritual) father","神父","https://ilrdc.tw/tow/2022/audio/word/34/05_21.wav"
"hulam","mainlander","外省人","https://ilrdc.tw/tow/2022/audio/word/34/05_23.wav"
"kaying","miss","小姐","https://ilrdc.tw/tow/2022/audio/word/34/05_24.wav"
"pataqsian","student","學生","https://ilrdc.tw/tow/2022/audio/word/34/05_25.wav"
"kayal","ear","耳朵","https://ilrdc.tw/tow/2022/audio/word/34/06_01.wav"
"penaniyan","thigh","大腿","https://ilrdc.tw/tow/2022/audio/word/34/06_02.wav"
"mata","eye","眼睛","https://ilrdc.tw/tow/2022/audio/word/34/06_03.wav"
"zais","face","臉","https://ilrdc.tw/tow/2022/audio/word/34/06_04.wav"
"ngibiR","mouth","嘴巴","https://ilrdc.tw/tow/2022/audio/word/34/06_05.wav"
"uRu","head","頭","https://ilrdc.tw/tow/2022/audio/word/34/06_06.wav"
"qenuqus","fingernail","指甲","https://ilrdc.tw/tow/2022/audio/word/34/06_07.wav"
"lima","hand","手","https://ilrdc.tw/tow/2022/audio/word/34/06_08.wav"
"izip","body","身體","https://ilrdc.tw/tow/2022/audio/word/34/06_09.wav"
"unung","nose","鼻子","https://ilrdc.tw/tow/2022/audio/word/34/06_10.wav"
"zapan","foot","腳","https://ilrdc.tw/tow/2022/audio/word/34/06_11.wav"
"bangRaw","teeth","牙齒","https://ilrdc.tw/tow/2022/audio/word/34/06_12.wav"
"buqes","hair","頭髮","https://ilrdc.tw/tow/2022/audio/word/34/06_13.wav"
"Rinang","blood","血","https://ilrdc.tw/tow/2022/audio/word/34/06_14.wav"
"’si","meat","肉","https://ilrdc.tw/tow/2022/audio/word/34/06_15.wav"
"tenguRed","forehead","額頭","https://ilrdc.tw/tow/2022/audio/word/34/06_16.wav"
"bedes","belly","肚子","https://ilrdc.tw/tow/2022/audio/word/34/06_17.wav"
"sisu","breast","乳房","https://ilrdc.tw/tow/2022/audio/word/34/06_18.wav"
"betis","calf","小腿肚","https://ilrdc.tw/tow/2022/audio/word/34/06_19.wav"
"teqiyaR","shoulder","肩膀","https://ilrdc.tw/tow/2022/audio/word/34/06_20.wav"
"ngazuy","chin","下巴","https://ilrdc.tw/tow/2022/audio/word/34/06_21.wav"
"tuRuz","back","背部","https://ilrdc.tw/tow/2022/audio/word/34/06_22.wav"
"lubung","skin","皮","https://ilrdc.tw/tow/2022/audio/word/34/06_23.wav"
"zaszas","thoracic cavity","胸腔","https://ilrdc.tw/tow/2022/audio/word/34/06_24.wav"
"sudaq","male genitalia","男性生殖器","https://ilrdc.tw/tow/2022/audio/word/34/06_25.wav"
"piqiq","female genitalia","女性生殖器","https://ilrdc.tw/tow/2022/audio/word/34/06_26.wav"
"badaq","lung","肺","https://ilrdc.tw/tow/2022/audio/word/34/06_27.wav"
"anem","heart","心臟","https://ilrdc.tw/tow/2022/audio/word/34/06_28.wav"
"siku","elbow","手肘","https://ilrdc.tw/tow/2022/audio/word/34/06_29.wav"
"ngangay","saliva","口水","https://ilrdc.tw/tow/2022/audio/word/34/06_30.wav"
"tusuz","knee","膝蓋","https://ilrdc.tw/tow/2022/audio/word/34/06_31.wav"
"luzit","wound","傷口","https://ilrdc.tw/tow/2022/audio/word/34/06_32.wav"
"puqenanan","stomach","胃","https://ilrdc.tw/tow/2022/audio/word/34/06_33.wav"
"penazengitan","liver","肝臟","https://ilrdc.tw/tow/2022/audio/word/34/06_34.wav"
"qat","phlegm","痰","https://ilrdc.tw/tow/2022/audio/word/34/06_35.wav"
"beluhuk","goiter","甲狀腺腫","https://ilrdc.tw/tow/2022/audio/word/34/06_36.wav"
"siti","grease","油脂","https://ilrdc.tw/tow/2022/audio/word/34/06_37.wav"
"beRing","rib","肋骨","https://ilrdc.tw/tow/2022/audio/word/34/06_38.wav"
"pinneng","gallbladder","膽囊","https://ilrdc.tw/tow/2022/audio/word/34/06_39.wav"
"semuRaya","thumb","拇指","https://ilrdc.tw/tow/2022/audio/word/34/06_40.wav"
"qeluqung","throat","喉嚨","https://ilrdc.tw/tow/2022/audio/word/34/06_41.wav"
"lidam","tongue","舌頭","https://ilrdc.tw/tow/2022/audio/word/34/06_42.wav"
"sawaq","waist","腰部","https://ilrdc.tw/tow/2022/audio/word/34/06_43.wav"
"tenuded","finger","手指","https://ilrdc.tw/tow/2022/audio/word/34/06_44.wav"
"Rumzang","sweat","汗水","https://ilrdc.tw/tow/2022/audio/word/34/06_46.wav"
"lulen","neck","脖子","https://ilrdc.tw/tow/2022/audio/word/34/06_47.wav"
"nguit","nasal mucus","鼻涕","https://ilrdc.tw/tow/2022/audio/word/34/06_48.wav"
"tatas","joint","關節","https://ilrdc.tw/tow/2022/audio/word/34/06_49.wav"
"punuz","buttocks","臀部","https://ilrdc.tw/tow/2022/audio/word/34/06_50.wav"
"Ruqap na zapan","the sole of the foot","腳掌","https://ilrdc.tw/tow/2022/audio/word/34/06_51.wav"
"lulen","neck","頸子","https://ilrdc.tw/tow/2022/audio/word/34/06_52.wav"
"qedqedan","armpit","腋窩","https://ilrdc.tw/tow/2022/audio/word/34/06_53.wav"
"meRapuq","kidney","腎臟","https://ilrdc.tw/tow/2022/audio/word/34/06_54.wav"
"tubil","lip","嘴唇","https://ilrdc.tw/tow/2022/audio/word/34/06_55.wav"
"banus","fur","毛","https://ilrdc.tw/tow/2022/audio/word/34/06_56.wav"
"liqud","tail","尾巴","https://ilrdc.tw/tow/2022/audio/word/34/07_01.wav"
"babuy","pig","豬","https://ilrdc.tw/tow/2022/audio/word/34/07_02.wav"
"wasu","dog","狗","https://ilrdc.tw/tow/2022/audio/word/34/07_03.wav"
"sizi","sheep","羊","https://ilrdc.tw/tow/2022/audio/word/34/07_04.wav"
"saku","cat","貓","https://ilrdc.tw/tow/2022/audio/word/34/07_05.wav"
"adam","bird","鳥","https://ilrdc.tw/tow/2022/audio/word/34/07_06.wav"
"baut","fish","魚","https://ilrdc.tw/tow/2022/audio/word/34/07_07.wav"
"telaquq","chicken","雞","https://ilrdc.tw/tow/2022/audio/word/34/07_08.wav"
"Rutung","monkey","猴子","https://ilrdc.tw/tow/2022/audio/word/34/07_09.wav"
"qabaw","cattle","牛","https://ilrdc.tw/tow/2022/audio/word/34/07_10.wav"
"mutun","mice (collectively)","老鼠(統稱)","https://ilrdc.tw/tow/2022/audio/word/34/07_11.wav"
"biyat","frog","青蛙","https://ilrdc.tw/tow/2022/audio/word/34/07_12.wav"
"kuu","owl","貓頭鷹","https://ilrdc.tw/tow/2022/audio/word/34/07_13.wav"
"iRem","pangolin (manis pentadactylata)","穿山甲","https://ilrdc.tw/tow/2022/audio/word/34/07_14.wav"
"babuy na naung","boar","山豬","https://ilrdc.tw/tow/2022/audio/word/34/07_15.wav"
"banul","feral pigeon","野鴿子","https://ilrdc.tw/tow/2022/audio/word/34/07_16.wav"
"qeluqut","insect (collectively)","蟲(統稱)","https://ilrdc.tw/tow/2022/audio/word/34/07_17.wav"
"dequnu","turtle","烏龜","https://ilrdc.tw/tow/2022/audio/word/34/07_18.wav"
"siqqay","snake","蛇","https://ilrdc.tw/tow/2022/audio/word/34/07_19.wav"
"lawal","flying squirrel","飛鼠","https://ilrdc.tw/tow/2022/audio/word/34/07_20.wav"
"luqenaw","leopard","豹","https://ilrdc.tw/tow/2022/audio/word/34/07_21.wav"
"siRemuq","sambar (cervus eldii)","水鹿","https://ilrdc.tw/tow/2022/audio/word/34/07_22.wav"
"tumay","bear","熊","https://ilrdc.tw/tow/2022/audio/word/34/07_23.wav"
"melimu","muntiacus reevesi","山羌","https://ilrdc.tw/tow/2022/audio/word/34/07_24.wav"
"sipes","cockroach","蟑螂","https://ilrdc.tw/tow/2022/audio/word/34/07_25.wav"
"putit","dragonfly","蜻蜓","https://ilrdc.tw/tow/2022/audio/word/34/07_26.wav"
"pulaw","butterfly","蝴蝶","https://ilrdc.tw/tow/2022/audio/word/34/07_27.wav"
"paqaw","spider","蜘蛛","https://ilrdc.tw/tow/2022/audio/word/34/07_28.wav"
"lapis","squirrel","松鼠","https://ilrdc.tw/tow/2022/audio/word/34/07_30.wav"
"melabaw","vole","田鼠","https://ilrdc.tw/tow/2022/audio/word/34/07_31.wav"
"Ris","mosquitoe","蚊子","https://ilrdc.tw/tow/2022/audio/word/34/07_32.wav"
"qutu","head louse","頭蝨","https://ilrdc.tw/tow/2022/audio/word/34/07_33.wav"
"langaw","fly","蒼蠅","https://ilrdc.tw/tow/2022/audio/word/34/07_34.wav"
"pennay","honeybee","蜜蜂","https://ilrdc.tw/tow/2022/audio/word/34/07_35.wav"
"tama","male (animal)","雄性(動物)","https://ilrdc.tw/tow/2022/audio/word/34/07_36.wav"
"bulek na babuy","suckling pig","乳豬","https://ilrdc.tw/tow/2022/audio/word/34/07_37.wav"
"kelaba","duck","鴨","https://ilrdc.tw/tow/2022/audio/word/34/07_38.wav"
"keladut","earthworm","蚯蚓","https://ilrdc.tw/tow/2022/audio/word/34/07_39.wav"
"neRasuR","animal giblets","動物的內臟","https://ilrdc.tw/tow/2022/audio/word/34/07_40.wav"
"pennay","wasp","蜂","https://ilrdc.tw/tow/2022/audio/word/34/07_41.wav"
"qabus","shrimp","蝦","https://ilrdc.tw/tow/2022/audio/word/34/07_42.wav"
"zu’","elephant","大象","https://ilrdc.tw/tow/2022/audio/word/34/07_43.wav"
"kebayu","horse","馬","https://ilrdc.tw/tow/2022/audio/word/34/07_44.wav"
"tina","female (animal)","雌性(動物)","https://ilrdc.tw/tow/2022/audio/word/34/07_45.wav"
"waRang","crab","螃蟹","https://ilrdc.tw/tow/2022/audio/word/34/07_46.wav"
"lalay","cicada","蟬","https://ilrdc.tw/tow/2022/audio/word/34/07_47.wav"
"baqi","hundred-pace snake","百步蛇","https://ilrdc.tw/tow/2022/audio/word/34/07_48.wav"
"pakuz","wing","翅膀","https://ilrdc.tw/tow/2022/audio/word/34/07_49.wav"
"pelikid","bat","蝙蝠","https://ilrdc.tw/tow/2022/audio/word/34/07_50.wav"
"luli’","snail","蝸牛","https://ilrdc.tw/tow/2022/audio/word/34/07_51.wav"
"mulin","sparrow","麻雀","https://ilrdc.tw/tow/2022/audio/word/34/07_52.wav"
"pesaisaitan","stag beetle","鍬形蟲","https://ilrdc.tw/tow/2022/audio/word/34/07_53.wav"
"qiyul","eagle","老鷹","https://ilrdc.tw/tow/2022/audio/word/34/07_54.wav"
"luzem","ant","螞蟻","https://ilrdc.tw/tow/2022/audio/word/34/07_55.wav"
"engu","goose","鵝","https://ilrdc.tw/tow/2022/audio/word/34/07_56.wav"
"RipRip","nest","窩巢","https://ilrdc.tw/tow/2022/audio/word/34/07_58.wav"
"tuliq","hornet","虎頭蜂","https://ilrdc.tw/tow/2022/audio/word/34/07_59.wav"
"timRa","flea","跳蚤","https://ilrdc.tw/tow/2022/audio/word/34/07_60.wav"
"bibing","cobra","眼鏡蛇","https://ilrdc.tw/tow/2022/audio/word/34/07_61.wav"
"qaq","crow","烏鴉","https://ilrdc.tw/tow/2022/audio/word/34/07_62.wav"
"titu","puppy","幼犬","https://ilrdc.tw/tow/2022/audio/word/34/07_63.wav"
"waki","horn","(動物的)角","https://ilrdc.tw/tow/2022/audio/word/34/07_64.wav"
"tebuquR","grasshopper","蚱蜢","https://ilrdc.tw/tow/2022/audio/word/34/07_65.wav"
"benina","banana","香蕉","https://ilrdc.tw/tow/2022/audio/word/34/08_01.wav"
"sabaq","paddy","稻穀","https://ilrdc.tw/tow/2022/audio/word/34/08_02.wav"
"paRin","tree","樹","https://ilrdc.tw/tow/2022/audio/word/34/08_03.wav"
"sebata","taro","芋頭","https://ilrdc.tw/tow/2022/audio/word/34/08_04.wav"
"tebus","sugar cane","甘蔗","https://ilrdc.tw/tow/2022/audio/word/34/08_05.wav"
"biRi","leaf","葉子","https://ilrdc.tw/tow/2022/audio/word/34/08_06.wav"
"qawpiR","sweet potato","甘藷","https://ilrdc.tw/tow/2022/audio/word/34/08_07.wav"
"mulu","tangerine","柑橘","https://ilrdc.tw/tow/2022/audio/word/34/08_08.wav"
"simau","flower","花朵","https://ilrdc.tw/tow/2022/audio/word/34/08_09.wav"
"salu","pumpkin","南瓜","https://ilrdc.tw/tow/2022/audio/word/34/08_10.wav"
"suway","weed","雜草","https://ilrdc.tw/tow/2022/audio/word/34/08_11.wav"
"mais","corn","玉米","https://ilrdc.tw/tow/2022/audio/word/34/08_12.wav"
"dadas","betel nut","檳榔","https://ilrdc.tw/tow/2022/audio/word/34/08_13.wav"
"tenayan","bamboo","竹子","https://ilrdc.tw/tow/2022/audio/word/34/08_14.wav"
"pising","branch","樹枝","https://ilrdc.tw/tow/2022/audio/word/34/08_15.wav"
"’si","fruit","(植物的)果實","https://ilrdc.tw/tow/2022/audio/word/34/08_16.wav"
"nunay","bamboo shoot","竹筍","https://ilrdc.tw/tow/2022/audio/word/34/08_17.wav"
"baniw","edible mushroom","香菇","https://ilrdc.tw/tow/2022/audio/word/34/08_18.wav"
"unglay","pineapple","鳳梨","https://ilrdc.tw/tow/2022/audio/word/34/08_19.wav"
"suway","grass","草","https://ilrdc.tw/tow/2022/audio/word/34/08_20.wav"
"bates","rattan","藤類","https://ilrdc.tw/tow/2022/audio/word/34/08_21.wav"
"lupas","peach","桃子","https://ilrdc.tw/tow/2022/audio/word/34/08_22.wav"
"sinsuli","plum","李子","https://ilrdc.tw/tow/2022/audio/word/34/08_23.wav"
"suykuo","fruit","水果","https://ilrdc.tw/tow/2022/audio/word/34/08_24.wav"
"beRuR","treetop","樹頭","https://ilrdc.tw/tow/2022/audio/word/34/08_25.wav"
"kayal na mutun","agaric","木耳","https://ilrdc.tw/tow/2022/audio/word/34/08_26.wav"
"mutideng","tomatoe","蕃茄","https://ilrdc.tw/tow/2022/audio/word/34/08_27.wav"
"Rabas","root","樹根","https://ilrdc.tw/tow/2022/audio/word/34/08_28.wav"
"taquqan","wild lily","野百合","https://ilrdc.tw/tow/2022/audio/word/34/08_29.wav"
"pengilit","giant elephant's ear","姑婆芋","https://ilrdc.tw/tow/2022/audio/word/34/08_30.wav"
"qebangaRan","cucumber","胡瓜","https://ilrdc.tw/tow/2022/audio/word/34/08_31.wav"
"kelibakib","bird-nest fern","山蘇","https://ilrdc.tw/tow/2022/audio/word/34/08_32.wav"
"saytaw","carrot","胡蘿蔔","https://ilrdc.tw/tow/2022/audio/word/34/08_33.wav"
"ingsay","cabbage","空心菜","https://ilrdc.tw/tow/2022/audio/word/34/08_34.wav"
"qemiduday","yard-long bean","長豆","https://ilrdc.tw/tow/2022/audio/word/34/08_35.wav"
"kasa","green bean","綠豆","https://ilrdc.tw/tow/2022/audio/word/34/08_36.wav"
"belaysan","wheat","麥","https://ilrdc.tw/tow/2022/audio/word/34/08_37.wav"
"kenaw","green onion","蔥","https://ilrdc.tw/tow/2022/audio/word/34/08_38.wav"
"lubas na kasa","bean sprout","豆芽","https://ilrdc.tw/tow/2022/audio/word/34/08_39.wav"
"beRasuk","yam","山藥","https://ilrdc.tw/tow/2022/audio/word/34/08_41.wav"
"bangun","cypress","檜木","https://ilrdc.tw/tow/2022/audio/word/34/08_42.wav"
"lubas","seedling","幼苗","https://ilrdc.tw/tow/2022/audio/word/34/08_43.wav"
"tissan","seed","種子","https://ilrdc.tw/tow/2022/audio/word/34/08_44.wav"
"Raynuq","wild strawberry","野草莓","https://ilrdc.tw/tow/2022/audio/word/34/08_45.wav"
"umei","plum","梅子","https://ilrdc.tw/tow/2022/audio/word/34/08_46.wav"
"qutay","vegetable fern","過貓","https://ilrdc.tw/tow/2022/audio/word/34/08_47.wav"
"sakula","Taiwan cherry","山櫻花","https://ilrdc.tw/tow/2022/audio/word/34/08_48.wav"
"pelating","stinging nettle","咬人貓","https://ilrdc.tw/tow/2022/audio/word/34/08_49.wav"
"imus","mountain litsea","山胡椒","https://ilrdc.tw/tow/2022/audio/word/34/08_50.wav"
"daung","pigeon pea","樹豆","https://ilrdc.tw/tow/2022/audio/word/34/08_51.wav"
"tebaqan/ tubaqan","grapefruit","柚子","https://ilrdc.tw/tow/2022/audio/word/34/08_52.wav"
"tebaku","tobacco","菸草","https://ilrdc.tw/tow/2022/audio/word/34/08_53.wav"
"sidi’","pepper (generic term)","辣椒(通稱)","https://ilrdc.tw/tow/2022/audio/word/34/08_54.wav"
"kepuwa’","cotton","棉花","https://ilrdc.tw/tow/2022/audio/word/34/08_55.wav"
"qawpiR","sweet potato","地瓜","https://ilrdc.tw/tow/2022/audio/word/34/08_56.wav"
"biyabas","guava","番石榴","https://ilrdc.tw/tow/2022/audio/word/34/08_57.wav"
"sudad","book","書","https://ilrdc.tw/tow/2022/audio/word/34/09_01.wav"
"kelisiw","money","錢","https://ilrdc.tw/tow/2022/audio/word/34/09_02.wav"
"mali","ball","球","https://ilrdc.tw/tow/2022/audio/word/34/09_03.wav"
"takan","table","桌子","https://ilrdc.tw/tow/2022/audio/word/34/09_04.wav"
"dingwa","telephone","電話","https://ilrdc.tw/tow/2022/audio/word/34/09_05.wav"
"bilu","pen","筆","https://ilrdc.tw/tow/2022/audio/word/34/09_06.wav"
"qaddan","chair","椅子","https://ilrdc.tw/tow/2022/audio/word/34/09_07.wav"
"iyu","medicine","藥物","https://ilrdc.tw/tow/2022/audio/word/34/09_08.wav"
"tiannaw","computer","電腦","https://ilrdc.tw/tow/2022/audio/word/34/09_09.wav"
"qawsua","umbrella","雨傘","https://ilrdc.tw/tow/2022/audio/word/34/09_10.wav"
"duki","watch","手錶","https://ilrdc.tw/tow/2022/audio/word/34/09_11.wav"
"duki","clocks and watches","鐘錶","https://ilrdc.tw/tow/2022/audio/word/34/09_12.wav"
"kaw","hook","鉤子","https://ilrdc.tw/tow/2022/audio/word/34/09_13.wav"
"qelizen","fine line","細線","https://ilrdc.tw/tow/2022/audio/word/34/09_14.wav"
"Rais","rope","繩索","https://ilrdc.tw/tow/2022/audio/word/34/09_15.wav"
"lazum","needle","針","https://ilrdc.tw/tow/2022/audio/word/34/09_16.wav"
"saRu","wooden pestle","木杵","https://ilrdc.tw/tow/2022/audio/word/34/09_17.wav"
"pising","twig"," 枝條","https://ilrdc.tw/tow/2022/audio/word/34/09_18.wav"
"niniR","sieve","篩子","https://ilrdc.tw/tow/2022/audio/word/34/09_19.wav"
"Rabis","knife","小刀","https://ilrdc.tw/tow/2022/audio/word/34/09_20.wav"
"bawa’","ship","船隻","https://ilrdc.tw/tow/2022/audio/word/34/09_21.wav"
"sait","scissor","剪刀","https://ilrdc.tw/tow/2022/audio/word/34/09_22.wav"
"bilu","charcoal","木炭","https://ilrdc.tw/tow/2022/audio/word/34/09_23.wav"
"bekisi","bucket","水桶","https://ilrdc.tw/tow/2022/audio/word/34/09_24.wav"
"paniwsan","fishing rod","釣竿","https://ilrdc.tw/tow/2022/audio/word/34/09_25.wav"
"siRit","bamboo tube","竹筒","https://ilrdc.tw/tow/2022/audio/word/34/09_26.wav"
"dingki/sinut","light","電燈","https://ilrdc.tw/tow/2022/audio/word/34/09_27.wav"
"tub","lid","蓋子","https://ilrdc.tw/tow/2022/audio/word/34/09_28.wav"
"sakiz","spatula","(竹製的)刮麻具","https://ilrdc.tw/tow/2022/audio/word/34/09_29.wav"
"zaqi","filth","污垢","https://ilrdc.tw/tow/2022/audio/word/34/09_30.wav"
"ingsung","wooden mortar","木臼","https://ilrdc.tw/tow/2022/audio/word/34/09_31.wav"
"siqaR","quilt","棉被","https://ilrdc.tw/tow/2022/audio/word/34/09_32.wav"
"kaysing","bowl","碗","https://ilrdc.tw/tow/2022/audio/word/34/09_33.wav"
"salil","net","網子","https://ilrdc.tw/tow/2022/audio/word/34/09_34.wav"
"siuy","rice cooker","飯鍋","https://ilrdc.tw/tow/2022/audio/word/34/09_35.wav"
"RiRi","saw","鋸子","https://ilrdc.tw/tow/2022/audio/word/34/09_36.wav"
"tepuluk","paper","紙張","https://ilrdc.tw/tow/2022/audio/word/34/09_37.wav"
"awa","cup","杯子","https://ilrdc.tw/tow/2022/audio/word/34/09_38.wav"
"Ribang na palawisan","fishing tackle","釣具","https://ilrdc.tw/tow/2022/audio/word/34/09_39.wav"
"lubus","bag","袋子","https://ilrdc.tw/tow/2022/audio/word/34/09_40.wav"
"siansi","turner","鍋鏟","https://ilrdc.tw/tow/2022/audio/word/34/09_41.wav"
"putaw","axe","斧頭","https://ilrdc.tw/tow/2022/audio/word/34/09_42.wav"
"qipitan","tong","夾子","https://ilrdc.tw/tow/2022/audio/word/34/09_43.wav"
"qinpan","bedding","床舖","https://ilrdc.tw/tow/2022/audio/word/34/09_44.wav"
"akaway","stalk","梗","https://ilrdc.tw/tow/2022/audio/word/34/09_45.wav"
"paninguan","mirror","鏡子","https://ilrdc.tw/tow/2022/audio/word/34/09_46.wav"
"Ribang","tool","工具","https://ilrdc.tw/tow/2022/audio/word/34/09_47.wav"
"bedayang","wok","弧形(底)鍋","https://ilrdc.tw/tow/2022/audio/word/34/09_48.wav"
"ibu","charcoal ash","炭灰","https://ilrdc.tw/tow/2022/audio/word/34/09_49.wav"
"peRasku","bottle","瓶子","https://ilrdc.tw/tow/2022/audio/word/34/09_50.wav"
"qadud","spoon","湯匙","https://ilrdc.tw/tow/2022/audio/word/34/09_51.wav"
"piyaz","dish","菜盤","https://ilrdc.tw/tow/2022/audio/word/34/09_52.wav"
"siasing","photograph","相片","https://ilrdc.tw/tow/2022/audio/word/34/09_53.wav"
"sabun","soap","肥皂","https://ilrdc.tw/tow/2022/audio/word/34/09_54.wav"
" bubu","filter net","濾酒渣網","https://ilrdc.tw/tow/2022/audio/word/34/09_55.wav"
"inat","comb","梳子","https://ilrdc.tw/tow/2022/audio/word/34/09_56.wav"
"subuq","sling","揹帶","https://ilrdc.tw/tow/2022/audio/word/34/09_57.wav"
"paiz","fan","扇子","https://ilrdc.tw/tow/2022/audio/word/34/09_58.wav"
"pilit","stockpot","湯鍋","https://ilrdc.tw/tow/2022/audio/word/34/09_59.wav"
"qaRu","water ladle (for scooping water up)","水瓢(舀水用)","https://ilrdc.tw/tow/2022/audio/word/34/09_60.wav"
"suRena ay qabtuan","refrigerator","電冰箱","https://ilrdc.tw/tow/2022/audio/word/34/09_61.wav"
"tilibi","television","電視","https://ilrdc.tw/tow/2022/audio/word/34/09_62.wav"
"sisil","pipe","水管","https://ilrdc.tw/tow/2022/audio/word/34/09_63.wav"
"ingRuan","pillow","枕頭","https://ilrdc.tw/tow/2022/audio/word/34/09_64.wav"
"samukun","hammer","鐵鎚","https://ilrdc.tw/tow/2022/audio/word/34/09_65.wav"
"balis","Iron nail","鐵釘","https://ilrdc.tw/tow/2022/audio/word/34/09_66.wav"
"tingas","the thing stuck between the teeth","卡在牙縫之物","https://ilrdc.tw/tow/2022/audio/word/34/09_67.wav"
"saytu","cleaver","菜刀","https://ilrdc.tw/tow/2022/audio/word/34/09_68.wav"
"salil","fishing net","魚網","https://ilrdc.tw/tow/2022/audio/word/34/09_69.wav"
"sasupasan","eraser","橡皮擦","https://ilrdc.tw/tow/2022/audio/word/34/09_70.wav"
"qawas","basket","簍子","https://ilrdc.tw/tow/2022/audio/word/34/09_71.wav"
"lazan","road","道路","https://ilrdc.tw/tow/2022/audio/word/34/10_01.wav"
"paRpaRin","wooded mountain","山林","https://ilrdc.tw/tow/2022/audio/word/34/10_02.wav"
"iRuR","creek","小溪","https://ilrdc.tw/tow/2022/audio/word/34/10_03.wav"
"bali","wind","風","https://ilrdc.tw/tow/2022/audio/word/34/10_04.wav"
"buqan","sand","沙子","https://ilrdc.tw/tow/2022/audio/word/34/10_05.wav"
"melanay","soil","泥土","https://ilrdc.tw/tow/2022/audio/word/34/10_06.wav"
"iRuR","stream","河流","https://ilrdc.tw/tow/2022/audio/word/34/10_07.wav"
"betuq","lake","湖泊","https://ilrdc.tw/tow/2022/audio/word/34/10_08.wav"
"paRpaRin","forest","森林","https://ilrdc.tw/tow/2022/audio/word/34/10_09.wav"
"ngaqat","crevice","縫隙","https://ilrdc.tw/tow/2022/audio/word/34/10_10.wav"
"dihib/ deqi","cave","洞穴","https://ilrdc.tw/tow/2022/audio/word/34/10_11.wav"
"libeng na naung","at the foot of the mountain","山腳下","https://ilrdc.tw/tow/2022/audio/word/34/10_12.wav"
"nitapan melanay","mound","土堆","https://ilrdc.tw/tow/2022/audio/word/34/10_13.wav"
"dihib/ deqi","cavern","岩洞","https://ilrdc.tw/tow/2022/audio/word/34/10_14.wav"
"puRuR","grassland","草原","https://ilrdc.tw/tow/2022/audio/word/34/10_15.wav"
"mammaq ay butbut","hot spring","溫泉","https://ilrdc.tw/tow/2022/audio/word/34/10_16.wav"
"meRaiRuR ","canyon","峽谷","https://ilrdc.tw/tow/2022/audio/word/34/10_17.wav"
"pungkang","cave","山洞","https://ilrdc.tw/tow/2022/audio/word/34/10_18.wav"
"buRang","rock","岩石","https://ilrdc.tw/tow/2022/audio/word/34/10_19.wav"
"tuqtuq","cascade","瀑布","https://ilrdc.tw/tow/2022/audio/word/34/10_20.wav"
"muzan","rainy","下雨","https://ilrdc.tw/tow/2022/audio/word/34/11_01.wav"
"sezang","sun","太陽","https://ilrdc.tw/tow/2022/audio/word/34/11_02.wav"
"bulan","moon","月亮","https://ilrdc.tw/tow/2022/audio/word/34/11_03.wav"
"deddan","sky","天空","https://ilrdc.tw/tow/2022/audio/word/34/11_04.wav"
"buletedan","star","星星","https://ilrdc.tw/tow/2022/audio/word/34/11_05.wav"
"uzan","rain","雨","https://ilrdc.tw/tow/2022/audio/word/34/11_06.wav"
"suRena","snow","雪","https://ilrdc.tw/tow/2022/audio/word/34/11_07.wav"
"lezun","winter","冬天","https://ilrdc.tw/tow/2022/audio/word/34/11_08.wav"
"sekawalu","summer","夏天","https://ilrdc.tw/tow/2022/audio/word/34/11_09.wav"
"zengzeng","thunder","雷","https://ilrdc.tw/tow/2022/audio/word/34/11_10.wav"
"uRas","dew","露水","https://ilrdc.tw/tow/2022/audio/word/34/11_11.wav"
"lanem","cloud","雲","https://ilrdc.tw/tow/2022/audio/word/34/11_12.wav"
"qiReb","smoke","煙","https://ilrdc.tw/tow/2022/audio/word/34/11_13.wav"
"lizap","lightning","閃電","https://ilrdc.tw/tow/2022/audio/word/34/11_14.wav"
"bawbi","dry land","旱田","https://ilrdc.tw/tow/2022/audio/word/34/11_15.wav"
"meRutem","cloudy day","陰天","https://ilrdc.tw/tow/2022/audio/word/34/11_16.wav"
"Ramaz","fire","火","https://ilrdc.tw/tow/2022/audio/word/34/11_17.wav"
"suRena","ice","冰","https://ilrdc.tw/tow/2022/audio/word/34/11_18.wav"
"utuz","earthquake","地震","https://ilrdc.tw/tow/2022/audio/word/34/11_19.wav"
"ningu","shadow","影子","https://ilrdc.tw/tow/2022/audio/word/34/11_20.wav"
"banged","typhoon","颱風","https://ilrdc.tw/tow/2022/audio/word/34/11_21.wav"
"suRena","frost","霜","https://ilrdc.tw/tow/2022/audio/word/34/11_22.wav"
"sapispis","drip","水滴","https://ilrdc.tw/tow/2022/audio/word/34/11_23.wav"
"laup","flood","水患","https://ilrdc.tw/tow/2022/audio/word/34/11_24.wav"
"samulayan","spring","春天","https://ilrdc.tw/tow/2022/audio/word/34/11_25.wav"
"lazing","seaside","海邊","https://ilrdc.tw/tow/2022/audio/word/34/11_26.wav"
"semiaRaR","autumn","秋天","https://ilrdc.tw/tow/2022/audio/word/34/11_27.wav"
"qeliwaRwaR","rainbow","彩虹","https://ilrdc.tw/tow/2022/audio/word/34/11_28.wav"
"metama","sunset","日落","https://ilrdc.tw/tow/2022/audio/word/34/11_29.wav"
"tedem","dusk","天黑","https://ilrdc.tw/tow/2022/audio/word/34/11_30.wav"
"muReti uzan","stop raining","雨停","https://ilrdc.tw/tow/2022/audio/word/34/11_31.wav"
"mebanged","typhoon.","刮颱風","https://ilrdc.tw/tow/2022/audio/word/34/11_32.wav"
"zukatan na sezang","sunrise","日出","https://ilrdc.tw/tow/2022/audio/word/34/11_33.wav"
"leppaw","home","家","https://ilrdc.tw/tow/2022/audio/word/34/12_01.wav"
"dengat","window","窗戶","https://ilrdc.tw/tow/2022/audio/word/34/12_02.wav"
"ineb","door","門","https://ilrdc.tw/tow/2022/audio/word/34/12_03.wav"
"taqsian","school","學校","https://ilrdc.tw/tow/2022/audio/word/34/12_04.wav"
"bettu","stone","石頭","https://ilrdc.tw/tow/2022/audio/word/34/12_05.wav"
"senizas","roof","屋頂","https://ilrdc.tw/tow/2022/audio/word/34/12_06.wav"
"sazan","bridge","橋樑","https://ilrdc.tw/tow/2022/audio/word/34/12_07.wav"
"pappay","shack","工寮","https://ilrdc.tw/tow/2022/audio/word/34/12_08.wav"
"qatadan","toilet","廁所","https://ilrdc.tw/tow/2022/audio/word/34/12_09.wav"
"taqan","pillar","柱子","https://ilrdc.tw/tow/2022/audio/word/34/12_10.wav"
"nitapan bettu","rock pile","石堆","https://ilrdc.tw/tow/2022/audio/word/34/12_11.wav"
"Rupu","chicken coop","雞寮","https://ilrdc.tw/tow/2022/audio/word/34/12_12.wav"
" tuqazan","stair","樓梯","https://ilrdc.tw/tow/2022/audio/word/34/12_13.wav"
"nasan","courtyard","庭院","https://ilrdc.tw/tow/2022/audio/word/34/12_14.wav"
"lineng","wall","牆壁","https://ilrdc.tw/tow/2022/audio/word/34/12_15.wav"
"siR","barn","穀倉","https://ilrdc.tw/tow/2022/audio/word/34/12_16.wav"
"pusenizas","roofing","蓋屋頂","https://ilrdc.tw/tow/2022/audio/word/34/12_17.wav"
"saiRaR　","building a fence","搭建圍籬","https://ilrdc.tw/tow/2022/audio/word/34/12_18.wav"
"tuqeb","backyard","後院","https://ilrdc.tw/tow/2022/audio/word/34/12_19.wav"
"kezumai","next year","明年","https://ilrdc.tw/tow/2022/audio/word/34/13_01.wav"
"qaRabi","evening","晚上","https://ilrdc.tw/tow/2022/audio/word/34/13_02.wav"
"siRab","yesterday","昨天","https://ilrdc.tw/tow/2022/audio/word/34/13_03.wav"
"temawaR","tomorrow","明天","https://ilrdc.tw/tow/2022/audio/word/34/13_04.wav"
"tangi","today","今天","https://ilrdc.tw/tow/2022/audio/word/34/13_05.wav"
"taRbabi","morning","早上","https://ilrdc.tw/tow/2022/audio/word/34/13_06.wav"
"teRi","daytime","白天","https://ilrdc.tw/tow/2022/audio/word/34/13_07.wav"
"nawsiRab","day before yesterday","前天","https://ilrdc.tw/tow/2022/audio/word/34/13_08.wav"
"suRap","early morning","清晨","https://ilrdc.tw/tow/2022/audio/word/34/13_09.wav"
"tedem","darkness","黑暗","https://ilrdc.tw/tow/2022/audio/word/34/13_10.wav"
"Rabi ti","toward evening","傍晚","https://ilrdc.tw/tow/2022/audio/word/34/13_11.wav"
"menutuz","continue","接續","https://ilrdc.tw/tow/2022/audio/word/34/13_12.wav"
"tuRantuRabi","midnight","半夜","https://ilrdc.tw/tow/2022/audio/word/34/13_13.wav"
"unay","at that time","當時","https://ilrdc.tw/tow/2022/audio/word/34/13_14.wav"
"antangi","in a minute","待會兒","https://ilrdc.tw/tow/2022/audio/word/34/13_16.wav"
"siamqazui","three days later","大後天","https://ilrdc.tw/tow/2022/audio/word/34/13_17.wav"
"qidat","gleam","亮光","https://ilrdc.tw/tow/2022/audio/word/34/13_18.wav"
"qazui","the day after tomorrow","後天","https://ilrdc.tw/tow/2022/audio/word/34/13_19.wav"
"qutuan","morning","上午","https://ilrdc.tw/tow/2022/audio/word/34/13_20.wav"
"qusazui","future","未來","https://ilrdc.tw/tow/2022/audio/word/34/13_21.wav"
"qaRabi","night","夜","https://ilrdc.tw/tow/2022/audio/word/34/13_22.wav"
"sunis pama","at an early age","年輕時","https://ilrdc.tw/tow/2022/audio/word/34/13_23.wav"
"kikiya","in a short while","一下子","https://ilrdc.tw/tow/2022/audio/word/34/13_24.wav"
"qemadanan","afternoon"," 下午","https://ilrdc.tw/tow/2022/audio/word/34/13_25.wav"
"duki","o’clock","(幾)點鐘","https://ilrdc.tw/tow/2022/audio/word/34/13_26.wav"
"lipayan","sunday","星期日","https://ilrdc.tw/tow/2022/audio/word/34/13_27.wav"
"tasaw","year","年","https://ilrdc.tw/tow/2022/audio/word/34/13_28.wav"
"pitemawaR","everyday","天天、每天
","https://ilrdc.tw/tow/2022/audio/word/34/13_29.wav"
"setangi","now"," 現在","https://ilrdc.tw/tow/2022/audio/word/34/13_30.wav"
"qenabinnusan","birthday","生日","https://ilrdc.tw/tow/2022/audio/word/34/13_31.wav"
"teReq","inside","裡面","https://ilrdc.tw/tow/2022/audio/word/34/14_01.wav"
"tanian ","somewhere","在某處","https://ilrdc.tw/tow/2022/audio/word/34/14_02.wav"
"babaw","above","上面","https://ilrdc.tw/tow/2022/audio/word/34/14_03.wav"
"ngayaw","front","前面","https://ilrdc.tw/tow/2022/audio/word/34/14_04.wav"
"libeng","below","下面","https://ilrdc.tw/tow/2022/audio/word/34/14_05.wav"
"tebteb","middle","中間","https://ilrdc.tw/tow/2022/audio/word/34/14_06.wav"
"tati","outside","外面","https://ilrdc.tw/tow/2022/audio/word/34/14_07.wav"
"kinil","side","旁邊","https://ilrdc.tw/tow/2022/audio/word/34/14_08.wav"
"kawanan","the right side","右邊","https://ilrdc.tw/tow/2022/audio/word/34/14_10.wav"
"kawili","the left side","左邊","https://ilrdc.tw/tow/2022/audio/word/34/14_11.wav"
"tuqus","nook","角落","https://ilrdc.tw/tow/2022/audio/word/34/14_12.wav"
"ta liyaban","beneath something","  某物之下","https://ilrdc.tw/tow/2022/audio/word/34/14_13.wav"
"melaziw","pass","經過","https://ilrdc.tw/tow/2022/audio/word/34/14_14.wav"
"matiw","(from somewhere) to somewhere","(從某處)到某處","https://ilrdc.tw/tow/2022/audio/word/34/14_15.wav"
"maqezi","from somewhere","從某處","https://ilrdc.tw/tow/2022/audio/word/34/14_16.wav"
"qemuRas","hoeing","鋤草","https://ilrdc.tw/tow/2022/audio/word/34/15_01.wav"
"temabi","plowing","犁田","https://ilrdc.tw/tow/2022/audio/word/34/15_02.wav"
"temaqsam","sowing","播種","https://ilrdc.tw/tow/2022/audio/word/34/15_03.wav"
"metazuq","seedling (action)","種苗(動作)","https://ilrdc.tw/tow/2022/audio/word/34/15_04.wav"
"benuqu","grain drying box","穀物乾燥簍","https://ilrdc.tw/tow/2022/audio/word/34/15_05.wav"
"tabi","rake","犁","https://ilrdc.tw/tow/2022/audio/word/34/15_06.wav"
"sawki","scythe","鐮刀","https://ilrdc.tw/tow/2022/audio/word/34/15_07.wav"
"tatak","backhoe","鋤頭","https://ilrdc.tw/tow/2022/audio/word/34/15_08.wav"
"suku","warehouse","倉庫","https://ilrdc.tw/tow/2022/audio/word/34/15_09.wav"
"RaytaRun","Open up","開墾","https://ilrdc.tw/tow/2022/audio/word/34/15_10.wav"
"hiliw","manure","肥料","https://ilrdc.tw/tow/2022/audio/word/34/15_11.wav"
"niniR","grain sifters","篩穀器具","https://ilrdc.tw/tow/2022/audio/word/34/15_12.wav"
"subu","accelerate the ripening (of fruit)","催熟(果實)","https://ilrdc.tw/tow/2022/audio/word/34/15_13.wav"
"Rami","straw","稻草","https://ilrdc.tw/tow/2022/audio/word/34/15_14.wav"
"pani","bow","弓","https://ilrdc.tw/tow/2022/audio/word/34/16_01.wav"
"senubungan","spear","矛","https://ilrdc.tw/tow/2022/audio/word/34/16_02.wav"
"pan","bait","餌","https://ilrdc.tw/tow/2022/audio/word/34/16_04.wav"
"pissa","gun","槍","https://ilrdc.tw/tow/2022/audio/word/34/16_05.wav"
"saRiq","hunting knife","獵刀","https://ilrdc.tw/tow/2022/audio/word/34/16_06.wav"
"saRiq","straight hunting knife","直形獵刀","https://ilrdc.tw/tow/2022/audio/word/34/16_07.wav"
"apun","prey (collectively)","獵物(統稱)","https://ilrdc.tw/tow/2022/audio/word/34/16_08.wav"
"tikas","noose trap","套頸式繩索陷阱","https://ilrdc.tw/tow/2022/audio/word/34/16_10.wav"
"qanas","basket","籃子","https://ilrdc.tw/tow/2022/audio/word/34/16_11.wav"
"tekep","bird trap","捕鳥陷阱","https://ilrdc.tw/tow/2022/audio/word/34/16_12.wav"
"pelisin","taboo","禁忌","https://ilrdc.tw/tow/2022/audio/word/34/17_01.wav"
"Raputuy","dream","夢","https://ilrdc.tw/tow/2022/audio/word/34/17_02.wav"
"pakaysing","witchcraft","巫術","https://ilrdc.tw/tow/2022/audio/word/34/17_03.wav"
"kiwkay","church","教會","https://ilrdc.tw/tow/2022/audio/word/34/17_04.wav"
"palilin","pas-vake","祖靈祭","https://ilrdc.tw/tow/2022/audio/word/34/17_05.wav"
"kuit","ghost","鬼魂","https://ilrdc.tw/tow/2022/audio/word/34/17_07.wav"
"Ribang na pasepi","witchcarft appliance (witch doctor use it for treatment)","法器(巫醫治病用)","https://ilrdc.tw/tow/2022/audio/word/34/17_08.wav"
"kubu","hat","帽子","https://ilrdc.tw/tow/2022/audio/word/34/18_01.wav"
"qudus","dress","衣服","https://ilrdc.tw/tow/2022/audio/word/34/18_02.wav"
"tumnun","weave","編織","https://ilrdc.tw/tow/2022/audio/word/34/18_03.wav"
"tibay","belly band","肚兜","https://ilrdc.tw/tow/2022/audio/word/34/18_04.wav"
"pakil","men’s earring","男用耳環","https://ilrdc.tw/tow/2022/audio/word/34/18_05.wav"
"pakil","women’s earring","女用耳環","https://ilrdc.tw/tow/2022/audio/word/34/18_06.wav"
"kun","pants","褲子","https://ilrdc.tw/tow/2022/audio/word/34/18_07.wav"
"masebit","torn","破掉","https://ilrdc.tw/tow/2022/audio/word/34/18_08.wav"
"bungut","headdress","頭飾","https://ilrdc.tw/tow/2022/audio/word/34/18_09.wav"
"pani","netting needle","編網針","https://ilrdc.tw/tow/2022/audio/word/34/18_10.wav"
"balun","belt","腰帶","https://ilrdc.tw/tow/2022/audio/word/34/18_11.wav"
"qeRiw","ramie","苧麻","https://ilrdc.tw/tow/2022/audio/word/34/18_12.wav"
"temamak","stain","染色","https://ilrdc.tw/tow/2022/audio/word/34/18_13.wav"
"kun","women’s long pant","女性長褲","https://ilrdc.tw/tow/2022/audio/word/34/18_15.wav"
"qelizen na qeRiw","boehmeria thread","苧麻線","https://ilrdc.tw/tow/2022/audio/word/34/18_16.wav"
"lawa","cloth","布匹","https://ilrdc.tw/tow/2022/audio/word/34/18_17.wav"
"qaRebatangan","makeup and accessories","妝扮飾物","https://ilrdc.tw/tow/2022/audio/word/34/18_18.wav"
"tibay","traditional skirt","傳統女裙","https://ilrdc.tw/tow/2022/audio/word/34/18_20.wav"
"zepu","shoe","鞋子","https://ilrdc.tw/tow/2022/audio/word/34/18_21.wav"
"seban","baby carrier","揹小孩的背帶","https://ilrdc.tw/tow/2022/audio/word/34/18_22.wav"
"silit","yarn","毛線","https://ilrdc.tw/tow/2022/audio/word/34/18_23.wav"
"Rakun","skirt","裙子","https://ilrdc.tw/tow/2022/audio/word/34/18_24.wav"
"kundusi","codpiece","男用遮陰布","https://ilrdc.tw/tow/2022/audio/word/34/18_25.wav"
"subuq","men’s mesh bag","男用背負網袋","https://ilrdc.tw/tow/2022/audio/word/34/18_26.wav"
"tibay","breastplate","擋胸巾","https://ilrdc.tw/tow/2022/audio/word/34/18_27.wav"
"tusungan","sleeve","袖子","https://ilrdc.tw/tow/2022/audio/word/34/18_28.wav"
"qudus","jacket","上衣","https://ilrdc.tw/tow/2022/audio/word/34/18_29.wav"
"semakiz tu qeRiw","scrape ramie","刮苧麻","https://ilrdc.tw/tow/2022/audio/word/34/18_32.wav"
"belunguy","bamboom back basket","女用揹籃","https://ilrdc.tw/tow/2022/audio/word/34/19_01.wav"
"qanas","round bamboo basket","圓形竹簍","https://ilrdc.tw/tow/2022/audio/word/34/19_02.wav"
"basu","bus","公車","https://ilrdc.tw/tow/2022/audio/word/34/20_01.wav"
"zitinsia","bicycle","腳踏車","https://ilrdc.tw/tow/2022/audio/word/34/20_02.wav"
"zaqisan tu qitun/ teqezan na qitun","station","車站","https://ilrdc.tw/tow/2022/audio/word/34/20_03.wav"
"taya","tire","輪胎","https://ilrdc.tw/tow/2022/audio/word/34/20_04.wav"
"bawa’","ship","船","https://ilrdc.tw/tow/2022/audio/word/34/20_05.wav"
"qitun","car","車子","https://ilrdc.tw/tow/2022/audio/word/34/20_06.wav"
"gasuling","train","火車","https://ilrdc.tw/tow/2022/audio/word/34/20_07.wav"
" ’may","rice","飯","https://ilrdc.tw/tow/2022/audio/word/34/21_01.wav"
"zanum","water","水","https://ilrdc.tw/tow/2022/audio/word/34/21_02.wav"
"beRas","rice","白米","https://ilrdc.tw/tow/2022/audio/word/34/21_03.wav"
"tamun","dish","菜餚","https://ilrdc.tw/tow/2022/audio/word/34/21_04.wav"
"tenned","green vegetable","青菜","https://ilrdc.tw/tow/2022/audio/word/34/21_05.wav"
"Raq","wine","酒","https://ilrdc.tw/tow/2022/audio/word/34/21_06.wav"
"zemiyan/ miyan","salt","鹽","https://ilrdc.tw/tow/2022/audio/word/34/21_07.wav"
"wanu ","honey","蜜","https://ilrdc.tw/tow/2022/audio/word/34/21_08.wav"
"tiRuR","egg","蛋","https://ilrdc.tw/tow/2022/audio/word/34/21_09.wav"
"siti","oil","油","https://ilrdc.tw/tow/2022/audio/word/34/21_10.wav"
"sanu","taste","味道","https://ilrdc.tw/tow/2022/audio/word/34/21_11.wav"
"salang","soup","湯","https://ilrdc.tw/tow/2022/audio/word/34/21_12.wav"
"saytaw","daikon","白蘿蔔","https://ilrdc.tw/tow/2022/audio/word/34/21_14.wav"
"sabaq","grain","穀粒","https://ilrdc.tw/tow/2022/audio/word/34/21_15.wav"
"zimmet","glutinous rice","糯米","https://ilrdc.tw/tow/2022/audio/word/34/21_16.wav"
"RuaRu","porridge","粥","https://ilrdc.tw/tow/2022/audio/word/34/21_17.wav"
"luzay","millet","小米","https://ilrdc.tw/tow/2022/audio/word/34/21_18.wav"
"waneng","sugar","糖","https://ilrdc.tw/tow/2022/audio/word/34/21_19.wav"
"’si na babuy","pork","豬肉","https://ilrdc.tw/tow/2022/audio/word/34/21_20.wav"
"tuami","noodle","麵","https://ilrdc.tw/tow/2022/audio/word/34/21_21.wav"
"tawyu","soy sauce","醬油","https://ilrdc.tw/tow/2022/audio/word/34/21_22.wav"
"masen","indica rice","在來米","https://ilrdc.tw/tow/2022/audio/word/34/21_23.wav"
" kenaped","rice bran","米糠","https://ilrdc.tw/tow/2022/audio/word/34/21_24.wav"
"mihun","flour","麵粉","https://ilrdc.tw/tow/2022/audio/word/34/21_25.wav"
"busaR","white","白色","https://ilrdc.tw/tow/2022/audio/word/34/22_01.wav"
"tengen","black","黑色","https://ilrdc.tw/tow/2022/audio/word/34/22_02.wav"
"tebaRi","red","紅色","https://ilrdc.tw/tow/2022/audio/word/34/22_03.wav"
"Rapedadaw","yellow","黃色的","https://ilrdc.tw/tow/2022/audio/word/34/22_05.wav"
"tebaRi tu Ratetengen","brown","咖啡色","https://ilrdc.tw/tow/2022/audio/word/34/22_06.wav"
"busaR tu Ratetengen","grey","灰色","https://ilrdc.tw/tow/2022/audio/word/34/22_07.wav"
"puli","green","綠色","https://ilrdc.tw/tow/2022/audio/word/34/22_08.wav"
"tamak","color","顏色","https://ilrdc.tw/tow/2022/audio/word/34/22_09.wav"
"Raytunguz","dog bark","狗吠聲","https://ilrdc.tw/tow/2022/audio/word/34/23_01.wav"
"satezayan","song","歌","https://ilrdc.tw/tow/2022/audio/word/34/23_02.wav"
"umipil","it is said...","聽說","https://ilrdc.tw/tow/2022/audio/word/34/24_01.wav"
"paqenanem","alone","獨自一人","https://ilrdc.tw/tow/2022/audio/word/34/24_02.wav"
"sasetaR","identical","相同","https://ilrdc.tw/tow/2022/audio/word/34/24_03.wav"
"damu","tribe","部落","https://ilrdc.tw/tow/2022/audio/word/34/24_04.wav"
"deddan","day","日子","https://ilrdc.tw/tow/2022/audio/word/34/24_05.wav"
"en","yes","是的","https://ilrdc.tw/tow/2022/audio/word/34/24_06.wav"
"sikawman","language","語言","https://ilrdc.tw/tow/2022/audio/word/34/24_07.wav"
"uRat","strength","力量","https://ilrdc.tw/tow/2022/audio/word/34/24_08.wav"
"aneman","target","目標","https://ilrdc.tw/tow/2022/audio/word/34/24_09.wav"
"wawaway","culture","文化","https://ilrdc.tw/tow/2022/audio/word/34/24_10.wav"
"imi","meaning","意義","https://ilrdc.tw/tow/2022/audio/word/34/24_11.wav"
"sinapawan","get married","結婚","https://ilrdc.tw/tow/2022/audio/word/34/24_12.wav"
"naququni ay","various","各色各樣","https://ilrdc.tw/tow/2022/audio/word/34/24_13.wav"
"asa","price","價格","https://ilrdc.tw/tow/2022/audio/word/34/24_14.wav"
"saqunian","purpose","用途","https://ilrdc.tw/tow/2022/audio/word/34/24_15.wav"
"nannapawan ay","marriage","婚姻","https://ilrdc.tw/tow/2022/audio/word/34/24_16.wav"
"tangzasan","late","遲到","https://ilrdc.tw/tow/2022/audio/word/34/24_17.wav"
"mineb","close","關上","https://ilrdc.tw/tow/2022/audio/word/34/25_01.wav"
"baliw","sell","賣","https://ilrdc.tw/tow/2022/audio/word/34/25_02.wav"
"matiw","go","去","https://ilrdc.tw/tow/2022/audio/word/34/25_03.wav"
"temangan","open","打開","https://ilrdc.tw/tow/2022/audio/word/34/25_04.wav"
"awRi","come here","(叫人)過來","https://ilrdc.tw/tow/2022/audio/word/34/25_05.wav"
"meRasa","buy","買","https://ilrdc.tw/tow/2022/audio/word/34/25_06.wav"
"bula","give","給","https://ilrdc.tw/tow/2022/audio/word/34/25_07.wav"
"mawtu","come","來","https://ilrdc.tw/tow/2022/audio/word/34/25_08.wav"
"meliway","lend","借","https://ilrdc.tw/tow/2022/audio/word/34/25_09.wav"
"semaqay","walk","走路","https://ilrdc.tw/tow/2022/audio/word/34/25_10.wav"
"wi","go (away)","走(離開)","https://ilrdc.tw/tow/2022/audio/word/34/25_11.wav"
"temanbaseR","fly","飛","https://ilrdc.tw/tow/2022/audio/word/34/25_12.wav"
"RaRiw","run (imperatives)","跑 (祈使)","https://ilrdc.tw/tow/2022/audio/word/34/25_13.wav"
"maseq","arrival","抵達","https://ilrdc.tw/tow/2022/audio/word/34/25_14.wav"
"temungaw","see a visitor out","送(客人)","https://ilrdc.tw/tow/2022/audio/word/34/25_15.wav"
"meRaRiw","flee","逃跑","https://ilrdc.tw/tow/2022/audio/word/34/25_16.wav"
"temuqaz","enter","進入","https://ilrdc.tw/tow/2022/audio/word/34/25_17.wav"
"biqulu","overturn","翻倒","https://ilrdc.tw/tow/2022/audio/word/34/25_18.wav"
"mazas","bring","帶","https://ilrdc.tw/tow/2022/audio/word/34/25_19.wav"
"buRaw","get rid of...","趕走","https://ilrdc.tw/tow/2022/audio/word/34/25_20.wav"
"temadikud","turn back","折返","https://ilrdc.tw/tow/2022/audio/word/34/25_21.wav"
"sumRuz","growth","(植物)生長","https://ilrdc.tw/tow/2022/audio/word/34/25_22.wav"
"palaziw","get out of the way","讓開","https://ilrdc.tw/tow/2022/audio/word/34/25_23.wav"
"pakusang","present","贈送(禮物)","https://ilrdc.tw/tow/2022/audio/word/34/25_24.wav"
"sinunung tu naung","along the mountains","沿著山巒","https://ilrdc.tw/tow/2022/audio/word/34/25_25.wav"
"bibiq","drop","(植物的果實)掉落","https://ilrdc.tw/tow/2022/audio/word/34/25_26.wav"
"temuqaz","uphill","(往)上坡","https://ilrdc.tw/tow/2022/audio/word/34/25_27.wav"
"semuna","call for","接(人)","https://ilrdc.tw/tow/2022/audio/word/34/25_28.wav"
"melatis","crossing the stream","越溪而過","https://ilrdc.tw/tow/2022/audio/word/34/25_29.wav"
"pabula","ask","向人家要(東西)","https://ilrdc.tw/tow/2022/audio/word/34/25_30.wav"
"buwaq","pour","倒(水)","https://ilrdc.tw/tow/2022/audio/word/34/25_31.wav"
"pasa….","go","走(向某個方向)","https://ilrdc.tw/tow/2022/audio/word/34/25_32.wav"
"menanaz","climb","(藤類植物)攀爬","https://ilrdc.tw/tow/2022/audio/word/34/25_33.wav"
" saysayna","take a stroll","逛一逛","https://ilrdc.tw/tow/2022/audio/word/34/25_34.wav"
"temanuz","chase after","追","https://ilrdc.tw/tow/2022/audio/word/34/25_35.wav"
"mezazam","catch up","趕上","https://ilrdc.tw/tow/2022/audio/word/34/25_36.wav"
"semulal","slip off","滑掉","https://ilrdc.tw/tow/2022/audio/word/34/25_37.wav"
"matanaq","separate","分開","https://ilrdc.tw/tow/2022/audio/word/34/25_38.wav"
"si-","carry (e.g. with umbrella)"," 攜帶(如帶傘)","https://ilrdc.tw/tow/2022/audio/word/34/25_39.wav"
"si-","put on (e.g. cloth)"," 穿(如穿衣服)","https://ilrdc.tw/tow/2022/audio/word/34/25_40.wav"
"si-","wear (e.g. hat)"," 戴(如戴帽子)","https://ilrdc.tw/tow/2022/audio/word/34/25_41.wav"
"mezukat","appear","出現","https://ilrdc.tw/tow/2022/audio/word/34/25_42.wav"
"madded","sitting"," 坐著","https://ilrdc.tw/tow/2022/audio/word/34/25_43.wav"
"miRi","standing"," 站著","https://ilrdc.tw/tow/2022/audio/word/34/25_44.wav"
"mineb","shut (e.g. door,window)"," 關(門；窗)","https://ilrdc.tw/tow/2022/audio/word/34/25_45.wav"
"qawtu","coming","要來","https://ilrdc.tw/tow/2022/audio/word/34/25_46.wav"
"umawtu","have been here before","來過","https://ilrdc.tw/tow/2022/audio/word/34/25_47.wav"
"matiw ti","gone"," 去了","https://ilrdc.tw/tow/2022/audio/word/34/25_48.wav"
"menanap","crawl","爬行","https://ilrdc.tw/tow/2022/audio/word/34/25_49.wav"
"taytan","look like..."," 看起來","https://ilrdc.tw/tow/2022/audio/word/34/25_50.wav"
"melaut","visit","拜訪","https://ilrdc.tw/tow/2022/audio/word/34/25_51.wav"
"melusit","go out"," 出去","https://ilrdc.tw/tow/2022/audio/word/34/25_52.wav"
"medutiq","jump","跳躍","https://ilrdc.tw/tow/2022/audio/word/34/26_01.wav"
"salekiaw","dance","跳舞","https://ilrdc.tw/tow/2022/audio/word/34/26_02.wav"
"madded","sit down","坐下","https://ilrdc.tw/tow/2022/audio/word/34/26_03.wav"
"meluku","bend over","彎腰","https://ilrdc.tw/tow/2022/audio/word/34/26_04.wav"
"paqawit","hang","掛","https://ilrdc.tw/tow/2022/audio/word/34/26_05.wav"
"mawRat","play (e.g. ball)","玩(球)","https://ilrdc.tw/tow/2022/audio/word/34/26_06.wav"
"mala","pick up","拿取","https://ilrdc.tw/tow/2022/audio/word/34/26_07.wav"
"babal","punch (e.g. people)","打(人)","https://ilrdc.tw/tow/2022/audio/word/34/26_08.wav"
"tuqiq","sting","刺","https://ilrdc.tw/tow/2022/audio/word/34/26_09.wav"
" pemissa","shoot","射擊","https://ilrdc.tw/tow/2022/audio/word/34/26_10.wav"
"mesuRaw","stumble","跌倒","https://ilrdc.tw/tow/2022/audio/word/34/26_11.wav"
"semippiq","kick","踢","https://ilrdc.tw/tow/2022/audio/word/34/26_12.wav"
"semuzuq","push","推","https://ilrdc.tw/tow/2022/audio/word/34/26_13.wav"
"kumtun","felled","砍伐","https://ilrdc.tw/tow/2022/audio/word/34/26_14.wav"
"metutuz","shake","搖動","https://ilrdc.tw/tow/2022/audio/word/34/26_15.wav"
"meRiqet","break","折斷","https://ilrdc.tw/tow/2022/audio/word/34/26_16.wav"
"bilbil","tremble","發抖","https://ilrdc.tw/tow/2022/audio/word/34/26_17.wav"
"qemaRaw","scratch itching","抓癢","https://ilrdc.tw/tow/2022/audio/word/34/26_18.wav"
"mezaqis","climb","爬上(去)","https://ilrdc.tw/tow/2022/audio/word/34/26_19.wav"
"siqulin","lie down","躺","https://ilrdc.tw/tow/2022/audio/word/34/26_20.wav"
"baba","carry (somebody)","揹(人)","https://ilrdc.tw/tow/2022/audio/word/34/26_21.wav"
"pametmet","smash to pieces","敲碎","https://ilrdc.tw/tow/2022/audio/word/34/26_22.wav"
"mamuqu","carry on one’s shoulder","扛","https://ilrdc.tw/tow/2022/audio/word/34/26_23.wav"
"kemalkal","flip","翻動","https://ilrdc.tw/tow/2022/audio/word/34/26_24.wav"
"mequlin","roll down","滾落","https://ilrdc.tw/tow/2022/audio/word/34/26_25.wav"
"mezuquR","bump into","撞到","https://ilrdc.tw/tow/2022/audio/word/34/26_26.wav"
"bawa","hold","抱著","https://ilrdc.tw/tow/2022/audio/word/34/26_27.wav"
"semiyup","blow","吹","https://ilrdc.tw/tow/2022/audio/word/34/26_28.wav"
"kemutkut","dig","挖掘","https://ilrdc.tw/tow/2022/audio/word/34/26_29.wav"
"kemilas","cut","切","https://ilrdc.tw/tow/2022/audio/word/34/26_30.wav"
"menanguy","swim","游泳","https://ilrdc.tw/tow/2022/audio/word/34/26_31.wav"
"menebi","hide","藏起來","https://ilrdc.tw/tow/2022/audio/word/34/26_32.wav"
"qemapaR","catch","抓(如抓到動物)","https://ilrdc.tw/tow/2022/audio/word/34/26_33.wav"
"kumtun","chop","砍","https://ilrdc.tw/tow/2022/audio/word/34/26_34.wav"
"kemaway","carry (something)","揹負(物品)","https://ilrdc.tw/tow/2022/audio/word/34/26_35.wav"
"sinapun","divide","分(東西)","https://ilrdc.tw/tow/2022/audio/word/34/26_36.wav"
"meluwas","cut open","剖切","https://ilrdc.tw/tow/2022/audio/word/34/26_37.wav"
"pemaRit","tie it up","綁住","https://ilrdc.tw/tow/2022/audio/word/34/26_38.wav"
"tumbes","pull","拉","https://ilrdc.tw/tow/2022/audio/word/34/26_39.wav"
"semaksak","split","劈(木材)","https://ilrdc.tw/tow/2022/audio/word/34/26_40.wav"
"meRabut","rip","扯斷","https://ilrdc.tw/tow/2022/audio/word/34/26_41.wav"
"misis","draw (a bow)","提著","https://ilrdc.tw/tow/2022/audio/word/34/26_42.wav"
"mimet/qumpeR","hold it","握著","https://ilrdc.tw/tow/2022/audio/word/34/26_43.wav"
"betbet","bundle","捆綁","https://ilrdc.tw/tow/2022/audio/word/34/26_44.wav"
"pematez","hold down","按住","https://ilrdc.tw/tow/2022/audio/word/34/26_45.wav"
"temutus","pull out","拔除","https://ilrdc.tw/tow/2022/audio/word/34/26_46.wav"
"mammid","select","挑選","https://ilrdc.tw/tow/2022/audio/word/34/26_47.wav"
"meRusaz","spill","散撒","https://ilrdc.tw/tow/2022/audio/word/34/26_48.wav"
"medudut","peck","啄","https://ilrdc.tw/tow/2022/audio/word/34/26_49.wav"
"temeqteq","plug","插","https://ilrdc.tw/tow/2022/audio/word/34/26_50.wav"
"temapa","pile up","堆積","https://ilrdc.tw/tow/2022/audio/word/34/26_51.wav"
"mamuqu","move","搬運","https://ilrdc.tw/tow/2022/audio/word/34/26_52.wav"
"temutus","pluck","拔出","https://ilrdc.tw/tow/2022/audio/word/34/26_53.wav"
"qemiwaqiw","stirring","攪動","https://ilrdc.tw/tow/2022/audio/word/34/26_54.wav"
" pematez","hold it down","壓住","https://ilrdc.tw/tow/2022/audio/word/34/26_55.wav"
"semikiw","scratch and itch","搔癢","https://ilrdc.tw/tow/2022/audio/word/34/26_56.wav"
"qumpeR","make a fist","握拳","https://ilrdc.tw/tow/2022/audio/word/34/26_57.wav"
"kemiala","pluck","摘取","https://ilrdc.tw/tow/2022/audio/word/34/26_58.wav"
"laututuz","shaking","晃動","https://ilrdc.tw/tow/2022/audio/word/34/26_59.wav"
"temupaq","peel (peanuts; beans)","剝(花生；豆類)","https://ilrdc.tw/tow/2022/audio/word/34/26_60.wav"
"melatis","wade across the water","涉水而過","https://ilrdc.tw/tow/2022/audio/word/34/26_61.wav"
"laututuz","vibrate","振動","https://ilrdc.tw/tow/2022/audio/word/34/26_62.wav"
"temabu","packing","打包","https://ilrdc.tw/tow/2022/audio/word/34/26_63.wav"
"qay-","harvest","採收","https://ilrdc.tw/tow/2022/audio/word/34/26_64.wav"
"semupay","sharpen","(將器具)磨利","https://ilrdc.tw/tow/2022/audio/word/34/26_65.wav"
"utuz","swing","(搖)動","https://ilrdc.tw/tow/2022/audio/word/34/26_66.wav"
"temanuz","hunt and capture","追捕","https://ilrdc.tw/tow/2022/audio/word/34/26_67.wav"
"pametmet","shatter","打碎","https://ilrdc.tw/tow/2022/audio/word/34/26_68.wav"
"mesuRaw","fall","倒(下)","https://ilrdc.tw/tow/2022/audio/word/34/26_69.wav"
"baliwnes","twist","扭轉","https://ilrdc.tw/tow/2022/audio/word/34/26_70.wav"
"paqiRi","stand","豎立","https://ilrdc.tw/tow/2022/audio/word/34/26_71.wav"
"mezezek","trample on","踩踏","https://ilrdc.tw/tow/2022/audio/word/34/26_72.wav"
"meRaqat","cross over","跨過","https://ilrdc.tw/tow/2022/audio/word/34/26_73.wav"
"meRiseb","cut","割","https://ilrdc.tw/tow/2022/audio/word/34/26_74.wav"
"qumneR","pinch","掐住","https://ilrdc.tw/tow/2022/audio/word/34/26_75.wav"
"pematez","repress","壓制","https://ilrdc.tw/tow/2022/audio/word/34/26_76.wav"
"paqan","feed","餵食","https://ilrdc.tw/tow/2022/audio/word/34/26_77.wav"
"qemapaR","arrest","捕抓","https://ilrdc.tw/tow/2022/audio/word/34/26_78.wav"
"qemiyut","pry open","撬開","https://ilrdc.tw/tow/2022/audio/word/34/26_79.wav"
"tumbeR","step","(用腳)踏","https://ilrdc.tw/tow/2022/audio/word/34/26_80.wav"
"peniq","squash","壓扁","https://ilrdc.tw/tow/2022/audio/word/34/26_81.wav"
"temupaq","skin","剝皮","https://ilrdc.tw/tow/2022/audio/word/34/26_82.wav"
"mawsid","rub (e.g. lipstick; paint)","擦(如口紅；油漆)","https://ilrdc.tw/tow/2022/audio/word/34/26_83.wav"
"meRusaz","flipping","亂翻","https://ilrdc.tw/tow/2022/audio/word/34/26_84.wav"
"pusipus","tumble","揉搓(衣物)","https://ilrdc.tw/tow/2022/audio/word/34/26_85.wav"
"siRaRaz","lean on","靠著","https://ilrdc.tw/tow/2022/audio/word/34/26_86.wav"
"pemaspas","whip","鞭打","https://ilrdc.tw/tow/2022/audio/word/34/26_87.wav"
"sukinil maynep","lie on the side","側臥","https://ilrdc.tw/tow/2022/audio/word/34/26_88.wav"
"temupaq","skin","削(水果)","https://ilrdc.tw/tow/2022/audio/word/34/26_89.wav"
"pemuliz","twisting","捻線","https://ilrdc.tw/tow/2022/audio/word/34/26_90.wav"
"semait","cut","剪","https://ilrdc.tw/tow/2022/audio/word/34/26_91.wav"
"meRisiw","cut off","砍除","https://ilrdc.tw/tow/2022/audio/word/34/26_92.wav"
"kemaud","wave","招手","https://ilrdc.tw/tow/2022/audio/word/34/26_93.wav"
"temaktak","chop (meat)","剁","https://ilrdc.tw/tow/2022/audio/word/34/26_94.wav"
"temalik","beat","搗","https://ilrdc.tw/tow/2022/audio/word/34/26_95.wav"
"mabud","fight","打架","https://ilrdc.tw/tow/2022/audio/word/34/26_96.wav"
"pedeq","squeeze","擠","https://ilrdc.tw/tow/2022/audio/word/34/26_97.wav"
"situRku","lower your head down","低下頭","https://ilrdc.tw/tow/2022/audio/word/34/26_98.wav"
"tembes","pull (up)","拉(上來)","https://ilrdc.tw/tow/2022/audio/word/34/26_99.wav"
"kemutkut","dig","(用手)挖掘","https://ilrdc.tw/tow/2022/audio/word/34/26_100.wav"
"temupaq","peeling the bark of a tree","剝樹皮","https://ilrdc.tw/tow/2022/audio/word/34/26_101.wav"
"temulis","draw"," 畫圖","https://ilrdc.tw/tow/2022/audio/word/34/26_102.wav"
"midayan","arbitrary"," 隨意","https://ilrdc.tw/tow/2022/audio/word/34/26_103.wav"
"Rukanan","squat down","蹲下","https://ilrdc.tw/tow/2022/audio/word/34/26_104.wav"
"qiRi","stand up"," 起立","https://ilrdc.tw/tow/2022/audio/word/34/26_105.wav"
"qeman","eat","吃","https://ilrdc.tw/tow/2022/audio/word/34/27_01.wav"
"semisep","suck in","吸","https://ilrdc.tw/tow/2022/audio/word/34/27_02.wav"
"menanum","drink","喝","https://ilrdc.tw/tow/2022/audio/word/34/27_03.wav"
"muti","vomit","吐","https://ilrdc.tw/tow/2022/audio/word/34/27_04.wav"
"qemaRat","bite","咬","https://ilrdc.tw/tow/2022/audio/word/34/27_05.wav"
"melimez","swallow","吞嚥","https://ilrdc.tw/tow/2022/audio/word/34/27_06.wav"
"timmuR","swallow","吞下","https://ilrdc.tw/tow/2022/audio/word/34/27_07.wav"
"melunas","get burnt","燙到","https://ilrdc.tw/tow/2022/audio/word/34/27_08.wav"
"sebalenan","choke (on)","噎到","https://ilrdc.tw/tow/2022/audio/word/34/27_09.wav"
"bisuR","full","飽食","https://ilrdc.tw/tow/2022/audio/word/34/27_10.wav"
"kemkem","chew","咀嚼","https://ilrdc.tw/tow/2022/audio/word/34/27_11.wav"
"sedaw","thirsty","渴","https://ilrdc.tw/tow/2022/audio/word/34/27_12.wav"
"qemitqit","nibble","啃","https://ilrdc.tw/tow/2022/audio/word/34/27_13.wav"
"sebi","hungry","餓","https://ilrdc.tw/tow/2022/audio/word/34/27_14.wav"
"qeman","eat","吃(東西)","https://ilrdc.tw/tow/2022/audio/word/34/27_15.wav"
"qeman sataRbabi","have breakfast","吃早餐","https://ilrdc.tw/tow/2022/audio/word/34/27_16.wav"
"qeman satutu","have lunch","吃午餐","https://ilrdc.tw/tow/2022/audio/word/34/27_17.wav"
"qeman saRabi","have dinner","吃晚餐","https://ilrdc.tw/tow/2022/audio/word/34/27_18.wav"
"matazay","come across","遇到","https://ilrdc.tw/tow/2022/audio/word/34/28_01.wav"
"suppaRan","know","知道","https://ilrdc.tw/tow/2022/audio/word/34/28_02.wav"
"temayta","see","看","https://ilrdc.tw/tow/2022/audio/word/34/28_03.wav"
"semanu","say","說","https://ilrdc.tw/tow/2022/audio/word/34/28_04.wav"
"kalingun","forget (imperatives)","忘記(祈使)","https://ilrdc.tw/tow/2022/audio/word/34/28_05.wav"
"mizem","close (your) eyes","閉(眼睛)","https://ilrdc.tw/tow/2022/audio/word/34/28_06.wav"
"semingut","smell (as in smell)","聞(如聞味道)","https://ilrdc.tw/tow/2022/audio/word/34/28_07.wav"
"temingiw","touch","觸摸(物品)","https://ilrdc.tw/tow/2022/audio/word/34/28_08.wav"
"temingaR","invite","邀請","https://ilrdc.tw/tow/2022/audio/word/34/28_09.wav"
"anem","feel","感覺","https://ilrdc.tw/tow/2022/audio/word/34/28_10.wav"
"semanu","tell","告訴(別人)","https://ilrdc.tw/tow/2022/audio/word/34/28_11.wav"
"qumRas","calling (e.g. calling before feeding the chickens)","叫喚(如餵雞前會叫喚)","https://ilrdc.tw/tow/2022/audio/word/34/28_12.wav"
"pasanu","ask","詢問","https://ilrdc.tw/tow/2022/audio/word/34/28_13.wav"
"semulul","agree","答應","https://ilrdc.tw/tow/2022/audio/word/34/28_14.wav"
"sazemaken","believe","相信","https://ilrdc.tw/tow/2022/audio/word/34/28_15.wav"
"meqayla","curse","謾罵","https://ilrdc.tw/tow/2022/audio/word/34/28_16.wav"
"temingiw","touch (as in touching the body)","觸碰(如碰觸到身體)","https://ilrdc.tw/tow/2022/audio/word/34/28_17.wav"
"sumkil","respond","回應","https://ilrdc.tw/tow/2022/audio/word/34/28_18.wav"
"mipil","listen","聽","https://ilrdc.tw/tow/2022/audio/word/34/28_19.wav"
"semidam","lick","舔","https://ilrdc.tw/tow/2022/audio/word/34/28_20.wav"
"temunuR","tell","交代(事情)","https://ilrdc.tw/tow/2022/audio/word/34/28_21.wav"
"sumRat","open your eyes","睜眼","https://ilrdc.tw/tow/2022/audio/word/34/28_22.wav"
"pemanis","aim","瞄準","https://ilrdc.tw/tow/2022/audio/word/34/28_23.wav"
"temud","teach (e.g. teaching someone to write)","教(如教人寫字)","https://ilrdc.tw/tow/2022/audio/word/34/28_24.wav"
"kasianem","think","想(思考)","https://ilrdc.tw/tow/2022/audio/word/34/28_25.wav"
"temita","observe","觀察","https://ilrdc.tw/tow/2022/audio/word/34/28_26.wav"
"suppaR","do","會(做某事)","https://ilrdc.tw/tow/2022/audio/word/34/28_27.wav"
"temunuR","pray","禱告","https://ilrdc.tw/tow/2022/audio/word/34/28_28.wav"
"melizaq","like","喜歡","https://ilrdc.tw/tow/2022/audio/word/34/28_29.wav"
"melizaq","joy","喜愛","https://ilrdc.tw/tow/2022/audio/word/34/29_01.wav"
"maytis","fear","害怕","https://ilrdc.tw/tow/2022/audio/word/34/29_02.wav"
"muRing","cry","哭","https://ilrdc.tw/tow/2022/audio/word/34/29_03.wav"
"medaqu","love","疼愛","https://ilrdc.tw/tow/2022/audio/word/34/29_04.wav"
"melizaq","happy","高興","https://ilrdc.tw/tow/2022/audio/word/34/29_05.wav"
"qumnut","angry","生氣","https://ilrdc.tw/tow/2022/audio/word/34/29_06.wav"
"medaqu","love and care","愛護","https://ilrdc.tw/tow/2022/audio/word/34/29_07.wav"
"meRetut","shocked","嚇一跳","https://ilrdc.tw/tow/2022/audio/word/34/29_08.wav"
"melizaq","happy"," 快樂","https://ilrdc.tw/tow/2022/audio/word/34/29_09.wav"
"menimen","sort out","整理","https://ilrdc.tw/tow/2022/audio/word/34/30_01.wav"
"qaybasi","wash (cloth)","洗(衣物)","https://ilrdc.tw/tow/2022/audio/word/34/30_02.wav"
"kelawkaway","work","工作","https://ilrdc.tw/tow/2022/audio/word/34/30_03.wav"
"tumqez","stop","停止","https://ilrdc.tw/tow/2022/audio/word/34/30_04.wav"
"samangsa","waste","浪費","https://ilrdc.tw/tow/2022/audio/word/34/30_05.wav"
"masuwat","get up","起床","https://ilrdc.tw/tow/2022/audio/word/34/30_06.wav"
"matanaq","good-bye (say good-bye to each other)","再見/分開(如互道再見)","https://ilrdc.tw/tow/2022/audio/word/34/30_07.wav"
"semum/ siabaRat","urinate","小便","https://ilrdc.tw/tow/2022/audio/word/34/30_08.wav"
"maynep","sleep","睡覺","https://ilrdc.tw/tow/2022/audio/word/34/30_09.wav"
"mettung","killing animals","殺牲畜","https://ilrdc.tw/tow/2022/audio/word/34/30_10.wav"
"metad/ siaututun","feces","大便","https://ilrdc.tw/tow/2022/audio/word/34/30_11.wav"
"hibang","rest","休息","https://ilrdc.tw/tow/2022/audio/word/34/30_12.wav"
"metuRuz","sleepy","睏(想睡覺)","https://ilrdc.tw/tow/2022/audio/word/34/30_13.wav"
"seminap","clean","打掃","https://ilrdc.tw/tow/2022/audio/word/34/30_14.wav"
"sinanam","learn","學習","https://ilrdc.tw/tow/2022/audio/word/34/30_15.wav"
"siqulin","lie down","躺臥","https://ilrdc.tw/tow/2022/audio/word/34/30_16.wav"
"qayRuzik","steal","偷竊","https://ilrdc.tw/tow/2022/audio/word/34/30_18.wav"
"meRamaz","cook","煮(菜)","https://ilrdc.tw/tow/2022/audio/word/34/30_19.wav"
"temaq","burn (like straw)","燒(如燒稻草)","https://ilrdc.tw/tow/2022/audio/word/34/30_20.wav"
"kalesuwab","yawn","打哈欠","https://ilrdc.tw/tow/2022/audio/word/34/30_21.wav"
"bulbul","roast","烤(如烤地瓜)","https://ilrdc.tw/tow/2022/audio/word/34/30_22.wav"
"meRamaz","cook (rice/meat/yams)","烹煮(飯／肉／地瓜)","https://ilrdc.tw/tow/2022/audio/word/34/30_23.wav"
"melana","wait","等待","https://ilrdc.tw/tow/2022/audio/word/34/30_24.wav"
"semalaw","hunt","陷獵","https://ilrdc.tw/tow/2022/audio/word/34/30_25.wav"
"pawaRi","dry (e.g., drying clothes in the sun)","曬乾(如將衣服曬乾)","https://ilrdc.tw/tow/2022/audio/word/34/30_26.wav"
"qaRu","draw water with a ladle (imperatives)","以杓汲水(祈使)","https://ilrdc.tw/tow/2022/audio/word/34/30_27.wav"
"pasuRiR","drain (abatement)","將水排出(疏減)","https://ilrdc.tw/tow/2022/audio/word/34/30_28.wav"
"nimen","pack up (imperatives, as in pack up)","收拾(祈使，如收拾東西)","https://ilrdc.tw/tow/2022/audio/word/34/30_29.wav"
"temaRqan","mill","碾(米)","https://ilrdc.tw/tow/2022/audio/word/34/30_30.wav"
"paqayseng","dry up","晾乾","https://ilrdc.tw/tow/2022/audio/word/34/30_31.wav"
"sisiqaR","quilt","蓋被子","https://ilrdc.tw/tow/2022/audio/word/34/30_32.wav"
"seminut","shine/light up","照起來／照明","https://ilrdc.tw/tow/2022/audio/word/34/30_33.wav"
"maRtik","fry","炒(如炒花生)","https://ilrdc.tw/tow/2022/audio/word/34/30_34.wav"
"pabubu","fishing for fish and shrimp by cage","以籠捕魚蝦","https://ilrdc.tw/tow/2022/audio/word/34/30_35.wav"
"melumuz","steam (as in steamed rice)","蒸(如蒸飯)","https://ilrdc.tw/tow/2022/audio/word/34/30_36.wav"
"meluma","plant","種植","https://ilrdc.tw/tow/2022/audio/word/34/30_37.wav"
"melawis","fish","釣魚","https://ilrdc.tw/tow/2022/audio/word/34/30_38.wav"
"puRamaz","make a fire","生火","https://ilrdc.tw/tow/2022/audio/word/34/30_39.wav"
"umas","pickle (imperatives)","醃漬(祈使)","https://ilrdc.tw/tow/2022/audio/word/34/30_40.wav"
"melitungtung","burnt","燒焦","https://ilrdc.tw/tow/2022/audio/word/34/30_41.wav"
"Raywawa","take care of","照顧","https://ilrdc.tw/tow/2022/audio/word/34/30_42.wav"
"semait","cut (hair)","剪(頭髮)","https://ilrdc.tw/tow/2022/audio/word/34/30_43.wav"
"semuR","soak","浸泡","https://ilrdc.tw/tow/2022/audio/word/34/30_44.wav"
"beqang","lift off (as in lift off the lid).","掀開(如掀開蓋子)","https://ilrdc.tw/tow/2022/audio/word/34/30_45.wav"
"bukas","bury","掩埋","https://ilrdc.tw/tow/2022/audio/word/34/30_46.wav"
"sumdes","change (cloth)","替換(衣服)","https://ilrdc.tw/tow/2022/audio/word/34/30_47.wav"
"semuksuk","lock up","鎖上","https://ilrdc.tw/tow/2022/audio/word/34/30_48.wav"
"semapsap","make the bed","鋪床","https://ilrdc.tw/tow/2022/audio/word/34/30_49.wav"
"temaq","burn (as in burning the hair of prey)","燒(如燒獵物的毛)","https://ilrdc.tw/tow/2022/audio/word/34/30_50.wav"
"temupaq tu biRi","leaf stripping","剝葉","https://ilrdc.tw/tow/2022/audio/word/34/30_51.wav"
"meRuquz","measure","量測","https://ilrdc.tw/tow/2022/audio/word/34/30_53.wav"
"matemaq","burning","燃燒","https://ilrdc.tw/tow/2022/audio/word/34/30_54.wav"
"ziyut","hang (Imperatives)","懸掛(祈使)","https://ilrdc.tw/tow/2022/audio/word/34/30_55.wav"
"sanaqu","imitate","模仿","https://ilrdc.tw/tow/2022/audio/word/34/30_56.wav"
"qemudu","feed","飼養","https://ilrdc.tw/tow/2022/audio/word/34/30_57.wav"
"maRtik","fry","炒(飯菜)","https://ilrdc.tw/tow/2022/audio/word/34/30_58.wav"
"puRas","ignite","點火","https://ilrdc.tw/tow/2022/audio/word/34/30_59.wav"
"temaqsi","read","讀書","https://ilrdc.tw/tow/2022/audio/word/34/30_60.wav"
"menanum","drink","喝(水)","https://ilrdc.tw/tow/2022/audio/word/34/30_61.wav"
"kemutkut","dig","(用鋤具)挖掘","https://ilrdc.tw/tow/2022/audio/word/34/30_62.wav"
"qemizuan","live","(居)住","https://ilrdc.tw/tow/2022/audio/word/34/30_63.wav"
"satezay","sing","唱歌","https://ilrdc.tw/tow/2022/audio/word/34/30_64.wav"
"mawRawRat","play","玩耍","https://ilrdc.tw/tow/2022/audio/word/34/30_65.wav"
"mepatay","death","死亡","https://ilrdc.tw/tow/2022/audio/word/34/31_01.wav"
"taRRaw","ouch","好痛","https://ilrdc.tw/tow/2022/audio/word/34/31_02.wav"
"meluzit","wounded","受傷","https://ilrdc.tw/tow/2022/audio/word/34/31_03.wav"
"meqamay","lose","遺失","https://ilrdc.tw/tow/2022/audio/word/34/31_04.wav"
"taRRaw","pain","痛","https://ilrdc.tw/tow/2022/audio/word/34/31_05.wav"
"meRinang","bleed","流血","https://ilrdc.tw/tow/2022/audio/word/34/31_06.wav"
"metiyan","pregnant","懷孕","https://ilrdc.tw/tow/2022/audio/word/34/31_07.wav"
"binnus ay","living","活的","https://ilrdc.tw/tow/2022/audio/word/34/31_08.wav"
"mettut","fart","放屁","https://ilrdc.tw/tow/2022/audio/word/34/31_09.wav"
"mepiRes","lame","跛腳","https://ilrdc.tw/tow/2022/audio/word/34/31_10.wav"
"qemudu","nurture","撫養","https://ilrdc.tw/tow/2022/audio/word/34/31_11.wav"
"sumRuz","growth","生長","https://ilrdc.tw/tow/2022/audio/word/34/31_12.wav"
"kapid","scar","疤","https://ilrdc.tw/tow/2022/audio/word/34/31_13.wav"
"qaRRat","itchy","癢","https://ilrdc.tw/tow/2022/audio/word/34/31_14.wav"
"metuRuz","doze off","打瞌睡","https://ilrdc.tw/tow/2022/audio/word/34/31_15.wav"
"bassing","sneeze","打噴嚏","https://ilrdc.tw/tow/2022/audio/word/34/31_16.wav"
"muRengiyas","soreness","痠痛","https://ilrdc.tw/tow/2022/audio/word/34/31_18.wav"
"metaRaw","sick","生病","https://ilrdc.tw/tow/2022/audio/word/34/31_19.wav"
"sakunani","festering","化膿","https://ilrdc.tw/tow/2022/audio/word/34/31_20.wav"
"meqiwat","slim","瘦(身形)","https://ilrdc.tw/tow/2022/audio/word/34/32_01.wav"
"zinneq","heavy (weight)","重(重量)","https://ilrdc.tw/tow/2022/audio/word/34/32_02.wav"
"inengat","light (weight)","輕(重量)","https://ilrdc.tw/tow/2022/audio/word/34/32_03.wav"
"ibabaw","high (height)","高(身高)","https://ilrdc.tw/tow/2022/audio/word/34/32_04.wav"
"Raya","large","大的","https://ilrdc.tw/tow/2022/audio/word/34/32_05.wav"
"ilibeng","short (height)","矮(身高)","https://ilrdc.tw/tow/2022/audio/word/34/32_06.wav"
"medaduna","industrious","勤勞","https://ilrdc.tw/tow/2022/audio/word/34/32_07.wav"
"sessen","cold","冷","https://ilrdc.tw/tow/2022/audio/word/34/32_08.wav"
"kitut ay","small","小的","https://ilrdc.tw/tow/2022/audio/word/34/32_09.wav"
"muwaza","many","多","https://ilrdc.tw/tow/2022/audio/word/34/32_10.wav"
"Rubatang","pretty","漂亮","https://ilrdc.tw/tow/2022/audio/word/34/32_11.wav"
"tuRpus","ice-cold","冰冷","https://ilrdc.tw/tow/2022/audio/word/34/32_12.wav"
"zepzepan","hot","悶熱","https://ilrdc.tw/tow/2022/audio/word/34/32_13.wav"
"kiya ay","few","少的","https://ilrdc.tw/tow/2022/audio/word/34/32_14.wav"
"busuq","drunk","酒醉","https://ilrdc.tw/tow/2022/audio/word/34/32_15.wav"
"metawa","laugh","笑","https://ilrdc.tw/tow/2022/audio/word/34/32_16.wav"
"mezizi ay","wet","濕的","https://ilrdc.tw/tow/2022/audio/word/34/32_17.wav"
"mammin","ripe (of fruit)","熟(煮熟)","https://ilrdc.tw/tow/2022/audio/word/34/32_18.wav"
"Rutuz ay","thick","厚的","https://ilrdc.tw/tow/2022/audio/word/34/32_19.wav"
"meti ay","undercooked (if this piece of meat is raw)","未熟的(如肉是生的、菜類是生的)","https://ilrdc.tw/tow/2022/audio/word/34/32_20.wav"
"inpis ay","thin","薄的","https://ilrdc.tw/tow/2022/audio/word/34/32_21.wav"
"dasam","dirty","髒","https://ilrdc.tw/tow/2022/audio/word/34/32_22.wav"
"buqaRes","lazy","懶惰","https://ilrdc.tw/tow/2022/audio/word/34/32_23.wav"
"dasaq","clean","乾淨","https://ilrdc.tw/tow/2022/audio/word/34/32_24.wav"
"meqasiR","soon","很快","https://ilrdc.tw/tow/2022/audio/word/34/32_25.wav"
"teRi","bright","明亮","https://ilrdc.tw/tow/2022/audio/word/34/32_26.wav"
"missi","fat","胖(身形)","https://ilrdc.tw/tow/2022/audio/word/34/32_27.wav"
"mayseng ay","dry","乾的","https://ilrdc.tw/tow/2022/audio/word/34/32_28.wav"
"pilay","tired","累","https://ilrdc.tw/tow/2022/audio/word/34/32_29.wav"
"qazuzusan","poor thing","好可憐","https://ilrdc.tw/tow/2022/audio/word/34/32_30.wav"
"tasu ay","new","新的","https://ilrdc.tw/tow/2022/audio/word/34/32_31.wav"
" ’zan ay","old","舊的","https://ilrdc.tw/tow/2022/audio/word/34/32_32.wav"
"zaki","near","近","https://ilrdc.tw/tow/2022/audio/word/34/32_33.wav"
"mammaq","hot","燙","https://ilrdc.tw/tow/2022/audio/word/34/32_34.wav"
"meRapsi","spoiled","壞掉","https://ilrdc.tw/tow/2022/audio/word/34/32_35.wav"
"mennet","spicy","辣","https://ilrdc.tw/tow/2022/audio/word/34/32_36.wav"
"daud","far","遠","https://ilrdc.tw/tow/2022/audio/word/34/32_37.wav"
"bunul","swelling","腫","https://ilrdc.tw/tow/2022/audio/word/34/32_38.wav"
"melikaw","bend","彎曲","https://ilrdc.tw/tow/2022/audio/word/34/32_39.wav"
"tennes","long","久的","https://ilrdc.tw/tow/2022/audio/word/34/32_40.wav"
"mepuqaw ti","blind","瞎了","https://ilrdc.tw/tow/2022/audio/word/34/32_41.wav"
"tawaq","poison","毒","https://ilrdc.tw/tow/2022/audio/word/34/32_42.wav"
"nengi qanan","delicious","很好吃","https://ilrdc.tw/tow/2022/audio/word/34/32_43.wav"
"senulal","smooth","滑","https://ilrdc.tw/tow/2022/audio/word/34/32_44.wav"
"tenatti","bitter","苦(吃的東西)","https://ilrdc.tw/tow/2022/audio/word/34/32_45.wav"
"katem","fragile (e.g. this wire is prone to breakage)","脆弱(如這根鐵絲易斷裂)","https://ilrdc.tw/tow/2022/audio/word/34/32_46.wav"
"mai pama mateqas","unripe","  未成熟的(果實)","https://ilrdc.tw/tow/2022/audio/word/34/32_47.wav"
"qayRuzik","stealthily","偷偷地","https://ilrdc.tw/tow/2022/audio/word/34/32_48.wav"
"mazemun","numerous","(人)眾多","https://ilrdc.tw/tow/2022/audio/word/34/32_49.wav"
"simunang","brisk","輕快、舒適","https://ilrdc.tw/tow/2022/audio/word/34/32_50.wav"
"qaRim","sour","酸","https://ilrdc.tw/tow/2022/audio/word/34/32_51.wav"
"massim","salty","鹹","https://ilrdc.tw/tow/2022/audio/word/34/32_52.wav"
"sapazeng","intentional","故意","https://ilrdc.tw/tow/2022/audio/word/34/32_53.wav"
"mediyuq ay","pulpy","稀爛的","https://ilrdc.tw/tow/2022/audio/word/34/32_54.wav"
"bakes","sturdy","壯碩","https://ilrdc.tw/tow/2022/audio/word/34/32_55.wav"
"selizu","warm","暖和","https://ilrdc.tw/tow/2022/audio/word/34/32_56.wav"
"meRazes","blunt","鈍的","https://ilrdc.tw/tow/2022/audio/word/34/32_57.wav"
"datetebus","sweet","甘甜","https://ilrdc.tw/tow/2022/audio/word/34/32_58.wav"
"sapeRet","astringent (taste)","澀澀的(味覺)","https://ilrdc.tw/tow/2022/audio/word/34/32_59.wav"
"qiwat","tall and thin","高瘦(身材)","https://ilrdc.tw/tow/2022/audio/word/34/32_60.wav"
"sukinil","slant","(傾)斜","https://ilrdc.tw/tow/2022/audio/word/34/32_61.wav"
"sepul","soft","軟","https://ilrdc.tw/tow/2022/audio/word/34/32_62.wav"
"qatemu","very hard","很硬","https://ilrdc.tw/tow/2022/audio/word/34/32_63.wav"
"bangti","sour smell","酸臭","https://ilrdc.tw/tow/2022/audio/word/34/32_64.wav"
"tingzen","straight","直","https://ilrdc.tw/tow/2022/audio/word/34/32_65.wav"
"puniR ti","full","滿了","https://ilrdc.tw/tow/2022/audio/word/34/32_66.wav"
"mai naquni","well","好好的","https://ilrdc.tw/tow/2022/audio/word/34/32_67.wav"
"tabay","(space) spacious","(空間)寬敞","https://ilrdc.tw/tow/2022/audio/word/34/32_68.wav"
"maqezaq","correct","正確","https://ilrdc.tw/tow/2022/audio/word/34/32_69.wav"
"damidmid","fully wetted","全濕透","https://ilrdc.tw/tow/2022/audio/word/34/32_70.wav"
"paqanas","slowly","慢慢","https://ilrdc.tw/tow/2022/audio/word/34/32_71.wav"
"sanangan qenamammaq na","warm","溫的(水)","https://ilrdc.tw/tow/2022/audio/word/34/32_72.wav"
"Raya","coarse","粗(物)","https://ilrdc.tw/tow/2022/audio/word/34/32_73.wav"
"maRung","long","長","https://ilrdc.tw/tow/2022/audio/word/34/32_74.wav"
"kitut","fine","細","https://ilrdc.tw/tow/2022/audio/word/34/32_75.wav"
"kezut","short","短","https://ilrdc.tw/tow/2022/audio/word/34/32_76.wav"
"mammaq","hot","炎熱","https://ilrdc.tw/tow/2022/audio/word/34/32_77.wav"
"meteqas","ripen","成熟(果實)","https://ilrdc.tw/tow/2022/audio/word/34/32_78.wav"
"puniR","full","滿滿","https://ilrdc.tw/tow/2022/audio/word/34/32_79.wav"
"melabulil","handsome","英俊","https://ilrdc.tw/tow/2022/audio/word/34/32_80.wav"
"qawman","should","應該","https://ilrdc.tw/tow/2022/audio/word/34/33_01.wav"
"qawman","certain","一定","https://ilrdc.tw/tow/2022/audio/word/34/33_02.wav"
"qanengi","able","能夠、可以","https://ilrdc.tw/tow/2022/audio/word/34/33_03.wav"
"pasi","possible","可能","https://ilrdc.tw/tow/2022/audio/word/34/33_04.wav"
"qalilizaqan","celebrate","慶祝","https://ilrdc.tw/tow/2022/audio/word/34/33_05.wav"
"semupas","wipe","擦拭","https://ilrdc.tw/tow/2022/audio/word/34/33_06.wav"
"temuluz","call","使喚","https://ilrdc.tw/tow/2022/audio/word/34/33_07.wav"
"tepik","fold","摺疊","https://ilrdc.tw/tow/2022/audio/word/34/34_01.wav"
"mabenaR","split open","裂開","https://ilrdc.tw/tow/2022/audio/word/34/34_02.wav"
"medaiyung/ miyung","use","使用","https://ilrdc.tw/tow/2022/audio/word/34/34_03.wav"
"subediq","overflow (like water overflowing)","溢出(如水溢出來)","https://ilrdc.tw/tow/2022/audio/word/34/34_04.wav"
"manmu","help","幫忙","https://ilrdc.tw/tow/2022/audio/word/34/34_05.wav"
"qemupit","attach","(有東西)附著","https://ilrdc.tw/tow/2022/audio/word/34/34_06.wav"
"meRames","mix sth. with sth.","混以某物","https://ilrdc.tw/tow/2022/audio/word/34/34_07.wav"
"matutuz","shaken","被(搖)動的","https://ilrdc.tw/tow/2022/audio/word/34/34_08.wav"
"qemuRu","erase","刷除","https://ilrdc.tw/tow/2022/audio/word/34/34_09.wav"
"siRaRaz","depend","依賴","https://ilrdc.tw/tow/2022/audio/word/34/34_10.wav"
"buwaq","pour","倒入","https://ilrdc.tw/tow/2022/audio/word/34/34_11.wav"
"temabal","block","阻擋","https://ilrdc.tw/tow/2022/audio/word/34/34_12.wav"
"subulin","stay","留下","https://ilrdc.tw/tow/2022/audio/word/34/34_13.wav"
"suni","sound","聲響","https://ilrdc.tw/tow/2022/audio/word/34/34_14.wav"
"maseqales","over","超過","https://ilrdc.tw/tow/2022/audio/word/34/34_15.wav"
"masebang","crumble (of scree slope)","崩落","https://ilrdc.tw/tow/2022/audio/word/34/34_16.wav"
"pateqez","brake","煞車","https://ilrdc.tw/tow/2022/audio/word/34/34_17.wav"
"kemilim","search","尋找","https://ilrdc.tw/tow/2022/audio/word/34/34_18.wav"
"muwalin","throw away","丟棄","https://ilrdc.tw/tow/2022/audio/word/34/34_19.wav"
"qasukaw","prohibit","禁止","https://ilrdc.tw/tow/2022/audio/word/34/34_20.wav"
"yau","there are...","有","https://ilrdc.tw/tow/2022/audio/word/34/34_21.wav"
"qatis","remain","剩下","https://ilrdc.tw/tow/2022/audio/word/34/34_22.wav"
"semangi","set up","設置","https://ilrdc.tw/tow/2022/audio/word/34/34_23.wav"
"siangatu","begin","開始","https://ilrdc.tw/tow/2022/audio/word/34/34_24.wav"
"mulepun","complete","完成","https://ilrdc.tw/tow/2022/audio/word/34/34_25.wav"
"pasisingit","pick on","找碴","https://ilrdc.tw/tow/2022/audio/word/34/34_26.wav"
"semangi","make","製作(物品)","https://ilrdc.tw/tow/2022/audio/word/34/34_27.wav"
"mekala","find","找到","https://ilrdc.tw/tow/2022/audio/word/34/34_28.wav"
"sabidang","number (calculation)","數(計算)","https://ilrdc.tw/tow/2022/audio/word/34/34_29.wav"
"matikas ","trapped","(獵物掉入陷阱)陷中","https://ilrdc.tw/tow/2022/audio/word/34/34_30.wav"
"mezuquR","bang","撞擊某物","https://ilrdc.tw/tow/2022/audio/word/34/34_31.wav"
"sukuliseng","rotate","旋轉","https://ilrdc.tw/tow/2022/audio/word/34/34_32.wav"
"kemuliseng","surround","圍著某物","https://ilrdc.tw/tow/2022/audio/word/34/34_33.wav"
"nengi","good","好","https://ilrdc.tw/tow/2022/audio/word/34/34_34.wav"
"wanay","thank you","謝謝","https://ilrdc.tw/tow/2022/audio/word/34/34_35.wav"
"naRin mesikaz","you’re welcome","不客氣","https://ilrdc.tw/tow/2022/audio/word/34/34_36.wav"
"mai","no","沒有","https://ilrdc.tw/tow/2022/audio/word/34/34_37.wav"
"quni","it’s okay","沒關係","https://ilrdc.tw/tow/2022/audio/word/34/34_38.wav"
"taqa/ naay","don’t","不要","https://ilrdc.tw/tow/2022/audio/word/34/35_01.wav"
"sukaw","can't","不可以","https://ilrdc.tw/tow/2022/audio/word/34/35_02.wav"
"ussa","no (for reply)","不是(回答用)","https://ilrdc.tw/tow/2022/audio/word/34/35_03.wav"
"mai","none (negative of possession)","沒有(表擁有的否定詞)","https://ilrdc.tw/tow/2022/audio/word/34/35_04.wav"
" naRin","don’t (for the imperative)"," 不要(祈使句用)","https://ilrdc.tw/tow/2022/audio/word/34/35_05.wav"
"Raynguan","don’t know","不知道","https://ilrdc.tw/tow/2022/audio/word/34/35_06.wav"
"maken","really","真的","https://ilrdc.tw/tow/2022/audio/word/34/36_01.wav"
"yau","in the process of (doing something or happening)","正在","https://ilrdc.tw/tow/2022/audio/word/34/36_02.wav"
"midayan","arbitrary","隨意","https://ilrdc.tw/tow/2022/audio/word/34/36_03.wav"
"kua ","okay","好的(沒問題)","https://ilrdc.tw/tow/2022/audio/word/34/36_04.wav"
"qatuRiyas","immediately","立即","https://ilrdc.tw/tow/2022/audio/word/34/36_07.wav"
"semmin","enough","足夠","https://ilrdc.tw/tow/2022/audio/word/34/36_08.wav"
"muman","again","再","https://ilrdc.tw/tow/2022/audio/word/34/36_09.wav"
"wanma","only","只有","https://ilrdc.tw/tow/2022/audio/word/34/36_10.wav"
"Ru...","just now","剛剛(前綴)","https://ilrdc.tw/tow/2022/audio/word/34/36_11.wav"
"kiya","a little","少許","https://ilrdc.tw/tow/2022/audio/word/34/36_12.wav"
"qakikiya","temporary (leave for a moment)","暫時(離開一下)","https://ilrdc.tw/tow/2022/audio/word/34/36_13.wav"
"qenian mai","never","從不","https://ilrdc.tw/tow/2022/audio/word/34/36_14.wav"
"sukaw","shouldn;t","不該","https://ilrdc.tw/tow/2022/audio/word/34/36_15.wav"
"Raqana","so","所以","https://ilrdc.tw/tow/2022/audio/word/34/36_16.wav"
"pataz","usually","經常","https://ilrdc.tw/tow/2022/audio/word/34/36_17.wav"
"seRay","with","和","https://ilrdc.tw/tow/2022/audio/word/34/36_18.wav"
"yau zuma","sometimes","偶爾、有時候","https://ilrdc.tw/tow/2022/audio/word/34/36_19.wav"
"en ni","really (auxiliary verb)","是嗎(語助詞)","https://ilrdc.tw/tow/2022/audio/word/34/36_20.wav"
"pama","still (not yet)","還(尚未)","https://ilrdc.tw/tow/2022/audio/word/34/36_21.wav"
"azu/ anu","if","如果","https://ilrdc.tw/tow/2022/audio/word/34/36_22.wav"
"nazau","so","如此","https://ilrdc.tw/tow/2022/audio/word/34/36_24.wav"
"qaya","also","也","https://ilrdc.tw/tow/2022/audio/word/34/36_25.wav"
"tangi","just now","剛才","https://ilrdc.tw/tow/2022/audio/word/34/36_26.wav"
"saqabian","whole day","整天","https://ilrdc.tw/tow/2022/audio/word/34/36_27.wav"
"nizu","both","都是","https://ilrdc.tw/tow/2022/audio/word/34/36_28.wav"
"nayau ma","only","僅僅","https://ilrdc.tw/tow/2022/audio/word/34/36_29.wav"
"ni","(used in a question)","嗎(用在問句)","https://ilrdc.tw/tow/2022/audio/word/34/36_31.wav"
"ya","main marker (in all ethnic languages)","主格標記(各族用語)","https://ilrdc.tw/tow/2022/audio/word/34/36_32.wav"
"-an","marked (in all ethnic languages)","受格標記(各族用語)","https://ilrdc.tw/tow/2022/audio/word/34/36_33.wav"
"na/ ni","genre marker (in all ethnic languages)","屬格標記(各族用語)","https://ilrdc.tw/tow/2022/audio/word/34/36_34.wav"
"ta ...an","in (here)","在(這裡)","https://ilrdc.tw/tow/2022/audio/word/34/36_35.wav"
"nengi","do","可以(做某事)","https://ilrdc.tw/tow/2022/audio/word/34/36_36.wav"
"Raymazuq","fool","傻瓜","https://ilrdc.tw/tow/2022/audio/word/34/36_37.wav"
