"cacay","one","一","https://ilrdc.tw/tow/2022/audio/word/43/01_01.wav"
"tusa","two","二","https://ilrdc.tw/tow/2022/audio/word/43/01_02.wav"
"tulu","three","三","https://ilrdc.tw/tow/2022/audio/word/43/01_03.wav"
"sepat","four","四","https://ilrdc.tw/tow/2022/audio/word/43/01_04.wav"
"lima","five","五","https://ilrdc.tw/tow/2022/audio/word/43/01_05.wav"
"enem","six","六","https://ilrdc.tw/tow/2022/audio/word/43/01_06.wav"
"pitu","seven","七","https://ilrdc.tw/tow/2022/audio/word/43/01_07.wav"
"walu","eight","八","https://ilrdc.tw/tow/2022/audio/word/43/01_08.wav"
"siwa","nine","九","https://ilrdc.tw/tow/2022/audio/word/43/01_09.wav"
"cacay a bataan","ten","十","https://ilrdc.tw/tow/2022/audio/word/43/01_10.wav"
"sabaw cacay","eleven","十一","https://ilrdc.tw/tow/2022/audio/word/43/01_11.wav"
"sabaw tusa","twelve","十二","https://ilrdc.tw/tow/2022/audio/word/43/01_12.wav"
"sabaw tulu","thirteen","十三","https://ilrdc.tw/tow/2022/audio/word/43/01_13.wav"
"sabaw sepat","fourteen","十四","https://ilrdc.tw/tow/2022/audio/word/43/01_14.wav"
"sabaw lima","fifteen","十五","https://ilrdc.tw/tow/2022/audio/word/43/01_15.wav"
"sabaw enem","sixteen","十六","https://ilrdc.tw/tow/2022/audio/word/43/01_16.wav"
"sabaw pitu","seventeen","十七","https://ilrdc.tw/tow/2022/audio/word/43/01_17.wav"
"sabaw walu","eighteen","十八","https://ilrdc.tw/tow/2022/audio/word/43/01_18.wav"
"sabaw siwa","nineteen","十九","https://ilrdc.tw/tow/2022/audio/word/43/01_19.wav"
"tusa a bataan","twenty","二十  ","https://ilrdc.tw/tow/2022/audio/word/43/01_20.wav"
"tusa bataan izaw(idaw) ku cacay","twenty one","二十一","https://ilrdc.tw/tow/2022/audio/word/43/01_21.wav"
"tusa bataan izaw(idaw) ku tusa","twenty two","二十二","https://ilrdc.tw/tow/2022/audio/word/43/01_22.wav"
"tusa bataan izaw(idaw) ku tulu","twenty three","二十三","https://ilrdc.tw/tow/2022/audio/word/43/01_23.wav"
"tusa bataan izaw(idaw) ku sepat","twenty four","二十四","https://ilrdc.tw/tow/2022/audio/word/43/01_24.wav"
"tusa bataan izaw(idaw) ku lima","twenty five","二十五","https://ilrdc.tw/tow/2022/audio/word/43/01_25.wav"
"tulu a bataan","thirty","三十","https://ilrdc.tw/tow/2022/audio/word/43/01_26.wav"
"tulu bataan izaw(idaw) ku cacay","thirty one","三十一","https://ilrdc.tw/tow/2022/audio/word/43/01_27.wav"
"sepat a bataan","forty","四十","https://ilrdc.tw/tow/2022/audio/word/43/01_28.wav"
"lima a bataan","fifty","五十","https://ilrdc.tw/tow/2022/audio/word/43/01_29.wav"
"enem a bataan","sixty","六十","https://ilrdc.tw/tow/2022/audio/word/43/01_30.wav"
"pitu a bataan","seventy","七十","https://ilrdc.tw/tow/2022/audio/word/43/01_31.wav"
"walu a bataan","eighty","八十","https://ilrdc.tw/tow/2022/audio/word/43/01_32.wav"
"siwa a bataan","ninety","九十","https://ilrdc.tw/tow/2022/audio/word/43/01_33.wav"
"lasubu ","hundred","百","https://ilrdc.tw/tow/2022/audio/word/43/01_34.wav"
"cacay a lasubu","one hundred","一百","https://ilrdc.tw/tow/2022/audio/word/43/01_35.wav"
"tusa a lasubu","two hundred","兩百","https://ilrdc.tw/tow/2022/audio/word/43/01_36.wav"
"cacay a malebut","one thousand","一千","https://ilrdc.tw/tow/2022/audio/word/43/01_37.wav"
"adiding","some","一些","https://ilrdc.tw/tow/2022/audio/word/43/01_38.wav"
"nacacay","once","一次","https://ilrdc.tw/tow/2022/audio/word/43/01_39.wav"
"cacay a dipas","bunch","一串","https://ilrdc.tw/tow/2022/audio/word/43/01_40.wav"
"kasasizuma(kasasiduma)","kind","種類","https://ilrdc.tw/tow/2022/audio/word/43/01_41.wav"
"mahtatusa","pair","一雙","https://ilrdc.tw/tow/2022/audio/word/43/01_42.wav"
"hamin","entire","全部","https://ilrdc.tw/tow/2022/audio/word/43/01_43.wav"
"adidi’","a little bit","一點點","https://ilrdc.tw/tow/2022/audio/word/43/01_44.wav"
"pangkiw","half","一半","https://ilrdc.tw/tow/2022/audio/word/43/01_45.wav"
"kisu","you","你 ","https://ilrdc.tw/tow/2022/audio/word/43/02_01.wav"
"kaku","I","我","https://ilrdc.tw/tow/2022/audio/word/43/02_02.wav"
"ciniza(cinida)","he","他","https://ilrdc.tw/tow/2022/audio/word/43/02_03.wav"
"kamu","you guys","你們","https://ilrdc.tw/tow/2022/audio/word/43/02_04.wav"
"kami","us","我們","https://ilrdc.tw/tow/2022/audio/word/43/02_05.wav"
"kuheni","they","他們","https://ilrdc.tw/tow/2022/audio/word/43/02_06.wav"
"namuay","yours","你們的","https://ilrdc.tw/tow/2022/audio/word/43/02_07.wav"
"mitaay","our","我們的","https://ilrdc.tw/tow/2022/audio/word/43/02_08.wav"
"nuheniay","their","他們的","https://ilrdc.tw/tow/2022/audio/word/43/02_09.wav"
"misuay","your","你的","https://ilrdc.tw/tow/2022/audio/word/43/02_10.wav"
"makuay","mine","我的","https://ilrdc.tw/tow/2022/audio/word/43/02_11.wav"
"nizaay(nidaay)","his","他的","https://ilrdc.tw/tow/2022/audio/word/43/02_12.wav"
"kami","we (excluded)","我們(排除式)","https://ilrdc.tw/tow/2022/audio/word/43/02_13.wav"
"kita","let’s (inclusive)","咱們(包含式)","https://ilrdc.tw/tow/2022/audio/word/43/02_14.wav"
"mitaay","ours","咱們的","https://ilrdc.tw/tow/2022/audio/word/43/02_15.wav"
"kuyza(kuyda)","that","那個","https://ilrdc.tw/tow/2022/audio/word/43/02_16.wav"
"kuyni","this one","這個","https://ilrdc.tw/tow/2022/audio/word/43/02_17.wav"
"tini","here","這裡","https://ilrdc.tw/tow/2022/audio/word/43/02_18.wav"
"tiza(tida)","there","那裡","https://ilrdc.tw/tow/2022/audio/word/43/02_19.wav"
"mahini","(like) this","(像)這樣","https://ilrdc.tw/tow/2022/audio/word/43/02_20.wav"
"pina","how much","多少","https://ilrdc.tw/tow/2022/audio/word/43/03_01.wav"
"canan ","what","什麼","https://ilrdc.tw/tow/2022/audio/word/43/03_02.wav"
"mahica","how","如何","https://ilrdc.tw/tow/2022/audio/word/43/03_03.wav"
"a yaan","when (not happening)","何時(未發生)","https://ilrdc.tw/tow/2022/audio/word/43/03_04.wav"
"cima","who","誰","https://ilrdc.tw/tow/2022/audio/word/43/03_05.wav"
"cuwaay","which one","哪一個","https://ilrdc.tw/tow/2022/audio/word/43/03_06.wav"
"cuwa","where","哪裡","https://ilrdc.tw/tow/2022/audio/word/43/03_07.wav"
"nimaay","Whose is it?","是誰的","https://ilrdc.tw/tow/2022/audio/word/43/03_08.wav"
"mahica","what","怎麼","https://ilrdc.tw/tow/2022/audio/word/43/03_09.wav"
"pina","how much","多少(歲；物)","https://ilrdc.tw/tow/2022/audio/word/43/03_10.wav"
"hacica","how much (degree size)"," 多少(程度大小)","https://ilrdc.tw/tow/2022/audio/word/43/03_11.wav"
"i cuwa","where","什麼地方","https://ilrdc.tw/tow/2022/audio/word/43/03_12.wav"
"nayaan","when (has happened)","何時(已發生)","https://ilrdc.tw/tow/2022/audio/word/43/03_13.wav"
"kya ","why","為什麼","https://ilrdc.tw/tow/2022/audio/word/43/03_14.wav"
"ama","dad","爸爸","https://ilrdc.tw/tow/2022/audio/word/43/04_01.wav"
"ina","mom","媽媽","https://ilrdc.tw/tow/2022/audio/word/43/04_02.wav"
" pulsadak nu malekakaay","cousins","堂、表兄弟姐妹","https://ilrdc.tw/tow/2022/audio/word/43/04_03.wav"
"baki ","male elder (grandfather; father-in-law)","男性長輩(祖父；外公；岳父)","https://ilrdc.tw/tow/2022/audio/word/43/04_04.wav"
"bai ","female elder (grandmother; mother-in-law)","女性長輩(祖母；外婆；岳母)","https://ilrdc.tw/tow/2022/audio/word/43/04_05.wav"
"laluma’an","relative","親戚","https://ilrdc.tw/tow/2022/audio/word/43/04_06.wav"
"acawa","spouse","配偶","https://ilrdc.tw/tow/2022/audio/word/43/04_07.wav"
"kadabu","daughter’s husband","女婿","https://ilrdc.tw/tow/2022/audio/word/43/04_08.wav"
"ali","wife’s brother","舅子","https://ilrdc.tw/tow/2022/audio/word/43/04_09.wav"
"ali","sister-in-law","弟媳","https://ilrdc.tw/tow/2022/audio/word/43/04_10.wav"
"ali","older brother’s wife","嫂嫂","https://ilrdc.tw/tow/2022/audio/word/43/04_11.wav"
"kadabu","daughter-in-law","媳婦","https://ilrdc.tw/tow/2022/audio/word/43/04_12.wav"
"baki/bai","grandchild","孫子/孫女","https://ilrdc.tw/tow/2022/audio/word/43/04_13.wav"
"malaacawaay","husband and wife","夫妻","https://ilrdc.tw/tow/2022/audio/word/43/04_14.wav"
"acawa","husband","丈夫","https://ilrdc.tw/tow/2022/audio/word/43/04_15.wav"
"cinki","in-law","姻親","https://ilrdc.tw/tow/2022/audio/word/43/04_16.wav"
"calekakaan","sibling","兄弟姊妹","https://ilrdc.tw/tow/2022/audio/word/43/04_17.wav"
"kakama","brother","兄長","https://ilrdc.tw/tow/2022/audio/word/43/04_18.wav"
"kaka ","brother and sister","(哥哥；姊姊)通稱","https://ilrdc.tw/tow/2022/audio/word/43/04_19.wav"
"kakana","older sister","姊姊","https://ilrdc.tw/tow/2022/audio/word/43/04_20.wav"
"kakama","older brother","哥哥","https://ilrdc.tw/tow/2022/audio/word/43/04_21.wav"
"saba ","brother and sister","(弟弟；妹妹)通稱","https://ilrdc.tw/tow/2022/audio/word/43/04_22.wav"
"sabama","younger brother","弟弟","https://ilrdc.tw/tow/2022/audio/word/43/04_23.wav"
"sabana","younger sister","妹妹","https://ilrdc.tw/tow/2022/audio/word/43/04_24.wav"
"sinawama","uncle","(伯父；叔叔；舅舅)通稱","https://ilrdc.tw/tow/2022/audio/word/43/04_25.wav"
"sinawina","aunt","(伯母；嬸嬸；舅母)通稱  ","https://ilrdc.tw/tow/2022/audio/word/43/04_26.wav"
"ngangan","name","名字","https://ilrdc.tw/tow/2022/audio/word/43/05_01.wav"
"tatama a wawa","boy","男孩","https://ilrdc.tw/tow/2022/audio/word/43/05_02.wav"
"tatayna a wawa","girl","女孩","https://ilrdc.tw/tow/2022/audio/word/43/05_03.wav"
"cabay","friend","朋友","https://ilrdc.tw/tow/2022/audio/word/43/05_04.wav"
"wawa","child","孩童","https://ilrdc.tw/tow/2022/audio/word/43/05_05.wav"
"babalaki ","elderly people","老人家","https://ilrdc.tw/tow/2022/audio/word/43/05_06.wav"
"tatayna","female","女性","https://ilrdc.tw/tow/2022/audio/word/43/05_07.wav"
"tatama","male","男性","https://ilrdc.tw/tow/2022/audio/word/43/05_08.wav"
"tademaw ","people","人","https://ilrdc.tw/tow/2022/audio/word/43/05_09.wav"
"misaydan","doctor","醫師","https://ilrdc.tw/tow/2022/audio/word/43/05_10.wav"
"saydan","teacher","老師","https://ilrdc.tw/tow/2022/audio/word/43/05_11.wav"
"ada","enemy","敵人","https://ilrdc.tw/tow/2022/audio/word/43/05_12.wav"
"tapang","sir","長官","https://ilrdc.tw/tow/2022/audio/word/43/05_13.wav"
"lumuwa","hooliganism","流氓","https://ilrdc.tw/tow/2022/audio/word/43/05_14.wav"
"tayling","police","警察","https://ilrdc.tw/tow/2022/audio/word/43/05_15.wav"
"Tangabulan","ethnic group (Taiwan), "plain tribes","平埔族","https://ilrdc.tw/tow/2022/audio/word/43/05_16.wav"
"Ngayngay","Hakka people","客家人","https://ilrdc.tw/tow/2022/audio/word/43/05_17.wav"
"sasaydan","principal","校長","https://ilrdc.tw/tow/2022/audio/word/43/05_18.wav"
"Layak","Min Nan (Taiwanese)","閩南人","https://ilrdc.tw/tow/2022/audio/word/43/05_19.wav"
"masakapahay","young people","青年","https://ilrdc.tw/tow/2022/audio/word/43/05_20.wav"
"sinbu","(spiritual) father","神父","https://ilrdc.tw/tow/2022/audio/word/43/05_21.wav"
"siwni","sister","修女","https://ilrdc.tw/tow/2022/audio/word/43/05_22.wav"
"Hulam ","mainlander","外省人","https://ilrdc.tw/tow/2022/audio/word/43/05_23.wav"
"limecedan","miss","小姐","https://ilrdc.tw/tow/2022/audio/word/43/05_24.wav"
"micudaday","student","學生","https://ilrdc.tw/tow/2022/audio/word/43/05_25.wav"
"tangila","ear","耳朵","https://ilrdc.tw/tow/2022/audio/word/43/06_01.wav"
"padahaw","thigh","大腿","https://ilrdc.tw/tow/2022/audio/word/43/06_02.wav"
"mata","eye","眼睛","https://ilrdc.tw/tow/2022/audio/word/43/06_03.wav"
"bihid","face","臉","https://ilrdc.tw/tow/2022/audio/word/43/06_04.wav"
"laway","mouth","嘴巴","https://ilrdc.tw/tow/2022/audio/word/43/06_05.wav"
"tangah","head","頭","https://ilrdc.tw/tow/2022/audio/word/43/06_06.wav"
"kanus","fingernail","指甲","https://ilrdc.tw/tow/2022/audio/word/43/06_07.wav"
"lima","hand","手","https://ilrdc.tw/tow/2022/audio/word/43/06_08.wav"
"uzip(udip)","body","身體","https://ilrdc.tw/tow/2022/audio/word/43/06_09.wav"
"cihek","nose","鼻子","https://ilrdc.tw/tow/2022/audio/word/43/06_10.wav"
"kuku’","foot","腳","https://ilrdc.tw/tow/2022/audio/word/43/06_11.wav"
"ngipen","teeth","牙齒","https://ilrdc.tw/tow/2022/audio/word/43/06_12.wav"
"bukes","hair","頭髮","https://ilrdc.tw/tow/2022/audio/word/43/06_13.wav"
"izang(idang)","blood","血","https://ilrdc.tw/tow/2022/audio/word/43/06_14.wav"
"titi","meat","肉","https://ilrdc.tw/tow/2022/audio/word/43/06_15.wav"
"zais(dais)","forehead","額頭","https://ilrdc.tw/tow/2022/audio/word/43/06_16.wav"
"bili","belly","肚子","https://ilrdc.tw/tow/2022/audio/word/43/06_17.wav"
"cucu","breast","乳房","https://ilrdc.tw/tow/2022/audio/word/43/06_18.wav"
"tekel","calf","小腿肚","https://ilrdc.tw/tow/2022/audio/word/43/06_19.wav"
"abala","shoulder","肩膀","https://ilrdc.tw/tow/2022/audio/word/43/06_20.wav"
"ngazuy(ngaduy)","chin","下巴","https://ilrdc.tw/tow/2022/audio/word/43/06_21.wav"
"kulul","back","背部","https://ilrdc.tw/tow/2022/audio/word/43/06_22.wav"
"banges","skin","皮","https://ilrdc.tw/tow/2022/audio/word/43/06_23.wav"
"baluwang","thoracic cavity","胸腔","https://ilrdc.tw/tow/2022/audio/word/43/06_24.wav"
"butul","male genitalia","男性生殖器","https://ilrdc.tw/tow/2022/audio/word/43/06_25.wav"
"puki","female genitalia","女性生殖器","https://ilrdc.tw/tow/2022/audio/word/43/06_26.wav"
"bala’","lung","肺","https://ilrdc.tw/tow/2022/audio/word/43/06_27.wav"
"balucu’","heart","心臟","https://ilrdc.tw/tow/2022/audio/word/43/06_28.wav"
"ciku ","elbow","手肘","https://ilrdc.tw/tow/2022/audio/word/43/06_29.wav"
"ngangay ","saliva","口水","https://ilrdc.tw/tow/2022/audio/word/43/06_30.wav"
"tusuz(tusud)","knee","膝蓋","https://ilrdc.tw/tow/2022/audio/word/43/06_31.wav"
"duka","wound","傷口","https://ilrdc.tw/tow/2022/audio/word/43/06_32.wav"
"bituka","stomach","胃","https://ilrdc.tw/tow/2022/audio/word/43/06_33.wav"
"atay","liver","肝臟","https://ilrdc.tw/tow/2022/audio/word/43/06_34.wav"
"teluhu’ ","phlegm","痰","https://ilrdc.tw/tow/2022/audio/word/43/06_35.wav"
"biluu’","goiter","甲狀腺腫","https://ilrdc.tw/tow/2022/audio/word/43/06_36.wav"
"simal","grease","油脂","https://ilrdc.tw/tow/2022/audio/word/43/06_37.wav"
"baduwac","rib","肋骨","https://ilrdc.tw/tow/2022/audio/word/43/06_38.wav"
"besi","gallbladder","膽囊","https://ilrdc.tw/tow/2022/audio/word/43/06_39.wav"
"tatuzu’(tatudu’)","thumb","拇指","https://ilrdc.tw/tow/2022/audio/word/43/06_40.wav"
"takulaw","throat","喉嚨","https://ilrdc.tw/tow/2022/audio/word/43/06_41.wav"
"sema","tongue","舌頭","https://ilrdc.tw/tow/2022/audio/word/43/06_42.wav"
"tatelecan","waist","腰部","https://ilrdc.tw/tow/2022/audio/word/43/06_43.wav"
"taluzu’(taludu’)","finger","手指","https://ilrdc.tw/tow/2022/audio/word/43/06_44.wav"
"tanang","sweat","汗水","https://ilrdc.tw/tow/2022/audio/word/43/06_46.wav"
"liel","neck","脖子","https://ilrdc.tw/tow/2022/audio/word/43/06_47.wav"
"dinget","nasal mucus","鼻涕","https://ilrdc.tw/tow/2022/audio/word/43/06_48.wav"
"pukuh","joint","關節","https://ilrdc.tw/tow/2022/audio/word/43/06_49.wav"
"pakah","buttocks","臀部","https://ilrdc.tw/tow/2022/audio/word/43/06_50.wav"
"sazipa’(sadipa’)","the sole of the foot","腳掌","https://ilrdc.tw/tow/2022/audio/word/43/06_51.wav"
"ailuc","neck","頸子","https://ilrdc.tw/tow/2022/audio/word/43/06_52.wav"
"kakili’an","armpit","腋窩","https://ilrdc.tw/tow/2022/audio/word/43/06_53.wav"
"buwa’","kidney","腎臟","https://ilrdc.tw/tow/2022/audio/word/43/06_54.wav"
"bilbil","lip","嘴唇","https://ilrdc.tw/tow/2022/audio/word/43/06_55.wav"
"banuh","fur","毛","https://ilrdc.tw/tow/2022/audio/word/43/06_56.wav"
"kikul","tail","尾巴","https://ilrdc.tw/tow/2022/audio/word/43/07_01.wav"
"pabuy","pig","豬","https://ilrdc.tw/tow/2022/audio/word/43/07_02.wav"
"wacu","dog","狗","https://ilrdc.tw/tow/2022/audio/word/43/07_03.wav"
"sizi(sidi)","sheep","羊","https://ilrdc.tw/tow/2022/audio/word/43/07_04.wav"
"nani’","cat","貓","https://ilrdc.tw/tow/2022/audio/word/43/07_05.wav"
"ayam","bird","鳥","https://ilrdc.tw/tow/2022/audio/word/43/07_06.wav"
"buting","fish","魚","https://ilrdc.tw/tow/2022/audio/word/43/07_07.wav"
"tulakuk","chicken","雞","https://ilrdc.tw/tow/2022/audio/word/43/07_08.wav"
"ungay","monkey","猴子","https://ilrdc.tw/tow/2022/audio/word/43/07_09.wav"
"katalalan","cattle","牛","https://ilrdc.tw/tow/2022/audio/word/43/07_10.wav"
"edu","mice (collectively)","老鼠(統稱)","https://ilrdc.tw/tow/2022/audio/word/43/07_11.wav"
"balaut","frog","青蛙","https://ilrdc.tw/tow/2022/audio/word/43/07_12.wav"
"deku","owl","貓頭鷹","https://ilrdc.tw/tow/2022/audio/word/43/07_13.wav"
"alem","pangolin (manis pentadactylata)","穿山甲","https://ilrdc.tw/tow/2022/audio/word/43/07_14.wav"
"kiwmah","boar","山豬","https://ilrdc.tw/tow/2022/audio/word/43/07_15.wav"
"banul","feral pigeon","野鴿子","https://ilrdc.tw/tow/2022/audio/word/43/07_16.wav"
"cilekay","insect (collectively)","蟲(統稱)","https://ilrdc.tw/tow/2022/audio/word/43/07_17.wav"
" bilanga","turtle","烏龜","https://ilrdc.tw/tow/2022/audio/word/43/07_18.wav"
"bau","snake","蛇","https://ilrdc.tw/tow/2022/audio/word/43/07_19.wav"
"lawal","flying squirrel","飛鼠","https://ilrdc.tw/tow/2022/audio/word/43/07_20.wav"
"lukedaw","leopard","豹","https://ilrdc.tw/tow/2022/audio/word/43/07_21.wav"
"ngabul","sambar (cervus eldii)","水鹿","https://ilrdc.tw/tow/2022/audio/word/43/07_22.wav"
"tumay","bear","熊","https://ilrdc.tw/tow/2022/audio/word/43/07_23.wav"
"caket","muntiacus reevesi","山羌","https://ilrdc.tw/tow/2022/audio/word/43/07_24.wav"
"dadipis","cockroach","蟑螂","https://ilrdc.tw/tow/2022/audio/word/43/07_25.wav"
"beded","dragonfly","蜻蜓","https://ilrdc.tw/tow/2022/audio/word/43/07_26.wav"
"adipapang","butterfly","蝴蝶","https://ilrdc.tw/tow/2022/audio/word/43/07_27.wav"
"kakatu","spider","蜘蛛","https://ilrdc.tw/tow/2022/audio/word/43/07_28.wav"
"butul","male reproductive organs","雄性動物生殖器官","https://ilrdc.tw/tow/2022/audio/word/43/07_29.wav"
"kapulus","squirrel","松鼠","https://ilrdc.tw/tow/2022/audio/word/43/07_30.wav"
"kalabaw","vole","田鼠","https://ilrdc.tw/tow/2022/audio/word/43/07_31.wav"
"likes","mosquitoe","蚊子","https://ilrdc.tw/tow/2022/audio/word/43/07_32.wav"
"kutu","head louse","頭蝨","https://ilrdc.tw/tow/2022/audio/word/43/07_33.wav"
"lalangaw","fly","蒼蠅","https://ilrdc.tw/tow/2022/audio/word/43/07_34.wav"
"wadu","honeybee","蜜蜂","https://ilrdc.tw/tow/2022/audio/word/43/07_35.wav"
"tama ","male (animal)","雄性(動物)","https://ilrdc.tw/tow/2022/audio/word/43/07_36.wav"
"belek","suckling pig","乳豬","https://ilrdc.tw/tow/2022/audio/word/43/07_37.wav"
"taduk","duck","鴨","https://ilrdc.tw/tow/2022/audio/word/43/07_38.wav"
"atikak","earthworm","蚯蚓","https://ilrdc.tw/tow/2022/audio/word/43/07_39.wav"
"nu biliay","animal giblets","動物的內臟","https://ilrdc.tw/tow/2022/audio/word/43/07_40.wav"
"kaketi","wasp","土蜂","https://ilrdc.tw/tow/2022/audio/word/43/07_41.wav"
"kabus∕uzang(udang)","shrimp","蝦","https://ilrdc.tw/tow/2022/audio/word/43/07_42.wav"
"zo","elephant","大象","https://ilrdc.tw/tow/2022/audio/word/43/07_43.wav"
"subayu","horse","馬","https://ilrdc.tw/tow/2022/audio/word/43/07_44.wav"
"ulang ","female (animal)","雌性(動物)","https://ilrdc.tw/tow/2022/audio/word/43/07_45.wav"
"kalang","crab","螃蟹","https://ilrdc.tw/tow/2022/audio/word/43/07_46.wav"
"dadayday","cicada","蟬","https://ilrdc.tw/tow/2022/audio/word/43/07_47.wav"
"ludak","hundred-pace snake","百步蛇","https://ilrdc.tw/tow/2022/audio/word/43/07_48.wav"
"sapikpik","wing","翅膀","https://ilrdc.tw/tow/2022/audio/word/43/07_49.wav"
"padaduki","bat","蝙蝠","https://ilrdc.tw/tow/2022/audio/word/43/07_50.wav"
"kacumuli","snail","蝸牛","https://ilrdc.tw/tow/2022/audio/word/43/07_51.wav"
"ciluciluk","sparrow","麻雀","https://ilrdc.tw/tow/2022/audio/word/43/07_52.wav"
"balalangad","stag beetle","鍬形蟲","https://ilrdc.tw/tow/2022/audio/word/43/07_53.wav"
"palang","eagle","老鷹","https://ilrdc.tw/tow/2022/audio/word/43/07_54.wav"
"puduh","ant","螞蟻","https://ilrdc.tw/tow/2022/audio/word/43/07_55.wav"
"gaciw","goose","鵝","https://ilrdc.tw/tow/2022/audio/word/43/07_56.wav"
"timamenuk","waterbird","水鳥","https://ilrdc.tw/tow/2022/audio/word/43/07_57.wav"
"dibu","nest","窩巢","https://ilrdc.tw/tow/2022/audio/word/43/07_58.wav"
"tatekuh","hornet","虎頭蜂","https://ilrdc.tw/tow/2022/audio/word/43/07_59.wav"
"atimela","flea","跳蚤","https://ilrdc.tw/tow/2022/audio/word/43/07_60.wav"
"kakuhkuh","cobra","眼鏡蛇","https://ilrdc.tw/tow/2022/audio/word/43/07_61.wav"
"ak’ak","crow","烏鴉","https://ilrdc.tw/tow/2022/audio/word/43/07_62.wav"
"tutuy","puppy","幼犬","https://ilrdc.tw/tow/2022/audio/word/43/07_63.wav"
"ngawa’","horn","(動物的)角","https://ilrdc.tw/tow/2022/audio/word/43/07_64.wav"
"padakaw ","grasshopper","蚱蜢","https://ilrdc.tw/tow/2022/audio/word/43/07_65.wav"
"paza’(pada’)","banana","香蕉","https://ilrdc.tw/tow/2022/audio/word/43/08_01.wav"
"tipus","paddy","稻穀","https://ilrdc.tw/tow/2022/audio/word/43/08_02.wav"
"kilang","tree","樹","https://ilrdc.tw/tow/2022/audio/word/43/08_03.wav"
"tali","taro","芋頭","https://ilrdc.tw/tow/2022/audio/word/43/08_04.wav"
"tebus","sugar cane","甘蔗","https://ilrdc.tw/tow/2022/audio/word/43/08_05.wav"
"papah","leaf","葉子","https://ilrdc.tw/tow/2022/audio/word/43/08_06.wav"
"tubah","sweet potato","甘藷","https://ilrdc.tw/tow/2022/audio/word/43/08_07.wav"
"kama","tangerine","柑橘","https://ilrdc.tw/tow/2022/audio/word/43/08_08.wav"
"balu","flower","花朵","https://ilrdc.tw/tow/2022/audio/word/43/08_09.wav"
"tamulak","pumpkin","南瓜","https://ilrdc.tw/tow/2022/audio/word/43/08_10.wav"
"lutuk","weed","雜草","https://ilrdc.tw/tow/2022/audio/word/43/08_11.wav"
"kubkub","corn","玉米","https://ilrdc.tw/tow/2022/audio/word/43/08_12.wav"
"da’dac","betel nut","檳榔","https://ilrdc.tw/tow/2022/audio/word/43/08_13.wav"
"auk","bamboo","竹子","https://ilrdc.tw/tow/2022/audio/word/43/08_14.wav"
"ciid","branch","樹枝","https://ilrdc.tw/tow/2022/audio/word/43/08_15.wav"
"heci","fruit","(植物的)果實","https://ilrdc.tw/tow/2022/audio/word/43/08_16.wav"
"tebu’","bamboo shoot","竹筍","https://ilrdc.tw/tow/2022/audio/word/43/08_17.wav"
"budu’","edible mushroom","香菇","https://ilrdc.tw/tow/2022/audio/word/43/08_18.wav"
"padingad","pineapple","鳳梨","https://ilrdc.tw/tow/2022/audio/word/43/08_19.wav"
"lutuk","grass","草","https://ilrdc.tw/tow/2022/audio/word/43/08_20.wav"
"masay","rattan","藤類","https://ilrdc.tw/tow/2022/audio/word/43/08_21.wav"
"lupas","peach","桃子","https://ilrdc.tw/tow/2022/audio/word/43/08_22.wav"
"sunsuli","plum","李子","https://ilrdc.tw/tow/2022/audio/word/43/08_23.wav"
"heci","fruit","水果","https://ilrdc.tw/tow/2022/audio/word/43/08_24.wav"
"angangan","treetop","樹頭","https://ilrdc.tw/tow/2022/audio/word/43/08_25.wav"
"tatangila","agaric","木耳","https://ilrdc.tw/tow/2022/audio/word/43/08_26.wav"
"kamulaw","tomatoe","蕃茄","https://ilrdc.tw/tow/2022/audio/word/43/08_27.wav"
"lamit","root","樹根","https://ilrdc.tw/tow/2022/audio/word/43/08_28.wav"
"bidakelung","wild lily","野百合","https://ilrdc.tw/tow/2022/audio/word/43/08_29.wav"
"tabayal","giant elephant's ear","姑婆芋","https://ilrdc.tw/tow/2022/audio/word/43/08_30.wav"
"bangah","cucumber","胡瓜","https://ilrdc.tw/tow/2022/audio/word/43/08_31.wav"
"lukut/kedukedu","bird-nest fern","山蘇","https://ilrdc.tw/tow/2022/audio/word/43/08_32.wav"
"ninzin","carrot","胡蘿蔔","https://ilrdc.tw/tow/2022/audio/word/43/08_33.wav"
"incay","cabbage","空心菜","https://ilrdc.tw/tow/2022/audio/word/43/08_34.wav"
"lumingay","yard-long bean","長豆","https://ilrdc.tw/tow/2022/audio/word/43/08_35.wav"
"wadayan","green bean","綠豆","https://ilrdc.tw/tow/2022/audio/word/43/08_36.wav"
"mugi","wheat","麥","https://ilrdc.tw/tow/2022/audio/word/43/08_37.wav"
"kenaw","green onion","蔥","https://ilrdc.tw/tow/2022/audio/word/43/08_38.wav"
"bitukul","bean sprout","豆芽","https://ilrdc.tw/tow/2022/audio/word/43/08_39.wav"
"tukisu","passion fruit","百香果","https://ilrdc.tw/tow/2022/audio/word/43/08_40.wav"
"kuletu","yam","山藥","https://ilrdc.tw/tow/2022/audio/word/43/08_41.wav"
"hinuki","cypress","檜木","https://ilrdc.tw/tow/2022/audio/word/43/08_42.wav"
"sapal","seedling","幼苗","https://ilrdc.tw/tow/2022/audio/word/43/08_43.wav"
"sapaluma","seed","種子","https://ilrdc.tw/tow/2022/audio/word/43/08_44.wav"
"kamacal","wild strawberry","野草莓","https://ilrdc.tw/tow/2022/audio/word/43/08_45.wav"
"mibusi","plum","梅子","https://ilrdc.tw/tow/2022/audio/word/43/08_46.wav"
"pahku","vegetable fern","過貓","https://ilrdc.tw/tow/2022/audio/word/43/08_47.wav"
"sakula","Taiwan cherry","山櫻花","https://ilrdc.tw/tow/2022/audio/word/43/08_48.wav"
"lidateng/sedeng","stinging nettle","咬人貓","https://ilrdc.tw/tow/2022/audio/word/43/08_49.wav"
"makaw","mountain litsea","山胡椒","https://ilrdc.tw/tow/2022/audio/word/43/08_50.wav"
"daung","pigeon pea","樹豆","https://ilrdc.tw/tow/2022/audio/word/43/08_51.wav"
"mami","grapefruit","柚子","https://ilrdc.tw/tow/2022/audio/word/43/08_52.wav"
"tabaku","tobacco","菸草","https://ilrdc.tw/tow/2022/audio/word/43/08_53.wav"
"daydam","pepper (generic term)","辣椒(通稱)","https://ilrdc.tw/tow/2022/audio/word/43/08_54.wav"
"kupa","cotton","棉花","https://ilrdc.tw/tow/2022/audio/word/43/08_55.wav"
"tubah","sweet potato","地瓜","https://ilrdc.tw/tow/2022/audio/word/43/08_56.wav"
"kayabes","guava","番石榴","https://ilrdc.tw/tow/2022/audio/word/43/08_57.wav"
"cudad ","book","書","https://ilrdc.tw/tow/2022/audio/word/43/09_01.wav"
"kalisiw","money","錢","https://ilrdc.tw/tow/2022/audio/word/43/09_02.wav"
"mali","ball","球","https://ilrdc.tw/tow/2022/audio/word/43/09_03.wav"
"takal","table","桌子","https://ilrdc.tw/tow/2022/audio/word/43/09_04.wav"
"telay/dinwa","telephone","電話","https://ilrdc.tw/tow/2022/audio/word/43/09_05.wav"
"sasulit","pen","筆","https://ilrdc.tw/tow/2022/audio/word/43/09_06.wav"
"elun","chair","椅子","https://ilrdc.tw/tow/2022/audio/word/43/09_07.wav"
"sapaiyu","medicine","藥物","https://ilrdc.tw/tow/2022/audio/word/43/09_08.wav"
"tinnaw","computer","電腦","https://ilrdc.tw/tow/2022/audio/word/43/09_09.wav"
"kawswa/cacebalen","umbrella","雨傘","https://ilrdc.tw/tow/2022/audio/word/43/09_10.wav"
"tuki","watch","手錶","https://ilrdc.tw/tow/2022/audio/word/43/09_11.wav"
"tuki","clocks and watches","鐘錶","https://ilrdc.tw/tow/2022/audio/word/43/09_12.wav"
"sakulawit","hook","鉤子","https://ilrdc.tw/tow/2022/audio/word/43/09_13.wav"
"keliw","fine line","細線","https://ilrdc.tw/tow/2022/audio/word/43/09_14.wav"
"lait","rope","繩索","https://ilrdc.tw/tow/2022/audio/word/43/09_15.wav"
" zinum (dinum)","needle","針","https://ilrdc.tw/tow/2022/audio/word/43/09_16.wav"
"tanud","wooden pestle","木杵","https://ilrdc.tw/tow/2022/audio/word/43/09_17.wav"
"ciid","twig"," 枝條","https://ilrdc.tw/tow/2022/audio/word/43/09_18.wav"
"satapes ","sieve","篩子","https://ilrdc.tw/tow/2022/audio/word/43/09_19.wav"
"takini’","knife","小刀","https://ilrdc.tw/tow/2022/audio/word/43/09_20.wav"
"balunga","ship","船隻","https://ilrdc.tw/tow/2022/audio/word/43/09_21.wav"
"sasait","scissor","剪刀","https://ilrdc.tw/tow/2022/audio/word/43/09_22.wav"
"kalanga","charcoal","木炭","https://ilrdc.tw/tow/2022/audio/word/43/09_23.wav"
"bakici","bucket","水桶","https://ilrdc.tw/tow/2022/audio/word/43/09_24.wav"
"sapacemut","fishing rod","釣竿","https://ilrdc.tw/tow/2022/audio/word/43/09_25.wav"
"putut","bamboo tube","竹筒","https://ilrdc.tw/tow/2022/audio/word/43/09_26.wav"
"dinki","light","電燈","https://ilrdc.tw/tow/2022/audio/word/43/09_27.wav"
"satahab","lid","蓋子","https://ilrdc.tw/tow/2022/audio/word/43/09_28.wav"
"sapikelis tu muwa","spatula","(竹製的)刮麻具","https://ilrdc.tw/tow/2022/audio/word/43/09_29.wav"
"uning","filth","污垢","https://ilrdc.tw/tow/2022/audio/word/43/09_30.wav"
"naba","wooden mortar","木臼","https://ilrdc.tw/tow/2022/audio/word/43/09_31.wav"
"pada","quilt","棉被","https://ilrdc.tw/tow/2022/audio/word/43/09_32.wav"
"kaysing","bowl","碗","https://ilrdc.tw/tow/2022/audio/word/43/09_33.wav"
"salil","net","網子","https://ilrdc.tw/tow/2022/audio/word/43/09_34.wav"
"siuy","rice cooker","飯鍋","https://ilrdc.tw/tow/2022/audio/word/43/09_35.wav"
"salusalus","saw","鋸子","https://ilrdc.tw/tow/2022/audio/word/43/09_36.wav"
"tatipeluk","paper","紙張","https://ilrdc.tw/tow/2022/audio/word/43/09_37.wav"
"kupu","cup","杯子","https://ilrdc.tw/tow/2022/audio/word/43/09_38.wav"
"sapacemut","fishing tackle","釣具","https://ilrdc.tw/tow/2022/audio/word/43/09_39.wav"
"alubu","bag","袋子","https://ilrdc.tw/tow/2022/audio/word/43/09_40.wav"
"ciyamsi","turner","鍋鏟","https://ilrdc.tw/tow/2022/audio/word/43/09_41.wav"
"pulung","axe","斧頭","https://ilrdc.tw/tow/2022/audio/word/43/09_42.wav"
"saemic","tong","夾子","https://ilrdc.tw/tow/2022/audio/word/43/09_43.wav"
"lilal","bedding","床舖","https://ilrdc.tw/tow/2022/audio/word/43/09_44.wav"
"akaway","stalk","梗","https://ilrdc.tw/tow/2022/audio/word/43/09_45.wav"
"dadingu","mirror","鏡子","https://ilrdc.tw/tow/2022/audio/word/43/09_46.wav"
"duku","tool","工具","https://ilrdc.tw/tow/2022/audio/word/43/09_47.wav"
"pilit","wok","弧形(底)鍋","https://ilrdc.tw/tow/2022/audio/word/43/09_48.wav"
"abu","charcoal ash","炭灰","https://ilrdc.tw/tow/2022/audio/word/43/09_49.wav"
"landaway/cungal","bottle","瓶子","https://ilrdc.tw/tow/2022/audio/word/43/09_50.wav"
"ngelab","spoon","湯匙","https://ilrdc.tw/tow/2022/audio/word/43/09_51.wav"
"kapiya; sala","dish","菜盤","https://ilrdc.tw/tow/2022/audio/word/43/09_52.wav"
"sasing","photograph","相片","https://ilrdc.tw/tow/2022/audio/word/43/09_53.wav"
"sabun","soap","肥皂","https://ilrdc.tw/tow/2022/audio/word/43/09_54.wav"
"sapisasa’","filter net","濾酒渣網","https://ilrdc.tw/tow/2022/audio/word/43/09_55.wav"
"saysay/sakales","comb","梳子","https://ilrdc.tw/tow/2022/audio/word/43/09_56.wav"
"subuk","sling","揹帶","https://ilrdc.tw/tow/2022/audio/word/43/09_57.wav"
"sapihpih","fan","扇子","https://ilrdc.tw/tow/2022/audio/word/43/09_58.wav"
"nabi","stockpot","湯鍋","https://ilrdc.tw/tow/2022/audio/word/43/09_59.wav"
"tutu’","water ladle (for scooping water up)","水瓢(舀水用)","https://ilrdc.tw/tow/2022/audio/word/43/09_60.wav"
"pinsiyang","refrigerator","電冰箱","https://ilrdc.tw/tow/2022/audio/word/43/09_61.wav"
"tilibi","television","電視","https://ilrdc.tw/tow/2022/audio/word/43/09_62.wav"
"husu","pipe","水管","https://ilrdc.tw/tow/2022/audio/word/43/09_63.wav"
"tatangahan","pillow","枕頭","https://ilrdc.tw/tow/2022/audio/word/43/09_64.wav"
"samukun","hammer","鐵鎚","https://ilrdc.tw/tow/2022/audio/word/43/09_65.wav"
"pacek ","Iron nail","鐵釘","https://ilrdc.tw/tow/2022/audio/word/43/09_66.wav"
"tingas","the thing stuck between the teeth","卡在牙縫之物","https://ilrdc.tw/tow/2022/audio/word/43/09_67.wav"
"saytu","cleaver","菜刀","https://ilrdc.tw/tow/2022/audio/word/43/09_68.wav"
"salil","fishing net","漁網","https://ilrdc.tw/tow/2022/audio/word/43/09_69.wav"
"sabulic","eraser","橡皮擦","https://ilrdc.tw/tow/2022/audio/word/43/09_70.wav"
"kanas","basket","簍子","https://ilrdc.tw/tow/2022/audio/word/43/09_71.wav"
"zazan(dadan)","road","道路","https://ilrdc.tw/tow/2022/audio/word/43/10_01.wav"
"buyubuyu’an","wooded mountain","山林","https://ilrdc.tw/tow/2022/audio/word/43/10_02.wav"
"cilis/sauwac","creek","小溪","https://ilrdc.tw/tow/2022/audio/word/43/10_03.wav"
"bali","wind","風","https://ilrdc.tw/tow/2022/audio/word/43/10_04.wav"
"liken","sand","沙子","https://ilrdc.tw/tow/2022/audio/word/43/10_05.wav"
"lala’","soil","泥土","https://ilrdc.tw/tow/2022/audio/word/43/10_06.wav"
"sauwac/talawadaw","stream","河流","https://ilrdc.tw/tow/2022/audio/word/43/10_07.wav"
"banaw","lake","湖泊","https://ilrdc.tw/tow/2022/audio/word/43/10_08.wav"
"kilakilangan","forest","森林","https://ilrdc.tw/tow/2022/audio/word/43/10_09.wav"
"nguhab","crevice","縫隙","https://ilrdc.tw/tow/2022/audio/word/43/10_10.wav"
"buhang","cave","洞穴","https://ilrdc.tw/tow/2022/audio/word/43/10_11.wav"
"sasa nu buyu’","at the foot of the mountain","山腳下","https://ilrdc.tw/tow/2022/audio/word/43/10_12.wav"
"upu nu lala’","mound","土堆","https://ilrdc.tw/tow/2022/audio/word/43/10_13.wav"
"buhang","cavern","岩洞","https://ilrdc.tw/tow/2022/audio/word/43/10_14.wav"
"nalinabuwan","grassland","草原","https://ilrdc.tw/tow/2022/audio/word/43/10_15.wav"
"ungsing","hot spring","溫泉","https://ilrdc.tw/tow/2022/audio/word/43/10_16.wav"
"diheb","canyon","峽谷","https://ilrdc.tw/tow/2022/audio/word/43/10_17.wav"
"buhang","cave","山洞","https://ilrdc.tw/tow/2022/audio/word/43/10_18.wav"
"ungcung","rock","岩石","https://ilrdc.tw/tow/2022/audio/word/43/10_19.wav"
"cascas","cascade","瀑布","https://ilrdc.tw/tow/2022/audio/word/43/10_20.wav"
"buyubuyu’an","lofty mountains and steep hills","崇山峻嶺","https://ilrdc.tw/tow/2022/audio/word/43/10_22.wav"
"maudad","rainy","下雨","https://ilrdc.tw/tow/2022/audio/word/43/11_01.wav"
"cilal","sun","太陽","https://ilrdc.tw/tow/2022/audio/word/43/11_02.wav"
"bulad","moon","月亮","https://ilrdc.tw/tow/2022/audio/word/43/11_03.wav"
"tapuku ","sky","天空","https://ilrdc.tw/tow/2022/audio/word/43/11_04.wav"
"bunac","star","星星","https://ilrdc.tw/tow/2022/audio/word/43/11_05.wav"
"udad","rain","雨","https://ilrdc.tw/tow/2022/audio/word/43/11_06.wav"
"sulda ","snow","雪","https://ilrdc.tw/tow/2022/audio/word/43/11_07.wav"
"kasienawan","winter","冬天","https://ilrdc.tw/tow/2022/audio/word/43/11_08.wav"
"lalud","summer","夏天","https://ilrdc.tw/tow/2022/audio/word/43/11_09.wav"
"keleng","thunder","雷","https://ilrdc.tw/tow/2022/audio/word/43/11_10.wav"
"lesing","dew","露水","https://ilrdc.tw/tow/2022/audio/word/43/11_11.wav"
"ladem","cloud","雲","https://ilrdc.tw/tow/2022/audio/word/43/11_12.wav"
"wacah","smoke","煙","https://ilrdc.tw/tow/2022/audio/word/43/11_13.wav"
"kalapiyat","lightning","閃電","https://ilrdc.tw/tow/2022/audio/word/43/11_14.wav"
"tukus","dry land","旱田","https://ilrdc.tw/tow/2022/audio/word/43/11_15.wav"
"makudem","cloudy day","陰天","https://ilrdc.tw/tow/2022/audio/word/43/11_16.wav"
"lamal","fire","火","https://ilrdc.tw/tow/2022/audio/word/43/11_17.wav"
"kuli","ice","冰","https://ilrdc.tw/tow/2022/audio/word/43/11_18.wav"
"ninel","earthquake","地震","https://ilrdc.tw/tow/2022/audio/word/43/11_19.wav"
"adingu","shadow","影子","https://ilrdc.tw/tow/2022/audio/word/43/11_20.wav"
"baliyus","typhoon","颱風","https://ilrdc.tw/tow/2022/audio/word/43/11_21.wav"
"sulda ","frost","霜","https://ilrdc.tw/tow/2022/audio/word/43/11_22.wav"
"talata’","drip","水滴","https://ilrdc.tw/tow/2022/audio/word/43/11_23.wav"
"balad","flood","水患","https://ilrdc.tw/tow/2022/audio/word/43/11_24.wav"
"sadingsing","spring","春天","https://ilrdc.tw/tow/2022/audio/word/43/11_25.wav"
"dadipasan","seaside","海邊","https://ilrdc.tw/tow/2022/audio/word/43/11_26.wav"
"balangbang","autumn","秋天","https://ilrdc.tw/tow/2022/audio/word/43/11_27.wav"
"bihkac ni Edek","rainbow","彩虹","https://ilrdc.tw/tow/2022/audio/word/43/11_28.wav"
"mucelem","sunset","日落","https://ilrdc.tw/tow/2022/audio/word/43/11_29.wav"
"duut","dusk","天黑","https://ilrdc.tw/tow/2022/audio/word/43/11_30.wav"
"masatezep(masatedep) tu ku udad","stop raining","雨停","https://ilrdc.tw/tow/2022/audio/word/43/11_31.wav"
"mabaliyus","typhoon.","刮颱風","https://ilrdc.tw/tow/2022/audio/word/43/11_32.wav"
"kanihalan","sunrise","日出","https://ilrdc.tw/tow/2022/audio/word/43/11_33.wav"
"luma’","home","家","https://ilrdc.tw/tow/2022/audio/word/43/12_01.wav"
"sasingalan","window","窗戶","https://ilrdc.tw/tow/2022/audio/word/43/12_02.wav"
"panan","door","門","https://ilrdc.tw/tow/2022/audio/word/43/12_03.wav"
"cacudadan","school","學校","https://ilrdc.tw/tow/2022/audio/word/43/12_04.wav"
"ba’tu","stone","石頭","https://ilrdc.tw/tow/2022/audio/word/43/12_05.wav"
"badahung","roof","屋頂","https://ilrdc.tw/tow/2022/audio/word/43/12_06.wav"
"sangaw ","bridge","橋樑","https://ilrdc.tw/tow/2022/audio/word/43/12_07.wav"
"dabek","shack","工寮","https://ilrdc.tw/tow/2022/audio/word/43/12_08.wav"
"tatai’an","toilet","廁所","https://ilrdc.tw/tow/2022/audio/word/43/12_09.wav"
"cuked","pillar","柱子","https://ilrdc.tw/tow/2022/audio/word/43/12_10.wav"
"atul","rock pile","石堆","https://ilrdc.tw/tow/2022/audio/word/43/12_11.wav"
"palubuan","chicken coop","雞寮","https://ilrdc.tw/tow/2022/audio/word/43/12_12.wav"
"tukal","stair","樓梯","https://ilrdc.tw/tow/2022/audio/word/43/12_13.wav"
"putah","courtyard","庭院","https://ilrdc.tw/tow/2022/audio/word/43/12_14.wav"
"cabeng","wall","牆壁","https://ilrdc.tw/tow/2022/audio/word/43/12_15.wav"
"sulu","barn","穀倉","https://ilrdc.tw/tow/2022/audio/word/43/12_16.wav"
"mibadahung","roofing","蓋屋頂","https://ilrdc.tw/tow/2022/audio/word/43/12_17.wav"
"milangat","building a fence","搭建圍籬","https://ilrdc.tw/tow/2022/audio/word/43/12_18.wav"
"zikuzan(dikudan)","backyard","後院","https://ilrdc.tw/tow/2022/audio/word/43/12_19.wav"
"ancila a mihcaan","next year","明年","https://ilrdc.tw/tow/2022/audio/word/43/13_01.wav"
"sandeb ","evening","晚上","https://ilrdc.tw/tow/2022/audio/word/43/13_02.wav"
"nacila","yesterday","昨天","https://ilrdc.tw/tow/2022/audio/word/43/13_03.wav"
"anucila","tomorrow","明天","https://ilrdc.tw/tow/2022/audio/word/43/13_04.wav"
"ayza(ayda)","today","今天","https://ilrdc.tw/tow/2022/audio/word/43/13_05.wav"
"sananal","morning","早上","https://ilrdc.tw/tow/2022/audio/word/43/13_06.wav"
"demiad","daytime","白天","https://ilrdc.tw/tow/2022/audio/word/43/13_07.wav"
"ayaw nu cacay a demiad","day before yesterday","前天","https://ilrdc.tw/tow/2022/audio/word/43/13_08.wav"
"sananal","early morning","清晨","https://ilrdc.tw/tow/2022/audio/word/43/13_09.wav"
"duut","darkness","黑暗","https://ilrdc.tw/tow/2022/audio/word/43/13_10.wav"
"kalabian","toward evening","傍晚","https://ilrdc.tw/tow/2022/audio/word/43/13_11.wav"
"kilul","continue","接續","https://ilrdc.tw/tow/2022/audio/word/43/13_12.wav"
"teban nu labi","midnight","半夜","https://ilrdc.tw/tow/2022/audio/word/43/13_13.wav"
"tawya","at that time","當時","https://ilrdc.tw/tow/2022/audio/word/43/13_14.wav"
"ayaw nu tusa demiad","three days ago","大前天","https://ilrdc.tw/tow/2022/audio/word/43/13_15.wav"
"sawni tu","in a minute","待會兒","https://ilrdc.tw/tow/2022/audio/word/43/13_16.wav"
" zikuz(dikud) nu tusa demiad","three days later","大後天","https://ilrdc.tw/tow/2022/audio/word/43/13_17.wav"
"takelal","gleam","亮光","https://ilrdc.tw/tow/2022/audio/word/43/13_18.wav"
"saku cila a demiad","the day after tomorrow","後天","https://ilrdc.tw/tow/2022/audio/word/43/13_19.wav"
"namalanam","morning","上午","https://ilrdc.tw/tow/2022/audio/word/43/13_20.wav"
"anu ayaw","future","未來","https://ilrdc.tw/tow/2022/audio/word/43/13_21.wav"
"labi","night","夜","https://ilrdc.tw/tow/2022/audio/word/43/13_22.wav"
"kasiningan/masakapah","at an early age","年輕時","https://ilrdc.tw/tow/2022/audio/word/43/13_23.wav"
"caay katenes/culekhan","in a short while","一下子","https://ilrdc.tw/tow/2022/audio/word/43/13_24.wav"
"namalahuk","afternoon"," 下午","https://ilrdc.tw/tow/2022/audio/word/43/13_25.wav"
"tatukian","o’clock","(幾)點鐘","https://ilrdc.tw/tow/2022/audio/word/43/13_26.wav"
"pilipayan","sunday","星期日","https://ilrdc.tw/tow/2022/audio/word/43/13_27.wav"
"mihcaan","year","年","https://ilrdc.tw/tow/2022/audio/word/43/13_28.wav"
"demidemiad","everyday","天天","https://ilrdc.tw/tow/2022/audio/word/43/13_29.wav"
"ayza(ayda)","now"," 現在","https://ilrdc.tw/tow/2022/audio/word/43/13_30.wav"
"nalecuhan","birthday","生日","https://ilrdc.tw/tow/2022/audio/word/43/13_31.wav"
"labu","inside","裡面","https://ilrdc.tw/tow/2022/audio/word/43/14_01.wav"
"icuwa","somewhere","在某處","https://ilrdc.tw/tow/2022/audio/word/43/14_02.wav"
"pabaw","above","上面","https://ilrdc.tw/tow/2022/audio/word/43/14_03.wav"
"nu ayawan","front","前面","https://ilrdc.tw/tow/2022/audio/word/43/14_04.wav"
"sasa","below","下面","https://ilrdc.tw/tow/2022/audio/word/43/14_05.wav"
"teban","middle","中間","https://ilrdc.tw/tow/2022/audio/word/43/14_06.wav"
"hekal","outside","外面","https://ilrdc.tw/tow/2022/audio/word/43/14_07.wav"
"tepal","side","旁邊","https://ilrdc.tw/tow/2022/audio/word/43/14_08.wav"
"tukun ","top","頂","https://ilrdc.tw/tow/2022/audio/word/43/14_09.wav"
"kawanan","the right side","右邊","https://ilrdc.tw/tow/2022/audio/word/43/14_10.wav"
"kawili","the left side","左邊","https://ilrdc.tw/tow/2022/audio/word/43/14_11.wav"
"kalimucu’","nook","角落","https://ilrdc.tw/tow/2022/audio/word/43/14_12.wav"
"makaysasa","beneath something","  某物之下","https://ilrdc.tw/tow/2022/audio/word/43/14_13.wav"
"caliway","pass","經過","https://ilrdc.tw/tow/2022/audio/word/43/14_14.wav"
"a tacuwa","(from somewhere) to somewhere","(從某處)到某處","https://ilrdc.tw/tow/2022/audio/word/43/14_15.wav"
"namaka  cuwa","from somewhere","從某處","https://ilrdc.tw/tow/2022/audio/word/43/14_16.wav"
"maluk tu lutuk","hoeing","鋤草","https://ilrdc.tw/tow/2022/audio/word/43/15_01.wav"
"mitabi","plowing","犁田","https://ilrdc.tw/tow/2022/audio/word/43/15_02.wav"
"bulesak","sowing","播種","https://ilrdc.tw/tow/2022/audio/word/43/15_03.wav"
"pasapul","seedling (action)","種苗(動作)","https://ilrdc.tw/tow/2022/audio/word/43/15_04.wav"
"kalala","grain drying box","穀物乾燥簍","https://ilrdc.tw/tow/2022/audio/word/43/15_05.wav"
"tabi
","rake","犁","https://ilrdc.tw/tow/2022/audio/word/43/15_06.wav"
"kakawit","scythe","鐮刀","https://ilrdc.tw/tow/2022/audio/word/43/15_07.wav"
"tatak","backhoe","鋤頭","https://ilrdc.tw/tow/2022/audio/word/43/15_08.wav"
"suku","warehouse","倉庫","https://ilrdc.tw/tow/2022/audio/word/43/15_09.wav"
"patadas","Open up","開墾","https://ilrdc.tw/tow/2022/audio/word/43/15_10.wav"
"damek","manure","肥料","https://ilrdc.tw/tow/2022/audio/word/43/15_11.wav"
"hungku","grain sifters","篩穀器具","https://ilrdc.tw/tow/2022/audio/word/43/15_12.wav"
"mizuhem(miduhem)","accelerate the ripening (of fruit)","催熟(果實)","https://ilrdc.tw/tow/2022/audio/word/43/15_13.wav"
"lalami","straw","稻草","https://ilrdc.tw/tow/2022/audio/word/43/15_14.wav"
"acin","bow","弓","https://ilrdc.tw/tow/2022/audio/word/43/16_01.wav"
"iduc","spear","矛","https://ilrdc.tw/tow/2022/audio/word/43/16_02.wav"
"bucul","arrow","箭矢","https://ilrdc.tw/tow/2022/audio/word/43/16_03.wav"
"sapadakaw/sapalilik","bait","餌","https://ilrdc.tw/tow/2022/audio/word/43/16_04.wav"
"kuwang","gun","槍","https://ilrdc.tw/tow/2022/audio/word/43/16_05.wav"
"bakan","hunting knife","獵刀","https://ilrdc.tw/tow/2022/audio/word/43/16_06.wav"
"aadupen","prey (collectively)","獵物(統稱)","https://ilrdc.tw/tow/2022/audio/word/43/16_08.wav"
"ta’led","stone trap","石壓式陷阱","https://ilrdc.tw/tow/2022/audio/word/43/16_09.wav"
"bihkac","noose trap","套頸式繩索陷阱","https://ilrdc.tw/tow/2022/audio/word/43/16_10.wav"
"kanas","basket","籃子","https://ilrdc.tw/tow/2022/audio/word/43/16_11.wav"
"bihkac","bird trap","捕鳥陷阱","https://ilrdc.tw/tow/2022/audio/word/43/16_12.wav"
"paysin","taboo","禁忌","https://ilrdc.tw/tow/2022/audio/word/43/17_01.wav"
"simpi","dream","夢","https://ilrdc.tw/tow/2022/audio/word/43/17_02.wav"
"mapalaw","witchcraft","巫術","https://ilrdc.tw/tow/2022/audio/word/43/17_03.wav"
"kiwkay","church","教會","https://ilrdc.tw/tow/2022/audio/word/43/17_04.wav"
"nu tuas a lisin","pas-vake","祖靈祭","https://ilrdc.tw/tow/2022/audio/word/43/17_05.wav"
" u sapasapal a lisin","misalisin","播種祭","https://ilrdc.tw/tow/2022/audio/word/43/17_06.wav"
"di’tu","ghost","鬼魂","https://ilrdc.tw/tow/2022/audio/word/43/17_07.wav"
"sapipuhpuh","witchcarft appliance (witch doctor use it for treatment)","法器(巫醫治病用)","https://ilrdc.tw/tow/2022/audio/word/43/17_08.wav"
"tupel","hat","帽子","https://ilrdc.tw/tow/2022/audio/word/43/18_01.wav"
"zikuc(dikuc)","dress","衣服","https://ilrdc.tw/tow/2022/audio/word/43/18_02.wav"
"tenun","weave","編織","https://ilrdc.tw/tow/2022/audio/word/43/18_03.wav"
"paayawan","belly band","肚兜","https://ilrdc.tw/tow/2022/audio/word/43/18_04.wav"
"puluk","men’s earring","男用耳環","https://ilrdc.tw/tow/2022/audio/word/43/18_05.wav"
"puluk","women’s earring","女用耳環","https://ilrdc.tw/tow/2022/audio/word/43/18_06.wav"
"calaped","pants","褲子","https://ilrdc.tw/tow/2022/audio/word/43/18_07.wav"
"lepi’","torn","破掉","https://ilrdc.tw/tow/2022/audio/word/43/18_08.wav"
"sabuut ","headdress","頭飾","https://ilrdc.tw/tow/2022/audio/word/43/18_09.wav"
"sakawit","netting needle","編網針","https://ilrdc.tw/tow/2022/audio/word/43/18_10.wav"
"satelec","belt","腰帶","https://ilrdc.tw/tow/2022/audio/word/43/18_11.wav"
"muwa","ramie","苧麻","https://ilrdc.tw/tow/2022/audio/word/43/18_12.wav"
"micengel","stain","染色","https://ilrdc.tw/tow/2022/audio/word/43/18_13.wav"
"pakulit; micekiw","floating fabric","浮織","https://ilrdc.tw/tow/2022/audio/word/43/18_14.wav"
"munpi","women’s long pant","女性長褲","https://ilrdc.tw/tow/2022/audio/word/43/18_15.wav"
"keliw","boehmeria thread","苧麻線","https://ilrdc.tw/tow/2022/audio/word/43/18_16.wav"
"dawa","cloth","布匹","https://ilrdc.tw/tow/2022/audio/word/43/18_17.wav"
"lusit","traditional blouse","傳統女上衣","https://ilrdc.tw/tow/2022/audio/word/43/18_19.wav"
"sukun","traditional skirt","傳統女裙","https://ilrdc.tw/tow/2022/audio/word/43/18_20.wav"
"kucu","shoe","鞋子","https://ilrdc.tw/tow/2022/audio/word/43/18_21.wav"
"sebad ","baby carrier","揹小孩的背帶","https://ilrdc.tw/tow/2022/audio/word/43/18_22.wav"
"sabuut","yarn","毛線","https://ilrdc.tw/tow/2022/audio/word/43/18_23.wav"
"hakama","skirt","裙子","https://ilrdc.tw/tow/2022/audio/word/43/18_24.wav"
"pacacuy","codpiece","男用遮陰布","https://ilrdc.tw/tow/2022/audio/word/43/18_25.wav"
"kaway","men’s mesh bag","男用背負網袋","https://ilrdc.tw/tow/2022/audio/word/43/18_26.wav"
"paayawan","breastplate","擋胸巾","https://ilrdc.tw/tow/2022/audio/word/43/18_27.wav"
"ledung","sleeve","袖子","https://ilrdc.tw/tow/2022/audio/word/43/18_28.wav"
"zikuc(dikuc)","jacket","上衣","https://ilrdc.tw/tow/2022/audio/word/43/18_29.wav"
"tawkan","headband (for women’s backpack)","頭帶(女用背籃用)","https://ilrdc.tw/tow/2022/audio/word/43/18_30.wav"
"keliw","vegetarian linen thread for weaving","織布用的素麻線","https://ilrdc.tw/tow/2022/audio/word/43/18_31.wav"
"sapikulap","scrape ramie","刮苧麻","https://ilrdc.tw/tow/2022/audio/word/43/18_32.wav"
"balulu","bamboom back basket","女用揹籃","https://ilrdc.tw/tow/2022/audio/word/43/19_01.wav"
"biluwa","round bamboo basket","圓形竹簍","https://ilrdc.tw/tow/2022/audio/word/43/19_02.wav"
"basu","bus","公車","https://ilrdc.tw/tow/2022/audio/word/43/20_01.wav"
"batikal","bicycle","腳踏車","https://ilrdc.tw/tow/2022/audio/word/43/20_02.wav"
"kakacawan","station","車站","https://ilrdc.tw/tow/2022/audio/word/43/20_03.wav"
"bihel","tire","輪胎","https://ilrdc.tw/tow/2022/audio/word/43/20_04.wav"
"balunga","ship","船","https://ilrdc.tw/tow/2022/audio/word/43/20_05.wav"
" kazizeng(kadideng)","car","車子","https://ilrdc.tw/tow/2022/audio/word/43/20_06.wav"
"silamalay","train","火車","https://ilrdc.tw/tow/2022/audio/word/43/20_07.wav"
"hemay ","rice","飯","https://ilrdc.tw/tow/2022/audio/word/43/21_01.wav"
"nanum","water","水","https://ilrdc.tw/tow/2022/audio/word/43/21_02.wav"
"belac","rice","白米","https://ilrdc.tw/tow/2022/audio/word/43/21_03.wav"
"lami’","dish","菜餚","https://ilrdc.tw/tow/2022/audio/word/43/21_04.wav"
"lami’","green vegetable","青菜","https://ilrdc.tw/tow/2022/audio/word/43/21_05.wav"
"epah","wine","酒","https://ilrdc.tw/tow/2022/audio/word/43/21_06.wav"
"cikah","salt","鹽","https://ilrdc.tw/tow/2022/audio/word/43/21_07.wav"
"wadu","honey","蜜","https://ilrdc.tw/tow/2022/audio/word/43/21_08.wav"
"ti’kuk","egg","蛋","https://ilrdc.tw/tow/2022/audio/word/43/21_09.wav"
"simal","oil","油","https://ilrdc.tw/tow/2022/audio/word/43/21_10.wav"
"sanek","taste","味道","https://ilrdc.tw/tow/2022/audio/word/43/21_11.wav"
"kabi","soup","湯","https://ilrdc.tw/tow/2022/audio/word/43/21_12.wav"
"kumuh","beans","豆類","https://ilrdc.tw/tow/2022/audio/word/43/21_13.wav"
"saytaw","daikon","白蘿蔔","https://ilrdc.tw/tow/2022/audio/word/43/21_14.wav"
"sabak","grain","穀粒","https://ilrdc.tw/tow/2022/audio/word/43/21_15.wav"
"panay","glutinous rice","糯米","https://ilrdc.tw/tow/2022/audio/word/43/21_16.wav"
"aam","porridge","粥","https://ilrdc.tw/tow/2022/audio/word/43/21_17.wav"
"habay","millet","小米","https://ilrdc.tw/tow/2022/audio/word/43/21_18.wav"
"waneng","sugar","糖","https://ilrdc.tw/tow/2022/audio/word/43/21_19.wav"
"titi","pork","豬肉","https://ilrdc.tw/tow/2022/audio/word/43/21_20.wav"
"walay","noodle","麵","https://ilrdc.tw/tow/2022/audio/word/43/21_21.wav"
"tawiw","soy sauce","醬油","https://ilrdc.tw/tow/2022/audio/word/43/21_22.wav"
"hulaymay","indica rice","在來米","https://ilrdc.tw/tow/2022/audio/word/43/21_23.wav"
"abih","rice bran","米糠","https://ilrdc.tw/tow/2022/audio/word/43/21_24.wav"
"bihun","flour","麵粉","https://ilrdc.tw/tow/2022/audio/word/43/21_25.wav"
"sanglacay","white","白色的","https://ilrdc.tw/tow/2022/audio/word/43/22_01.wav"
"lumeni’ay","black","黑色的","https://ilrdc.tw/tow/2022/audio/word/43/22_02.wav"
"sumanahay","red","紅色的","https://ilrdc.tw/tow/2022/audio/word/43/22_03.wav"
"lu’timay","purple","紫色的","https://ilrdc.tw/tow/2022/audio/word/43/22_04.wav"
"takuliyaway/kalawlaway","yellow","黃色的","https://ilrdc.tw/tow/2022/audio/word/43/22_05.wav"
"makulahay","brown","咖啡色的","https://ilrdc.tw/tow/2022/audio/word/43/22_06.wav"
"abuabuan","grey","灰色","https://ilrdc.tw/tow/2022/audio/word/43/22_07.wav"
"langdaway","green","綠色的","https://ilrdc.tw/tow/2022/audio/word/43/22_08.wav"
"kulit","color","顏色","https://ilrdc.tw/tow/2022/audio/word/43/22_09.wav"
"milibabuy","dog bark","狗吠聲","https://ilrdc.tw/tow/2022/audio/word/43/23_01.wav"
"dadiw","song","歌","https://ilrdc.tw/tow/2022/audio/word/43/23_02.wav"
" sakukamu/sakyami","it is said...","聽說","https://ilrdc.tw/tow/2022/audio/word/43/24_01.wav"
"tataytay","alone","獨自一人","https://ilrdc.tw/tow/2022/audio/word/43/24_02.wav"
"malecad","identical","相同","https://ilrdc.tw/tow/2022/audio/word/43/24_03.wav"
"niyazu’(niyadu’)","tribe","部落","https://ilrdc.tw/tow/2022/audio/word/43/24_04.wav"
"demiad","day","日子","https://ilrdc.tw/tow/2022/audio/word/43/24_05.wav"
"hang","yes","是的","https://ilrdc.tw/tow/2022/audio/word/43/24_06.wav"
"kamu ","language","語言","https://ilrdc.tw/tow/2022/audio/word/43/24_07.wav"
"icelang","strength","力量","https://ilrdc.tw/tow/2022/audio/word/43/24_08.wav"
"patucekan","target","目標","https://ilrdc.tw/tow/2022/audio/word/43/24_09.wav"
"lalangawan ","culture","文化","https://ilrdc.tw/tow/2022/audio/word/43/24_10.wav"
"imi","meaning","意義","https://ilrdc.tw/tow/2022/audio/word/43/24_11.wav"
"malaacawa","get married","結婚","https://ilrdc.tw/tow/2022/audio/word/43/24_12.wav"
"canacanan","various","各色各樣","https://ilrdc.tw/tow/2022/audio/word/43/24_13.wav"
"aca","price","價格","https://ilrdc.tw/tow/2022/audio/word/43/24_14.wav"
"sapihica /sasahican","purpose","用途","https://ilrdc.tw/tow/2022/audio/word/43/24_15.wav"
"malaacawaay","marriage","婚姻","https://ilrdc.tw/tow/2022/audio/word/43/24_16.wav"
"mautang","late","遲到","https://ilrdc.tw/tow/2022/audio/word/43/24_17.wav"
"edeben","close","關上","https://ilrdc.tw/tow/2022/audio/word/43/25_01.wav"
"pacakay","sell","賣","https://ilrdc.tw/tow/2022/audio/word/43/25_02.wav"
"tayza(tayda)","go","去","https://ilrdc.tw/tow/2022/audio/word/43/25_03.wav"
"wawah","open","打開","https://ilrdc.tw/tow/2022/audio/word/43/25_04.wav"
"awza(awda)","come here","(叫人)過來","https://ilrdc.tw/tow/2022/audio/word/43/25_05.wav"
"cakay ","buy","買","https://ilrdc.tw/tow/2022/audio/word/43/25_06.wav"
"pabeli","give","給","https://ilrdc.tw/tow/2022/audio/word/43/25_07.wav"
" awza(awda)","come","來","https://ilrdc.tw/tow/2022/audio/word/43/25_08.wav"
"caliw","lend","借","https://ilrdc.tw/tow/2022/audio/word/43/25_09.wav"
"culil","walk","走路","https://ilrdc.tw/tow/2022/audio/word/43/25_10.wav"
"nana","go (away)","走(離開)","https://ilrdc.tw/tow/2022/audio/word/43/25_11.wav"
"bahel","fly","飛","https://ilrdc.tw/tow/2022/audio/word/43/25_12.wav"
"kaduba’","run (imperatives)","跑 (祈使)","https://ilrdc.tw/tow/2022/audio/word/43/25_13.wav"
"katukuh","arrival","抵達","https://ilrdc.tw/tow/2022/audio/word/43/25_14.wav"
"padungus","see a visitor out","送(客人)","https://ilrdc.tw/tow/2022/audio/word/43/25_15.wav"
"mulaliw","flee","逃跑","https://ilrdc.tw/tow/2022/audio/word/43/25_16.wav"
"talabu","enter","進入","https://ilrdc.tw/tow/2022/audio/word/43/25_17.wav"
"mabelin","overturn","翻倒","https://ilrdc.tw/tow/2022/audio/word/43/25_18.wav"
"ladayen","bring","帶","https://ilrdc.tw/tow/2022/audio/word/43/25_19.wav"
"bahbahen","get rid of...","趕走","https://ilrdc.tw/tow/2022/audio/word/43/25_20.wav"
"tatiku ","turn back","折返","https://ilrdc.tw/tow/2022/audio/word/43/25_21.wav"
"mucelak","growth","(植物)生長","https://ilrdc.tw/tow/2022/audio/word/43/25_22.wav"
"kaciya’","get out of the way","讓開","https://ilrdc.tw/tow/2022/audio/word/43/25_23.wav"
"pabeli","present","贈送(禮物)","https://ilrdc.tw/tow/2022/audio/word/43/25_24.wav"
"mililis tu buyu’","along the mountains","沿著山巒","https://ilrdc.tw/tow/2022/audio/word/43/25_25.wav"
"mapelu’","drop","(植物的果實)掉落","https://ilrdc.tw/tow/2022/audio/word/43/25_26.wav"
"kayakay","uphill","(往)上坡","https://ilrdc.tw/tow/2022/audio/word/43/25_27.wav"
"likeluh","call for","接(人)","https://ilrdc.tw/tow/2022/audio/word/43/25_28.wav"
"milakec","crossing the stream","越溪而過","https://ilrdc.tw/tow/2022/audio/word/43/25_29.wav"
"mianin","ask","向人家要(東西)","https://ilrdc.tw/tow/2022/audio/word/43/25_30.wav"
"belun","pour","倒(水)","https://ilrdc.tw/tow/2022/audio/word/43/25_31.wav"
"pasayza(pasayda)","go","走(向某個方向)","https://ilrdc.tw/tow/2022/audio/word/43/25_32.wav"
"mulalad","climb","(藤類植物)攀爬","https://ilrdc.tw/tow/2022/audio/word/43/25_33.wav"
"satiwatiwal","take a stroll","逛一逛","https://ilrdc.tw/tow/2022/audio/word/43/25_34.wav"
"lalaba’","chase after","追","https://ilrdc.tw/tow/2022/audio/word/43/25_35.wav"
"maletep","catch up","趕上","https://ilrdc.tw/tow/2022/audio/word/43/25_36.wav"
"muselic","slip off","滑掉","https://ilrdc.tw/tow/2022/audio/word/43/25_37.wav"
"malaliyas/malacinuwas","separate","分開","https://ilrdc.tw/tow/2022/audio/word/43/25_38.wav"
"sicacebalen / sikawswa","carry (e.g. with umbrella)"," 攜帶(如帶傘)","https://ilrdc.tw/tow/2022/audio/word/43/25_39.wav"
"sizikuc(sidikuc)","put on (e.g. cloth)","穿(如穿衣服)","https://ilrdc.tw/tow/2022/audio/word/43/25_40.wav"
"situpel","wear (e.g. hat)"," 戴(如戴帽子)","https://ilrdc.tw/tow/2022/audio/word/43/25_41.wav"
"culal ","appear","出現","https://ilrdc.tw/tow/2022/audio/word/43/25_42.wav"
"eneng","sitting"," 坐著","https://ilrdc.tw/tow/2022/audio/word/43/25_43.wav"
"tizeng(tideng)","standing","站著","https://ilrdc.tw/tow/2022/audio/word/43/25_44.wav"
"edeb","shut (e.g. door,window)"," 關(門；窗)","https://ilrdc.tw/tow/2022/audio/word/43/25_45.wav"
"a tayni","coming","要來","https://ilrdc.tw/tow/2022/audio/word/43/25_46.wav"
"natayni","have been here before","來過","https://ilrdc.tw/tow/2022/audio/word/43/25_47.wav"
"mumul tu","gone"," 去了","https://ilrdc.tw/tow/2022/audio/word/43/25_48.wav"
"nabuy","crawl","爬行","https://ilrdc.tw/tow/2022/audio/word/43/25_49.wav"
"azihen(adihen)","look like...","看起來","https://ilrdc.tw/tow/2022/audio/word/43/25_50.wav"
"zizaw(didaw)","visit","拜訪","https://ilrdc.tw/tow/2022/audio/word/43/25_51.wav"
"tahkal","go out"," 出去","https://ilrdc.tw/tow/2022/audio/word/43/25_52.wav"
"tatebud ","jump","跳躍","https://ilrdc.tw/tow/2022/audio/word/43/26_01.wav"
"salukiyaw","dance","跳舞","https://ilrdc.tw/tow/2022/audio/word/43/26_02.wav"
"eneng","sit down","坐下","https://ilrdc.tw/tow/2022/audio/word/43/26_03.wav"
"muluung","bend over","彎腰","https://ilrdc.tw/tow/2022/audio/word/43/26_04.wav"
"cait ","hang","掛","https://ilrdc.tw/tow/2022/audio/word/43/26_05.wav"
"salama","play (e.g. ball)","玩(球)","https://ilrdc.tw/tow/2022/audio/word/43/26_06.wav"
"miala","pick up","拿取","https://ilrdc.tw/tow/2022/audio/word/43/26_07.wav"
"tiik","punch (e.g. people)","打(人)","https://ilrdc.tw/tow/2022/audio/word/43/26_08.wav"
"cucuk","sting","刺","https://ilrdc.tw/tow/2022/audio/word/43/26_09.wav"
"miacing","shoot","射擊","https://ilrdc.tw/tow/2022/audio/word/43/26_10.wav"
"pulin","stumble","跌倒","https://ilrdc.tw/tow/2022/audio/word/43/26_11.wav"
"tukud","kick","踢","https://ilrdc.tw/tow/2022/audio/word/43/26_12.wav"
" cuzuh(cuduh)","push","推","https://ilrdc.tw/tow/2022/audio/word/43/26_13.wav"
"miletek","felled","砍伐","https://ilrdc.tw/tow/2022/audio/word/43/26_14.wav"
"huyahuy","shake","搖動","https://ilrdc.tw/tow/2022/audio/word/43/26_15.wav"
"mangeli’","break","折斷","https://ilrdc.tw/tow/2022/audio/word/43/26_16.wav"
"mamilmil","tremble","發抖","https://ilrdc.tw/tow/2022/audio/word/43/26_17.wav"
"mikuskus","scratch itching","抓癢","https://ilrdc.tw/tow/2022/audio/word/43/26_18.wav"
"kayakay","climb","爬上(去)","https://ilrdc.tw/tow/2022/audio/word/43/26_19.wav"
"ta’nang","lie down","躺","https://ilrdc.tw/tow/2022/audio/word/43/26_20.wav"
"apa ","carry (somebody)","揹(人)","https://ilrdc.tw/tow/2022/audio/word/43/26_21.wav"
"pengpeng","smash to pieces","敲碎","https://ilrdc.tw/tow/2022/audio/word/43/26_22.wav"
"muku","carry on one’s shoulder","扛","https://ilrdc.tw/tow/2022/audio/word/43/26_23.wav"
"mibelin","flip","翻動","https://ilrdc.tw/tow/2022/audio/word/43/26_24.wav"
"makulud","roll down","滾落","https://ilrdc.tw/tow/2022/audio/word/43/26_25.wav"
"mahabelut","bump into","撞到","https://ilrdc.tw/tow/2022/audio/word/43/26_26.wav"
"abibi","hold","抱著","https://ilrdc.tw/tow/2022/audio/word/43/26_27.wav"
"iyub","blow","吹","https://ilrdc.tw/tow/2022/audio/word/43/26_28.wav"
"kutkut","dig","挖掘","https://ilrdc.tw/tow/2022/audio/word/43/26_29.wav"
"cikcik","cut","切","https://ilrdc.tw/tow/2022/audio/word/43/26_30.wav"
"danguy","swim","游泳","https://ilrdc.tw/tow/2022/audio/word/43/26_31.wav"
"dimuten","hide","藏起來","https://ilrdc.tw/tow/2022/audio/word/43/26_32.wav"
"zakep(dakep) ","catch","抓(如抓到動物)","https://ilrdc.tw/tow/2022/audio/word/43/26_33.wav"
"tala’","chop","砍","https://ilrdc.tw/tow/2022/audio/word/43/26_34.wav"
"kunuy","carry (something)","揹負(物品)","https://ilrdc.tw/tow/2022/audio/word/43/26_35.wav"
"paanin","divide","分(東西)","https://ilrdc.tw/tow/2022/audio/word/43/26_36.wav"
"cici’","cut open","剖切","https://ilrdc.tw/tow/2022/audio/word/43/26_37.wav"
"siket","tie it up","綁住","https://ilrdc.tw/tow/2022/audio/word/43/26_38.wav"
"tengteng","pull","拉","https://ilrdc.tw/tow/2022/audio/word/43/26_39.wav"
"mipela’","split","劈(木材)","https://ilrdc.tw/tow/2022/audio/word/43/26_40.wav"
"supetu’","rip","扯斷","https://ilrdc.tw/tow/2022/audio/word/43/26_41.wav"
"huwad","draw (a bow)","提著","https://ilrdc.tw/tow/2022/audio/word/43/26_42.wav"
"zikec(dikec)","hold it","握著","https://ilrdc.tw/tow/2022/audio/word/43/26_43.wav"
"balud","bundle","捆綁","https://ilrdc.tw/tow/2022/audio/word/43/26_44.wav"
"penec","hold down","按住","https://ilrdc.tw/tow/2022/audio/word/43/26_45.wav"
"bubuc","pull out","拔除","https://ilrdc.tw/tow/2022/audio/word/43/26_46.wav"
"pili’","select","挑選","https://ilrdc.tw/tow/2022/audio/word/43/26_47.wav"
"bulesak","spill","散撒","https://ilrdc.tw/tow/2022/audio/word/43/26_48.wav"
"micekcek","peck","啄","https://ilrdc.tw/tow/2022/audio/word/43/26_49.wav"
"pahcek","plug","插","https://ilrdc.tw/tow/2022/audio/word/43/26_50.wav"
"saupu ","pile up","堆積","https://ilrdc.tw/tow/2022/audio/word/43/26_51.wav"
"culu’","move","搬運","https://ilrdc.tw/tow/2022/audio/word/43/26_52.wav"
"huduc","pluck","拔出","https://ilrdc.tw/tow/2022/audio/word/43/26_53.wav"
"kiwakiw","stirring","攪動","https://ilrdc.tw/tow/2022/audio/word/43/26_54.wav"
"penec","hold it down","壓住","https://ilrdc.tw/tow/2022/audio/word/43/26_55.wav"
"kuskus","scratch and itch","搔癢","https://ilrdc.tw/tow/2022/audio/word/43/26_56.wav"
"metmet","make a fist","握拳","https://ilrdc.tw/tow/2022/audio/word/43/26_57.wav"
"pecu’","pluck","摘取","https://ilrdc.tw/tow/2022/audio/word/43/26_58.wav"
"huyahuy","shaking","晃動","https://ilrdc.tw/tow/2022/audio/word/43/26_59.wav"
"buhci","peel (peanuts; beans)","剝(花生；豆類)","https://ilrdc.tw/tow/2022/audio/word/43/26_60.wav"
"lakec","wade across the water","涉水而過","https://ilrdc.tw/tow/2022/audio/word/43/26_61.wav"
"ngelngel","vibrate","振動","https://ilrdc.tw/tow/2022/audio/word/43/26_62.wav"
"mitabu","packing","打包","https://ilrdc.tw/tow/2022/audio/word/43/26_63.wav"
"mipelu’","harvest","採收","https://ilrdc.tw/tow/2022/audio/word/43/26_64.wav"
"kidis","sharpen","(將器具)磨利","https://ilrdc.tw/tow/2022/audio/word/43/26_65.wav"
"huyahuy","swing","(搖)動","https://ilrdc.tw/tow/2022/audio/word/43/26_66.wav"
"mizakep(midakep)","hunt and capture","追捕","https://ilrdc.tw/tow/2022/audio/word/43/26_67.wav"
"pengpeng","shatter","打碎","https://ilrdc.tw/tow/2022/audio/word/43/26_68.wav"
"maluyuh","fall","倒(下)","https://ilrdc.tw/tow/2022/audio/word/43/26_69.wav"
"miliyuc/maniyul","twist","扭轉","https://ilrdc.tw/tow/2022/audio/word/43/26_70.wav"
"patizeng(patideng)","stand","豎立","https://ilrdc.tw/tow/2022/audio/word/43/26_71.wav"
"emek ","trample on","踩踏","https://ilrdc.tw/tow/2022/audio/word/43/26_72.wav"
"awas","cross over","跨過","https://ilrdc.tw/tow/2022/audio/word/43/26_73.wav"
"militlit","cut","割","https://ilrdc.tw/tow/2022/audio/word/43/26_74.wav"
"emec","pinch","掐住","https://ilrdc.tw/tow/2022/audio/word/43/26_75.wav"
"penec","repress","壓制","https://ilrdc.tw/tow/2022/audio/word/43/26_76.wav"
"pakan","feed","餵食","https://ilrdc.tw/tow/2022/audio/word/43/26_77.wav"
"zakep(dakep)","arrest","捕抓","https://ilrdc.tw/tow/2022/audio/word/43/26_78.wav"
"bituwad","pry open","撬開","https://ilrdc.tw/tow/2022/audio/word/43/26_79.wav"
"emek","step","(用腳)踏","https://ilrdc.tw/tow/2022/audio/word/43/26_80.wav"
"mapenecpenec","squash","壓扁","https://ilrdc.tw/tow/2022/audio/word/43/26_81.wav"
"mipudac","skin","剝皮","https://ilrdc.tw/tow/2022/audio/word/43/26_82.wav"
"sipasip","rub (e.g. lipstick; paint)","擦(如口紅；油漆)","https://ilrdc.tw/tow/2022/audio/word/43/26_83.wav"
"miwadwad","flipping","亂翻","https://ilrdc.tw/tow/2022/audio/word/43/26_84.wav"
"lutlut","tumble","揉搓(衣物)","https://ilrdc.tw/tow/2022/audio/word/43/26_85.wav"
"cangzay(cangday)","lean on","靠著","https://ilrdc.tw/tow/2022/audio/word/43/26_86.wav"
"sapeti’","whip","鞭打","https://ilrdc.tw/tow/2022/audio/word/43/26_87.wav"
"matukinil","lie on the side","側臥","https://ilrdc.tw/tow/2022/audio/word/43/26_88.wav"
"disdis","skin","削(水果)","https://ilrdc.tw/tow/2022/audio/word/43/26_89.wav"
"kaled","twisting","捻線","https://ilrdc.tw/tow/2022/audio/word/43/26_90.wav"
"sait","cut","剪","https://ilrdc.tw/tow/2022/audio/word/43/26_91.wav"
"bilsiw","cut off","砍除","https://ilrdc.tw/tow/2022/audio/word/43/26_92.wav"
"kawih","wave","招手","https://ilrdc.tw/tow/2022/audio/word/43/26_93.wav"
"tuktuk","chop (meat)","剁","https://ilrdc.tw/tow/2022/audio/word/43/26_94.wav"
"talik","beat","搗","https://ilrdc.tw/tow/2022/audio/word/43/26_95.wav"
"matatiik ","fight","打架","https://ilrdc.tw/tow/2022/audio/word/43/26_96.wav"
"celcel","squeeze","擠","https://ilrdc.tw/tow/2022/audio/word/43/26_97.wav"
"luung","lower your head down","低下頭","https://ilrdc.tw/tow/2022/audio/word/43/26_98.wav"
"tengteng","pull (up)","拉(上來)","https://ilrdc.tw/tow/2022/audio/word/43/26_99.wav"
"kutkut","dig","(用手)挖掘","https://ilrdc.tw/tow/2022/audio/word/43/26_100.wav"
"pudac","peeling the bark of a tree","剝樹皮","https://ilrdc.tw/tow/2022/audio/word/43/26_101.wav"
"mikulit","draw"," 畫圖","https://ilrdc.tw/tow/2022/audio/word/43/26_102.wav"
"sizuma(siduma)","arbitrary","隨意","https://ilrdc.tw/tow/2022/audio/word/43/26_103.wav"
"luung","squat down","蹲下","https://ilrdc.tw/tow/2022/audio/word/43/26_104.wav"
"tizenga(tidenga)","stand up","起立","https://ilrdc.tw/tow/2022/audio/word/43/26_105.wav"
"kan","eat","吃","https://ilrdc.tw/tow/2022/audio/word/43/27_01.wav"
"helup","suck in","吸","https://ilrdc.tw/tow/2022/audio/word/43/27_02.wav"
"nanum","drink","喝","https://ilrdc.tw/tow/2022/audio/word/43/27_03.wav"
"uta’","vomit","吐","https://ilrdc.tw/tow/2022/audio/word/43/27_04.wav"
"kalat","bite","咬","https://ilrdc.tw/tow/2022/audio/word/43/27_05.wav"
"enuc","swallow","吞嚥","https://ilrdc.tw/tow/2022/audio/word/43/27_06.wav"
"enuc","swallow","吞下","https://ilrdc.tw/tow/2022/audio/word/43/27_07.wav"
"macedet","get burnt","燙到","https://ilrdc.tw/tow/2022/audio/word/43/27_08.wav"
"masawa’","choke (on)","噎到","https://ilrdc.tw/tow/2022/audio/word/43/27_09.wav"
"mabecul","full","飽食","https://ilrdc.tw/tow/2022/audio/word/43/27_10.wav"
"kemkem","chew","咀嚼","https://ilrdc.tw/tow/2022/audio/word/43/27_11.wav"
"ngaluh","thirsty","渴","https://ilrdc.tw/tow/2022/audio/word/43/27_12.wav"
"ngitngit","nibble","啃","https://ilrdc.tw/tow/2022/audio/word/43/27_13.wav"
"mangalay","hungry","餓","https://ilrdc.tw/tow/2022/audio/word/43/27_14.wav"
"mukan","eat","吃(東西)","https://ilrdc.tw/tow/2022/audio/word/43/27_15.wav"
"malanam","have breakfast","吃早餐","https://ilrdc.tw/tow/2022/audio/word/43/27_16.wav"
"malahuk","have lunch","吃午餐","https://ilrdc.tw/tow/2022/audio/word/43/27_17.wav"
"malabi","have dinner","吃晚餐","https://ilrdc.tw/tow/2022/audio/word/43/27_18.wav"
"malalitemuh","come across","遇到","https://ilrdc.tw/tow/2022/audio/word/43/28_01.wav"
"matineng","know","知道","https://ilrdc.tw/tow/2022/audio/word/43/28_02.wav"
"azih(adih)","see","看","https://ilrdc.tw/tow/2022/audio/word/43/28_03.wav"
"kamu","say","說","https://ilrdc.tw/tow/2022/audio/word/43/28_04.wav"
"pawanen","forget (imperatives)","忘記(祈使)","https://ilrdc.tw/tow/2022/audio/word/43/28_05.wav"
"kemet","close (your) eyes","閉(眼睛)","https://ilrdc.tw/tow/2022/audio/word/43/28_06.wav"
"misanek","smell (as in smell)","聞(如聞味道)","https://ilrdc.tw/tow/2022/audio/word/43/28_07.wav"
"tiyung","touch","觸摸(物品)","https://ilrdc.tw/tow/2022/audio/word/43/28_08.wav"
"takus","invite","邀請","https://ilrdc.tw/tow/2022/audio/word/43/28_09.wav"
"tapal","feel","感覺","https://ilrdc.tw/tow/2022/audio/word/43/28_10.wav"
"pasakamuen","tell","告訴(別人)","https://ilrdc.tw/tow/2022/audio/word/43/28_11.wav"
"awaw","calling (e.g. calling before feeding the chickens)","叫喚(如餵雞前會叫喚)","https://ilrdc.tw/tow/2022/audio/word/43/28_12.wav"
"mitengil/mipalita","ask","詢問","https://ilrdc.tw/tow/2022/audio/word/43/28_13.wav"
"misulul","agree","答應","https://ilrdc.tw/tow/2022/audio/word/43/28_14.wav"
"patatenga’","believe","相信","https://ilrdc.tw/tow/2022/audio/word/43/28_15.wav"
"maynah","curse","謾罵","https://ilrdc.tw/tow/2022/audio/word/43/28_16.wav"
"tiyung","touch (as in touching the body)","觸碰(如碰觸到身體)","https://ilrdc.tw/tow/2022/audio/word/43/28_17.wav"
"patubeli","respond","回應","https://ilrdc.tw/tow/2022/audio/word/43/28_18.wav"
"tengil","listen","聽","https://ilrdc.tw/tow/2022/audio/word/43/28_19.wav"
"ninac","lick","舔","https://ilrdc.tw/tow/2022/audio/word/43/28_20.wav"
"patulun","tell","交代(事情)","https://ilrdc.tw/tow/2022/audio/word/43/28_21.wav"
"pacekcek","open your eyes","睜眼","https://ilrdc.tw/tow/2022/audio/word/43/28_22.wav"
"misulahit","aim","瞄準","https://ilrdc.tw/tow/2022/audio/word/43/28_23.wav"
"pasubana’","teach (e.g. teaching someone to write)","教(如教人寫字)","https://ilrdc.tw/tow/2022/audio/word/43/28_24.wav"
" zateng(dateng)","think","想(思考)","https://ilrdc.tw/tow/2022/audio/word/43/28_25.wav"
"mitapal","observe","觀察","https://ilrdc.tw/tow/2022/audio/word/43/28_26.wav"
"tineng","do","會(做某事)","https://ilrdc.tw/tow/2022/audio/word/43/28_27.wav"
"inuli","pray","禱告","https://ilrdc.tw/tow/2022/audio/word/43/28_28.wav"
"namuh","like","喜歡","https://ilrdc.tw/tow/2022/audio/word/43/28_29.wav"
"namuh","joy","喜愛","https://ilrdc.tw/tow/2022/audio/word/43/29_01.wav"
"talaw","fear","害怕","https://ilrdc.tw/tow/2022/audio/word/43/29_02.wav"
"angic","cry","哭","https://ilrdc.tw/tow/2022/audio/word/43/29_03.wav"
"kanamuhan","love","疼愛","https://ilrdc.tw/tow/2022/audio/word/43/29_04.wav"
"limulak","happy","高興","https://ilrdc.tw/tow/2022/audio/word/43/29_05.wav"
"mabalucu’/malinges","angry","生氣","https://ilrdc.tw/tow/2022/audio/word/43/29_06.wav"
"paading","love and care","愛護","https://ilrdc.tw/tow/2022/audio/word/43/29_07.wav"
"matawid","shocked","嚇一跳","https://ilrdc.tw/tow/2022/audio/word/43/29_08.wav"
"lipahak/limulak","happy"," 快樂","https://ilrdc.tw/tow/2022/audio/word/43/29_09.wav"
"lusimet","sort out","整理","https://ilrdc.tw/tow/2022/audio/word/43/30_01.wav"
"baca’","wash (cloth)","洗(衣物)","https://ilrdc.tw/tow/2022/audio/word/43/30_02.wav"
"kawaw ","work","工作","https://ilrdc.tw/tow/2022/audio/word/43/30_03.wav"
"pasatezep(pasatedep)","stop","停止","https://ilrdc.tw/tow/2022/audio/word/43/30_04.wav"
"palawpes ","waste","浪費","https://ilrdc.tw/tow/2022/audio/word/43/30_05.wav"
"mulekal","get up","起床","https://ilrdc.tw/tow/2022/audio/word/43/30_06.wav"
" hizaw(hidaw) haw pihaymawi","good-bye (say good-bye to each other)","再見(如互道再見)","https://ilrdc.tw/tow/2022/audio/word/43/30_07.wav"
"isi’","urinate","小便","https://ilrdc.tw/tow/2022/audio/word/43/30_08.wav"
"mabi’","sleep","睡覺","https://ilrdc.tw/tow/2022/audio/word/43/30_09.wav"
"mipacuk","killing animals","殺牲畜","https://ilrdc.tw/tow/2022/audio/word/43/30_10.wav"
"tai’","feces","大便","https://ilrdc.tw/tow/2022/audio/word/43/30_11.wav"
"pacena’","rest","休息","https://ilrdc.tw/tow/2022/audio/word/43/30_12.wav"
"masamel","sleepy","睏(想睡覺)","https://ilrdc.tw/tow/2022/audio/word/43/30_13.wav"
"miasik","clean","打掃","https://ilrdc.tw/tow/2022/audio/word/43/30_14.wav"
"minanam","learn","學習","https://ilrdc.tw/tow/2022/audio/word/43/30_15.wav"
"malikalik ","lie down","躺臥","https://ilrdc.tw/tow/2022/audio/word/43/30_16.wav"
"misatal","nightmare","做惡夢","https://ilrdc.tw/tow/2022/audio/word/43/30_17.wav"
"kidem/ubi","steal","偷竊","https://ilrdc.tw/tow/2022/audio/word/43/30_18.wav"
"salami’","cook","煮(菜)","https://ilrdc.tw/tow/2022/audio/word/43/30_19.wav"
"tuduh","burn (like straw)","燒(如燒稻草)","https://ilrdc.tw/tow/2022/audio/word/43/30_20.wav"
"masuwab","yawn","打哈欠","https://ilrdc.tw/tow/2022/audio/word/43/30_21.wav"
"talu","roast","烤(如烤地瓜)","https://ilrdc.tw/tow/2022/audio/word/43/30_22.wav"
"sahemay; salami’; midahkad","cook (rice/meat/yams)","烹煮(飯/肉/地瓜)","https://ilrdc.tw/tow/2022/audio/word/43/30_23.wav"
"mihalhal","wait","等待","https://ilrdc.tw/tow/2022/audio/word/43/30_24.wav"
"mibihkac","hunt","陷獵","https://ilrdc.tw/tow/2022/audio/word/43/30_25.wav"
"pawali ","dry (e.g., drying clothes in the sun)","曬乾(如將衣服曬乾)","https://ilrdc.tw/tow/2022/audio/word/43/30_26.wav"
"acawen","draw water with a ladle (imperatives)","以杓汲水(祈使)","https://ilrdc.tw/tow/2022/audio/word/43/30_27.wav"
"pasilsilen","drain (abatement)","將水排出(疏減)","https://ilrdc.tw/tow/2022/audio/word/43/30_28.wav"
"sulimeten","pack up (imperatives, as in pack up)","收拾(祈使，如收拾東西)","https://ilrdc.tw/tow/2022/audio/word/43/30_29.wav"
"pakaduh","mill","碾(米)","https://ilrdc.tw/tow/2022/audio/word/43/30_30.wav"
"hilhil","dry up","晾乾","https://ilrdc.tw/tow/2022/audio/word/43/30_31.wav"
"sipada","quilt","蓋被子","https://ilrdc.tw/tow/2022/audio/word/43/30_32.wav"
"likat","shine/light up","照起來／照明","https://ilrdc.tw/tow/2022/audio/word/43/30_33.wav"
"miciyan/mingihngih","fry","炒(如炒花生)","https://ilrdc.tw/tow/2022/audio/word/43/30_34.wav"
"papubu","fishing for fish and shrimp by cage","以籠捕魚蝦","https://ilrdc.tw/tow/2022/audio/word/43/30_35.wav"
"hudhud","steam (as in steamed rice)","蒸(如蒸飯)","https://ilrdc.tw/tow/2022/audio/word/43/30_36.wav"
"paluma","plant","種植","https://ilrdc.tw/tow/2022/audio/word/43/30_37.wav"
"pacemut","fish","釣魚","https://ilrdc.tw/tow/2022/audio/word/43/30_38.wav"
"salamal","make a fire","生火","https://ilrdc.tw/tow/2022/audio/word/43/30_39.wav"
"pacikahen","pickle (imperatives)","醃漬(祈使)","https://ilrdc.tw/tow/2022/audio/word/43/30_40.wav"
"maunged/maungung/malunged","burnt","燒焦","https://ilrdc.tw/tow/2022/audio/word/43/30_41.wav"
"midiput","take care of","照顧","https://ilrdc.tw/tow/2022/audio/word/43/30_42.wav"
"sait ","cut (hair)","剪(頭髮)","https://ilrdc.tw/tow/2022/audio/word/43/30_43.wav"
"milalu/misengel","soak","浸泡","https://ilrdc.tw/tow/2022/audio/word/43/30_44.wav"
"buhat","lift off (as in lift off the lid).","掀開(如掀開蓋子)","https://ilrdc.tw/tow/2022/audio/word/43/30_45.wav"
"labung","bury","掩埋","https://ilrdc.tw/tow/2022/audio/word/43/30_46.wav"
"paliyun","change (cloth)","替換(衣服)","https://ilrdc.tw/tow/2022/audio/word/43/30_47.wav"
"mitanged/cukcuken","lock up","鎖上","https://ilrdc.tw/tow/2022/audio/word/43/30_48.wav"
"pasaksak/sapalen","make the bed","鋪床","https://ilrdc.tw/tow/2022/audio/word/43/30_49.wav"
"ecic","burn (as in burning the hair of prey)","燒(如燒獵物的毛)","https://ilrdc.tw/tow/2022/audio/word/43/30_50.wav"
"picpic/milipapah","leaf stripping","剝葉","https://ilrdc.tw/tow/2022/audio/word/43/30_51.wav"
"sabul/cabuul","urge urination","尿急","https://ilrdc.tw/tow/2022/audio/word/43/30_52.wav"
"ditek","measure","量測","https://ilrdc.tw/tow/2022/audio/word/43/30_53.wav"
"matuduh","burning","燃燒","https://ilrdc.tw/tow/2022/audio/word/43/30_54.wav"
"pacaiten","hang (Imperatives)","懸掛(祈使)","https://ilrdc.tw/tow/2022/audio/word/43/30_55.wav"
"tudung ","imitate","模仿","https://ilrdc.tw/tow/2022/audio/word/43/30_56.wav"
"pahabay","feed","飼養","https://ilrdc.tw/tow/2022/audio/word/43/30_57.wav"
"ngihngih","fry","炒(飯菜)","https://ilrdc.tw/tow/2022/audio/word/43/30_58.wav"
"milikat","ignite","點火","https://ilrdc.tw/tow/2022/audio/word/43/30_59.wav"
"micudad","read","讀書","https://ilrdc.tw/tow/2022/audio/word/43/30_60.wav"
"minanum","drink","喝(水)","https://ilrdc.tw/tow/2022/audio/word/43/30_61.wav"
"kutkut","dig","(用鋤具)挖掘","https://ilrdc.tw/tow/2022/audio/word/43/30_62.wav"
"u eneng","live","(居)住","https://ilrdc.tw/tow/2022/audio/word/43/30_63.wav"
"mudadiw","sing","唱歌","https://ilrdc.tw/tow/2022/audio/word/43/30_64.wav"
"mibalakas/misalama","play","玩耍","https://ilrdc.tw/tow/2022/audio/word/43/30_65.wav"
"mapatay","death","死亡","https://ilrdc.tw/tow/2022/audio/word/43/31_01.wav"
"awang/adada","ouch","好痛","https://ilrdc.tw/tow/2022/audio/word/43/31_02.wav"
"maduka","wounded","受傷","https://ilrdc.tw/tow/2022/audio/word/43/31_03.wav"
"mahedaw","lose","遺失","https://ilrdc.tw/tow/2022/audio/word/43/31_04.wav"
"adada","pain","痛","https://ilrdc.tw/tow/2022/audio/word/43/31_05.wav"
" maizang(maidang)","bleed","流血","https://ilrdc.tw/tow/2022/audio/word/43/31_06.wav"
"misabili","pregnant","懷孕","https://ilrdc.tw/tow/2022/audio/word/43/31_07.wav"
"mauzipay (maudipay)","living","活的","https://ilrdc.tw/tow/2022/audio/word/43/31_08.wav"
"muesus","fart","放屁","https://ilrdc.tw/tow/2022/audio/word/43/31_09.wav"
"mapilkih/mapikih","lame","跛腳","https://ilrdc.tw/tow/2022/audio/word/43/31_10.wav"
"pahabay","nurture","撫養","https://ilrdc.tw/tow/2022/audio/word/43/31_11.wav"
"balaki","growth","生長","https://ilrdc.tw/tow/2022/audio/word/43/31_12.wav"
"pildac","scar","疤","https://ilrdc.tw/tow/2022/audio/word/43/31_13.wav"
"calenget","itchy","癢","https://ilrdc.tw/tow/2022/audio/word/43/31_14.wav"
"masamel","doze off","打瞌睡","https://ilrdc.tw/tow/2022/audio/word/43/31_15.wav"
"miba’sing","sneeze","打噴嚏","https://ilrdc.tw/tow/2022/audio/word/43/31_16.wav"
"mikadabuay","marry to a non-ethnic clan member","嫁給非本族群的族人","https://ilrdc.tw/tow/2022/audio/word/43/31_17.wav"
" alem’em","soreness","痠痛","https://ilrdc.tw/tow/2022/audio/word/43/31_18.wav"
"imelang","sick","生病","https://ilrdc.tw/tow/2022/audio/word/43/31_19.wav"
"bena’","festering","化膿","https://ilrdc.tw/tow/2022/audio/word/43/31_20.wav"
"kudus","slim","瘦(身形)","https://ilrdc.tw/tow/2022/audio/word/43/32_01.wav"
"ba’ket","heavy (weight)","重(重量)","https://ilrdc.tw/tow/2022/audio/word/43/32_02.wav"
"ahemaw","light (weight)","輕(重量)","https://ilrdc.tw/tow/2022/audio/word/43/32_03.wav"
"talakaw ","high (height)","高(身高)","https://ilrdc.tw/tow/2022/audio/word/43/32_04.wav"
"tabaki","large","大的","https://ilrdc.tw/tow/2022/audio/word/43/32_05.wav"
"puenel","short (height)","矮(身高)","https://ilrdc.tw/tow/2022/audio/word/43/32_06.wav"
"maylay","industrious","勤勞","https://ilrdc.tw/tow/2022/audio/word/43/32_07.wav"
"cu’det","cold","冷","https://ilrdc.tw/tow/2022/audio/word/43/32_08.wav"
"adidi’ay","small","小的","https://ilrdc.tw/tow/2022/audio/word/43/32_09.wav"
"yadah","many","多","https://ilrdc.tw/tow/2022/audio/word/43/32_10.wav"
"salungan/bangcal","pretty","漂亮","https://ilrdc.tw/tow/2022/audio/word/43/32_11.wav"
"cu’det","ice-cold","冰冷","https://ilrdc.tw/tow/2022/audio/word/43/32_12.wav"
"halemhem","hot","悶熱","https://ilrdc.tw/tow/2022/audio/word/43/32_13.wav"
"adiding","few","少的","https://ilrdc.tw/tow/2022/audio/word/43/32_14.wav"
"busuk","drunk","酒醉","https://ilrdc.tw/tow/2022/audio/word/43/32_15.wav"
"tawa","laugh","笑","https://ilrdc.tw/tow/2022/audio/word/43/32_16.wav"
"malalemed","wet","濕的","https://ilrdc.tw/tow/2022/audio/word/43/32_17.wav"
"zuhem(duhem)","ripe (of fruit)","熟","https://ilrdc.tw/tow/2022/audio/word/43/32_18.wav"
"kibetulay","thick","厚的","https://ilrdc.tw/tow/2022/audio/word/43/32_19.wav"
"manta’ay","undercooked (if this piece of meat is raw)","未熟的(如這塊肉是生的)","https://ilrdc.tw/tow/2022/audio/word/43/32_20.wav"
"duhpicay","thin","薄的","https://ilrdc.tw/tow/2022/audio/word/43/32_21.wav"
"uning","dirty","髒","https://ilrdc.tw/tow/2022/audio/word/43/32_22.wav"
"makasic","lazy","懶惰","https://ilrdc.tw/tow/2022/audio/word/43/32_23.wav"
"lamadac/tamelac","clean","乾淨","https://ilrdc.tw/tow/2022/audio/word/43/32_24.wav"
"kalamkam","soon","很快","https://ilrdc.tw/tow/2022/audio/word/43/32_25.wav"
"takelal ","bright","明亮","https://ilrdc.tw/tow/2022/audio/word/43/32_26.wav"
"kizemu(kidemu)","fat","胖(身形)","https://ilrdc.tw/tow/2022/audio/word/43/32_27.wav"
"maacak","dry","乾的","https://ilrdc.tw/tow/2022/audio/word/43/32_28.wav"
"ngelu’","tired","累","https://ilrdc.tw/tow/2022/audio/word/43/32_29.wav"
"kadihian","poor thing","好可憐","https://ilrdc.tw/tow/2022/audio/word/43/32_30.wav"
"baluhay","new","新的","https://ilrdc.tw/tow/2022/audio/word/43/32_31.wav"
"malumanay","old","舊的","https://ilrdc.tw/tow/2022/audio/word/43/32_32.wav"
"capi","near","近","https://ilrdc.tw/tow/2022/audio/word/43/32_33.wav"
"akuti’","hot","燙","https://ilrdc.tw/tow/2022/audio/word/43/32_34.wav"
"mapeci’","spoiled","壞掉","https://ilrdc.tw/tow/2022/audio/word/43/32_35.wav"
"aledah ","spicy","辣","https://ilrdc.tw/tow/2022/audio/word/43/32_36.wav"
"baat/batad","far","遠","https://ilrdc.tw/tow/2022/audio/word/43/32_37.wav"
"lebawa","swelling","腫","https://ilrdc.tw/tow/2022/audio/word/43/32_38.wav"
"lingangu’","bend","彎曲","https://ilrdc.tw/tow/2022/audio/word/43/32_39.wav"
"matenes","long","久的","https://ilrdc.tw/tow/2022/audio/word/43/32_40.wav"
"mamenu’","blind","瞎了","https://ilrdc.tw/tow/2022/audio/word/43/32_41.wav"
"ledek/luwak","poison","毒","https://ilrdc.tw/tow/2022/audio/word/43/32_42.wav"
"asu’","delicious","很好吃","https://ilrdc.tw/tow/2022/audio/word/43/32_43.wav"
"lameneng","smooth","滑","https://ilrdc.tw/tow/2022/audio/word/43/32_44.wav"
"akenek","bitter","苦","https://ilrdc.tw/tow/2022/audio/word/43/32_45.wav"
"malatu’","fragile (e.g. this wire is prone to breakage)","脆弱(如這根鐵絲易斷裂)","https://ilrdc.tw/tow/2022/audio/word/43/32_46.wav"
"caay kaikes/ caay kazuhem(kaduhem)","unripe","未成熟的(果實)","https://ilrdc.tw/tow/2022/audio/word/43/32_47.wav"
"samamaw","stealthily","偷偷地","https://ilrdc.tw/tow/2022/audio/word/43/32_48.wav"
"katuud","numerous","(人)眾多","https://ilrdc.tw/tow/2022/audio/word/43/32_49.wav"
"ahemaw","brisk","輕快","https://ilrdc.tw/tow/2022/audio/word/43/32_50.wav"
"cilemin","sour","酸","https://ilrdc.tw/tow/2022/audio/word/43/32_51.wav"
"ahecid","salty","鹹","https://ilrdc.tw/tow/2022/audio/word/43/32_52.wav"
"pa’teng","intentional","故意","https://ilrdc.tw/tow/2022/audio/word/43/32_53.wav"
"mamuni’","pulpy","稀爛的","https://ilrdc.tw/tow/2022/audio/word/43/32_54.wav"
"tanuhtuh","sturdy","壯碩","https://ilrdc.tw/tow/2022/audio/word/43/32_55.wav"
"dihku","warm","暖和","https://ilrdc.tw/tow/2022/audio/word/43/32_56.wav"
"matales","blunt","鈍的","https://ilrdc.tw/tow/2022/audio/word/43/32_57.wav"
"sicedam","sweet","甘甜","https://ilrdc.tw/tow/2022/audio/word/43/32_58.wav"
"cupelak","astringent (taste)","澀澀的(味覺)","https://ilrdc.tw/tow/2022/audio/word/43/32_59.wav"
"mabatac","tall and thin","高瘦(身材)","https://ilrdc.tw/tow/2022/audio/word/43/32_60.wav"
"tikenih","slant","(傾)斜","https://ilrdc.tw/tow/2022/audio/word/43/32_61.wav"
"ahemi’","soft","軟","https://ilrdc.tw/tow/2022/audio/word/43/32_62.wav"
"atekak ","very hard","很硬","https://ilrdc.tw/tow/2022/audio/word/43/32_63.wav"
"angliw","sour smell","酸臭","https://ilrdc.tw/tow/2022/audio/word/43/32_64.wav"
"besuc","straight","直","https://ilrdc.tw/tow/2022/audio/word/43/32_65.wav"
"matumes tu","full","滿了","https://ilrdc.tw/tow/2022/audio/word/43/32_66.wav"
"kapahay","well","好好的","https://ilrdc.tw/tow/2022/audio/word/43/32_67.wav"
"ahebal","(space) spacious","(空間)寬敞","https://ilrdc.tw/tow/2022/audio/word/43/32_68.wav"
"malucek","correct","正確","https://ilrdc.tw/tow/2022/audio/word/43/32_69.wav"
"malalemed","fully wetted","全濕透","https://ilrdc.tw/tow/2022/audio/word/43/32_70.wav"
"haymaw","slowly","慢慢","https://ilrdc.tw/tow/2022/audio/word/43/32_71.wav"
"alababay/mabasaw","warm","溫的(水)","https://ilrdc.tw/tow/2022/audio/word/43/32_72.wav"
"tabaki","coarse","粗(物)","https://ilrdc.tw/tow/2022/audio/word/43/32_73.wav"
"tanayu’","long","長","https://ilrdc.tw/tow/2022/audio/word/43/32_74.wav"
"adidi’","fine","細","https://ilrdc.tw/tow/2022/audio/word/43/32_75.wav"
"apuyu’","short","短","https://ilrdc.tw/tow/2022/audio/word/43/32_76.wav"
"caledes","hot","炎熱","https://ilrdc.tw/tow/2022/audio/word/43/32_77.wav"
"mazuhem (maduhem)","ripen","成熟(果實)","https://ilrdc.tw/tow/2022/audio/word/43/32_78.wav"
"tumes","full","滿滿","https://ilrdc.tw/tow/2022/audio/word/43/32_79.wav"
"malakapah","handsome","英俊","https://ilrdc.tw/tow/2022/audio/word/43/32_80.wav"
"huntu","should","應該","https://ilrdc.tw/tow/2022/audio/word/43/33_01.wav"
"kanca","certain","一定","https://ilrdc.tw/tow/2022/audio/word/43/33_02.wav"
"taneng","able","能夠","https://ilrdc.tw/tow/2022/audio/word/43/33_03.wav"
"hakay ","possible","可能","https://ilrdc.tw/tow/2022/audio/word/43/33_04.wav"
"malimulak ","celebrate","慶祝","https://ilrdc.tw/tow/2022/audio/word/43/33_05.wav"
"sipu ","wipe","擦拭","https://ilrdc.tw/tow/2022/audio/word/43/33_06.wav"
"culcul","call","使喚","https://ilrdc.tw/tow/2022/audio/word/43/33_07.wav"
"tepik","fold","摺疊","https://ilrdc.tw/tow/2022/audio/word/43/34_01.wav"
"pela’","split open","裂開","https://ilrdc.tw/tow/2022/audio/word/43/34_02.wav"
"masisi’ ","overflow (like water overflowing)","溢出(如水溢出來)","https://ilrdc.tw/tow/2022/audio/word/43/34_04.wav"
"edap","help","幫忙","https://ilrdc.tw/tow/2022/audio/word/43/34_05.wav"
"mizepit(midepit)","attach","(有東西)附著","https://ilrdc.tw/tow/2022/audio/word/43/34_06.wav"
"mapalamel","mix sth. with sth.","混以某物","https://ilrdc.tw/tow/2022/audio/word/43/34_07.wav"
"matiyung","shaken","被(搖)動的","https://ilrdc.tw/tow/2022/audio/word/43/34_08.wav"
"sulac","erase","刷除","https://ilrdc.tw/tow/2022/audio/word/43/34_09.wav"
"miida","depend","依賴","https://ilrdc.tw/tow/2022/audio/word/43/34_10.wav"
"mibelun","pour","倒入","https://ilrdc.tw/tow/2022/audio/word/43/34_11.wav"
"tena’","block","阻擋","https://ilrdc.tw/tow/2022/audio/word/43/34_12.wav"
"subelid","stay","留下","https://ilrdc.tw/tow/2022/audio/word/43/34_13.wav"
"suni","sound","聲響","https://ilrdc.tw/tow/2022/audio/word/43/34_14.wav"
"tabesiw/caliway","over","超過","https://ilrdc.tw/tow/2022/audio/word/43/34_15.wav"
"mapelad","crumble (of scree slope)","崩落","https://ilrdc.tw/tow/2022/audio/word/43/34_16.wav"
"pabuliki","brake","煞車","https://ilrdc.tw/tow/2022/audio/word/43/34_17.wav"
"mikilim","search","尋找","https://ilrdc.tw/tow/2022/audio/word/43/34_18.wav"
"bakah","throw away","丟棄","https://ilrdc.tw/tow/2022/audio/word/43/34_19.wav"
"amana ","prohibit","禁止","https://ilrdc.tw/tow/2022/audio/word/43/34_20.wav"
" izaw(idaw)","there are...","有","https://ilrdc.tw/tow/2022/audio/word/43/34_21.wav"
"liwan","remain","剩下","https://ilrdc.tw/tow/2022/audio/word/43/34_22.wav"
"patizeng (patideng)","set up","設置","https://ilrdc.tw/tow/2022/audio/word/43/34_23.wav"
"teka/malingatu ","begin","開始","https://ilrdc.tw/tow/2022/audio/word/43/34_24.wav"
"pahezek(pahedek)","complete","完成","https://ilrdc.tw/tow/2022/audio/word/43/34_25.wav"
"mibulibul","pick on","找碴","https://ilrdc.tw/tow/2022/audio/word/43/34_26.wav"
"misanga’","make","製作(物品)","https://ilrdc.tw/tow/2022/audio/word/43/34_27.wav"
"matepa","find","找到","https://ilrdc.tw/tow/2022/audio/word/43/34_28.wav"
"asip; sausi","number (calculation)","數(計算)","https://ilrdc.tw/tow/2022/audio/word/43/34_29.wav"
"mabihkac","trapped","(獵物掉入陷阱)陷中","https://ilrdc.tw/tow/2022/audio/word/43/34_30.wav"
"masetul ","bang","撞擊某物","https://ilrdc.tw/tow/2022/audio/word/43/34_31.wav"
"lineng","rotate","旋轉","https://ilrdc.tw/tow/2022/audio/word/43/34_32.wav"
"laup ","surround","圍著某物","https://ilrdc.tw/tow/2022/audio/word/43/34_33.wav"
"kapah","good","好","https://ilrdc.tw/tow/2022/audio/word/43/34_34.wav"
"kukay","thank you","謝謝","https://ilrdc.tw/tow/2022/audio/word/43/34_35.wav"
"amanay","you’re welcome","不客氣","https://ilrdc.tw/tow/2022/audio/word/43/34_36.wav"
"nai’","no","沒有","https://ilrdc.tw/tow/2022/audio/word/43/34_37.wav"
"payawan/haycan","it’s okay","沒關係","https://ilrdc.tw/tow/2022/audio/word/43/34_38.wav"
"kai","don’t","不要","https://ilrdc.tw/tow/2022/audio/word/43/35_01.wav"
"la’cus","can't"," 不可以","https://ilrdc.tw/tow/2022/audio/word/43/35_02.wav"
"caay","no (for reply)","不是(回答用)","https://ilrdc.tw/tow/2022/audio/word/43/35_03.wav"
"inayay","none (negative of possession)","沒有(表擁有的否定詞)","https://ilrdc.tw/tow/2022/audio/word/43/35_04.wav"
"amana","don’t (for the imperative)","不要(祈使句用)","https://ilrdc.tw/tow/2022/audio/word/43/35_05.wav"
"haemay","don’t know","不知道","https://ilrdc.tw/tow/2022/audio/word/43/35_06.wav"
"tatenga’ ","really","真的","https://ilrdc.tw/tow/2022/audio/word/43/36_01.wav"
"ayza(ayda)","in the process of (doing something or happening)","正在","https://ilrdc.tw/tow/2022/audio/word/43/36_02.wav"
"sizuma (siduma)/payawan","arbitrary","隨意","https://ilrdc.tw/tow/2022/audio/word/43/36_03.wav"
"kapah","okay","好的(沒問題)","https://ilrdc.tw/tow/2022/audio/word/43/36_04.wav"
"zayhan","because","因為","https://ilrdc.tw/tow/2022/audio/word/43/36_05.wav"
"anu mahicahica","whether","不論","https://ilrdc.tw/tow/2022/audio/word/43/36_06.wav"
"tangsul/kasenun","immediately","立即","https://ilrdc.tw/tow/2022/audio/word/43/36_07.wav"
"taneng tu","enough","足夠","https://ilrdc.tw/tow/2022/audio/word/43/36_08.wav"
"aca","again","再","https://ilrdc.tw/tow/2022/audio/word/43/36_09.wav"
"dada’","only","只有","https://ilrdc.tw/tow/2022/audio/word/43/36_10.wav"
"nasawni","just now","剛剛","https://ilrdc.tw/tow/2022/audio/word/43/36_11.wav"
"adiding","a little","少許","https://ilrdc.tw/tow/2022/audio/word/43/36_12.wav"
"amana henay","temporary (leave for a moment)","暫時(離開一下)","https://ilrdc.tw/tow/2022/audio/word/43/36_13.wav"
"nacaay","never","從不","https://ilrdc.tw/tow/2022/audio/word/43/36_14.wav"
"ku caay","shouldn;t","不該","https://ilrdc.tw/tow/2022/audio/word/43/36_15.wav"
"kyu ","so","所以","https://ilrdc.tw/tow/2022/audio/word/43/36_16.wav"
"sawsawni ","usually","經常","https://ilrdc.tw/tow/2022/audio/word/43/36_17.wav"
"atu","with","和","https://ilrdc.tw/tow/2022/audio/word/43/36_18.wav"
"ayayza(ayayda) ","sometimes","偶爾","https://ilrdc.tw/tow/2022/audio/word/43/36_19.wav"
"haw","really (auxiliary verb)","是嗎(語助詞)","https://ilrdc.tw/tow/2022/audio/word/43/36_20.wav"
"henay","still (not yet)","還(尚未)","https://ilrdc.tw/tow/2022/audio/word/43/36_21.wav"
"anu","if","如果","https://ilrdc.tw/tow/2022/audio/word/43/36_22.wav"
"tada","very","很","https://ilrdc.tw/tow/2022/audio/word/43/36_23.wav"
"mahini","so","如此","https://ilrdc.tw/tow/2022/audio/word/43/36_24.wav"
"aca","also","也","https://ilrdc.tw/tow/2022/audio/word/43/36_25.wav"
"nasawni","just now","剛才","https://ilrdc.tw/tow/2022/audio/word/43/36_26.wav"
"sademiad","whole day","整天","https://ilrdc.tw/tow/2022/audio/word/43/36_27.wav"
"amin","both","都","https://ilrdc.tw/tow/2022/audio/word/43/36_28.wav"
"dada’","only","僅僅","https://ilrdc.tw/tow/2022/audio/word/43/36_29.wav"
"kanahatu","although","雖然","https://ilrdc.tw/tow/2022/audio/word/43/36_30.wav"
"haw","(used in a question)","嗎(用在問句)","https://ilrdc.tw/tow/2022/audio/word/43/36_31.wav"
"ku","main marker (in all ethnic languages)","主格標記(各族用語)","https://ilrdc.tw/tow/2022/audio/word/43/36_32.wav"
"tu","marked (in all ethnic languages)","受格標記(各族用語)","https://ilrdc.tw/tow/2022/audio/word/43/36_33.wav"
"nu","genre marker (in all ethnic languages)","屬格標記(各族用語)","https://ilrdc.tw/tow/2022/audio/word/43/36_34.wav"
"i(tini)","in (here)","在(這裡)","https://ilrdc.tw/tow/2022/audio/word/43/36_35.wav"
"taneng/kapah","do","可以(做某事)","https://ilrdc.tw/tow/2022/audio/word/43/36_36.wav"
"apa/maapa","fool","傻瓜","https://ilrdc.tw/tow/2022/audio/word/43/36_37.wav"
